specification,playerId,seasonId,playerFullName,timeOnIce,outerFold,CSAx_Wings,CSAx_Defensemen,referencePercentile_Wings,referencePercentile_Defensemen,outsideTrainingRange_Wings,outsideTrainingRange_Defensemen,outsideFeatures_Wings,outsideFeatures_Defensemen,imputedFeatures_Wings,imputedFeatures_Defensemen,directContribution_Wings,directContribution_Defensemen,indirectContribution_Wings,indirectContribution_Defensemen,frameAdjustment_Wings,frameAdjustment_Defensemen,percentileDifference,supported,trackedMinutes,sourceTrackedMinutes,trackedGames,trackedGameShare,sparseDenominators_Wings,sparseDenominators_Defensemen,withinTrainingRanges,eventScope,wingReference,defensemanReference,rankingEligible,height,weight,dumpInRecoveries,forecheckPressures,forecheckAssists,cycleAssists,retrievalExits,botchedRetrievals,successfulExits,possessionExits,entryTargets,entryDenials,defensiveRetrievals,defensiveTouches,failedExits,missedPasses,clearedExits,carriedExits,passedExits,rushedExits,secondTouchExits,forecheckCycleShots,behindNetAssists,highDangerAssists,primaryShotAssists,shotAssists,sourceShots,sourceRebounds,sourceDeflections,hits,hitsReceived,blockedShots,fights,contactPenaltiesTaken,contactPenaltiesDrawn,unblockedAttempts,locatedAttempts,netFrontAttempts,typedShotsOnNet,backhandShots,deflectionShots,hitsPer60,hitsReceivedPer60,blockedShotsPer60,fightsPer60,contactPenaltiesTakenPer60,contactPenaltiesDrawnPer60,netFrontAttemptShare,deflectionShare,medianShotDistance,backhandShare,dumpInRecoveriesPer60,forecheckPressuresPer60,defensiveRetrievalsPer60,botchedRetrievalsPer60,entryDenialShare
A3Z physicality,8469455,20212022,Jason Spezza,45778,1,-0.45,-1.45,30.73,6.98,FALSE,TRUE,,defensiveRetrievalsPer60; entryDenialShare,0,0,-0.34,-0.68,0.16,-0.51,-0.27,-0.27,23.75,FALSE,283.88,285.62,34,0.48,,entryTargets,FALSE,A3Z tracked games; five on five,Wings; centers excluded,Defensemen; centers excluded,TRUE,75,219,19,29,21,9,29,7,42,33,9,2,46,72,8,3,9,12,15,34,20,26,4,3,48,65,46,2,4,12,15,11,0,2,2,47,47,3,36,4,4,2.54,3.17,2.32,0,0.42,0.42,0.06,0.11,27.29,0.11,4.02,6.13,9.72,1.48,0.22
A3Z physicality,8470612,20212022,Ryan Getzlaf,63699,1,-0.57,-0.55,26.83,27.91,FALSE,FALSE,,,0,0,0.13,0.49,-0.36,-0.65,-0.33,-0.39,-1.08,FALSE,271.1,271.75,18,0.32,,entryTargets,TRUE,A3Z tracked games; five on five,Wings; centers excluded,Defensemen; centers excluded,TRUE,76,220,7,14,30,15,32,7,50,37,10,1,67,108,10,7,13,9,14,39,31,14,3,7,63,94,27,1,2,25,18,14,0,2,1,33,33,0,26,3,3,5.53,3.98,3.1,0,0.44,0.22,0,0.12,26.02,0.12,1.55,3.1,14.83,1.55,0.1
A3Z physicality,8470794,20212022,Joe Pavelski,90892,1,0.04,0.29,53.17,63.72,FALSE,TRUE,,defensiveRetrievalsPer60; botchedRetrievalsPer60; entryDenialShare,0,0,-0.14,0.11,0.18,-0.15,0,0.32,-10.55,FALSE,435.38,440.27,31,0.38,,,FALSE,A3Z tracked games; five on five,Wings; centers excluded,Defensemen; centers excluded,TRUE,73,196,21,36,26,11,26,7,58,34,23,8,61,95,9,5,24,4,17,53,34,26,5,6,71,115,72,8,8,43,19,29,0,1,2,71,71,8,53,3,9,5.93,2.62,4,0,0.14,0.28,0.11,0.17,23.54,0.06,2.89,4.96,8.41,0.96,0.35
A3Z physicality,8471215,20212022,Evgeni Malkin,45091,1,-0.3,-3.27,34.63,0,FALSE,TRUE,,contactPenaltiesDrawnPer60; defensiveRetrievalsPer60; botchedRetrievalsPer60; entryDenialShare,0,0,-0.13,-0.69,0.17,-2.18,-0.34,-0.4,34.63,FALSE,214.43,214.03,16,0.39,,entryTargets,FALSE,A3Z tracked games; five on five,Wings; centers excluded,Defensemen; centers excluded,TRUE,77,213,16,17,21,13,17,1,26,22,6,0,26,38,3,2,4,5,12,24,8,15,7,1,50,77,34,3,1,10,18,6,0,3,4,30,30,3,28,4,2,2.8,5.04,1.68,0,0.84,1.12,0.1,0.07,21.7,0.14,4.48,4.76,7.27,0.28,0
A3Z physicality,8475170,20212022,Brayden Schenn,66159,1,0.3,0.88,63.41,83.26,FALSE,TRUE,,defensiveRetrievalsPer60; entryDenialShare,0,0,0.54,0.94,-0.21,-0.31,-0.03,0.25,-19.84,FALSE,321.87,326.85,24,0.39,,entryTargets,FALSE,A3Z tracked games; five on five,Wings; centers excluded,Defensemen; centers excluded,TRUE,73,200,12,22,17,13,28,8,31,27,10,3,44,69,6,3,4,3,10,19,16,9,3,3,52,78,43,6,1,47,16,7,2,1,1,38,38,0,23,1,2,8.76,2.98,1.3,0.37,0.19,0.19,0,0.09,26,0.04,2.24,4.1,8.2,1.49,0.3
A3Z physicality,8475236,20212022,Cody Eakin,56250,1,-0.3,-0.18,34.63,39.07,TRUE,TRUE,forecheckPressuresPer60,defensiveRetrievalsPer60; botchedRetrievalsPer60; entryDenialShare,0,0,-0.27,-0.31,-0.08,-0.29,0.05,0.43,-4.44,FALSE,224.97,232.8,20,0.29,typedShotsOnNet,entryTargets,FALSE,A3Z tracked games; five on five,Wings; centers excluded,Defensemen; centers excluded,TRUE,72,196,6,5,5,2,15,4,20,12,6,2,28,49,7,3,8,6,2,15,15,7,0,0,16,23,20,2,0,9,8,7,0,2,1,25,25,2,17,2,3,2.4,2.13,1.87,0,0.53,0.27,0.08,0.18,32.25,0.12,1.6,1.33,7.47,1.07,0.33
A3Z physicality,8475754,20212022,Brock Nelson,76372,1,-0.73,-1.4,19.51,7.44,FALSE,TRUE,,defensiveRetrievalsPer60; botchedRetrievalsPer60; entryDenialShare,0,0,-0.54,-1.42,0.03,0.18,-0.23,-0.16,12.07,FALSE,415.23,417.33,31,0.43,,,FALSE,A3Z tracked games; five on five,Wings; centers excluded,Defensemen; centers excluded,TRUE,76,205,21,33,32,11,29,7,43,38,21,9,60,84,11,8,5,9,15,38,17,28,1,0,65,88,66,6,4,12,26,17,0,3,6,67,67,7,51,8,7,1.73,3.76,2.46,0,0.43,0.87,0.1,0.14,21,0.16,3.03,4.77,8.67,1.01,0.43
A3Z physicality,8475772,20212022,Riley Sheahan,49865,1,-1.77,-2.01,2.93,1.86,FALSE,TRUE,,defensiveRetrievalsPer60; botchedRetrievalsPer60; entryDenialShare,0,0,-1.31,-2.98,-0.28,1.05,-0.18,-0.08,1.07,FALSE,214.12,220.67,24,0.35,,entryTargets,FALSE,A3Z tracked games; five on five,Wings; centers excluded,Defensemen; centers excluded,TRUE,74,214,9,17,14,7,18,4,28,15,3,2,37,50,3,2,13,0,11,29,14,14,3,2,20,35,30,4,2,2,9,13,0,0,3,29,29,0,22,3,2,0.56,2.52,3.64,0,0,0.84,0,0.09,22.63,0.14,2.52,4.76,10.37,1.12,0.67
A3Z physicality,8476278,20212022,Colin Blackwell,41530,1,0.6,-0.93,76.1,15.81,FALSE,TRUE,,height; defensiveRetrievalsPer60; botchedRetrievalsPer60; entryDenialShare,0,0,0.13,0.23,0.09,-2.27,0.38,1.11,60.28,FALSE,196.18,197.67,19,0.33,typedShotsOnNet,entryTargets,FALSE,A3Z tracked games; five on five,Wings; centers excluded,Defensemen; centers excluded,TRUE,68,181,11,16,22,10,10,1,23,17,9,0,21,44,6,3,6,5,5,14,17,14,0,2,23,35,23,2,4,26,17,7,0,1,2,23,23,2,15,2,2,7.95,5.2,2.14,0,0.31,0.61,0.09,0.13,23.09,0.13,3.36,4.89,6.42,0.31,0
A3Z physicality,8476329,20212022,Travis Boyd,73318,1,-0.18,-1.33,41.95,8.84,TRUE,TRUE,deflectionShare,defensiveRetrievalsPer60; botchedRetrievalsPer60,0,0,-0.27,-0.65,-0,-1.21,0.1,0.52,33.11,FALSE,245.15,248.65,18,0.24,typedShotsOnNet,entryTargets,FALSE,A3Z tracked games; five on five,Wings; centers excluded,Defensemen; centers excluded,TRUE,72,190,8,10,14,10,10,4,15,12,6,1,25,39,3,4,3,1,5,9,10,11,1,1,23,48,27,1,4,14,26,13,0,1,1,30,30,0,18,1,6,3.43,6.36,3.18,0,0.24,0.24,0,0.33,22.16,0.06,1.96,2.45,6.12,0.98,0.17
A3Z physicality,8476461,20212022,Sean Couturier,35486,1,-0.66,-1.07,22.44,14.88,FALSE,TRUE,,defensiveRetrievalsPer60; botchedRetrievalsPer60; entryDenialShare,0,0,-0.51,-1.08,0.12,0.24,-0.26,-0.24,7.56,FALSE,246.22,251.67,18,0.62,,entryTargets,FALSE,A3Z tracked games; five on five,Wings; centers excluded,Defensemen; centers excluded,TRUE,76,210,16,22,30,13,25,1,33,24,9,4,39,55,7,2,9,3,12,32,15,21,2,1,54,83,45,5,2,11,15,5,0,1,2,41,41,4,34,3,2,2.68,3.66,1.22,0,0.24,0.49,0.1,0.06,26.17,0.09,3.9,5.36,9.5,0.24,0.44
A3Z physicality,8476479,20212022,Phillip Danault,85916,1,-0.29,-0.09,34.63,44.65,FALSE,TRUE,,defensiveRetrievalsPer60; botchedRetrievalsPer60; entryDenialShare,0,0,-0.13,-0.35,-0.14,0.01,-0.03,0.25,-10.02,FALSE,420.88,425.25,32,0.41,,,FALSE,A3Z tracked games; five on five,Wings; centers excluded,Defensemen; centers excluded,TRUE,73,200,13,30,61,31,39,7,62,54,34,12,68,113,12,9,8,10,22,37,38,33,8,6,108,168,82,13,7,26,34,21,0,3,3,86,86,13,57,10,9,3.71,4.85,2.99,0,0.43,0.43,0.15,0.16,18.21,0.18,1.85,4.28,9.69,1,0.35
A3Z physicality,8476480,20212022,Vladislav Namestnikov,65922,1,-0.18,-0.72,41.95,24.19,FALSE,TRUE,,defensiveRetrievalsPer60; botchedRetrievalsPer60; entryDenialShare,0,0,-0.05,-0.7,-0.29,-0.68,0.16,0.66,17.77,FALSE,331.4,334.43,27,0.36,,entryTargets,FALSE,A3Z tracked games; five on five,Wings; centers excluded,Defensemen; centers excluded,TRUE,72,181,10,29,20,10,25,2,42,30,8,2,43,62,6,8,12,17,11,36,21,18,1,0,31,50,40,7,2,26,39,10,1,1,3,40,40,8,32,4,1,4.71,7.06,1.81,0.18,0.18,0.54,0.2,0.03,21.01,0.12,1.81,5.25,7.79,0.36,0.25
A3Z physicality,8476881,20212022,Tomas Hertl,98106,1,-0.31,-0.81,34.63,21.86,FALSE,TRUE,,defensiveRetrievalsPer60; botchedRetrievalsPer60; entryDenialShare,0,0,-0.28,-0.55,0.26,0.02,-0.28,-0.28,12.77,FALSE,351.35,352.62,24,0.29,,entryTargets,FALSE,A3Z tracked games; five on five,Wings; centers excluded,Defensemen; centers excluded,TRUE,75,220,26,20,26,17,33,6,65,49,15,5,62,109,10,2,16,17,16,44,43,25,4,3,68,99,70,3,5,20,19,14,0,2,3,67,67,6,48,6,5,3.42,3.24,2.39,0,0.34,0.51,0.09,0.1,23.35,0.12,4.44,3.42,10.59,1.02,0.33
A3Z physicality,8476882,20212022,Teuvo Teravainen,81772,1,-0.53,0.04,28.29,53.02,FALSE,TRUE,,defensiveRetrievalsPer60; botchedRetrievalsPer60; entryDenialShare,0,0,-0.5,-1.18,-0.17,0.6,0.14,0.62,-24.73,FALSE,390.2,394.32,33,0.43,,entryTargets,FALSE,A3Z tracked games; five on five,Wings; centers excluded,Defensemen; centers excluded,TRUE,71,191,17,40,30,17,23,2,48,24,13,8,52,78,5,9,24,11,8,49,27,24,3,3,57,93,70,1,4,7,24,11,0,4,2,68,68,3,55,6,4,1.08,3.69,1.69,0,0.62,0.31,0.04,0.07,31.05,0.11,2.61,6.15,8,0.31,0.62
A3Z physicality,8476905,20212022,Chandler Stephenson,91562,1,0.07,-0.29,53.66,37.21,FALSE,TRUE,,defensiveRetrievalsPer60; botchedRetrievalsPer60; entryDenialShare,0,0,-0.03,-0.22,0.08,-0.41,0.02,0.35,16.45,FALSE,512.4,516.75,35,0.44,,entryTargets,FALSE,A3Z tracked games; five on five,Wings; centers excluded,Defensemen; centers excluded,TRUE,72,201,23,30,48,19,23,7,48,32,18,6,56,89,9,6,16,6,11,37,31,12,11,2,103,157,40,2,5,33,64,19,0,4,2,35,35,3,29,3,6,3.86,7.49,2.22,0,0.47,0.23,0.09,0.21,18,0.1,2.69,3.51,6.56,0.82,0.33
A3Z physicality,8476952,20212022,Dominic Toninato,38801,1,0.95,2.17,85.37,97.67,FALSE,TRUE,,defensiveRetrievalsPer60; botchedRetrievalsPer60; entryDenialShare,0,0,0.8,1.5,0.24,0.54,-0.09,0.13,-12.31,FALSE,217.75,221.95,32,0.42,typedShotsOnNet,entryTargets,FALSE,A3Z tracked games; five on five,Wings; centers excluded,Defensemen; centers excluded,TRUE,74,201,12,19,13,4,8,4,15,9,11,6,31,44,9,7,6,1,4,16,10,10,3,1,20,26,32,2,4,39,24,7,0,4,2,28,28,1,16,0,3,10.75,6.61,1.93,0,1.1,0.55,0.04,0.19,24.5,0,3.31,5.24,8.54,1.1,0.55
A3Z physicality,8476994,20212022,Vinnie Hinostroza,51603,1,-0.1,-1.16,44.39,12.56,FALSE,TRUE,,defensiveRetrievalsPer60; botchedRetrievalsPer60,0,0,-0.48,-1.24,0.13,-0.77,0.26,0.86,31.83,FALSE,248.62,255.85,19,0.31,,entryTargets,FALSE,A3Z tracked games; five on five,Wings; centers excluded,Defensemen; centers excluded,TRUE,70,183,13,19,10,10,23,5,33,25,7,1,47,65,3,5,8,7,11,29,14,18,4,4,29,42,41,0,1,4,22,3,0,3,1,37,37,2,27,0,2,0.97,5.31,0.72,0,0.72,0.24,0.05,0.07,37.95,0,3.14,4.59,11.34,1.21,0.14
A3Z physicality,8477353,20212022,Tyler Motte,48759,1,0.34,2.31,66.83,98.14,TRUE,TRUE,blockedShotsPer60,defensiveRetrievalsPer60; botchedRetrievalsPer60; entryDenialShare,0,0,0.51,0.93,-0.35,0.7,0.18,0.68,-31.31,FALSE,200.93,206.4,19,0.33,,entryTargets,FALSE,A3Z tracked games; five on five,Wings; centers excluded,Defensemen; centers excluded,TRUE,70,194,8,21,12,4,21,0,31,22,7,4,35,45,4,3,9,14,7,32,11,16,4,0,17,26,31,0,1,45,25,15,0,1,2,33,33,2,21,2,0,13.44,7.47,4.48,0,0.3,0.6,0.06,0,34.01,0.1,2.39,6.27,10.45,0,0.57
A3Z physicality,8477401,20212022,John Hayden,35797,1,0.95,2.04,85.85,97.21,FALSE,TRUE,,fightsPer60; defensiveRetrievalsPer60; botchedRetrievalsPer60; entryDenialShare,0,0,1.58,2.26,-0.32,0.11,-0.3,-0.33,-11.36,FALSE,168.35,171.9,18,0.33,,entryTargets,FALSE,A3Z tracked games; five on five,Wings; centers excluded,Defensemen; centers excluded,TRUE,75,223,4,9,4,5,8,0,16,12,4,2,19,34,4,7,4,8,2,14,8,10,0,0,6,12,19,2,1,36,9,6,2,2,1,26,26,3,20,2,1,12.83,3.21,2.14,0.71,0.71,0.36,0.12,0.05,26.26,0.1,1.43,3.21,6.77,0,0.5
A3Z physicality,8477406,20212022,Mattias Janmark,57664,1,-0.45,-0.6,30.73,26.05,FALSE,TRUE,,defensiveRetrievalsPer60; botchedRetrievalsPer60; entryDenialShare,0,0,-0.29,-0.98,-0.04,0.32,-0.12,0.06,4.69,FALSE,348.7,350.53,29,0.43,,entryTargets,FALSE,A3Z tracked games; five on five,Wings; centers excluded,Defensemen; centers excluded,TRUE,74,205,19,16,28,18,23,5,33,21,10,5,46,59,7,2,12,6,11,41,9,18,3,2,37,57,46,3,4,9,37,16,0,4,2,51,51,5,40,2,1,1.55,6.37,2.75,0,0.69,0.34,0.1,0.03,18.79,0.05,3.27,2.75,7.92,0.86,0.5
A3Z physicality,8477503,20212022,Max Domi,56313,1,-0.46,-1.23,30.73,11.16,FALSE,TRUE,,blockedShotsPer60; defensiveRetrievalsPer60; botchedRetrievalsPer60,0,0,-0.34,-0.77,-0.19,-0.92,0.08,0.46,19.57,FALSE,228.1,233.55,20,0.28,,entryTargets,FALSE,A3Z tracked games; five on five,Wings; centers excluded,Defensemen; centers excluded,TRUE,70,208,7,18,25,15,13,3,26,21,5,1,28,44,4,8,5,6,6,18,15,12,5,5,39,65,32,2,4,5,9,1,0,4,2,28,28,3,21,2,2,1.32,2.37,0.26,0,1.05,0.53,0.11,0.1,22.53,0.1,1.84,4.73,7.37,0.79,0.2
A3Z physicality,8477505,20212022,Alexander Wennberg,85689,1,-0.25,-0.53,37.07,29.3,FALSE,TRUE,,defensiveRetrievalsPer60; botchedRetrievalsPer60; entryDenialShare,0,0,-0.35,-0.48,0.12,-0.35,-0.01,0.3,7.77,FALSE,399.98,401.6,28,0.35,,entryTargets,FALSE,A3Z tracked games; five on five,Wings; centers excluded,Defensemen; centers excluded,TRUE,74,190,23,22,31,27,43,5,53,47,11,3,64,86,3,5,6,20,19,40,21,16,7,4,71,104,37,4,3,12,29,12,0,3,0,31,31,1,27,3,5,1.8,4.35,1.8,0,0.45,0,0.03,0.19,20,0.11,3.45,3.3,9.6,0.75,0.27
A3Z physicality,8477846,20212022,Ryan Carpenter,50579,1,1.17,3.12,88.29,99.53,FALSE,TRUE,,defensiveRetrievalsPer60; botchedRetrievalsPer60; entryDenialShare,0,0,0.85,2.11,0.34,0.73,-0.01,0.29,-11.24,FALSE,174.47,178.17,18,0.27,locatedAttempts; typedShotsOnNet,entryTargets,FALSE,A3Z tracked games; five on five,Wings; centers excluded,Defensemen; centers excluded,TRUE,73,198,13,20,12,3,11,1,24,17,3,2,23,43,8,3,7,4,8,21,14,6,2,2,24,31,14,0,0,36,21,9,0,2,0,14,14,1,11,1,2,12.38,7.22,3.1,0,0.69,0,0.07,0.18,21.75,0.09,4.47,6.88,7.91,0.34,0.67
A3Z physicality,8478051,20212022,Max Willman,28958,1,0.43,-0.02,70.73,48.84,FALSE,TRUE,,defensiveRetrievalsPer60; botchedRetrievalsPer60; entryDenialShare,0,0,0.23,0.17,0.06,-0.8,0.14,0.62,21.89,FALSE,213.58,216.05,19,0.46,,entryTargets,FALSE,A3Z tracked games; five on five,Wings; centers excluded,Defensemen; centers excluded,FALSE,72,184,11,7,6,5,5,1,20,9,4,1,24,40,7,5,11,7,0,21,14,15,0,2,9,15,42,2,2,21,38,4,0,2,1,39,39,3,31,2,2,5.9,10.67,1.12,0,0.56,0.28,0.08,0.06,32.65,0.06,3.09,1.97,6.74,0.28,0.25
A3Z physicality,8478493,20212022,Joel Eriksson Ek,85831,1,0.25,-0.1,62.44,43.26,FALSE,TRUE,,contactPenaltiesDrawnPer60; defensiveRetrievalsPer60; botchedRetrievalsPer60; entryDenialShare,0,0,0.13,-0.05,0.3,0.03,-0.19,-0.08,19.18,FALSE,403.97,405.55,35,0.45,,,FALSE,A3Z tracked games; five on five,Wings; centers excluded,Defensemen; centers excluded,TRUE,75,207,33,50,25,12,28,2,47,32,21,10,43,66,2,0,15,9,14,39,24,40,2,0,37,62,85,6,3,65,48,10,0,2,10,81,81,7,62,4,4,9.65,7.13,1.49,0,0.3,1.49,0.09,0.06,31.14,0.06,4.9,7.43,6.39,0.3,0.48
A3Z physicality,8478508,20212022,Yakov Trenin,70404,1,1.02,0.41,87.32,67.44,FALSE,TRUE,,defensiveRetrievalsPer60; botchedRetrievalsPer60; entryDenialShare,0,0,0.57,1.15,0.55,-0.86,-0.09,0.13,19.88,FALSE,350.1,356.1,29,0.36,,entryTargets,FALSE,A3Z tracked games; five on five,Wings; centers excluded,Defensemen; centers excluded,TRUE,74,201,37,48,35,12,19,5,40,25,9,2,40,60,4,3,15,9,8,34,22,43,3,1,43,62,82,6,9,72,38,9,0,3,3,78,78,3,58,8,11,12.34,6.51,1.54,0,0.51,0.51,0.04,0.19,26.76,0.14,6.34,8.23,6.86,0.86,0.22
A3Z physicality,8478542,20212022,Evan Rodrigues,77918,1,0.18,0.48,58.05,68.84,FALSE,TRUE,,defensiveRetrievalsPer60; botchedRetrievalsPer60; entryDenialShare,0,0,0.21,0.2,-0.24,-0.48,0.21,0.76,-10.79,FALSE,422.65,428.97,33,0.4,,entryTargets,FALSE,A3Z tracked games; five on five,Wings; centers excluded,Defensemen; centers excluded,TRUE,71,182,18,31,38,21,31,5,56,44,17,5,53,82,6,6,12,16,14,44,27,35,6,8,78,113,100,7,3,46,44,13,0,4,5,111,111,5,88,9,3,6.53,6.25,1.85,0,0.57,0.71,0.05,0.03,30.61,0.1,2.56,4.4,7.52,0.71,0.29
A3Z physicality,8479318,20212022,Auston Matthews,90268,1,-0.84,-1.48,17.56,6.05,FALSE,TRUE,,defensiveRetrievalsPer60; botchedRetrievalsPer60; entryDenialShare,0,0,-0.69,-1.4,0.09,0.12,-0.24,-0.2,11.51,FALSE,541.7,544.45,34,0.47,,,FALSE,A3Z tracked games; five on five,Wings; centers excluded,Defensemen; centers excluded,TRUE,75,215,33,51,57,36,40,5,61,47,20,9,71,103,13,5,14,15,20,55,30,72,11,1,107,185,179,8,12,25,48,22,0,0,2,152,152,10,103,9,9,2.77,5.32,2.44,0,0,0.22,0.07,0.09,26.94,0.09,3.66,5.65,7.86,0.55,0.45
A3Z physicality,8479420,20212022,Tage Thompson,83676,1,-1.01,-0.2,16.59,38.6,FALSE,TRUE,,defensiveRetrievalsPer60; entryDenialShare,0,0,-0.05,-0.1,-0.52,0.51,-0.44,-0.62,-22.02,FALSE,282.42,287.27,22,0.28,,entryTargets,FALSE,A3Z tracked games; five on five,Wings; centers excluded,Defensemen; centers excluded,TRUE,78,220,9,23,16,10,29,11,41,36,5,2,56,76,7,7,5,11,15,36,13,19,0,1,29,52,76,4,3,13,8,6,1,2,1,60,60,0,49,4,0,2.76,1.7,1.27,0.21,0.42,0.21,0,0,32.62,0.08,1.91,4.89,11.9,2.34,0.4
A3Z physicality,8479991,20212022,Jake Leschyshyn,27801,1,0.07,-1.86,53.66,1.86,TRUE,TRUE,hitsReceivedPer60,defensiveRetrievalsPer60; botchedRetrievalsPer60; entryDenialShare,0,0,0.12,-0.26,-0.15,-2.14,0.11,0.54,51.8,FALSE,187.85,188.4,18,0.44,typedShotsOnNet,entryTargets,FALSE,A3Z tracked games; five on five,Wings; centers excluded,Defensemen; centers excluded,FALSE,71,196,4,12,10,3,7,2,15,6,6,0,23,30,4,2,9,4,1,23,4,6,1,0,14,22,17,1,4,23,36,4,0,1,2,23,23,5,19,4,4,7.35,11.5,1.28,0,0.32,0.64,0.22,0.21,19.24,0.21,1.28,3.83,7.35,0.64,0
A3Z physicality,8480078,20212022,Filip Chytil,52964,1,-0.64,-0.33,23.41,36.74,FALSE,TRUE,,defensiveRetrievalsPer60; botchedRetrievalsPer60; entryDenialShare,0,0,-0.45,-1.4,-0.03,1.09,-0.15,-0.01,-13.33,FALSE,315.13,322.67,28,0.42,,entryTargets,FALSE,A3Z tracked games; five on five,Wings; centers excluded,Defensemen; centers excluded,TRUE,74,210,19,30,21,11,31,6,43,37,6,4,56,78,9,7,6,14,16,37,15,22,3,1,35,55,64,8,0,5,33,8,0,4,2,61,61,7,48,9,3,0.95,6.28,1.52,0,0.76,0.38,0.11,0.06,20.81,0.19,3.62,5.71,10.66,1.14,0.67
A3Z physicality,8480144,20212022,David Kampf,75108,1,-0.63,-0.29,23.41,37.21,FALSE,TRUE,,defensiveRetrievalsPer60; entryDenialShare,0,0,-0.11,-0.41,-0.45,-0.06,-0.07,0.17,-13.79,FALSE,429.77,435.85,36,0.44,,entryTargets,FALSE,A3Z tracked games; five on five,Wings; centers excluded,Defensemen; centers excluded,TRUE,74,198,14,44,31,16,48,10,64,50,17,5,79,100,1,4,14,19,25,59,19,19,3,1,50,73,35,2,5,31,40,11,0,3,4,52,52,2,41,7,2,4.33,5.58,1.54,0,0.42,0.56,0.04,0.05,23.33,0.17,1.95,6.14,11.03,1.4,0.29
A3Z physicality,8480802,20212022,Ryan McLeod,54358,1,-0.28,-0.27,35.61,37.67,FALSE,TRUE,,entryDenialShare,0,0,-0.24,-0.43,0.13,0.19,-0.17,-0.03,-2.06,FALSE,293.82,300.27,30,0.42,,entryTargets,FALSE,A3Z tracked games; five on five,Wings; centers excluded,Defensemen; centers excluded,TRUE,75,204,22,29,24,9,45,8,44,41,11,3,70,89,11,4,3,11,24,44,11,7,1,3,41,63,27,1,2,12,35,8,0,2,0,32,32,3,25,3,1,2.45,7.15,1.63,0,0.41,0,0.09,0.04,26.73,0.12,4.49,5.92,14.29,1.63,0.27
A3Z physicality,8480813,20212022,Joseph Veleno,52329,1,0.4,1.62,68.78,94.88,FALSE,TRUE,,defensiveRetrievalsPer60; botchedRetrievalsPer60; entryDenialShare,0,0,0.36,1.01,0.09,0.37,-0.04,0.24,-26.1,FALSE,239.03,243.65,21,0.32,typedShotsOnNet,entryTargets,FALSE,A3Z tracked games; five on five,Wings; centers excluded,Defensemen; centers excluded,TRUE,73,201,13,19,12,6,21,5,34,25,9,4,39,58,7,5,9,10,7,28,18,12,1,0,18,37,29,0,2,33,17,7,0,2,1,25,25,3,19,4,3,8.28,4.27,1.76,0,0.5,0.25,0.12,0.16,23.54,0.21,3.26,4.77,9.79,1.26,0.44
A3Z physicality,8480849,20212022,Barrett Hayton,58021,1,0.36,0.16,67.8,58.6,FALSE,TRUE,,defensiveRetrievalsPer60; botchedRetrievalsPer60; entryDenialShare,0,0,0.36,0.36,0.03,-0.46,-0.03,0.25,9.2,FALSE,168.37,169.52,14,0.23,typedShotsOnNet,entryTargets,FALSE,A3Z tracked games; five on five,Wings; centers excluded,Defensemen; centers excluded,TRUE,73,200,7,10,10,4,11,3,12,6,8,2,26,31,3,4,6,3,3,14,5,6,1,0,17,28,14,0,1,19,22,8,0,2,2,20,20,3,16,3,3,6.77,7.84,2.85,0,0.71,0.71,0.15,0.19,20.17,0.19,2.49,3.56,9.27,1.07,0.25
A3Z physicality,8481618,20212022,Alex Newhook,57784,1,-0.18,-1.36,41.95,7.91,FALSE,TRUE,,defensiveRetrievalsPer60; botchedRetrievalsPer60; entryDenialShare,0,0,-0.3,-1.02,0.05,-0.81,0.08,0.48,34.04,FALSE,393.02,402.73,35,0.49,,entryTargets,FALSE,A3Z tracked games; five on five,Wings; centers excluded,Defensemen; centers excluded,TRUE,71,200,23,20,21,6,29,7,36,28,14,3,49,66,7,6,8,10,12,30,16,21,3,2,45,67,78,4,6,17,37,22,0,3,5,69,69,2,60,3,4,2.6,5.65,3.36,0,0.46,0.76,0.03,0.07,27.73,0.05,3.51,3.05,7.48,1.07,0.21
A3Z physicality,8470638,20212022,Patrice Bergeron,79585,2,-0.42,-0.05,31.22,47.91,FALSE,TRUE,,defensiveRetrievalsPer60; botchedRetrievalsPer60; entryDenialShare,0,0,-0.31,-0.78,-0.19,0.58,0.09,0.16,-16.69,FALSE,335.47,333.62,27,0.37,,entryTargets,FALSE,A3Z tracked games; five on five,Wings; centers excluded,Defensemen; centers excluded,TRUE,73,196,14,34,31,10,27,1,40,26,15,7,50,68,8,4,14,6,14,42,19,32,5,7,63,112,80,2,6,32,15,12,0,0,2,81,81,2,70,8,3,5.72,2.68,2.15,0,0,0.36,0.02,0.04,35.9,0.11,2.5,6.08,8.94,0.18,0.47
A3Z physicality,8473533,20212022,Jordan Staal,77838,2,1.5,1.34,93.17,92.56,TRUE,TRUE,deflectionShare,defensiveRetrievalsPer60; botchedRetrievalsPer60; entryDenialShare,0,0,0.96,0.94,1.5,0.73,-0.95,-0.33,0.61,FALSE,425.62,434.2,34,0.44,,entryTargets,FALSE,A3Z tracked games; five on five,Wings; centers excluded,Defensemen; centers excluded,TRUE,76,220,42,47,47,16,39,1,46,28,14,7,64,79,8,3,18,11,13,54,17,37,8,1,72,113,71,13,14,87,41,17,0,3,3,70,70,11,52,3,17,12.26,5.78,2.4,0,0.42,0.42,0.16,0.33,16.2,0.06,5.92,6.63,9.02,0.14,0.5
A3Z physicality,8473544,20212022,Derick Brassard,35627,2,0.92,1.34,84.88,92.56,FALSE,TRUE,,defensiveRetrievalsPer60; botchedRetrievalsPer60; entryDenialShare,0,0,0.84,0.53,0.09,0.69,-0,0.11,-7.68,FALSE,190.43,188.52,18,0.39,locatedAttempts; typedShotsOnNet,entryTargets,FALSE,A3Z tracked games; five on five,Wings; centers excluded,Defensemen; centers excluded,TRUE,73,200,8,9,12,4,9,1,29,17,8,4,26,41,2,5,12,3,6,26,16,8,2,3,28,43,15,4,0,28,18,2,0,2,1,17,17,3,16,0,1,8.82,5.67,0.63,0,0.63,0.32,0.18,0.06,26.17,0,2.52,2.84,8.19,0.32,0.5
A3Z physicality,8474053,20212022,Logan Couture,87469,2,-0.81,0.42,18.05,67.44,FALSE,TRUE,,defensiveRetrievalsPer60; botchedRetrievalsPer60; entryDenialShare,0,0,-0.5,-0.32,-0.18,0.69,-0.13,0.05,-49.39,FALSE,295.72,295.7,22,0.29,,entryTargets,FALSE,A3Z tracked games; five on five,Wings; centers excluded,Defensemen; centers excluded,TRUE,73,206,16,15,22,10,31,3,43,34,12,5,57,78,12,8,9,13,15,42,16,18,5,2,43,65,47,4,2,24,25,11,0,1,1,41,41,5,33,3,0,4.87,5.07,2.23,0,0.2,0.2,0.12,0,27.51,0.09,3.25,3.04,11.57,0.61,0.42
A3Z physicality,8474641,20212022,Adam Henrique,60620,2,-1.19,-0.67,11.71,25.58,FALSE,TRUE,,defensiveRetrievalsPer60; entryDenialShare,0,0,-1.78,-2.14,0.32,1.23,0.28,0.24,-13.87,FALSE,250.83,252.65,18,0.31,,entryTargets,FALSE,A3Z tracked games; five on five,Wings; centers excluded,Defensemen; centers excluded,TRUE,72,195,13,21,11,6,10,6,22,15,14,8,35,45,4,5,7,3,5,24,9,17,2,1,32,50,35,2,3,3,11,11,0,1,2,49,49,3,31,5,9,0.72,2.63,2.63,0,0.24,0.48,0.06,0.29,22.83,0.16,3.11,5.02,8.37,1.44,0.57
A3Z physicality,8474683,20212022,Derek Grant,60976,2,-0.08,1.23,44.88,89.77,FALSE,TRUE,,defensiveRetrievalsPer60; entryDenialShare,0,0,-0.03,0.29,0.5,1.08,-0.56,-0.15,-44.89,FALSE,244.5,250.4,23,0.32,,entryTargets,FALSE,A3Z tracked games; five on five,Wings; centers excluded,Defensemen; centers excluded,TRUE,75,210,13,17,12,7,11,4,23,14,5,3,27,44,5,4,9,4,5,21,12,13,5,1,25,36,30,3,4,23,12,14,0,1,0,40,40,4,30,2,6,5.64,2.94,3.44,0,0.25,0,0.1,0.2,29.35,0.07,3.19,4.17,6.63,0.98,0.6
A3Z physicality,8475158,20212022,Ryan O'Reilly,89298,2,-1.39,-1.03,8.78,14.88,FALSE,TRUE,,botchedRetrievalsPer60; entryDenialShare,0,0,-1.5,-1.81,0.27,0.74,-0.16,0.04,-6.1,FALSE,359.48,364.97,27,0.35,,entryTargets,FALSE,A3Z tracked games; five on five,Wings; centers excluded,Defensemen; centers excluded,TRUE,73,207,20,24,39,17,57,4,75,63,13,5,83,117,5,4,12,17,28,58,30,16,7,6,72,99,43,1,6,8,26,13,0,2,5,52,52,4,45,5,9,1.34,4.34,2.17,0,0.33,0.83,0.08,0.2,24.58,0.11,3.34,4.01,13.85,0.67,0.38
A3Z physicality,8475168,20212022,Matt Duchene,88984,2,-1.64,-1.6,5.85,3.72,FALSE,TRUE,,defensiveRetrievalsPer60; botchedRetrievalsPer60; entryDenialShare,0,0,-1.27,-1.78,-0.45,0.04,0.09,0.15,2.13,FALSE,424.45,424.7,28,0.36,,entryTargets,FALSE,A3Z tracked games; five on five,Wings; centers excluded,Defensemen; centers excluded,TRUE,71,211,17,32,34,10,29,5,56,44,11,4,52,85,6,5,12,7,20,44,27,26,2,4,64,101,80,3,5,9,25,11,0,3,5,76,76,2,54,7,5,1.27,3.53,1.55,0,0.42,0.71,0.03,0.09,24.34,0.13,2.4,4.52,7.35,0.71,0.36
A3Z physicality,8475726,20212022,Tyler Toffoli,72387,2,-0.02,-1.13,50.24,13.49,FALSE,TRUE,,defensiveRetrievalsPer60; botchedRetrievalsPer60; entryDenialShare,0,0,-0.24,-0.95,0.16,-0.31,0.06,0.14,36.76,FALSE,278.37,283.25,24,0.32,,entryTargets,FALSE,A3Z tracked games; five on five,Wings; centers excluded,Defensemen; centers excluded,TRUE,72,205,14,22,20,9,15,4,30,21,11,3,38,61,4,7,9,6,7,26,16,18,4,3,37,54,54,3,5,28,15,5,0,0,2,59,59,5,46,2,4,6.04,3.23,1.08,0,0,0.43,0.08,0.09,27,0.04,3.02,4.74,8.19,0.86,0.27
A3Z physicality,8475735,20212022,Greg McKegg,28037,2,1.03,-0.62,87.32,26.05,FALSE,TRUE,,defensiveRetrievalsPer60; botchedRetrievalsPer60; entryDenialShare,0,0,0.07,-0.05,0.68,-0.81,0.28,0.24,61.27,FALSE,166.42,168.35,18,0.42,locatedAttempts; typedShotsOnNet,entryTargets,FALSE,A3Z tracked games; five on five,Wings; centers excluded,Defensemen; centers excluded,FALSE,72,195,9,22,14,3,7,1,21,12,4,1,16,27,0,2,9,7,3,19,11,4,2,2,19,26,10,4,1,27,14,7,0,0,1,13,13,2,12,1,3,9.73,5.05,2.52,0,0,0.36,0.15,0.25,19.1,0.08,3.24,7.93,5.77,0.36,0.25
A3Z physicality,8475744,20212022,Evgeny Kuznetsov,96129,2,-0.97,-0.52,17.07,30.7,FALSE,TRUE,,defensiveRetrievalsPer60; botchedRetrievalsPer60; entryDenialShare,0,0,-0.15,-0.76,-0.49,0.28,-0.33,-0.04,-13.62,FALSE,436.87,444.15,30,0.38,,entryTargets,FALSE,A3Z tracked games; five on five,Wings; centers excluded,Defensemen; centers excluded,TRUE,74,207,20,22,32,17,43,6,51,49,17,6,73,92,5,12,2,14,27,42,16,17,12,5,90,135,61,1,5,16,13,8,0,6,2,63,63,7,42,7,3,2.2,1.79,1.1,0,0.82,0.27,0.11,0.07,20.62,0.17,2.75,3.02,10.03,0.82,0.35
A3Z physicality,8475745,20212022,Charlie Coyle,85647,2,-0.62,0.47,23.9,68.37,TRUE,TRUE,forecheckPressuresPer60,defensiveRetrievalsPer60; botchedRetrievalsPer60; entryDenialShare,0,0,0.08,-0.41,0.11,1.15,-0.8,-0.26,-44.47,FALSE,356.12,361.75,30,0.37,,entryTargets,FALSE,A3Z tracked games; five on five,Wings; centers excluded,Defensemen; centers excluded,TRUE,75,221,17,11,28,10,31,3,40,32,12,7,52,69,7,3,8,6,18,37,17,19,7,3,63,85,41,4,3,33,23,7,0,2,3,40,40,4,30,2,6,5.56,3.88,1.18,0,0.34,0.51,0.1,0.2,22.61,0.07,2.86,1.85,8.76,0.51,0.58
A3Z physicality,8475760,20212022,Nick Bjugstad,35091,2,-0.88,1.3,17.56,92.09,TRUE,TRUE,backhandShare,defensiveRetrievalsPer60; botchedRetrievalsPer60; entryDenialShare,0,0,0.38,0.51,-0.19,1.16,-1.06,-0.37,-74.53,FALSE,242.57,244.75,26,0.46,,entryTargets,FALSE,A3Z tracked games; five on five,Wings; centers excluded,Defensemen; centers excluded,TRUE,78,210,15,33,16,7,17,3,36,16,7,4,36,57,1,3,20,8,4,31,26,21,0,1,36,46,39,2,5,47,20,9,0,0,0,40,40,5,30,10,2,11.63,4.95,2.23,0,0,0,0.12,0.07,21.28,0.33,3.71,8.16,8.9,0.74,0.57
A3Z physicality,8475794,20212022,Tyler Seguin,86598,2,0.35,-0.56,67.32,27.44,FALSE,TRUE,,defensiveRetrievalsPer60; botchedRetrievalsPer60,0,0,0.69,0.34,-0.06,-0.88,-0.28,-0.02,39.88,FALSE,419.98,423.7,30,0.37,,entryTargets,FALSE,A3Z tracked games; five on five,Wings; centers excluded,Defensemen; centers excluded,TRUE,74,205,14,33,28,10,33,4,56,41,11,2,57,81,6,6,15,8,22,53,21,32,5,2,59,90,80,4,6,40,17,9,0,5,1,81,81,8,58,4,8,5.71,2.43,1.29,0,0.71,0.14,0.1,0.14,27.46,0.07,2,4.71,8.14,0.57,0.18
A3Z physicality,8476392,20212022,Adam Lowry,73377,2,0.73,1.65,80.49,95.35,FALSE,TRUE,,defensiveRetrievalsPer60; entryDenialShare,0,0,0.99,1.11,0.63,0.84,-0.9,-0.3,-14.86,FALSE,385.77,390.23,34,0.43,,,FALSE,A3Z tracked games; five on five,Wings; centers excluded,Defensemen; centers excluded,TRUE,77,210,22,51,36,15,37,9,54,47,21,9,71,104,13,3,7,13,21,43,27,17,6,2,55,82,38,4,9,82,42,14,0,3,2,51,51,4,38,3,9,12.75,6.53,2.18,0,0.47,0.31,0.08,0.24,21.02,0.08,3.42,7.93,11.04,1.4,0.43
A3Z physicality,8476432,20212022,Boone Jenner,72445,2,0.34,-0.49,67.32,31.16,TRUE,TRUE,blockedShotsPer60,defensiveRetrievalsPer60; botchedRetrievalsPer60,0,0,0.5,0.73,0.1,-1.22,-0.26,-0.01,36.15,FALSE,286.38,290.4,19,0.32,,entryTargets,FALSE,A3Z tracked games; five on five,Wings; centers excluded,Defensemen; centers excluded,TRUE,74,204,16,18,14,6,21,1,36,30,7,1,38,53,8,4,6,7,15,34,14,20,2,2,41,60,53,3,7,29,12,22,0,3,1,51,51,7,38,5,4,6.08,2.51,4.61,0,0.63,0.21,0.14,0.11,27.2,0.13,3.35,3.77,7.96,0.21,0.14
A3Z physicality,8476448,20212022,William Karlsson,73493,2,-0.54,-0.43,27.8,33.49,FALSE,TRUE,,defensiveRetrievalsPer60; botchedRetrievalsPer60; entryDenialShare,0,0,-1.22,-0.8,0.3,0.08,0.39,0.3,-5.68,FALSE,400.32,401.78,30,0.45,,entryTargets,FALSE,A3Z tracked games; five on five,Wings; centers excluded,Defensemen; centers excluded,TRUE,72,190,21,41,46,21,36,4,47,40,18,6,63,88,5,10,7,7,23,40,17,14,5,4,82,136,49,1,3,16,38,16,0,2,1,55,55,5,36,3,5,2.4,5.7,2.4,0,0.3,0.15,0.09,0.14,25.81,0.08,3.15,6.15,9.44,0.6,0.33
A3Z physicality,8476454,20212022,Ryan Nugent-Hopkins,73023,2,-0.96,-0.28,17.56,37.21,FALSE,TRUE,,defensiveRetrievalsPer60; botchedRetrievalsPer60; entryDenialShare,0,0,-0.99,-0.84,-0.15,0.36,0.18,0.2,-19.65,FALSE,373.9,372.45,29,0.46,,entryTargets,FALSE,A3Z tracked games; five on five,Wings; centers excluded,Defensemen; centers excluded,TRUE,73,192,13,34,30,15,25,2,51,38,9,4,47,82,9,6,13,11,13,37,30,18,1,4,60,87,45,6,1,19,26,15,0,1,1,43,43,5,35,3,4,3.05,4.17,2.41,0,0.16,0.16,0.12,0.11,24.02,0.09,2.09,5.46,7.54,0.32,0.44
A3Z physicality,8476459,20212022,Mika Zibanejad,95448,2,-0.46,0.1,30.73,55.81,FALSE,TRUE,,defensiveRetrievalsPer60; botchedRetrievalsPer60; entryDenialShare,0,0,-0.38,-0.44,0.27,0.6,-0.35,-0.05,-25.08,FALSE,470.23,474.43,35,0.43,,,FALSE,A3Z tracked games; five on five,Wings; centers excluded,Defensemen; centers excluded,TRUE,74,208,25,24,34,23,40,2,73,50,24,11,73,105,7,4,23,13,27,74,27,21,5,10,65,114,81,3,5,31,31,18,0,3,3,86,86,11,66,2,6,3.96,3.96,2.3,0,0.38,0.38,0.13,0.09,28.37,0.03,3.19,3.06,9.31,0.26,0.46
A3Z physicality,8476460,20212022,Mark Scheifele,84958,2,-2.4,-1.92,0.49,1.86,FALSE,TRUE,,defensiveRetrievalsPer60; entryDenialShare,0,0,-1.82,-1.67,-0.09,-0.13,-0.49,-0.11,-1.37,FALSE,522,526.73,33,0.49,,entryTargets,FALSE,A3Z tracked games; five on five,Wings; centers excluded,Defensemen; centers excluded,TRUE,75,207,19,36,54,24,48,13,67,58,16,4,89,133,10,8,9,23,19,56,23,21,11,6,134,190,49,1,5,13,54,25,0,2,6,59,59,5,48,4,8,1.49,6.21,2.87,0,0.23,0.69,0.08,0.17,24.41,0.08,2.18,4.14,10.23,1.49,0.25
A3Z physicality,8476822,20212022,Luke Glendening,69449,2,1.32,0.43,91.71,67.91,FALSE,TRUE,,defensiveRetrievalsPer60; botchedRetrievalsPer60; entryDenialShare,0,0,0.56,0.72,0.21,-0.66,0.56,0.37,23.8,FALSE,346.37,350.5,31,0.38,,entryTargets,FALSE,A3Z tracked games; five on five,Wings; centers excluded,Defensemen; centers excluded,TRUE,71,190,14,18,9,6,12,3,25,13,13,4,25,40,3,0,12,5,6,26,13,9,1,0,22,33,31,2,9,65,42,15,0,2,3,45,45,6,32,2,9,11.26,7.28,2.6,0,0.35,0.52,0.13,0.28,17.46,0.06,2.43,3.12,4.33,0.52,0.31
A3Z physicality,8476878,20212022,Zemgus Girgensons,49692,2,-1.31,0.5,9.27,69.3,FALSE,TRUE,,defensiveRetrievalsPer60; botchedRetrievalsPer60; entryDenialShare,0,0,-0.14,-0.51,-0.9,1.02,-0.27,-0.01,-60.03,FALSE,185.08,189.78,16,0.29,typedShotsOnNet,entryTargets,FALSE,A3Z tracked games; five on five,Wings; centers excluded,Defensemen; centers excluded,TRUE,75,197,3,12,11,7,8,3,14,9,7,4,22,29,5,1,5,3,4,18,4,4,1,0,14,24,13,3,1,29,23,3,0,0,2,22,22,1,15,2,1,9.4,7.46,0.97,0,0,0.65,0.05,0.07,31.7,0.13,0.97,3.89,7.13,0.97,0.57
A3Z physicality,8476919,20212022,Chris Tierney,52141,2,0.15,-1.76,56.59,2.33,FALSE,TRUE,,defensiveRetrievalsPer60; entryDenialShare,0,0,-0.73,-0.65,0.69,-1.33,0.2,0.21,54.26,FALSE,232.45,234.67,22,0.31,typedShotsOnNet,entryTargets,FALSE,A3Z tracked games; five on five,Wings; centers excluded,Defensemen; centers excluded,TRUE,73,191,20,15,24,2,19,9,33,26,9,0,50,77,6,10,7,7,9,26,19,8,5,1,43,52,15,1,0,12,12,13,0,1,1,20,20,3,15,3,3,3.1,3.1,3.36,0,0.26,0.26,0.15,0.2,26.04,0.2,5.16,3.87,12.91,2.32,0
A3Z physicality,8476925,20212022,Colton Sissons,76609,2,1.19,0.07,88.78,53.95,FALSE,TRUE,,defensiveRetrievalsPer60; botchedRetrievalsPer60; entryDenialShare,0,0,0.88,0.94,0.31,-0.98,-0,0.11,34.83,FALSE,338.1,348.47,29,0.37,,entryTargets,FALSE,A3Z tracked games; five on five,Wings; centers excluded,Defensemen; centers excluded,TRUE,73,200,21,28,29,8,19,2,29,22,14,3,34,51,6,5,7,9,9,26,12,20,0,0,44,66,43,9,7,64,33,5,0,2,0,41,41,4,27,3,5,11.36,5.86,0.89,0,0.35,0,0.1,0.19,19.65,0.11,3.73,4.97,6.03,0.35,0.21
A3Z physicality,8477450,20212022,Jason Dickinson,48516,2,-0.1,1.1,44.39,87.91,FALSE,TRUE,,defensiveRetrievalsPer60; entryDenialShare,0,0,-0.36,0.18,0.43,0.88,-0.17,0.04,-43.52,FALSE,237.78,241.78,20,0.32,,entryTargets,FALSE,A3Z tracked games; five on five,Wings; centers excluded,Defensemen; centers excluded,TRUE,74,200,14,23,14,5,15,7,23,14,6,3,30,40,1,2,9,3,8,20,13,9,2,1,22,33,25,0,5,38,33,13,0,0,1,29,29,2,24,1,4,9.59,8.33,3.28,0,0,0.25,0.07,0.17,20.81,0.04,3.53,5.8,7.57,1.77,0.5
A3Z physicality,8477492,20212022,Nathan MacKinnon,82138,2,-1.2,-1.41,11.71,6.98,FALSE,TRUE,,defensiveRetrievalsPer60; botchedRetrievalsPer60; entryDenialShare,0,0,-1.11,-1.66,-0.26,0.06,0.17,0.19,4.73,FALSE,531.85,533.9,33,0.51,,entryTargets,FALSE,A3Z tracked games; five on five,Wings; centers excluded,Defensemen; centers excluded,TRUE,72,200,23,34,36,33,68,3,72,67,15,5,87,112,7,5,5,31,26,63,20,32,3,13,126,192,157,7,4,30,35,18,0,0,8,124,124,13,98,12,4,3.38,3.95,2.03,0,0,0.9,0.1,0.04,30.67,0.12,2.59,3.84,9.81,0.34,0.33
A3Z physicality,8477493,20212022,Aleksander Barkov,81619,2,-1.74,-0.47,3.41,31.63,FALSE,TRUE,,botchedRetrievalsPer60; entryDenialShare,0,0,-1.29,-1.34,0.2,1.06,-0.65,-0.19,-28.21,FALSE,360.45,363.57,28,0.42,,entryTargets,FALSE,A3Z tracked games; five on five,Wings; centers excluded,Defensemen; centers excluded,TRUE,75,214,26,39,48,30,55,1,57,48,17,8,85,106,6,9,9,12,27,52,19,23,8,4,95,156,79,8,6,20,32,11,0,0,2,71,71,8,57,10,6,3.33,5.33,1.83,0,0,0.33,0.11,0.11,19,0.18,4.33,6.49,14.15,0.17,0.47
A3Z physicality,8477496,20212022,Elias Lindholm,98129,2,-0.19,-1.5,41.46,6.05,FALSE,TRUE,,defensiveRetrievalsPer60; botchedRetrievalsPer60; entryDenialShare,0,0,-0.3,-0.8,0.1,-0.82,-0,0.11,35.42,FALSE,444.17,452.8,33,0.4,,,FALSE,A3Z tracked games; five on five,Wings; centers excluded,Defensemen; centers excluded,TRUE,73,200,18,33,21,13,30,5,39,34,20,4,56,77,7,6,5,4,15,32,18,42,5,5,62,117,93,7,6,23,15,14,0,3,3,85,85,6,68,4,11,3.11,2.03,1.89,0,0.41,0.41,0.07,0.16,27.29,0.06,2.43,4.46,7.56,0.68,0.2
A3Z physicality,8478010,20212022,Brayden Point,77069,2,-0.61,-0.73,23.9,23.72,FALSE,TRUE,,defensiveRetrievalsPer60; botchedRetrievalsPer60; entryDenialShare,0,0,-0.77,-1.2,-0.69,-0.05,0.85,0.51,0.18,FALSE,452.97,458.4,32,0.48,,entryTargets,FALSE,A3Z tracked games; five on five,Wings; centers excluded,Defensemen; centers excluded,TRUE,71,177,14,29,32,28,40,4,56,52,12,4,63,94,5,4,4,17,18,39,24,22,4,8,104,161,82,3,7,23,33,8,0,2,4,77,77,5,49,9,6,3.05,4.37,1.06,0,0.26,0.53,0.06,0.12,22.09,0.18,1.85,3.84,8.34,0.53,0.33
A3Z physicality,8478401,20212022,Pavel Zacha,70753,2,-2.36,-1.21,0.49,11.16,FALSE,TRUE,,defensiveRetrievalsPer60; botchedRetrievalsPer60; entryDenialShare,0,0,-0.64,-0.86,-0.96,-0.12,-0.75,-0.23,-10.67,FALSE,297.72,299.78,24,0.34,,entryTargets,FALSE,A3Z tracked games; five on five,Wings; centers excluded,Defensemen; centers excluded,TRUE,76,211,5,21,18,11,35,1,40,35,14,4,54,77,8,9,5,5,21,33,14,15,2,1,55,85,52,4,1,21,28,5,0,1,2,50,50,3,36,5,3,4.23,5.64,1.01,0,0.2,0.4,0.06,0.08,24.1,0.14,1.01,4.23,10.88,0.2,0.29
A3Z physicality,8478424,20212022,Jansen Harkins,43782,2,-1.22,-0.46,10.73,31.63,FALSE,TRUE,,defensiveRetrievalsPer60; entryDenialShare,0,0,-1.37,-1.82,0.09,1.21,0.07,0.15,-20.9,FALSE,289.77,291.9,34,0.44,,entryTargets,FALSE,A3Z tracked games; five on five,Wings; centers excluded,Defensemen; centers excluded,TRUE,73,197,17,26,18,8,16,6,37,27,7,4,41,73,11,6,10,8,9,29,22,15,1,1,24,40,41,1,1,15,28,6,0,0,4,44,44,3,30,2,1,3.11,5.8,1.24,0,0,0.83,0.07,0.03,26.7,0.07,3.52,5.38,8.49,1.24,0.57
A3Z physicality,8478458,20212022,Jack Roslovic,69407,2,-0.82,2.79,18.05,98.6,FALSE,TRUE,,defensiveRetrievalsPer60; entryDenialShare,0,0,-0.93,-0.45,0.07,3.1,0.04,0.13,-80.56,FALSE,241.73,247.1,23,0.28,,entryTargets,FALSE,A3Z tracked games; five on five,Wings; centers excluded,Defensemen; centers excluded,TRUE,73,198,10,14,25,8,26,5,36,26,6,6,47,64,4,5,10,14,10,34,16,10,5,3,48,75,34,1,4,14,26,6,0,1,0,35,35,3,23,0,2,3.47,6.45,1.49,0,0.25,0,0.09,0.09,27.17,0,2.48,3.47,11.67,1.24,1
A3Z physicality,8478891,20212022,Mason Appleton,60731,2,-0.05,-0.14,47.8,40.93,FALSE,TRUE,,defensiveRetrievalsPer60; botchedRetrievalsPer60; entryDenialShare,0,0,-0.43,-0.51,0.46,0.29,-0.08,0.08,6.87,FALSE,271.63,276.05,21,0.31,,entryTargets,FALSE,A3Z tracked games; five on five,Wings; centers excluded,Defensemen; centers excluded,TRUE,74,196,13,32,20,12,21,1,31,21,7,3,35,55,9,3,10,12,6,27,17,17,1,1,28,44,34,2,4,19,28,5,0,2,2,42,42,2,28,1,6,4.2,6.18,1.1,0,0.44,0.44,0.05,0.21,22.54,0.04,2.87,7.07,7.73,0.22,0.43
A3Z physicality,8479511,20212022,Janne Kuokkanen,46141,2,-1.63,-1.14,5.85,13.49,FALSE,TRUE,,defensiveRetrievalsPer60; botchedRetrievalsPer60; entryDenialShare,0,0,-1.49,-1.3,-0.3,-0.03,0.15,0.19,-7.63,FALSE,225.73,228.7,19,0.33,,entryTargets,FALSE,A3Z tracked games; five on five,Wings; centers excluded,Defensemen; centers excluded,TRUE,73,193,11,22,13,3,10,0,22,15,5,2,25,45,8,2,7,4,5,18,16,11,0,0,23,29,28,0,3,13,26,10,0,0,2,34,34,1,25,4,2,3.46,6.91,2.66,0,0,0.53,0.03,0.08,24.94,0.16,2.92,5.85,6.65,0,0.4
A3Z physicality,8479514,20212022,Rem Pitlick,59332,2,-0.81,-1.93,18.05,1.86,FALSE,TRUE,,defensiveRetrievalsPer60; botchedRetrievalsPer60; entryDenialShare,0,0,-1.05,-0.29,-0.41,-2.05,0.65,0.42,16.19,FALSE,221.6,222.78,20,0.3,locatedAttempts; typedShotsOnNet,entryTargets,FALSE,A3Z tracked games; five on five,Wings; centers excluded,Defensemen; centers excluded,TRUE,71,186,10,17,14,6,19,2,26,20,5,0,30,44,5,3,6,10,7,24,10,4,3,0,30,44,13,1,2,6,19,12,0,3,0,13,13,3,12,1,0,1.62,5.14,3.25,0,0.81,0,0.23,0,15,0.08,2.71,4.6,8.12,0.54,0
A3Z physicality,8479525,20212022,Ross Colton,60637,2,0.47,-0.56,72.2,27.44,FALSE,TRUE,,defensiveRetrievalsPer60; botchedRetrievalsPer60; entryDenialShare,0,0,-0.16,-0.32,0.33,-0.5,0.3,0.25,44.75,FALSE,345.5,345.63,32,0.41,,entryTargets,FALSE,A3Z tracked games; five on five,Wings; centers excluded,Defensemen; centers excluded,TRUE,72,194,26,36,29,17,13,0,23,19,11,4,25,45,6,6,4,10,3,16,13,37,1,3,47,77,83,9,4,54,36,17,0,0,5,75,75,9,56,8,3,9.38,6.25,2.95,0,0,0.87,0.12,0.05,25.08,0.14,4.52,6.25,4.34,0,0.36
A3Z physicality,8480002,20212022,Nico Hischier,81245,2,-2.25,-0.77,1.46,21.86,FALSE,TRUE,,defensiveRetrievalsPer60; botchedRetrievalsPer60; entryDenialShare,0,0,-1.15,-1.07,-1.1,0.19,-0,0.11,-20.4,FALSE,350.63,351.42,26,0.37,,,FALSE,A3Z tracked games; five on five,Wings; centers excluded,Defensemen; centers excluded,TRUE,73,200,11,15,21,13,25,2,47,33,20,8,46,73,9,4,14,15,9,41,25,12,5,7,72,109,42,0,4,19,37,12,0,1,3,41,41,2,27,6,2,3.25,6.33,2.05,0,0.17,0.51,0.05,0.07,18.44,0.22,1.88,2.57,7.87,0.34,0.4
A3Z physicality,8480003,20212022,Jesper Boqvist,44114,2,-1.84,-1.02,2.44,14.88,FALSE,TRUE,,defensiveRetrievalsPer60; botchedRetrievalsPer60; entryDenialShare,0,0,-1.49,-1.07,-0.54,-0.17,0.2,0.21,-12.44,FALSE,231.93,236.32,20,0.36,,entryTargets,FALSE,A3Z tracked games; five on five,Wings; centers excluded,Defensemen; centers excluded,TRUE,73,191,7,13,16,8,20,3,33,29,11,3,38,56,6,7,4,12,9,28,12,12,1,1,31,44,37,1,0,15,34,7,0,0,1,33,33,3,21,1,0,3.88,8.8,1.81,0,0,0.26,0.09,0,27.66,0.05,1.81,3.36,9.83,0.78,0.27
A3Z physicality,8480023,20212022,Robert Thomas,81101,2,-1.4,-0.17,8.78,39.07,FALSE,TRUE,,defensiveRetrievalsPer60; entryDenialShare,0,0,-1.61,-2.19,0.2,1.9,0.01,0.11,-30.29,FALSE,381.87,390.27,28,0.39,,entryTargets,FALSE,A3Z tracked games; five on five,Wings; centers excluded,Defensemen; centers excluded,TRUE,72,207,20,32,42,21,56,7,63,57,9,6,76,98,4,4,6,25,24,49,23,14,20,14,85,133,47,5,4,7,21,5,0,1,2,47,47,8,35,4,6,1.1,3.3,0.79,0,0.16,0.31,0.17,0.17,19.03,0.11,3.14,5.03,11.94,1.1,0.67
A3Z physicality,8480039,20212022,Martin Necas,75760,2,-0.28,-0.85,35.61,19.53,FALSE,TRUE,,defensiveRetrievalsPer60; botchedRetrievalsPer60; entryDenialShare,0,0,-0.41,-0.87,0.35,0.01,-0.23,0.01,16.07,FALSE,391.83,400.08,32,0.41,,entryTargets,FALSE,A3Z tracked games; five on five,Wings; centers excluded,Defensemen; centers excluded,TRUE,75,195,22,35,49,26,31,3,42,35,12,4,59,83,15,9,7,12,12,40,16,26,1,8,84,130,78,4,3,23,38,6,0,4,7,64,64,5,44,3,4,3.52,5.82,0.92,0,0.61,1.07,0.08,0.09,32.9,0.07,3.37,5.36,9.03,0.46,0.33
A3Z physicality,8480845,20212022,Rasmus Kupari,40362,2,-0.59,0.93,25.37,85.12,FALSE,TRUE,,defensiveRetrievalsPer60; entryDenialShare,0,0,-0.24,0.42,-0.16,0.49,-0.19,0.03,-59.75,FALSE,216.17,220.98,21,0.37,typedShotsOnNet,entryTargets,FALSE,A3Z tracked games; five on five,Wings; centers excluded,Defensemen; centers excluded,TRUE,74,201,6,24,10,3,20,6,25,18,11,4,37,54,6,3,7,10,4,24,11,6,3,3,26,37,22,2,3,26,41,8,0,2,2,25,25,3,13,2,3,7.22,11.38,2.22,0,0.56,0.56,0.12,0.23,20.22,0.15,1.67,6.66,10.27,1.67,0.36
A3Z physicality,8481481,20212022,Blake Lizotte,51088,2,1.65,1.77,94.63,96.28,TRUE,TRUE,dumpInRecoveriesPer60,defensiveRetrievalsPer60; botchedRetrievalsPer60; entryDenialShare,0,0,-0.53,-0.2,0.98,1.29,1.2,0.68,-1.64,FALSE,273.82,278.22,26,0.37,,entryTargets,FALSE,A3Z tracked games; five on five,Wings; centers excluded,Defensemen; centers excluded,TRUE,69,176,32,32,38,11,26,3,48,37,9,5,51,80,8,7,11,13,14,40,25,16,5,1,54,73,44,3,6,27,52,5,0,2,3,48,48,3,38,6,5,5.92,11.39,1.1,0,0.44,0.66,0.06,0.13,23.27,0.16,7.01,7.01,11.18,0.66,0.56
A3Z physicality,8481528,20212022,Dylan Cozens,75330,2,-1.3,1.27,9.76,91.63,FALSE,TRUE,,defensiveRetrievalsPer60; entryDenialShare,0,0,-0.53,-0.8,-0.32,2.17,-0.45,-0.09,-81.87,FALSE,283.5,288.22,22,0.28,,entryTargets,FALSE,A3Z tracked games; five on five,Wings; centers excluded,Defensemen; centers excluded,TRUE,75,205,12,18,18,5,26,7,38,32,8,6,50,76,13,7,6,14,9,29,20,16,3,2,42,64,53,0,1,11,18,4,0,3,1,48,48,1,38,2,1,2.33,3.81,0.85,0,0.63,0.21,0.02,0.03,30.12,0.05,2.54,3.81,10.58,1.48,0.75
A3Z physicality,8482110,20212022,Dawson Mercer,81383,2,-2.1,-0.52,2.44,30.23,FALSE,TRUE,,defensiveRetrievalsPer60; botchedRetrievalsPer60; entryDenialShare,0,0,-1.99,-1.63,-0.71,0.7,0.61,0.4,-27.79,FALSE,394.02,401.95,29,0.35,,entryTargets,FALSE,A3Z tracked games; five on five,Wings; centers excluded,Defensemen; centers excluded,TRUE,72,180,13,28,21,13,30,6,58,44,11,5,60,97,6,8,14,10,17,41,32,20,5,7,56,80,62,1,6,6,50,15,0,3,3,52,52,3,45,7,4,0.91,7.61,2.28,0,0.46,0.46,0.06,0.09,20.19,0.16,1.98,4.26,9.14,0.91,0.45
A3Z physicality,8470604,20212022,Jeff Carter,80579,3,-0.19,-0.06,41.46,47.44,FALSE,TRUE,,defensiveRetrievalsPer60; botchedRetrievalsPer60; entryDenialShare,0,0,0.18,0.12,-0.04,0.12,-0.33,-0.31,-5.98,FALSE,407.08,408.25,31,0.41,,entryTargets,FALSE,A3Z tracked games; five on five,Wings; centers excluded,Defensemen; centers excluded,TRUE,75,219,20,34,35,11,31,3,46,32,16,6,61,81,10,6,14,6,20,51,15,35,2,3,45,74,71,3,6,44,27,12,0,4,5,67,67,7,52,6,5,6.49,3.98,1.77,0,0.59,0.74,0.1,0.1,27.07,0.12,2.95,5.01,8.99,0.44,0.38
A3Z physicality,8471699,20212022,Andrew Cogliano,56254,3,1.06,2.42,87.32,98.14,FALSE,TRUE,,defensiveRetrievalsPer60; entryDenialShare,0,0,0.45,0.85,0.23,0.9,0.38,0.68,-10.82,FALSE,265.82,267.5,25,0.34,,entryTargets,FALSE,A3Z tracked games; five on five,Wings; centers excluded,Defensemen; centers excluded,TRUE,70,179,14,32,19,5,9,5,34,14,5,3,36,58,8,4,20,4,4,36,23,13,2,1,28,37,28,1,0,33,17,10,0,3,1,30,30,1,22,0,3,7.45,3.84,2.26,0,0.68,0.23,0.03,0.14,33.79,0,3.16,7.22,8.13,1.13,0.6
A3Z physicality,8473563,20212022,Nicklas Backstrom,49324,3,-1.78,-1.78,2.93,2.33,FALSE,TRUE,,blockedShotsPer60; defensiveRetrievalsPer60; botchedRetrievalsPer60; entryDenialShare,0,0,-0.82,-1.26,-0.92,-0.62,-0.04,0.1,0.6,FALSE,169.57,171.08,13,0.28,locatedAttempts; typedShotsOnNet,entryTargets,FALSE,A3Z tracked games; five on five,Wings; centers excluded,Defensemen; centers excluded,TRUE,73,202,2,11,11,8,20,0,26,23,12,3,25,40,6,1,3,1,14,20,12,10,1,1,17,40,17,0,0,2,8,4,0,1,0,16,16,0,13,2,1,0.71,2.83,1.42,0,0.35,0,0,0.08,21.06,0.15,0.71,3.89,8.85,0,0.25
A3Z physicality,8474189,20212022,Lars Eller,69653,3,0.02,-0.36,51.22,34.88,FALSE,TRUE,,defensiveRetrievalsPer60; entryDenialShare,0,0,-0.09,-0.36,0.27,0.05,-0.15,-0.06,16.34,FALSE,311.58,320.72,26,0.36,,entryTargets,FALSE,A3Z tracked games; five on five,Wings; centers excluded,Defensemen; centers excluded,TRUE,74,207,19,20,24,9,27,11,49,39,12,3,57,85,7,5,10,11,14,41,23,14,6,2,48,77,42,0,4,22,28,10,0,3,4,50,50,3,32,2,5,4.24,5.39,1.93,0,0.58,0.77,0.06,0.16,26.78,0.06,3.66,3.85,10.98,2.12,0.25
A3Z physicality,8475166,20212022,John Tavares,85671,3,-0.8,-0.87,18.05,18.6,FALSE,TRUE,,defensiveRetrievalsPer60; entryDenialShare,0,0,-0.42,-0.91,-0.2,0.13,-0.17,-0.1,-0.56,FALSE,514.27,516.07,36,0.46,,entryTargets,FALSE,A3Z tracked games; five on five,Wings; centers excluded,Defensemen; centers excluded,TRUE,73,217,19,58,45,25,36,9,51,40,16,6,68,107,10,11,11,12,17,36,27,44,12,5,82,129,102,10,15,27,42,19,0,3,7,101,101,10,69,8,10,3.15,4.9,2.22,0,0.35,0.82,0.1,0.14,21.54,0.12,2.22,6.77,7.93,1.05,0.38
A3Z physicality,8475231,20212022,Casey Cizikas,61036,3,1.46,1.15,92.68,88.84,FALSE,TRUE,,defensiveRetrievalsPer60; botchedRetrievalsPer60; entryDenialShare,0,0,0.54,0.66,0.71,0.06,0.2,0.43,3.85,FALSE,359.43,367.23,32,0.43,,entryTargets,FALSE,A3Z tracked games; five on five,Wings; centers excluded,Defensemen; centers excluded,TRUE,71,191,32,44,31,12,32,5,48,30,18,5,71,97,7,12,18,12,11,49,22,18,0,0,26,45,36,2,5,64,37,11,0,4,4,49,49,5,29,2,4,10.68,6.18,1.84,0,0.67,0.67,0.1,0.14,25.5,0.07,5.34,7.34,11.85,0.83,0.28
A3Z physicality,8475793,20212022,Ryan Johansen,78512,3,-0.57,-1.04,26.83,14.88,FALSE,TRUE,,blockedShotsPer60; defensiveRetrievalsPer60; botchedRetrievalsPer60; entryDenialShare,0,0,0.12,0.06,-0.36,-0.81,-0.32,-0.29,11.95,FALSE,350.68,352.53,29,0.37,,entryTargets,FALSE,A3Z tracked games; five on five,Wings; centers excluded,Defensemen; centers excluded,TRUE,75,218,12,26,26,18,25,3,37,30,14,3,45,64,8,3,7,8,14,36,12,10,0,2,55,89,24,0,2,19,17,6,0,7,3,28,28,2,23,4,3,3.25,2.91,1.03,0,1.2,0.51,0.07,0.13,24.12,0.17,2.05,4.45,7.7,0.51,0.21
A3Z physicality,8476393,20212022,Nick Cousins,50871,3,-0.05,0.43,48.29,67.91,FALSE,TRUE,,defensiveRetrievalsPer60; botchedRetrievalsPer60; entryDenialShare,0,0,-0.37,-0.96,0.12,0.96,0.2,0.43,-19.61,FALSE,243.65,245.53,24,0.35,,entryTargets,FALSE,A3Z tracked games; five on five,Wings; centers excluded,Defensemen; centers excluded,TRUE,71,191,13,19,27,15,29,3,46,38,11,6,44,64,4,4,8,14,16,40,16,24,0,0,32,53,42,1,8,19,40,10,0,1,4,42,42,6,28,4,6,4.68,9.85,2.46,0,0.25,0.99,0.14,0.21,23.11,0.14,3.2,4.68,10.84,0.74,0.55
A3Z physicality,8476458,20212022,Ryan Strome,81331,3,-0.01,-0.27,50.73,37.67,FALSE,TRUE,,blockedShotsPer60; defensiveRetrievalsPer60; botchedRetrievalsPer60; entryDenialShare,0,0,-0.15,-0.33,0.09,-0.17,0.05,0.23,13.06,FALSE,474.87,479.08,34,0.46,,entryTargets,FALSE,A3Z tracked games; five on five,Wings; centers excluded,Defensemen; centers excluded,TRUE,73,192,24,19,29,19,33,0,41,37,14,6,47,70,8,5,4,9,17,32,17,17,7,6,53,103,72,4,3,19,32,7,0,7,2,71,71,10,56,2,5,2.4,4.04,0.88,0,0.88,0.25,0.14,0.09,24.41,0.04,3.03,2.4,5.94,0,0.43
A3Z physicality,8476913,20212022,Devin Shore,28111,3,0.36,2.02,67.8,97.21,FALSE,TRUE,,defensiveRetrievalsPer60; entryDenialShare,0,0,0.69,1.42,-0.25,0.55,-0.07,0.05,-29.4,FALSE,200.15,201.33,24,0.49,typedShotsOnNet,entryTargets,FALSE,A3Z tracked games; five on five,Wings; centers excluded,Defensemen; centers excluded,FALSE,73,206,8,15,8,4,9,6,22,17,6,3,22,36,4,0,5,4,5,17,13,9,1,2,20,26,22,3,1,34,26,13,0,2,0,23,23,4,14,2,1,10.19,7.79,3.9,0,0.6,0,0.17,0.07,23.32,0.14,2.4,4.5,6.6,1.8,0.5
A3Z physicality,8477446,20212022,Michael McCarron,31791,3,1.35,2.03,91.71,97.21,TRUE,TRUE,blockedShotsPer60,defensiveRetrievalsPer60; botchedRetrievalsPer60; entryDenialShare,0,0,1.77,1.85,0.23,0.93,-0.65,-0.75,-5.5,FALSE,178.42,179.07,20,0.39,typedShotsOnNet,entryTargets,FALSE,A3Z tracked games; five on five,Wings; centers excluded,Defensemen; centers excluded,TRUE,78,232,11,11,10,1,13,2,19,14,8,5,26,33,3,4,5,4,8,21,6,9,0,1,22,25,20,1,5,44,27,14,1,3,0,26,26,1,18,2,4,14.8,9.08,4.71,0.34,1.01,0,0.04,0.22,19.68,0.11,3.7,3.7,8.74,0.67,0.62
A3Z physicality,8477934,20212022,Leon Draisaitl,107276,3,-0.6,-0.36,25.37,34.88,FALSE,TRUE,,defensiveRetrievalsPer60; botchedRetrievalsPer60; entryDenialShare,0,0,-0.5,-1.13,0.08,0.86,-0.17,-0.08,-9.52,FALSE,633.03,639.73,39,0.49,,entryTargets,FALSE,A3Z tracked games; five on five,Wings; centers excluded,Defensemen; centers excluded,TRUE,74,209,39,41,76,45,68,10,89,73,12,6,113,152,9,13,16,34,23,78,31,38,9,10,159,223,101,2,6,15,60,16,0,8,8,94,94,10,67,9,4,1.42,5.69,1.52,0,0.76,0.76,0.11,0.06,23.77,0.13,3.7,3.89,10.71,0.95,0.5
A3Z physicality,8477996,20212022,Juho Lammikko,55253,3,-0.03,-0.68,49.27,25.58,FALSE,TRUE,,defensiveRetrievalsPer60; botchedRetrievalsPer60; entryDenialShare,0,0,-0.3,-0.7,0.27,-0.13,-0.01,0.15,23.69,FALSE,243.33,251.23,25,0.33,,entryTargets,FALSE,A3Z tracked games; five on five,Wings; centers excluded,Defensemen; centers excluded,TRUE,74,191,16,16,12,8,9,3,6,5,9,4,18,21,5,3,1,2,3,9,0,17,0,0,17,28,31,4,4,30,13,14,0,0,4,28,28,2,22,3,4,7.4,3.21,3.45,0,0,0.99,0.07,0.18,26.7,0.14,3.95,3.95,4.44,0.74,0.44
A3Z physicality,8478043,20212022,Sam Lafferty,45599,3,0.21,-2.64,60.98,0.93,FALSE,TRUE,,blockedShotsPer60; defensiveRetrievalsPer60; entryDenialShare,0,0,-0.04,-0.19,0.39,-2.42,-0.13,-0.03,60.05,FALSE,222.95,225.5,20,0.36,typedShotsOnNet,entryTargets,FALSE,A3Z tracked games; five on five,Wings; centers excluded,Defensemen; centers excluded,TRUE,74,205,15,16,15,5,15,4,22,16,2,0,30,47,5,4,6,2,8,17,14,9,2,3,27,35,26,0,0,39,35,5,0,0,0,28,28,4,19,2,4,10.5,9.42,1.35,0,0,0,0.14,0.21,19.55,0.11,4.04,4.31,8.07,1.08,0
A3Z physicality,8478402,20212022,Connor McDavid,105918,3,-0.02,0.6,50.24,73.95,FALSE,TRUE,,blockedShotsPer60; entryDenialShare,0,0,-0.19,-0.54,0.13,0.94,0.04,0.2,-23.71,FALSE,635.77,643.12,38,0.48,,entryTargets,FALSE,A3Z tracked games; five on five,Wings; centers excluded,Defensemen; centers excluded,TRUE,73,194,45,57,110,45,112,14,111,101,15,6,153,188,10,8,10,41,47,100,28,41,24,13,199,290,134,12,4,31,50,11,0,8,6,126,126,23,107,22,4,2.93,4.72,1.04,0,0.75,0.57,0.18,0.04,16.14,0.21,4.25,5.38,14.44,1.32,0.4
A3Z physicality,8478403,20212022,Jack Eichel,39559,3,-0.1,-1.59,44.39,3.72,FALSE,TRUE,,defensiveRetrievalsPer60; botchedRetrievalsPer60,0,0,-0.05,-0.28,0.11,-1.23,-0.16,-0.07,40.67,FALSE,272.42,274.2,18,0.53,,entryTargets,FALSE,A3Z tracked games; five on five,Wings; centers excluded,Defensemen; centers excluded,TRUE,74,208,15,28,28,13,24,3,39,34,8,1,41,63,6,3,5,14,7,31,16,19,5,4,65,88,56,1,1,33,40,15,0,1,3,55,55,4,44,3,4,7.27,8.81,3.3,0,0.22,0.66,0.07,0.09,27.02,0.07,3.3,6.17,9.03,0.66,0.12
A3Z physicality,8478427,20212022,Sebastian Aho,89841,3,0.48,0.24,72.68,62.79,FALSE,TRUE,,blockedShotsPer60; defensiveRetrievalsPer60; botchedRetrievalsPer60; entryDenialShare,0,0,-0.09,-0.41,0.43,0.29,0.15,0.36,9.89,FALSE,425.92,428.45,34,0.43,,entryTargets,FALSE,A3Z tracked games; five on five,Wings; centers excluded,Defensemen; centers excluded,TRUE,72,189,30,47,44,23,22,6,49,30,16,7,54,83,6,8,19,9,10,43,29,31,4,7,109,167,87,11,14,24,30,10,0,6,7,92,92,16,64,4,7,3.38,4.23,1.41,0,0.85,0.99,0.17,0.11,18.81,0.06,4.23,6.62,7.61,0.85,0.44
A3Z physicality,8478440,20212022,Dylan Strome,72204,3,-1.49,-1.55,7.32,5.12,FALSE,TRUE,,defensiveRetrievalsPer60; entryDenialShare,0,0,-1.07,-2.02,-0.2,0.62,-0.23,-0.15,2.2,FALSE,307.8,313.22,22,0.32,,entryTargets,FALSE,A3Z tracked games; five on five,Wings; centers excluded,Defensemen; centers excluded,TRUE,76,200,11,24,15,10,22,7,35,28,4,2,40,62,4,4,7,4,12,25,20,9,3,5,48,74,32,5,5,4,19,11,0,1,3,38,38,2,26,2,4,0.78,3.7,2.14,0,0.19,0.58,0.05,0.15,24.75,0.08,2.14,4.68,7.8,1.36,0.5
A3Z physicality,8478519,20212022,Anthony Cirelli,83504,3,0.31,-0.41,64.88,33.49,FALSE,TRUE,,contactPenaltiesDrawnPer60; defensiveRetrievalsPer60; botchedRetrievalsPer60; entryDenialShare,0,0,-0.02,-0.88,0.29,0.26,0.04,0.22,31.39,FALSE,451.08,455.43,34,0.45,,,FALSE,A3Z tracked games; five on five,Wings; centers excluded,Defensemen; centers excluded,TRUE,73,193,31,58,43,16,43,3,66,47,25,10,71,94,6,6,19,26,18,66,23,16,5,2,75,126,61,4,6,25,45,15,1,5,11,61,61,6,46,4,3,3.33,5.99,2,0.13,0.67,1.46,0.1,0.07,25.3,0.09,4.12,7.71,9.44,0.4,0.4
A3Z physicality,8478904,20212022,Steven Lorentz,43772,3,0.67,-2.55,78.54,1.4,TRUE,TRUE,dumpInRecoveriesPer60,blockedShotsPer60; defensiveRetrievalsPer60; botchedRetrievalsPer60,0,0,-0.22,-0.67,1.29,-1.48,-0.4,-0.4,77.14,FALSE,304.98,311.57,30,0.45,,entryTargets,FALSE,A3Z tracked games; five on five,Wings; centers excluded,Defensemen; centers excluded,TRUE,76,219,38,38,38,12,16,1,35,18,6,1,28,47,4,2,17,6,8,30,23,23,2,0,47,69,46,6,8,24,50,5,0,2,2,53,53,5,38,3,10,4.72,9.84,0.98,0,0.39,0.39,0.09,0.26,20.88,0.08,7.48,7.48,5.51,0.2,0.17
A3Z physicality,8479291,20212022,Kevin Rooney,50691,3,0.03,0.7,52.2,77.21,FALSE,TRUE,,defensiveRetrievalsPer60; botchedRetrievalsPer60; entryDenialShare,0,0,0.08,-0.04,-0.05,0.58,0,0.16,-25.01,FALSE,315.55,323.22,28,0.46,,entryTargets,FALSE,A3Z tracked games; five on five,Wings; centers excluded,Defensemen; centers excluded,TRUE,74,190,18,25,15,6,15,3,34,23,5,3,34,63,9,1,11,10,7,33,17,10,0,1,26,41,27,3,1,37,36,12,0,2,3,28,28,2,26,5,2,7.04,6.85,2.28,0,0.38,0.57,0.07,0.08,23.35,0.19,3.42,4.75,6.46,0.57,0.6
A3Z physicality,8479335,20212022,Rasmus Asplund,68533,3,-0.42,-1.58,31.22,4.19,FALSE,TRUE,,blockedShotsPer60; defensiveRetrievalsPer60; botchedRetrievalsPer60,0,0,-0.71,-1.42,0.08,-0.6,0.21,0.44,27.03,FALSE,268.83,272.18,23,0.29,,entryTargets,FALSE,A3Z tracked games; five on five,Wings; centers excluded,Defensemen; centers excluded,TRUE,71,190,16,30,20,10,23,3,32,25,10,2,45,56,5,5,7,8,14,36,6,6,0,2,39,60,34,1,3,10,25,3,0,1,1,40,40,2,28,3,2,2.23,5.58,0.67,0,0.22,0.22,0.05,0.07,25.09,0.11,3.57,6.7,10.04,0.67,0.2
A3Z physicality,8479353,20212022,Brett Howden,30049,3,0.04,-0.82,52.2,21.86,TRUE,TRUE,blockedShotsPer60,defensiveRetrievalsPer60,0,0,-0.05,-0.19,0.18,-0.64,-0.1,0.02,30.33,FALSE,212.53,214.73,21,0.45,typedShotsOnNet,entryTargets,FALSE,A3Z tracked games; five on five,Wings; centers excluded,Defensemen; centers excluded,TRUE,74,201,13,12,24,13,13,6,18,12,5,1,28,42,5,3,6,3,7,13,11,7,4,3,39,56,16,2,2,34,23,19,0,0,2,20,20,3,12,1,1,9.6,6.49,5.36,0,0,0.56,0.15,0.08,17.06,0.08,3.67,3.39,7.9,1.69,0.2
A3Z physicality,8479415,20212022,Michael McLeod,61566,3,0.37,1.17,67.8,88.84,FALSE,TRUE,,defensiveRetrievalsPer60; botchedRetrievalsPer60; entryDenialShare,0,0,0.67,0.01,-0.3,0.99,0,0.16,-21.03,FALSE,289.02,295.65,27,0.35,,entryTargets,FALSE,A3Z tracked games; five on five,Wings; centers excluded,Defensemen; centers excluded,TRUE,74,190,14,11,15,9,23,4,38,32,5,3,46,70,8,9,6,20,8,33,14,9,1,0,36,50,31,0,0,48,47,12,1,2,3,37,37,0,24,3,0,9.96,9.76,2.49,0.21,0.42,0.62,0,0,35.23,0.12,2.91,2.28,9.55,0.83,0.6
A3Z physicality,8479580,20212022,Dylan Gambrell,45875,3,0.29,0.39,63.41,66.98,FALSE,TRUE,,defensiveRetrievalsPer60; botchedRetrievalsPer60; entryDenialShare,0,0,-0.01,-0.28,0.17,0.33,0.13,0.34,-3.56,FALSE,176.88,180.57,17,0.27,typedShotsOnNet,entryTargets,FALSE,A3Z tracked games; five on five,Wings; centers excluded,Defensemen; centers excluded,TRUE,72,191,8,17,7,2,10,2,25,15,5,2,28,48,5,5,10,3,6,17,20,11,0,2,15,19,26,2,4,33,28,8,0,0,1,28,28,3,17,0,3,11.19,9.5,2.71,0,0,0.34,0.11,0.18,25.99,0,2.71,5.77,9.5,0.68,0.4
A3Z physicality,8480011,20212022,Klim Kostin,21636,3,0.7,-2,79.51,1.86,FALSE,TRUE,,contactPenaltiesDrawnPer60; defensiveRetrievalsPer60; botchedRetrievalsPer60; entryDenialShare,0,0,1.04,1.35,0.17,-2.79,-0.52,-0.57,77.65,FALSE,159.87,162.68,18,0.45,typedShotsOnNet,entryTargets,FALSE,A3Z tracked games; five on five,Wings; centers excluded,Defensemen; centers excluded,FALSE,76,232,10,11,14,3,13,1,23,19,1,0,17,27,0,1,4,11,2,16,11,12,0,0,18,23,27,0,1,44,11,4,0,3,3,23,23,1,17,1,1,16.51,4.13,1.5,0,1.13,1.13,0.04,0.06,30.02,0.06,3.75,4.13,6.38,0.38,0
A3Z physicality,8480018,20212022,Nick Suzuki,100910,3,-0.51,1.88,28.78,96.28,FALSE,TRUE,,entryDenialShare,0,0,0.02,0.15,-0.59,1.51,0.06,0.22,-67.5,FALSE,307.53,311.4,22,0.27,,entryTargets,FALSE,A3Z tracked games; five on five,Wings; centers excluded,Defensemen; centers excluded,TRUE,71,207,10,27,22,7,45,6,49,43,14,8,77,97,8,12,6,18,20,47,13,13,6,2,43,66,36,1,1,26,27,15,0,2,1,44,44,6,34,7,0,5.07,5.27,2.93,0,0.39,0.2,0.14,0,24.46,0.21,1.95,5.27,15.02,1.17,0.57
A3Z physicality,8480185,20212022,Eetu Luostarinen,62883,3,-0.31,-0.04,34.63,47.91,FALSE,TRUE,,defensiveRetrievalsPer60; botchedRetrievalsPer60; entryDenialShare,0,0,-0.28,-0.81,0.04,0.71,-0.07,0.06,-13.27,FALSE,321.23,323.13,31,0.4,,entryTargets,FALSE,A3Z tracked games; five on five,Wings; centers excluded,Defensemen; centers excluded,TRUE,75,191,19,29,33,11,17,3,29,16,8,5,38,48,5,2,13,7,6,35,11,18,5,2,50,69,40,2,2,44,49,16,0,0,4,41,41,4,31,3,1,8.22,9.15,2.99,0,0,0.75,0.1,0.03,20.25,0.1,3.55,5.42,7.1,0.56,0.62
A3Z physicality,8480216,20212022,Jacob Peterson,43146,3,-0.73,0.35,20,66.05,FALSE,TRUE,,defensiveRetrievalsPer60; botchedRetrievalsPer60; entryDenialShare,0,0,-0.5,-1.04,-0.39,1,0.16,0.39,-46.05,FALSE,233.53,236.23,25,0.38,,entryTargets,FALSE,A3Z tracked games; five on five,Wings; centers excluded,Defensemen; centers excluded,TRUE,73,180,8,21,9,4,19,2,25,19,7,5,31,42,3,2,6,9,7,23,9,16,0,2,21,27,42,5,2,8,13,8,0,2,4,41,41,3,29,5,3,2.06,3.34,2.06,0,0.51,1.03,0.07,0.1,21.4,0.17,2.06,5.4,7.96,0.51,0.71
A3Z physicality,8480459,20212022,Pius Suter,83266,3,-0.96,-0.19,17.56,39.07,FALSE,TRUE,,defensiveRetrievalsPer60; botchedRetrievalsPer60; entryDenialShare,0,0,-0.68,-1.25,-0.65,0.39,0.37,0.67,-21.51,FALSE,325.92,328.03,27,0.33,,entryTargets,FALSE,A3Z tracked games; five on five,Wings; centers excluded,Defensemen; centers excluded,TRUE,71,172,5,27,11,9,32,4,36,30,16,7,47,70,7,2,6,8,15,30,15,15,2,2,27,45,43,6,4,3,9,10,0,4,3,45,45,6,31,4,4,0.55,1.66,1.84,0,0.74,0.55,0.13,0.13,22.47,0.13,0.92,4.97,8.65,0.74,0.44
A3Z physicality,8480798,20212022,Philipp Kurashev,51673,3,-1.1,-0.49,14.63,31.16,FALSE,TRUE,,defensiveRetrievalsPer60; botchedRetrievalsPer60; entryDenialShare,0,0,-0.8,-1.69,-0.44,0.85,0.14,0.35,-16.53,FALSE,209.05,212.9,18,0.27,,entryTargets,FALSE,A3Z tracked games; five on five,Wings; centers excluded,Defensemen; centers excluded,TRUE,72,190,7,16,4,3,12,1,18,16,4,3,23,37,4,7,2,1,8,12,10,8,1,3,15,19,24,3,0,12,25,6,0,0,2,26,26,2,21,3,1,3.44,7.18,1.72,0,0,0.57,0.08,0.05,29.36,0.14,2.01,4.59,6.6,0.29,0.75
A3Z physicality,8481068,20212022,Yegor Sharangovich,75275,3,-1.34,-2.52,8.78,1.4,FALSE,TRUE,,blockedShotsPer60; defensiveRetrievalsPer60; botchedRetrievalsPer60; entryDenialShare,0,0,-0.93,-1.98,-0.36,-0.62,-0.05,0.09,7.39,FALSE,371.35,377.63,27,0.36,,entryTargets,FALSE,A3Z tracked games; five on five,Wings; centers excluded,Defensemen; centers excluded,TRUE,74,196,12,37,16,5,28,3,49,38,8,2,47,79,9,3,11,13,13,36,28,24,2,3,38,57,75,2,3,12,31,7,0,1,6,73,73,4,52,5,4,1.94,5.01,1.13,0,0.16,0.97,0.05,0.08,28.02,0.1,1.94,5.98,7.59,0.48,0.25
A3Z physicality,8481477,20212022,Nico Sturm,52855,3,0.01,-0.24,50.73,37.67,FALSE,TRUE,,defensiveRetrievalsPer60; botchedRetrievalsPer60; entryDenialShare,0,0,0.21,0.11,0.04,-0.17,-0.24,-0.18,13.06,FALSE,329.53,333.67,35,0.47,,entryTargets,FALSE,A3Z tracked games; five on five,Wings; centers excluded,Defensemen; centers excluded,TRUE,75,209,21,29,26,9,18,4,34,23,11,4,35,55,5,2,11,11,6,30,18,10,6,0,34,60,45,5,7,49,41,11,0,2,3,42,42,4,34,8,3,8.92,7.47,2,0,0.36,0.55,0.1,0.09,21.98,0.24,3.82,5.28,6.37,0.73,0.36
A3Z physicality,8481533,20212022,Trevor Zegras,80582,3,-0.8,0.41,18.05,67.44,FALSE,TRUE,,blockedShotsPer60; defensiveRetrievalsPer60; botchedRetrievalsPer60; entryDenialShare,0,0,-0.45,-1.04,-0.54,1.04,0.19,0.41,-49.39,FALSE,310.37,308.53,23,0.31,,entryTargets,FALSE,A3Z tracked games; five on five,Wings; centers excluded,Defensemen; centers excluded,TRUE,72,185,10,22,28,13,26,4,41,28,11,7,48,69,5,8,13,10,11,36,18,21,5,4,50,92,60,6,1,16,23,6,0,2,4,49,49,2,33,5,1,3.09,4.45,1.16,0,0.39,0.77,0.04,0.03,21.93,0.15,1.93,4.25,9.28,0.77,0.64
A3Z physicality,8481559,20212022,Jack Hughes,57524,3,-1.34,-1.28,8.78,10.23,FALSE,TRUE,,hitsPer60; blockedShotsPer60; entryDenialShare,0,0,-1.61,-3.34,-0.08,1.42,0.35,0.64,-1.45,FALSE,286.02,286.57,19,0.39,,entryTargets,FALSE,A3Z tracked games; five on five,Wings; centers excluded,Defensemen; centers excluded,TRUE,71,175,15,24,30,11,42,7,51,47,14,8,64,90,9,5,4,22,14,40,20,19,5,7,67,93,68,6,2,2,25,5,0,0,5,61,61,4,47,5,2,0.42,5.24,1.05,0,0,1.05,0.07,0.04,24.33,0.11,3.15,5.03,13.43,1.47,0.57
A3Z physicality,8482705,20212022,Cole Sillinger,64941,3,-0.24,0.18,38.54,60,FALSE,TRUE,,defensiveRetrievalsPer60; botchedRetrievalsPer60; entryDenialShare,0,0,0.08,0.09,-0.34,-0.1,0.03,0.19,-21.46,FALSE,265.63,272.07,23,0.29,,entryTargets,FALSE,A3Z tracked games; five on five,Wings; centers excluded,Defensemen; centers excluded,TRUE,72,202,7,21,4,1,18,0,44,27,8,3,36,63,5,4,17,11,10,39,24,17,1,1,22,35,47,3,6,34,19,14,0,1,2,48,48,4,36,4,8,7.68,4.29,3.16,0,0.23,0.45,0.08,0.22,24.02,0.11,1.58,4.74,8.13,0,0.38
A3Z physicality,8471669,20212022,Paul Stastny,75756,4,-0.59,-1.46,25.37,6.98,FALSE,TRUE,,defensiveRetrievalsPer60; botchedRetrievalsPer60; entryDenialShare,0,0,-0.53,-1.21,-0.21,-0.78,0.14,0.53,18.39,FALSE,376.12,381.57,29,0.41,,entryTargets,FALSE,A3Z tracked games; five on five,Wings; centers excluded,Defensemen; centers excluded,TRUE,72,193,16,50,31,18,20,4,41,29,10,5,42,64,3,7,12,3,13,31,25,19,6,4,45,91,38,4,7,13,17,17,0,2,1,52,52,8,41,5,8,2.07,2.71,2.71,0,0.32,0.16,0.15,0.2,16.08,0.12,2.55,7.98,6.7,0.64,0.5
A3Z physicality,8473453,20212022,Trevor Lewis,61591,4,0.33,-2.15,66.83,1.86,FALSE,TRUE,,defensiveRetrievalsPer60; botchedRetrievalsPer60,0,0,0.33,0.2,0.11,-2.51,-0.11,0.16,64.97,FALSE,345.62,352.15,33,0.41,,entryTargets,FALSE,A3Z tracked games; five on five,Wings; centers excluded,Defensemen; centers excluded,TRUE,73,205,17,30,26,9,18,2,40,30,6,1,30,61,4,5,10,11,11,26,24,20,2,1,28,43,44,3,3,62,43,11,0,1,4,51,51,1,30,1,3,10.76,7.46,1.91,0,0.17,0.69,0.02,0.1,35.13,0.03,2.95,5.21,5.21,0.35,0.17
A3Z physicality,8474040,20212022,Sam Gagner,66194,4,-0.85,-2.86,17.56,0,FALSE,TRUE,,defensiveRetrievalsPer60; botchedRetrievalsPer60; entryDenialShare,0,0,-1,-2.61,-0,-0.79,0.15,0.53,17.56,FALSE,253.08,259.12,27,0.33,,entryTargets,FALSE,A3Z tracked games; five on five,Wings; centers excluded,Defensemen; centers excluded,TRUE,71,200,13,18,20,7,17,2,33,23,5,2,34,57,7,3,10,5,10,30,15,22,2,2,30,46,40,4,2,3,22,4,0,3,1,44,44,4,39,4,2,0.71,5.22,0.95,0,0.71,0.24,0.09,0.05,26.28,0.1,3.08,4.27,8.06,0.47,0.4
A3Z physicality,8474062,20212022,Riley Nash,33597,4,0.79,-0.21,82.93,38.14,FALSE,TRUE,,contactPenaltiesDrawnPer60; entryDenialShare,0,0,0.12,-0.76,0.54,0.04,0.12,0.51,44.79,FALSE,152.32,157.1,17,0.35,locatedAttempts; typedShotsOnNet,entryTargets,FALSE,A3Z tracked games; five on five,Wings; centers excluded,Defensemen; centers excluded,TRUE,73,187,10,18,9,4,15,6,30,22,7,2,36,54,5,2,8,8,7,26,14,11,2,0,15,24,17,2,1,11,17,6,0,2,4,19,19,0,12,0,1,4.33,6.7,2.36,0,0.79,1.58,0,0.08,30.68,0,3.94,7.09,14.18,2.36,0.29
A3Z physicality,8474564,20212022,Steven Stamkos,89828,4,-0.59,-3.23,25.37,0,FALSE,TRUE,,defensiveRetrievalsPer60; botchedRetrievalsPer60; entryDenialShare,0,0,-0.4,-0.6,-0.24,-3.03,0.05,0.39,25.37,FALSE,434.65,434.62,33,0.41,,entryTargets,FALSE,A3Z tracked games; five on five,Wings; centers excluded,Defensemen; centers excluded,TRUE,73,193,19,27,45,28,32,6,46,34,8,0,50,74,3,4,12,5,20,34,25,30,6,6,77,121,73,1,2,34,20,9,0,1,1,58,58,3,39,4,1,4.69,2.76,1.24,0,0.14,0.14,0.05,0.03,28.5,0.1,2.62,3.73,6.9,0.83,0
A3Z physicality,8474884,20212022,Mike Hoffman,68509,4,-0.71,-2.18,20,1.86,FALSE,TRUE,,defensiveRetrievalsPer60; botchedRetrievalsPer60,0,0,-0.17,-0.93,-0.72,-1.84,0.18,0.59,18.14,FALSE,205.47,205.15,16,0.24,,entryTargets,FALSE,A3Z tracked games; five on five,Wings; centers excluded,Defensemen; centers excluded,TRUE,72,190,7,7,11,6,15,2,20,15,5,1,24,39,4,3,5,3,7,14,13,11,0,0,17,27,38,2,1,8,10,3,0,4,2,36,36,3,24,5,2,2.34,2.92,0.88,0,1.17,0.58,0.08,0.08,25.64,0.21,2.04,2.04,7.01,0.58,0.2
A3Z physicality,8475098,20212022,Tyler Bozak,36512,4,-0.41,-3.7,31.22,0,FALSE,TRUE,,defensiveRetrievalsPer60; botchedRetrievalsPer60; entryDenialShare,0,0,-0.46,-1.13,-0.08,-3.08,0.12,0.51,31.22,FALSE,185.85,189.9,19,0.38,locatedAttempts; typedShotsOnNet,entryTargets,FALSE,A3Z tracked games; five on five,Wings; centers excluded,Defensemen; centers excluded,TRUE,73,187,11,11,20,12,9,2,17,9,4,0,21,35,4,2,8,4,1,19,8,5,1,1,32,48,14,1,2,7,7,3,0,2,1,16,16,0,15,2,2,2.26,2.26,0.97,0,0.65,0.32,0,0.13,29.48,0.13,3.55,3.55,6.78,0.65,0
A3Z physicality,8475172,20212022,Nazem Kadri,81958,4,-0.56,-1.23,27.32,11.16,FALSE,TRUE,,defensiveRetrievalsPer60; entryDenialShare,0,0,-0.39,-1.95,-0.42,0.02,0.25,0.69,16.15,FALSE,463.82,467.83,35,0.49,,,FALSE,A3Z tracked games; five on five,Wings; centers excluded,Defensemen; centers excluded,TRUE,72,185,17,30,43,30,36,8,69,44,21,10,82,109,7,8,25,17,18,67,33,34,4,7,103,169,122,8,7,25,46,8,1,3,7,107,107,9,84,11,4,3.23,5.95,1.03,0.13,0.39,0.91,0.08,0.05,29.7,0.13,2.2,3.88,10.61,1.03,0.48
A3Z physicality,8475225,20212022,Craig Smith,64038,4,0.26,-0.42,62.44,33.49,FALSE,TRUE,,defensiveRetrievalsPer60; botchedRetrievalsPer60; entryDenialShare,0,0,0.3,0.3,0.05,-0.92,-0.08,0.2,28.95,FALSE,327.32,332.42,27,0.36,,entryTargets,FALSE,A3Z tracked games; five on five,Wings; centers excluded,Defensemen; centers excluded,TRUE,73,203,17,28,19,11,15,2,39,25,6,3,34,56,5,1,14,6,10,38,18,23,5,2,43,58,78,6,3,35,29,8,0,3,2,82,82,5,61,5,2,6.42,5.32,1.47,0,0.55,0.37,0.06,0.03,30.55,0.08,3.12,5.13,6.23,0.37,0.5
A3Z physicality,8475714,20212022,Calle Jarnkrok,63509,4,-0.45,-3.59,30.73,0,FALSE,TRUE,,defensiveRetrievalsPer60; entryDenialShare,0,0,-1.31,-2.83,0.71,-1.29,0.14,0.53,30.73,FALSE,276.27,278.63,22,0.33,,entryTargets,FALSE,A3Z tracked games; five on five,Wings; centers excluded,Defensemen; centers excluded,TRUE,72,193,24,24,28,13,19,6,21,17,10,3,33,44,3,2,4,9,4,17,10,22,1,0,41,65,45,3,7,9,20,5,0,0,1,38,38,1,27,2,1,1.95,4.34,1.09,0,0,0.22,0.03,0.04,31.81,0.07,5.21,5.21,7.17,1.3,0.3
A3Z physicality,8475842,20212022,Sam Carrick,44034,4,2,2.02,97.07,97.21,FALSE,TRUE,,defensiveRetrievalsPer60; entryDenialShare,0,0,1.84,0.99,0.13,0.67,0.03,0.36,-0.14,FALSE,190.28,192.18,19,0.3,,entryTargets,FALSE,A3Z tracked games; five on five,Wings; centers excluded,Defensemen; centers excluded,TRUE,72,202,13,15,13,1,12,4,29,17,5,4,31,50,7,5,12,10,2,24,21,8,3,1,21,30,23,2,2,34,27,2,2,3,1,32,32,3,21,4,5,10.72,8.51,0.63,0.63,0.95,0.32,0.09,0.24,29.6,0.19,4.1,4.73,9.77,1.26,0.8
A3Z physicality,8476419,20212022,Jean-Gabriel Pageau,81656,4,0.88,0.84,84.88,82.79,FALSE,TRUE,,defensiveRetrievalsPer60; entryDenialShare,0,0,0.23,0.09,0.24,-0.17,0.41,0.93,2.09,FALSE,411.3,410.68,33,0.43,,,FALSE,A3Z tracked games; five on five,Wings; centers excluded,Defensemen; centers excluded,TRUE,71,180,28,41,45,19,44,9,57,48,24,9,77,108,5,8,9,15,19,47,22,12,3,3,67,102,38,2,3,66,44,14,0,1,4,44,44,1,35,3,4,9.63,6.42,2.04,0,0.15,0.58,0.02,0.11,20.81,0.09,4.08,5.98,11.23,1.31,0.38
A3Z physicality,8476468,20212022,J.T. Miller,101169,4,0.88,0.58,84.88,73.49,FALSE,TRUE,,defensiveRetrievalsPer60; botchedRetrievalsPer60; entryDenialShare,0,0,0.67,1.09,0.3,-0.68,-0.09,0.18,11.39,FALSE,382.73,385.27,27,0.34,,entryTargets,FALSE,A3Z tracked games; five on five,Wings; centers excluded,Defensemen; centers excluded,TRUE,72,211,22,25,36,26,34,4,54,42,10,3,66,97,8,9,12,5,23,45,25,20,5,4,79,128,56,2,7,55,23,18,0,3,3,61,61,10,41,3,12,8.62,3.61,2.82,0,0.47,0.47,0.16,0.29,20,0.07,3.45,3.92,10.35,0.63,0.3
A3Z physicality,8476826,20212022,Yanni Gourde,82066,4,0.74,0.83,81.95,80.93,FALSE,TRUE,,defensiveRetrievalsPer60; entryDenialShare,0,0,0.03,-0.39,0.01,-0.13,0.7,1.34,1.02,FALSE,348.42,352.48,25,0.34,,entryTargets,FALSE,A3Z tracked games; five on five,Wings; centers excluded,Defensemen; centers excluded,TRUE,69,173,18,37,57,26,38,6,44,38,9,4,60,85,5,3,6,6,18,34,18,14,7,5,81,121,50,1,10,22,34,6,0,5,2,53,53,4,34,3,7,3.79,5.86,1.03,0,0.86,0.34,0.08,0.21,25.96,0.09,3.1,6.37,10.33,1.03,0.44
A3Z physicality,8476960,20212022,Andreas Athanasiou,25593,4,-1.04,-3.98,15.61,0,FALSE,TRUE,,contactPenaltiesDrawnPer60; defensiveRetrievalsPer60; botchedRetrievalsPer60; entryDenialShare,0,0,-1.33,-3.45,0.3,-0.83,-0.01,0.31,15.61,FALSE,155.1,155.42,12,0.43,,entryTargets,FALSE,A3Z tracked games; five on five,Wings; centers excluded,Defensemen; centers excluded,FALSE,74,190,8,10,11,4,9,2,22,15,8,3,21,32,3,3,7,3,6,22,8,12,1,1,17,30,37,1,1,5,11,5,0,0,3,35,35,5,23,1,2,1.93,4.26,1.93,0,0,1.16,0.14,0.09,26.93,0.04,3.09,3.87,8.12,0.77,0.38
A3Z physicality,8477021,20212022,Alexander Kerfoot,74856,4,0.73,-1.49,80.49,6.05,FALSE,TRUE,,defensiveRetrievalsPer60,0,0,-0.27,-1.07,0.65,-1.24,0.35,0.83,74.44,FALSE,453.43,461.63,36,0.44,,entryTargets,FALSE,A3Z tracked games; five on five,Wings; centers excluded,Defensemen; centers excluded,TRUE,71,185,33,42,45,23,45,9,61,45,12,2,78,112,14,4,16,23,11,56,25,17,8,2,64,106,53,4,3,28,50,22,0,2,3,56,56,6,40,2,1,3.71,6.62,2.91,0,0.26,0.4,0.11,0.03,26.28,0.05,4.37,5.56,10.32,1.19,0.17
A3Z physicality,8477404,20212022,Jake Guentzel,91644,4,1.37,-0.06,91.71,47.44,FALSE,TRUE,,defensiveRetrievalsPer60; botchedRetrievalsPer60; entryDenialShare,0,0,0.45,-0.1,0.45,-0.96,0.46,1.01,44.27,FALSE,420.97,423.1,29,0.38,,entryTargets,FALSE,A3Z tracked games; five on five,Wings; centers excluded,Defensemen; centers excluded,TRUE,71,176,30,48,48,31,30,3,44,31,8,3,54,76,6,8,13,5,15,39,21,41,5,6,90,143,98,6,4,31,54,14,0,9,6,92,92,7,70,5,5,4.42,7.7,2,0,1.28,0.86,0.08,0.07,20.46,0.07,4.28,6.84,7.7,0.43,0.38
A3Z physicality,8477429,20212022,Andrew Copp,82852,4,-0.71,-1.71,20,2.33,FALSE,TRUE,,defensiveRetrievalsPer60; botchedRetrievalsPer60; entryDenialShare,0,0,-0.79,-2.01,0.13,0.04,-0.05,0.26,17.67,FALSE,467.5,469.88,35,0.49,,entryTargets,FALSE,A3Z tracked games; five on five,Wings; centers excluded,Defensemen; centers excluded,TRUE,73,200,24,44,35,24,41,4,70,55,11,6,77,119,6,9,15,9,24,58,32,23,5,5,68,117,74,5,2,18,35,11,0,2,3,82,82,8,64,4,8,2.31,4.49,1.41,0,0.26,0.39,0.1,0.12,24.51,0.06,3.08,5.65,9.88,0.51,0.55
A3Z physicality,8477887,20212022,Patrick Brown,32825,4,0.03,-0.25,52.2,37.67,FALSE,TRUE,,defensiveRetrievalsPer60; botchedRetrievalsPer60; entryDenialShare,0,0,0.27,0.08,0.03,-0.25,-0.27,-0.08,14.52,FALSE,173.67,175.63,18,0.41,typedShotsOnNet,entryTargets,FALSE,A3Z tracked games; five on five,Wings; centers excluded,Defensemen; centers excluded,TRUE,73,217,10,16,16,10,14,2,26,17,4,2,26,40,3,0,9,9,3,24,14,7,2,0,16,31,23,1,0,32,19,10,0,0,2,24,24,3,19,3,2,11.06,6.56,3.45,0,0,0.69,0.12,0.11,25.13,0.16,3.45,5.53,8.98,0.69,0.5
A3Z physicality,8477919,20212022,Freddy Gaudreau,74391,4,-0.82,-1.59,18.05,3.72,FALSE,TRUE,,defensiveRetrievalsPer60; botchedRetrievalsPer60; entryDenialShare,0,0,-0.4,-1.12,-0.67,-1.18,0.26,0.71,14.33,FALSE,373.13,378.25,31,0.41,,,FALSE,A3Z tracked games; five on five,Wings; centers excluded,Defensemen; centers excluded,TRUE,72,184,10,26,21,12,20,6,37,29,21,6,50,75,10,6,8,7,13,34,16,20,2,5,55,86,51,4,3,20,23,22,0,1,2,42,42,1,31,3,1,3.22,3.7,3.54,0,0.16,0.32,0.02,0.03,32.16,0.1,1.61,4.18,8.04,0.96,0.29
A3Z physicality,8477935,20212022,Sam Bennett,72177,4,0.81,0.99,83.41,86.05,FALSE,TRUE,,defensiveRetrievalsPer60; botchedRetrievalsPer60; entryDenialShare,0,0,0.49,0.56,0.27,0.04,0.05,0.39,-2.63,FALSE,378.08,384.35,30,0.42,,entryTargets,FALSE,A3Z tracked games; five on five,Wings; centers excluded,Defensemen; centers excluded,TRUE,73,193,23,30,44,18,39,6,56,46,11,6,61,91,6,8,10,14,19,38,30,22,7,5,71,116,82,6,3,47,39,10,0,4,3,80,80,7,65,5,11,7.46,6.19,1.59,0,0.63,0.48,0.09,0.17,26.44,0.08,3.65,4.76,9.68,0.95,0.55
A3Z physicality,8477989,20212022,Christian Dvorak,58373,4,-0.71,-3.87,20,0,TRUE,TRUE,blockedShotsPer60,defensiveRetrievalsPer60; botchedRetrievalsPer60,0,0,-0.63,-1.97,-0.17,-2.35,0.08,0.45,20,FALSE,178.37,181.55,14,0.25,typedShotsOnNet,entryTargets,FALSE,A3Z tracked games; five on five,Wings; centers excluded,Defensemen; centers excluded,TRUE,73,190,7,9,8,4,6,2,21,12,10,1,21,37,4,4,9,3,3,17,15,7,2,0,28,36,22,2,1,10,20,14,0,0,2,23,23,2,17,1,2,3.36,6.73,4.71,0,0,0.67,0.09,0.12,24.6,0.06,2.35,3.03,7.06,0.67,0.1
A3Z physicality,8478445,20212022,Mathew Barzal,78926,4,-1.46,-3.26,7.32,0,FALSE,TRUE,,defensiveRetrievalsPer60; botchedRetrievalsPer60; entryDenialShare,0,0,-1.43,-3.36,-0.17,-0.43,0.14,0.53,7.32,FALSE,498.12,498.75,35,0.48,,entryTargets,FALSE,A3Z tracked games; five on five,Wings; centers excluded,Defensemen; centers excluded,TRUE,73,186,22,38,67,36,67,8,69,65,17,5,97,112,7,5,4,44,16,64,14,23,4,6,145,195,67,5,2,16,28,8,0,0,6,62,62,7,46,5,1,1.93,3.37,0.96,0,0,0.72,0.11,0.02,22.46,0.11,2.65,4.58,11.68,0.96,0.29
A3Z physicality,8478462,20212022,Nicolas Roy,76059,4,0.53,0.51,73.66,69.77,FALSE,TRUE,,defensiveRetrievalsPer60; botchedRetrievalsPer60; entryDenialShare,0,0,0.46,0.71,0.41,-0.04,-0.34,-0.16,3.89,FALSE,425.23,426.85,34,0.44,,entryTargets,FALSE,A3Z tracked games; five on five,Wings; centers excluded,Defensemen; centers excluded,TRUE,76,200,28,43,39,23,36,6,57,43,9,5,65,89,11,4,14,12,21,56,24,20,7,3,79,127,52,1,4,46,32,16,0,4,2,61,61,10,42,4,5,6.49,4.52,2.26,0,0.56,0.28,0.16,0.12,18.68,0.1,3.95,6.07,9.17,0.85,0.56
A3Z physicality,8478585,20212022,Derek Ryan,51439,4,0.29,-2.14,63.41,1.86,FALSE,TRUE,,defensiveRetrievalsPer60; botchedRetrievalsPer60; entryDenialShare,0,0,-0.55,-1.73,0.4,-1.37,0.45,0.97,61.55,FALSE,358.77,359.47,36,0.48,,entryTargets,FALSE,A3Z tracked games; five on five,Wings; centers excluded,Defensemen; centers excluded,TRUE,70,185,26,37,25,10,21,4,45,27,13,3,50,72,2,9,18,8,10,35,30,25,3,4,52,79,43,3,3,16,37,12,0,2,3,57,57,8,49,7,6,2.68,6.19,2.01,0,0.33,0.5,0.14,0.12,24.52,0.14,4.35,6.19,8.36,0.67,0.23
A3Z physicality,8478866,20212022,Dominik Simon,44435,4,1,-0.35,86.83,34.88,FALSE,TRUE,,defensiveRetrievalsPer60; botchedRetrievalsPer60; entryDenialShare,0,0,0.23,-0.14,0.49,-0.94,0.28,0.73,51.95,FALSE,269.87,270.07,29,0.4,,entryTargets,FALSE,A3Z tracked games; five on five,Wings; centers excluded,Defensemen; centers excluded,TRUE,71,190,19,34,34,10,27,1,38,31,11,3,44,66,6,8,7,11,11,30,19,21,1,2,44,57,38,2,2,31,33,18,0,1,3,40,40,0,32,1,3,6.89,7.34,4,0,0.22,0.67,0,0.09,27.6,0.03,4.22,7.56,9.78,0.22,0.27
A3Z physicality,8479316,20212022,Luke Kunin,68042,4,1.67,1.64,94.63,95.35,FALSE,TRUE,,defensiveRetrievalsPer60; botchedRetrievalsPer60; entryDenialShare,0,0,1.48,2.57,0.1,-1.38,0.09,0.45,-0.71,FALSE,358.4,362.65,31,0.38,,,FALSE,A3Z tracked games; five on five,Wings; centers excluded,Defensemen; centers excluded,TRUE,72,197,19,29,20,8,20,4,33,23,24,8,39,60,5,5,10,4,12,30,15,24,0,1,31,49,57,3,7,88,39,13,1,3,0,62,62,6,46,4,5,14.73,6.53,2.18,0.17,0.5,0,0.1,0.11,28.09,0.09,3.18,4.85,6.53,0.67,0.33
A3Z physicality,8479346,20212022,Dillon Dube,60857,4,0.37,-1.98,67.8,1.86,FALSE,TRUE,,defensiveRetrievalsPer60; botchedRetrievalsPer60,0,0,-0.13,-0.55,0.16,-2.25,0.35,0.83,65.94,FALSE,319.8,324.27,30,0.38,,entryTargets,FALSE,A3Z tracked games; five on five,Wings; centers excluded,Defensemen; centers excluded,TRUE,71,185,18,34,29,14,21,1,37,26,6,1,33,53,5,3,11,11,12,30,19,17,2,1,37,63,50,4,4,39,47,5,0,1,2,51,51,1,38,2,5,7.32,8.82,0.94,0,0.19,0.38,0.02,0.13,29,0.05,3.38,6.38,6.19,0.19,0.17
A3Z physicality,8479351,20212022,Sam Steel,50233,4,-0.05,-0.84,47.8,20.47,FALSE,TRUE,,defensiveRetrievalsPer60; botchedRetrievalsPer60; entryDenialShare,0,0,-0.01,-0.32,-0.3,-1.2,0.25,0.69,27.34,FALSE,231.1,230.42,21,0.31,locatedAttempts; typedShotsOnNet,entryTargets,FALSE,A3Z tracked games; five on five,Wings; centers excluded,Defensemen; centers excluded,TRUE,72,185,11,11,14,5,22,2,30,27,8,2,34,52,8,4,3,11,10,24,11,10,1,1,31,42,19,0,1,8,25,8,0,4,0,17,17,2,16,3,4,2.08,6.49,2.08,0,1.04,0,0.12,0.25,24.35,0.19,2.86,2.86,8.83,0.52,0.25
A3Z physicality,8479365,20212022,Trent Frederic,41953,4,-0.2,-0.25,40.49,37.67,FALSE,TRUE,,defensiveRetrievalsPer60; botchedRetrievalsPer60; entryDenialShare,0,0,0.58,0.81,-0.27,-0.63,-0.52,-0.44,2.81,FALSE,215.33,216.18,20,0.33,,entryTargets,FALSE,A3Z tracked games; five on five,Wings; centers excluded,Defensemen; centers excluded,TRUE,75,221,12,21,5,2,9,2,15,11,4,3,18,26,2,3,4,6,2,14,6,13,1,0,14,18,40,3,2,44,26,6,0,1,2,45,45,1,36,7,3,12.26,7.24,1.67,0,0.28,0.56,0.02,0.08,27.51,0.19,3.34,5.85,5.02,0.56,0.75
A3Z physicality,8479373,20212022,Jonathan Dahlen,50479,4,-1.44,-2.38,7.8,1.4,FALSE,TRUE,,defensiveRetrievalsPer60; botchedRetrievalsPer60; entryDenialShare,0,0,-1.12,-2.63,-0.74,-0.68,0.41,0.93,6.41,FALSE,247.13,247,21,0.34,,entryTargets,FALSE,A3Z tracked games; five on five,Wings; centers excluded,Defensemen; centers excluded,TRUE,71,180,7,18,13,4,12,1,33,20,10,5,30,58,10,3,13,8,3,29,23,14,2,1,27,39,39,3,4,3,8,12,0,1,1,45,45,3,33,5,4,0.73,1.94,2.91,0,0.24,0.24,0.07,0.12,29.12,0.15,1.7,4.37,7.28,0.24,0.5
A3Z physicality,8479933,20212022,Gerry Mayhew,31621,4,2,1.36,97.07,93.02,FALSE,TRUE,,weight; defensiveRetrievalsPer60; botchedRetrievalsPer60; entryDenialShare,0,0,0.77,0.83,0.38,-1.04,0.86,1.58,4.05,FALSE,163.63,164.8,14,0.35,typedShotsOnNet,entryTargets,FALSE,A3Z tracked games; five on five,Wings; centers excluded,Defensemen; centers excluded,TRUE,69,161,10,24,7,1,15,1,21,17,3,1,22,32,2,3,4,11,3,15,11,12,1,1,15,24,25,3,0,22,20,8,0,2,2,24,24,3,15,1,4,8.07,7.33,2.93,0,0.73,0.73,0.12,0.27,25.38,0.07,3.67,8.8,8.07,0.37,0.33
A3Z physicality,8480012,20212022,Elias Pettersson,89256,4,-1.05,-2.67,15.61,0.47,FALSE,TRUE,,contactPenaltiesDrawnPer60; defensiveRetrievalsPer60; botchedRetrievalsPer60; entryDenialShare,0,0,-0.95,-2.82,-0.26,-0.43,0.17,0.59,15.14,FALSE,336.43,338.95,25,0.31,,entryTargets,FALSE,A3Z tracked games; five on five,Wings; centers excluded,Defensemen; centers excluded,TRUE,74,176,12,33,26,10,40,2,52,46,9,4,51,88,6,2,6,11,20,33,26,17,3,3,57,89,44,0,4,14,36,10,0,1,8,47,47,4,31,2,3,2.5,6.42,1.78,0,0.18,1.43,0.09,0.1,25.5,0.06,2.14,5.89,9.1,0.36,0.44
A3Z physicality,8480064,20212022,Josh Norris,73573,4,-0.31,-1.82,34.15,1.86,FALSE,TRUE,,defensiveRetrievalsPer60,0,0,-0.14,-0.73,-0.08,-1.29,-0.09,0.19,32.29,FALSE,227.38,228.67,17,0.26,typedShotsOnNet,entryTargets,FALSE,A3Z tracked games; five on five,Wings; centers excluded,Defensemen; centers excluded,TRUE,74,196,12,19,22,11,19,4,22,14,7,1,41,66,17,5,8,4,4,25,13,16,3,1,22,51,37,2,6,22,17,6,0,1,3,33,33,2,19,2,2,5.81,4.49,1.58,0,0.26,0.79,0.06,0.11,19.24,0.11,3.17,5.01,10.82,1.06,0.14
A3Z physicality,8480806,20212022,Isac Lundeström,74331,4,-1.74,-1.48,3.41,6.51,FALSE,TRUE,,defensiveRetrievalsPer60; entryDenialShare,0,0,-0.92,-2.29,-0.88,0.41,0.06,0.41,-3.1,FALSE,302.92,307.53,25,0.31,,entryTargets,FALSE,A3Z tracked games; five on five,Wings; centers excluded,Defensemen; centers excluded,TRUE,73,192,7,24,15,8,28,7,41,32,13,10,44,69,5,3,9,17,9,29,22,10,2,3,34,56,33,2,3,8,29,12,0,1,1,37,37,5,29,5,4,1.58,5.74,2.38,0,0.2,0.2,0.14,0.14,17.46,0.17,1.39,4.75,8.72,1.39,0.77
A3Z physicality,8481061,20212022,Jasper Weatherby,33722,4,-0.28,-1.93,36.1,1.86,FALSE,TRUE,,defensiveRetrievalsPer60; botchedRetrievalsPer60; entryDenialShare,0,0,0.83,1,-0.49,-2.34,-0.63,-0.6,34.24,FALSE,185.4,187.77,18,0.36,typedShotsOnNet,entryTargets,FALSE,A3Z tracked games; five on five,Wings; centers excluded,Defensemen; centers excluded,TRUE,76,222,6,14,13,4,13,3,19,10,6,0,31,39,7,2,9,3,5,23,10,11,1,1,20,33,27,3,1,24,20,7,0,3,2,23,23,2,18,2,0,7.77,6.47,2.27,0,0.97,0.65,0.09,0,26.63,0.11,1.94,4.53,10.03,0.97,0
A3Z physicality,8481522,20212022,Peyton Krebs,49880,4,-1.1,-3.08,14.63,0,FALSE,TRUE,,contactPenaltiesDrawnPer60; defensiveRetrievalsPer60; entryDenialShare,0,0,-1.23,-3.35,-0.08,-0.37,0.21,0.63,14.63,FALSE,210.75,216.62,18,0.32,typedShotsOnNet,entryTargets,FALSE,A3Z tracked games; five on five,Wings; centers excluded,Defensemen; centers excluded,TRUE,72,188,9,20,14,4,16,4,32,23,8,3,36,60,5,2,9,7,10,27,17,4,0,3,32,41,19,1,2,7,25,2,0,1,6,21,21,2,16,1,1,1.99,7.12,0.57,0,0.28,1.71,0.1,0.06,22.8,0.06,2.56,5.69,10.25,1.14,0.38
A3Z physicality,8470619,20212022,Brian Boyle,42724,5,-0.34,-1.55,34.15,5.12,TRUE,TRUE,weight,defensiveRetrievalsPer60; botchedRetrievalsPer60,0,0,0.98,1.08,-0.17,-1.54,-1.15,-1.09,29.03,FALSE,270.12,274.67,32,0.48,,entryTargets,FALSE,A3Z tracked games; five on five,Wings; centers excluded,Defensemen; centers excluded,TRUE,78,245,13,23,12,4,18,2,30,17,13,2,35,51,7,2,13,7,7,29,19,11,1,0,12,26,34,2,2,43,25,14,1,2,1,49,49,6,39,8,1,9.55,5.55,3.11,0.22,0.44,0.22,0.12,0.03,28.6,0.21,2.89,5.11,7.77,0.44,0.15
A3Z physicality,8471675,20212022,Sidney Crosby,82694,5,-0.03,-0.06,49.76,47.44,FALSE,TRUE,,defensiveRetrievalsPer60; botchedRetrievalsPer60; entryDenialShare,0,0,-0.19,-0.3,-0.07,-0.2,0.23,0.44,2.31,FALSE,389.03,391.9,26,0.38,,entryTargets,FALSE,A3Z tracked games; five on five,Wings; centers excluded,Defensemen; centers excluded,TRUE,71,200,22,30,56,29,32,4,41,34,16,5,57,77,6,8,7,7,16,34,19,23,10,9,99,172,65,7,6,28,25,6,0,3,4,64,64,8,49,10,4,4.32,3.86,0.93,0,0.46,0.62,0.12,0.08,16.46,0.2,3.39,4.63,8.79,0.62,0.31
A3Z physicality,8471685,20212022,Anze Kopitar,100939,5,-0.56,-0.24,27.32,37.67,FALSE,TRUE,,defensiveRetrievalsPer60; entryDenialShare,0,0,-0.55,-1,0.54,1.19,-0.55,-0.42,-10.36,FALSE,463.87,469.42,32,0.4,,,FALSE,A3Z tracked games; five on five,Wings; centers excluded,Defensemen; centers excluded,TRUE,75,225,30,24,45,26,51,16,57,44,29,13,86,124,7,10,13,11,16,42,31,16,4,3,104,152,54,2,6,24,34,25,0,2,4,57,57,5,44,4,1,3.1,4.4,3.23,0,0.26,0.52,0.09,0.02,24.76,0.09,3.88,3.1,11.12,2.07,0.45
A3Z physicality,8471794,20212022,Darren Helm,43049,5,0.67,1.52,78.54,93.95,TRUE,TRUE,forecheckPressuresPer60,defensiveRetrievalsPer60; botchedRetrievalsPer60; entryDenialShare,0,0,1.25,1.95,-0.82,-0.88,0.24,0.45,-15.42,FALSE,297.82,302.4,36,0.53,,entryTargets,FALSE,A3Z tracked games; five on five,Wings; centers excluded,Defensemen; centers excluded,TRUE,72,192,16,47,13,9,21,3,37,26,9,2,42,52,3,5,11,15,8,41,10,17,3,0,24,42,48,4,4,63,28,8,0,3,1,53,53,0,44,5,7,12.69,5.64,1.61,0,0.6,0.2,0,0.16,26,0.11,3.22,9.47,8.46,0.6,0.22
A3Z physicality,8473604,20212022,Jonathan Toews,74445,5,-0.51,0,28.78,50.7,FALSE,TRUE,,defensiveRetrievalsPer60; entryDenialShare,0,0,-1.09,-1.48,0.69,1.41,-0.1,0.08,-21.92,FALSE,269.3,270.55,22,0.31,,entryTargets,FALSE,A3Z tracked games; five on five,Wings; centers excluded,Defensemen; centers excluded,TRUE,74,201,17,18,17,9,26,8,38,29,10,5,49,71,8,5,9,6,14,34,18,11,2,0,31,60,35,2,1,10,24,7,0,1,2,33,33,3,27,2,3,2.23,5.35,1.56,0,0.22,0.45,0.09,0.11,26.4,0.07,3.79,4.01,10.92,1.78,0.5
A3Z physicality,8474009,20212022,Nick Bonino,80159,5,-0.76,-0.53,19.02,30.23,TRUE,TRUE,blockedShotsPer60,defensiveRetrievalsPer60; botchedRetrievalsPer60; entryDenialShare,0,0,-0.91,-0.97,0.1,0.2,0.05,0.24,-11.21,FALSE,294.08,292.73,23,0.29,,entryTargets,FALSE,A3Z tracked games; five on five,Wings; centers excluded,Defensemen; centers excluded,TRUE,73,198,9,23,19,10,19,2,42,25,10,4,39,68,7,3,17,8,10,38,24,20,2,2,24,44,35,2,2,9,10,24,0,1,1,40,40,6,33,3,6,1.84,2.04,4.9,0,0.2,0.2,0.15,0.18,27.73,0.09,1.84,4.69,7.96,0.41,0.4
A3Z physicality,8474150,20212022,Mikael Backlund,84222,5,-0.54,-0.36,27.8,34.88,FALSE,TRUE,,defensiveRetrievalsPer60; botchedRetrievalsPer60; entryDenialShare,0,0,-0.82,-0.97,0.24,0.38,0.04,0.23,-7.08,FALSE,414.4,420.13,33,0.4,,,FALSE,A3Z tracked games; five on five,Wings; centers excluded,Defensemen; centers excluded,TRUE,72,206,32,45,36,19,36,5,53,48,22,9,58,85,7,7,5,20,16,38,23,26,3,2,66,101,80,5,7,20,19,11,0,1,3,87,87,1,60,7,6,2.9,2.75,1.59,0,0.14,0.43,0.01,0.1,33.24,0.12,4.63,6.52,8.4,0.72,0.41
A3Z physicality,8474613,20212022,Derek Stepan,37569,5,-0.49,1.83,29.76,96.28,FALSE,TRUE,,defensiveRetrievalsPer60; botchedRetrievalsPer60; entryDenialShare,0,0,-0.52,0.2,-0.25,1.13,0.29,0.5,-66.52,FALSE,221.13,226.03,25,0.43,,entryTargets,FALSE,A3Z tracked games; five on five,Wings; centers excluded,Defensemen; centers excluded,TRUE,71,196,10,23,16,8,11,1,25,15,15,9,26,43,6,6,10,2,8,20,19,18,0,0,30,46,34,3,7,13,19,11,0,1,0,42,42,3,35,3,4,3.53,5.16,2.98,0,0.27,0,0.07,0.11,24.45,0.09,2.71,6.24,7.05,0.27,0.6
A3Z physicality,8475151,20212022,Kyle Palmieri,64687,5,0.07,-0.79,53.66,21.86,FALSE,TRUE,,contactPenaltiesDrawnPer60; defensiveRetrievalsPer60; botchedRetrievalsPer60; entryDenialShare,0,0,-0.29,-0.95,0.13,-0.29,0.24,0.45,31.8,FALSE,370.47,370.77,28,0.41,,entryTargets,FALSE,A3Z tracked games; five on five,Wings; centers excluded,Defensemen; centers excluded,TRUE,72,192,18,34,13,7,17,2,40,30,8,3,36,67,11,5,10,6,11,31,22,31,2,1,19,35,76,4,4,28,29,5,0,2,7,80,80,13,58,5,6,4.53,4.7,0.81,0,0.32,1.13,0.16,0.1,19.67,0.09,2.92,5.51,5.83,0.32,0.38
A3Z physicality,8475343,20212022,Nic Dowd,54769,5,1.73,1.1,94.63,87.91,TRUE,TRUE,contactPenaltiesTakenPer60,contactPenaltiesTakenPer60; defensiveRetrievalsPer60,0,0,1.85,1.71,-0.1,-0.78,-0.02,0.18,6.73,FALSE,249.33,256.55,21,0.33,,entryTargets,FALSE,A3Z tracked games; five on five,Wings; centers excluded,Defensemen; centers excluded,TRUE,74,195,14,25,27,10,19,7,27,19,12,2,46,59,5,8,8,6,10,29,10,13,4,2,53,74,33,4,2,51,30,14,0,7,3,36,36,3,30,4,4,12.27,7.22,3.37,0,1.68,0.72,0.08,0.13,19.68,0.13,3.37,6.02,11.07,1.68,0.17
A3Z physicality,8475798,20212022,Mikael Granlund,97990,5,0.71,0.8,80,80.47,FALSE,TRUE,,defensiveRetrievalsPer60; botchedRetrievalsPer60; entryDenialShare,0,0,0.14,0.01,0.14,0.13,0.44,0.67,-0.47,FALSE,427.1,425.63,30,0.38,,entryTargets,FALSE,A3Z tracked games; five on five,Wings; centers excluded,Defensemen; centers excluded,TRUE,70,193,22,30,23,15,24,3,52,35,15,6,53,78,5,5,17,6,19,47,27,15,7,7,58,95,44,3,4,37,36,6,0,5,5,43,43,3,32,3,3,5.2,5.06,0.84,0,0.7,0.7,0.07,0.09,24.52,0.09,3.09,4.21,7.45,0.42,0.4
A3Z physicality,8476374,20212022,Sean Kuraly,73273,5,1.49,3.23,93.17,99.53,FALSE,TRUE,,defensiveRetrievalsPer60; entryDenialShare,0,0,1.54,2.25,0.15,1.01,-0.2,-0.03,-6.36,FALSE,287.23,297.12,23,0.3,,entryTargets,FALSE,A3Z tracked games; five on five,Wings; centers excluded,Defensemen; centers excluded,TRUE,74,208,14,27,16,8,20,12,39,23,8,3,61,85,6,12,16,9,6,39,19,20,1,0,22,37,37,0,4,74,27,7,0,3,1,36,36,3,25,2,3,15.46,5.64,1.46,0,0.63,0.21,0.08,0.12,30.08,0.08,2.92,5.64,12.74,2.51,0.38
A3Z physicality,8476389,20212022,Vincent Trocheck,86867,5,1.35,3.38,91.71,100,FALSE,TRUE,,defensiveRetrievalsPer60; botchedRetrievalsPer60; entryDenialShare,0,0,0.85,0.11,0.09,2.62,0.41,0.65,-8.29,FALSE,423.72,427.52,35,0.43,,entryTargets,FALSE,A3Z tracked games; five on five,Wings; centers excluded,Defensemen; centers excluded,TRUE,71,187,18,33,37,17,33,6,40,32,8,7,58,76,6,9,8,10,16,39,13,25,3,0,88,138,92,4,13,88,54,18,0,1,7,99,99,7,59,3,12,12.46,7.65,2.55,0,0.14,0.99,0.07,0.2,22.36,0.05,2.55,4.67,8.21,0.85,0.88
A3Z physicality,8476437,20212022,Victor Rask,34391,5,-1.28,-1.45,10.24,6.98,FALSE,TRUE,,defensiveRetrievalsPer60; botchedRetrievalsPer60; entryDenialShare,0,0,-1.52,-1.68,0.31,0.12,-0.07,0.11,3.27,FALSE,174.1,172.78,16,0.34,typedShotsOnNet,entryTargets,FALSE,A3Z tracked games; five on five,Wings; centers excluded,Defensemen; centers excluded,TRUE,74,199,5,6,15,3,18,2,25,19,6,2,29,44,1,4,6,3,11,16,15,8,0,0,25,39,19,0,2,6,11,2,0,0,1,21,21,2,13,1,2,2.07,3.79,0.69,0,0,0.34,0.1,0.15,28.64,0.08,1.72,2.07,9.99,0.69,0.33
A3Z physicality,8476624,20212022,Barclay Goodrow,79216,5,1.04,1.45,87.32,93.02,FALSE,TRUE,,defensiveRetrievalsPer60; botchedRetrievalsPer60; entryDenialShare,0,0,1,0.75,0.26,0.77,-0.23,-0.07,-5.71,FALSE,441.8,449.27,34,0.43,,entryTargets,FALSE,A3Z tracked games; five on five,Wings; centers excluded,Defensemen; centers excluded,TRUE,74,210,25,38,24,12,23,5,45,33,11,6,44,78,8,7,12,10,10,27,34,15,2,1,44,71,38,2,7,65,32,24,1,4,4,48,48,2,33,2,8,8.83,4.35,3.26,0.14,0.54,0.54,0.04,0.24,22.93,0.06,3.4,5.16,5.98,0.68,0.55
A3Z physicality,8476851,20212022,Alex Galchenyuk,47352,5,-0.78,-3.17,18.05,0,TRUE,TRUE,backhandShare,defensiveRetrievalsPer60; botchedRetrievalsPer60; entryDenialShare,0,0,-0.17,-0.19,-0.72,-3.29,0.1,0.31,18.05,FALSE,152.18,152.55,12,0.2,,entryTargets,FALSE,A3Z tracked games; five on five,Wings; centers excluded,Defensemen; centers excluded,TRUE,73,194,5,4,3,4,6,1,12,10,4,0,14,24,3,3,2,1,4,9,7,8,0,2,17,28,21,4,0,13,20,4,0,1,1,26,26,1,20,6,0,5.13,7.89,1.58,0,0.39,0.39,0.04,0,23.19,0.3,1.97,1.58,5.52,0.39,0
A3Z physicality,8476872,20212022,Scott Laughton,66013,5,1.4,1.63,92.2,95.35,FALSE,TRUE,,defensiveRetrievalsPer60; botchedRetrievalsPer60; entryDenialShare,0,0,0.82,0.05,0.42,1.21,0.16,0.37,-3.15,FALSE,373.18,380.77,28,0.42,,entryTargets,FALSE,A3Z tracked games; five on five,Wings; centers excluded,Defensemen; centers excluded,TRUE,73,190,22,26,28,9,27,2,49,34,12,7,50,75,8,5,15,13,13,47,20,23,3,3,59,89,63,7,5,54,24,18,1,2,6,56,56,6,35,5,5,8.68,3.86,2.89,0.16,0.32,0.96,0.11,0.14,22.19,0.14,3.54,4.18,8.04,0.32,0.58
A3Z physicality,8476889,20212022,Radek Faksa,72852,5,0.5,0.34,72.68,66.05,FALSE,TRUE,,defensiveRetrievalsPer60; entryDenialShare,0,0,0.72,0.49,0.2,0.13,-0.42,-0.28,6.64,FALSE,389.18,396.73,30,0.39,,entryTargets,FALSE,A3Z tracked games; five on five,Wings; centers excluded,Defensemen; centers excluded,TRUE,75,216,24,43,19,10,20,7,41,22,15,5,62,85,12,10,19,5,10,45,23,19,0,2,28,50,43,4,4,43,44,21,0,6,4,51,51,6,36,2,3,6.63,6.78,3.24,0,0.93,0.62,0.12,0.08,21.02,0.06,3.7,6.63,9.56,1.08,0.33
A3Z physicality,8476897,20212022,Oskar Sundqvist,49558,5,-0.31,-0.38,34.63,34.88,FALSE,TRUE,,contactPenaltiesDrawnPer60; defensiveRetrievalsPer60; botchedRetrievalsPer60; entryDenialShare,0,0,0.16,-0.76,-0.13,0.57,-0.33,-0.18,-0.25,FALSE,176.37,178.83,17,0.29,,entryTargets,FALSE,A3Z tracked games; five on five,Wings; centers excluded,Defensemen; centers excluded,TRUE,75,210,7,11,14,8,16,0,21,16,6,3,21,37,3,2,5,2,7,14,13,15,1,1,18,30,26,5,2,19,16,3,0,1,5,32,32,1,25,2,3,6.46,5.44,1.02,0,0.34,1.7,0.03,0.12,26.82,0.08,2.38,3.74,7.14,0,0.5
A3Z physicality,8476927,20212022,Teddy Blueger,58570,5,0.86,0.67,84.88,77.21,FALSE,TRUE,,defensiveRetrievalsPer60; botchedRetrievalsPer60; entryDenialShare,0,0,0.28,0.72,0.24,-0.61,0.34,0.57,7.67,FALSE,290.43,293.42,24,0.37,,entryTargets,FALSE,A3Z tracked games; five on five,Wings; centers excluded,Defensemen; centers excluded,TRUE,72,185,23,31,33,12,29,3,51,31,13,3,48,69,4,0,20,10,15,48,26,14,2,2,53,82,36,4,2,39,28,9,0,1,1,39,39,1,30,4,3,8.06,5.78,1.86,0,0.21,0.21,0.03,0.1,28.43,0.13,4.75,6.4,9.92,0.62,0.23
A3Z physicality,8477409,20212022,Carter Verhaeghe,75128,5,0.21,-1.24,60.98,10.7,FALSE,TRUE,,defensiveRetrievalsPer60; botchedRetrievalsPer60; entryDenialShare,0,0,-0.58,-0.78,0.64,-0.84,0.15,0.37,50.28,FALSE,443.7,449.93,33,0.42,,entryTargets,FALSE,A3Z tracked games; five on five,Wings; centers excluded,Defensemen; centers excluded,TRUE,74,183,36,44,49,22,25,5,54,41,8,2,54,74,3,8,13,11,18,50,20,27,3,7,85,130,85,3,1,19,53,5,0,7,4,79,79,7,56,5,5,2.57,7.17,0.68,0,0.95,0.54,0.09,0.09,24.52,0.09,4.87,5.95,7.3,0.68,0.25
A3Z physicality,8477497,20212022,Sean Monahan,54850,5,0.3,0.85,63.41,82.79,FALSE,TRUE,,defensiveRetrievalsPer60; entryDenialShare,0,0,0.44,1.22,0.03,-0.37,-0.17,-0,-19.38,FALSE,333.88,339.23,30,0.46,,entryTargets,FALSE,A3Z tracked games; five on five,Wings; centers excluded,Defensemen; centers excluded,TRUE,74,206,18,29,32,7,31,9,37,33,8,2,53,78,4,3,4,14,8,26,17,22,1,1,57,75,49,2,4,37,17,8,0,3,1,51,51,3,37,2,2,6.65,3.05,1.44,0,0.54,0.18,0.06,0.05,26.4,0.05,3.23,5.21,9.52,1.62,0.25
A3Z physicality,8477500,20212022,Bo Horvat,81947,5,0.79,2.18,82.93,97.67,FALSE,TRUE,,defensiveRetrievalsPer60; botchedRetrievalsPer60; entryDenialShare,0,0,0.75,1.04,0.37,1.34,-0.33,-0.19,-14.75,FALSE,373.45,370.98,27,0.39,,entryTargets,FALSE,A3Z tracked games; five on five,Wings; centers excluded,Defensemen; centers excluded,TRUE,73,225,23,24,28,13,19,6,39,25,8,5,42,63,2,2,14,9,9,33,21,18,3,4,54,76,67,3,4,39,16,12,0,6,3,64,64,4,48,5,1,6.27,2.57,1.93,0,0.96,0.48,0.06,0.02,32.43,0.1,3.7,3.86,6.75,0.96,0.62
A3Z physicality,8477508,20212022,Curtis Lazar,50375,5,0.79,-0.77,82.93,21.86,FALSE,TRUE,,contactPenaltiesDrawnPer60; defensiveRetrievalsPer60; botchedRetrievalsPer60,0,0,1.2,0.42,-0.49,-1.47,0.08,0.28,61.07,FALSE,266.23,270.93,26,0.37,,entryTargets,FALSE,A3Z tracked games; five on five,Wings; centers excluded,Defensemen; centers excluded,TRUE,72,203,12,27,12,7,12,2,21,15,15,3,26,47,9,5,6,8,3,15,15,21,1,1,25,38,50,3,3,60,46,11,0,2,5,49,49,4,33,5,3,13.52,10.37,2.48,0,0.45,1.13,0.08,0.09,20.62,0.15,2.7,6.08,5.86,0.45,0.2
A3Z physicality,8477933,20212022,Sam Reinhart,83111,5,-1.09,-0.95,15.12,15.81,FALSE,TRUE,,defensiveRetrievalsPer60; botchedRetrievalsPer60; entryDenialShare,0,0,-1.02,-1.53,-0.15,0.3,0.07,0.27,-0.69,FALSE,379.67,381.22,30,0.38,,entryTargets,FALSE,A3Z tracked games; five on five,Wings; centers excluded,Defensemen; centers excluded,TRUE,73,196,19,46,47,16,29,0,47,39,16,7,49,69,1,9,8,12,18,40,15,24,6,7,71,109,65,5,4,18,51,12,0,1,3,69,69,9,53,4,6,2.84,8.06,1.9,0,0.16,0.47,0.13,0.11,19.7,0.08,3,7.27,7.74,0,0.44
A3Z physicality,8477946,20212022,Dylan Larkin,83740,5,-0.49,-0.33,29.76,36.74,FALSE,TRUE,,defensiveRetrievalsPer60; entryDenialShare,0,0,-0.07,-0.71,-0.38,0.23,-0.04,0.15,-6.99,FALSE,382.07,383.67,26,0.37,,entryTargets,FALSE,A3Z tracked games; five on five,Wings; centers excluded,Defensemen; centers excluded,TRUE,73,204,16,39,38,24,38,11,58,43,18,5,79,110,10,14,15,11,16,53,27,27,7,4,63,109,81,6,5,29,22,11,1,2,5,79,79,6,58,6,4,4.55,3.45,1.73,0.16,0.31,0.79,0.08,0.07,27.02,0.1,2.51,6.12,12.41,1.73,0.28
A3Z physicality,8477951,20212022,Nick Schmaltz,68971,5,-2.17,-3.3,2.44,0,FALSE,TRUE,,hitsPer60; contactPenaltiesDrawnPer60; defensiveRetrievalsPer60; botchedRetrievalsPer60; entryDenialShare,0,0,-2.24,-3.85,-0.28,-0.03,0.35,0.58,2.44,FALSE,220.65,223.33,16,0.25,typedShotsOnNet,entryTargets,FALSE,A3Z tracked games; five on five,Wings; centers excluded,Defensemen; centers excluded,TRUE,72,184,8,9,11,9,15,1,28,21,8,3,28,48,8,4,7,7,9,22,14,8,0,7,36,52,29,3,2,2,14,4,0,0,4,26,26,0,18,2,3,0.54,3.81,1.09,0,0,1.09,0,0.17,23.06,0.11,2.18,2.45,7.61,0.27,0.38
A3Z physicality,8477952,20212022,Robby Fabbri,58227,5,0.3,0.52,63.41,69.77,FALSE,TRUE,,defensiveRetrievalsPer60; botchedRetrievalsPer60; entryDenialShare,0,0,0.26,-0.01,-0.4,-0.16,0.44,0.68,-6.35,FALSE,296.72,296.83,22,0.39,,entryTargets,FALSE,A3Z tracked games; five on five,Wings; centers excluded,Defensemen; centers excluded,TRUE,71,185,11,31,21,7,28,1,40,31,3,1,43,57,6,4,9,14,11,40,12,15,3,3,40,54,48,5,1,28,22,6,0,3,4,47,47,2,29,0,4,5.66,4.45,1.21,0,0.61,0.81,0.04,0.14,22.47,0,2.22,6.27,8.7,0.2,0.33
A3Z physicality,8477987,20212022,Ryan Donato,61246,5,0.1,0.26,54.63,63.26,FALSE,TRUE,,defensiveRetrievalsPer60; botchedRetrievalsPer60; entryDenialShare,0,0,-0.56,-1.53,0.4,1.3,0.27,0.49,-8.62,FALSE,284.32,287.08,25,0.34,,entryTargets,FALSE,A3Z tracked games; five on five,Wings; centers excluded,Defensemen; centers excluded,TRUE,72,190,18,32,17,10,19,1,21,15,3,2,29,47,5,3,6,7,3,21,8,30,2,2,29,44,66,5,2,18,31,5,1,1,4,63,63,11,50,5,4,3.8,6.54,1.06,0.21,0.21,0.84,0.17,0.08,24.6,0.1,3.8,6.75,6.12,0.21,0.67
A3Z physicality,8478133,20212022,Jake Evans,67378,5,1.08,-0.87,87.8,18.14,FALSE,TRUE,,defensiveRetrievalsPer60; botchedRetrievalsPer60,0,0,-0.31,0.04,1.13,-1.39,0.27,0.49,69.67,FALSE,229.83,237.62,19,0.26,,entryTargets,FALSE,A3Z tracked games; five on five,Wings; centers excluded,Defensemen; centers excluded,TRUE,72,190,20,14,24,2,19,2,25,20,8,1,40,51,2,9,5,13,4,20,12,16,1,1,40,50,41,1,2,17,28,3,0,2,1,42,42,4,32,3,2,4.44,7.31,0.78,0,0.52,0.26,0.1,0.06,26.58,0.09,5.22,3.65,10.44,0.52,0.12
A3Z physicality,8478449,20212022,Roope Hintz,86573,5,-0.14,-2.14,42.93,1.86,FALSE,TRUE,,contactPenaltiesDrawnPer60; defensiveRetrievalsPer60; botchedRetrievalsPer60; entryDenialShare,0,0,-0.14,-1.01,0.43,-0.84,-0.43,-0.29,41.07,FALSE,407.33,412.48,31,0.39,,,FALSE,A3Z tracked games; five on five,Wings; centers excluded,Defensemen; centers excluded,TRUE,75,217,30,32,37,15,30,3,46,35,30,7,57,82,7,5,11,12,12,42,20,21,8,5,84,123,80,8,5,26,27,18,0,3,8,80,80,6,57,8,6,3.83,3.98,2.65,0,0.44,1.18,0.07,0.11,21.03,0.14,4.42,4.71,8.4,0.44,0.23
A3Z physicality,8479370,20212022,Tyson Jost,61536,5,0.02,-1.05,51.22,14.88,FALSE,TRUE,,contactPenaltiesDrawnPer60; defensiveRetrievalsPer60; botchedRetrievalsPer60; entryDenialShare,0,0,-0.53,-1.83,0.13,0.14,0.41,0.65,36.34,FALSE,406.05,415.37,40,0.5,,entryTargets,FALSE,A3Z tracked games; five on five,Wings; centers excluded,Defensemen; centers excluded,TRUE,71,187,26,40,27,20,20,6,32,22,16,6,54,75,16,8,10,5,12,40,12,19,1,3,49,83,60,4,5,27,82,18,0,2,9,61,61,7,49,7,3,3.99,12.12,2.66,0,0.3,1.33,0.11,0.06,22.47,0.14,3.84,5.91,7.98,0.89,0.38
A3Z physicality,8479400,20212022,Pierre-Luc Dubois,91951,5,-0.23,0.18,39.02,60,TRUE,TRUE,contactPenaltiesTakenPer60,contactPenaltiesDrawnPer60; defensiveRetrievalsPer60; botchedRetrievalsPer60; entryDenialShare,0,0,0.75,-0.01,-0.39,0.64,-0.58,-0.46,-20.98,FALSE,470.42,473.78,33,0.41,,,FALSE,A3Z tracked games; five on five,Wings; centers excluded,Defensemen; centers excluded,TRUE,76,220,26,55,47,29,36,5,47,43,24,12,53,81,8,3,4,14,18,33,21,28,5,5,75,141,86,6,6,42,48,16,0,13,12,88,88,4,58,6,7,5.36,6.12,2.04,0,1.66,1.53,0.05,0.12,20.36,0.1,3.32,7.02,6.76,0.64,0.5
A3Z physicality,8479987,20212022,Morgan Geekie,55224,5,-0.57,-4.22,26.83,0,FALSE,TRUE,,defensiveRetrievalsPer60; botchedRetrievalsPer60; entryDenialShare,0,0,-1.08,-0.95,0.87,-3.05,-0.36,-0.21,26.83,FALSE,258.58,261.77,26,0.36,,entryTargets,FALSE,A3Z tracked games; five on five,Wings; centers excluded,Defensemen; centers excluded,TRUE,75,212,25,32,33,13,12,2,27,16,5,0,30,46,5,4,11,4,6,24,18,19,8,0,47,73,46,4,0,11,25,4,0,1,1,40,40,4,32,3,4,2.55,5.8,0.93,0,0.23,0.23,0.1,0.12,24.18,0.09,5.8,7.43,6.96,0.46,0
A3Z physicality,8479992,20212022,Michael Rasmussen,69687,5,0.35,-1.66,67.32,2.79,FALSE,TRUE,,contactPenaltiesDrawnPer60; defensiveRetrievalsPer60; botchedRetrievalsPer60,0,0,0.85,-0.05,0.32,-0.89,-0.82,-0.72,64.53,FALSE,306.33,311.55,27,0.34,,entryTargets,FALSE,A3Z tracked games; five on five,Wings; centers excluded,Defensemen; centers excluded,TRUE,78,222,16,39,22,11,31,3,37,28,15,3,49,74,11,2,9,12,9,33,19,18,4,1,29,45,38,3,5,40,34,13,0,4,8,44,44,10,33,1,6,7.83,6.66,2.55,0,0.78,1.57,0.23,0.18,17.5,0.03,3.13,7.64,9.6,0.59,0.2
A3Z physicality,8480028,20212022,Morgan Frost,45944,5,0.03,3.37,52.2,100,TRUE,TRUE,hitsReceivedPer60,hitsReceivedPer60; defensiveRetrievalsPer60; entryDenialShare,0,0,0.1,1.51,-0.29,1.42,0.22,0.44,-47.8,FALSE,159.42,160.58,15,0.27,typedShotsOnNet,entryTargets,FALSE,A3Z tracked games; five on five,Wings; centers excluded,Defensemen; centers excluded,TRUE,72,193,6,10,10,3,13,4,13,12,5,3,20,28,2,2,1,5,5,8,7,8,2,0,12,21,20,4,5,8,1,5,0,3,0,22,22,1,17,3,2,3.01,0.38,1.88,0,1.13,0,0.05,0.12,28.09,0.18,2.26,3.76,7.53,1.51,0.6
A3Z physicality,8480829,20212022,Jesperi Kotkaniemi,47612,5,0.75,1.23,81.95,89.77,FALSE,TRUE,,defensiveRetrievalsPer60; botchedRetrievalsPer60; entryDenialShare,0,0,0.52,0.49,0.59,0.95,-0.36,-0.21,-7.82,FALSE,304.85,311.87,29,0.44,,entryTargets,FALSE,A3Z tracked games; five on five,Wings; centers excluded,Defensemen; centers excluded,TRUE,75,212,30,39,49,20,16,3,42,25,13,7,38,68,6,4,17,9,6,36,25,26,4,1,63,102,45,6,6,33,28,8,0,4,3,41,41,4,34,4,2,6.49,5.51,1.57,0,0.79,0.59,0.1,0.06,22,0.12,5.9,7.68,7.48,0.59,0.54
A3Z physicality,8481523,20212022,Kirby Dach,75786,5,-1.73,-1.48,3.41,6.05,FALSE,TRUE,,defensiveRetrievalsPer60; entryDenialShare,0,0,-0.51,-1.25,-0.62,0.24,-0.6,-0.47,-2.63,FALSE,345.98,347.93,25,0.36,,,FALSE,A3Z tracked games; five on five,Wings; centers excluded,Defensemen; centers excluded,TRUE,76,221,17,25,17,9,35,9,42,36,22,7,61,83,6,8,6,10,17,34,16,8,4,3,43,68,38,3,0,18,54,16,0,3,4,45,45,2,34,7,1,3.12,9.36,2.77,0,0.52,0.69,0.04,0.03,19.42,0.21,2.95,4.34,10.58,1.56,0.32
A3Z physicality,8482113,20212022,Anton Lundell,61375,5,0.17,0.73,58.05,77.67,FALSE,TRUE,,defensiveRetrievalsPer60; botchedRetrievalsPer60; entryDenialShare,0,0,-0.33,-0.83,0.43,1.29,0.07,0.27,-19.63,FALSE,321.58,330.02,28,0.43,,entryTargets,FALSE,A3Z tracked games; five on five,Wings; centers excluded,Defensemen; centers excluded,TRUE,73,196,21,25,28,10,19,2,34,22,7,4,48,67,7,11,12,6,12,38,14,26,2,6,53,79,54,3,2,12,35,18,0,6,3,51,51,2,34,1,3,2.24,6.53,3.36,0,1.12,0.56,0.04,0.09,25.94,0.03,3.92,4.66,8.96,0.37,0.57
A3Z physicality,8482116,20212022,Tim Stützle,87270,5,1.21,1.91,89.27,96.28,FALSE,TRUE,,entryDenialShare,0,0,0.6,-0.18,0.3,1.55,0.31,0.53,-7.01,FALSE,330.87,337.05,24,0.3,,entryTargets,FALSE,A3Z tracked games; five on five,Wings; centers excluded,Defensemen; centers excluded,TRUE,72,187,19,17,22,6,55,8,65,60,16,6,101,125,14,14,5,19,31,65,16,19,1,3,50,78,56,3,4,39,35,12,1,3,5,50,50,4,38,6,3,7.07,6.35,2.18,0.18,0.54,0.91,0.08,0.08,22.71,0.16,3.45,3.08,18.32,1.45,0.38
A3Z physicality,8471685,20222023,Anze Kopitar,99887,1,-0.88,-0.58,17.55,27.09,FALSE,TRUE,,defensiveRetrievalsPer60; botchedRetrievalsPer60; entryDenialShare,0,0,-0.18,-0.69,-0.09,0.39,-0.61,-0.28,-9.54,FALSE,351.98,354.37,26,0.32,,,FALSE,A3Z tracked games; five on five,Wings; centers excluded,Defensemen; centers excluded,TRUE,75,225,15,37,38,18,31,5,34,25,29,8,55,88,17,5,9,5,9,31,21,18,5,1,69,114,48,5,5,17,25,27,0,1,2,48,48,3,37,4,4,2.9,4.26,4.6,0,0.17,0.34,0.06,0.11,27.32,0.11,2.56,6.31,9.38,0.85,0.28
A3Z physicality,8474009,20222023,Nick Bonino,59204,1,-0.51,-1.44,28.72,7.39,FALSE,TRUE,,defensiveRetrievalsPer60; botchedRetrievalsPer60,0,0,-0.44,-1.32,-0.1,-0.34,0.03,0.22,21.33,FALSE,276.13,279.93,25,0.4,,entryTargets,FALSE,A3Z tracked games; five on five,Wings; centers excluded,Defensemen; centers excluded,TRUE,73,198,7,31,20,3,17,2,39,22,10,2,35,69,7,3,17,4,6,26,27,18,6,1,36,49,31,5,3,6,20,24,0,3,0,31,31,6,26,3,4,1.3,4.35,5.21,0,0.65,0,0.19,0.15,21.47,0.12,1.52,6.74,7.61,0.43,0.2
A3Z physicality,8475170,20222023,Brayden Schenn,90672,1,-0.04,2.74,48.94,99.51,FALSE,TRUE,,defensiveRetrievalsPer60; entryDenialShare,0,0,0.53,1.51,-0.57,1.04,-0,0.19,-50.57,FALSE,380.27,383.6,26,0.32,,entryTargets,FALSE,A3Z tracked games; five on five,Wings; centers excluded,Defensemen; centers excluded,TRUE,73,200,13,40,28,20,34,9,55,52,14,5,53,102,10,7,3,6,18,31,31,23,3,7,60,91,57,3,3,55,20,7,1,5,4,48,48,3,37,4,1,8.68,3.16,1.1,0.16,0.79,0.63,0.06,0.03,28.32,0.11,2.05,6.31,8.36,1.42,0.36
A3Z physicality,8475172,20222023,Nazem Kadri,84667,1,0.17,0.16,52.66,56.16,FALSE,TRUE,,contactPenaltiesDrawnPer60; botchedRetrievalsPer60; entryDenialShare,0,0,-0.42,-0.97,0.25,0.67,0.34,0.46,-3.5,FALSE,365.8,370.52,29,0.35,,entryTargets,FALSE,A3Z tracked games; five on five,Wings; centers excluded,Defensemen; centers excluded,TRUE,72,185,22,38,39,22,43,4,60,50,15,5,64,105,9,5,10,18,20,42,29,38,6,4,62,108,96,10,2,30,37,11,0,5,11,93,93,5,66,7,4,4.92,6.07,1.8,0,0.82,1.8,0.05,0.06,29.83,0.11,3.61,6.23,10.5,0.66,0.33
A3Z physicality,8475225,20222023,Craig Smith,42239,1,-0.76,-0.1,21.28,47.29,FALSE,TRUE,,defensiveRetrievalsPer60; botchedRetrievalsPer60; entryDenialShare,0,0,-0.1,-0.73,-0.61,0.48,-0.05,0.16,-26.01,FALSE,212.52,215.47,21,0.33,,entryTargets,FALSE,A3Z tracked games; five on five,Wings; centers excluded,Defensemen; centers excluded,TRUE,73,203,7,21,15,4,14,1,25,12,3,1,32,48,6,6,13,2,6,27,11,19,1,2,26,35,35,1,2,17,30,8,0,3,2,32,32,2,23,1,1,4.8,8.47,2.26,0,0.85,0.56,0.06,0.04,33.15,0.04,1.98,5.93,9.03,0.28,0.33
A3Z physicality,8475231,20222023,Casey Cizikas,70647,1,1.94,2.12,97.87,97.54,TRUE,TRUE,dumpInRecoveriesPer60,contactPenaltiesDrawnPer60; defensiveRetrievalsPer60; entryDenialShare,0,0,0.59,1.04,0.99,0.61,0.36,0.48,0.34,FALSE,303.07,312.93,26,0.32,,entryTargets,FALSE,A3Z tracked games; five on five,Wings; centers excluded,Defensemen; centers excluded,TRUE,71,191,29,47,26,15,30,7,40,28,18,5,48,81,7,4,12,13,12,37,18,23,3,0,35,61,47,0,6,67,32,10,0,4,6,52,52,3,33,6,4,13.26,6.34,1.98,0,0.79,1.19,0.06,0.12,19.53,0.18,5.74,9.3,9.5,1.39,0.28
A3Z physicality,8475714,20222023,Calle Jarnkrok,62995,1,-0.81,-0.06,19.68,49.75,FALSE,TRUE,,defensiveRetrievalsPer60; botchedRetrievalsPer60; entryDenialShare,0,0,-0.46,-1.07,-0.57,0.65,0.22,0.36,-30.07,FALSE,285.62,289.57,28,0.38,,entryTargets,FALSE,A3Z tracked games; five on five,Wings; centers excluded,Defensemen; centers excluded,TRUE,72,193,10,32,21,10,12,2,26,14,8,3,22,52,6,3,12,2,4,14,21,28,2,0,25,45,52,5,4,15,29,6,0,3,3,44,44,4,30,1,4,3.15,6.09,1.26,0,0.63,0.63,0.09,0.13,19.79,0.03,2.1,6.72,4.62,0.42,0.38
A3Z physicality,8475744,20222023,Evgeny Kuznetsov,87770,1,-1.11,-1.14,14.36,11.82,FALSE,TRUE,,defensiveRetrievalsPer60; botchedRetrievalsPer60,0,0,-0.6,-1.17,-0.29,0.01,-0.22,0.02,2.54,FALSE,308.02,308.47,24,0.3,,entryTargets,FALSE,A3Z tracked games; five on five,Wings; centers excluded,Defensemen; centers excluded,TRUE,74,207,11,16,15,4,32,6,33,30,10,2,52,75,9,6,3,10,13,32,9,12,2,6,57,78,38,1,2,10,7,6,0,6,3,34,34,2,25,0,4,1.95,1.36,1.17,0,1.17,0.58,0.06,0.16,31.54,0,2.14,3.12,10.13,1.17,0.2
A3Z physicality,8475745,20222023,Charlie Coyle,83573,1,-0.03,0.77,49.47,77.83,FALSE,TRUE,,defensiveRetrievalsPer60; botchedRetrievalsPer60; entryDenialShare,0,0,0.04,0.01,0.47,0.99,-0.55,-0.23,-28.36,FALSE,312.93,318.43,25,0.3,,entryTargets,FALSE,A3Z tracked games; five on five,Wings; centers excluded,Defensemen; centers excluded,TRUE,75,221,17,37,18,15,31,2,44,27,14,6,51,88,6,6,17,5,13,35,26,30,1,2,51,74,60,5,8,22,16,15,0,2,2,57,57,8,43,4,9,4.22,3.07,2.88,0,0.38,0.38,0.14,0.21,17.46,0.09,3.26,7.09,9.78,0.38,0.43
A3Z physicality,8475752,20222023,Tyler Pitlick,36877,1,1.06,2.08,84.57,97.54,FALSE,TRUE,,defensiveRetrievalsPer60; botchedRetrievalsPer60; entryDenialShare,0,0,0.37,0.16,0.79,1.8,-0.1,0.12,-12.96,FALSE,173.63,177.52,18,0.3,locatedAttempts; typedShotsOnNet,entryTargets,FALSE,A3Z tracked games; five on five,Wings; centers excluded,Defensemen; centers excluded,TRUE,74,199,13,23,16,8,11,0,22,17,4,3,29,48,10,4,5,5,5,12,15,7,1,0,16,30,17,0,2,28,25,10,0,2,3,17,17,2,12,1,1,9.68,8.64,3.46,0,0.69,1.04,0.12,0.08,27.02,0.08,4.49,7.95,10.02,0,0.75
A3Z physicality,8475793,20222023,Ryan Johansen,52017,1,-0.28,0.58,40.96,71.92,FALSE,TRUE,,defensiveRetrievalsPer60; botchedRetrievalsPer60; entryDenialShare,0,0,0.19,0.37,0.04,0.41,-0.5,-0.2,-30.96,FALSE,235.25,238.07,20,0.36,typedShotsOnNet,entryTargets,FALSE,A3Z tracked games; five on five,Wings; centers excluded,Defensemen; centers excluded,TRUE,75,218,7,21,29,11,11,1,23,15,9,3,25,40,3,5,8,6,4,17,13,13,1,1,48,65,22,4,2,20,12,6,0,5,1,20,20,3,18,3,3,5.1,3.06,1.53,0,1.28,0.26,0.15,0.17,18.47,0.17,1.79,5.36,6.38,0.26,0.33
A3Z physicality,8475794,20222023,Tyler Seguin,75776,1,-0.15,2.41,46.81,99.01,FALSE,TRUE,,defensiveRetrievalsPer60; botchedRetrievalsPer60; entryDenialShare,0,0,-0.04,0.33,0.07,2.03,-0.19,0.05,-52.21,FALSE,317.73,321.28,26,0.34,,entryTargets,FALSE,A3Z tracked games; five on five,Wings; centers excluded,Defensemen; centers excluded,TRUE,74,205,18,39,34,12,25,2,43,31,5,4,42,76,12,5,12,4,14,33,24,23,6,3,57,80,47,0,6,27,8,5,0,3,4,51,51,3,34,1,7,5.1,1.51,0.94,0,0.57,0.76,0.06,0.21,24.41,0.03,3.4,7.36,7.93,0.38,0.8
A3Z physicality,8476432,20222023,Boone Jenner,82446,1,0.28,1.92,59.57,97.54,FALSE,TRUE,,defensiveRetrievalsPer60; botchedRetrievalsPer60; entryDenialShare,0,0,0.36,0.57,0.1,1.3,-0.18,0.06,-37.96,FALSE,273.33,277.28,18,0.26,,entryTargets,FALSE,A3Z tracked games; five on five,Wings; centers excluded,Defensemen; centers excluded,TRUE,74,204,11,34,16,9,16,3,28,24,6,3,26,53,10,3,4,9,8,18,16,16,2,1,31,47,55,2,3,32,16,18,0,1,3,58,58,8,41,5,5,7.02,3.51,3.95,0,0.22,0.66,0.14,0.12,21.58,0.12,2.41,7.46,5.71,0.66,0.5
A3Z physicality,8476448,20222023,William Karlsson,85947,1,0.85,-0.9,81.38,15.27,FALSE,TRUE,,defensiveRetrievalsPer60; botchedRetrievalsPer60; entryDenialShare,0,0,-0.71,-1.36,1.3,0.06,0.26,0.4,66.11,FALSE,353.57,359.77,28,0.34,,entryTargets,FALSE,A3Z tracked games; five on five,Wings; centers excluded,Defensemen; centers excluded,TRUE,72,190,27,30,35,13,29,3,48,38,16,4,47,89,8,8,10,12,12,28,29,26,7,4,65,96,63,8,5,8,32,11,0,1,1,58,58,7,37,7,4,1.36,5.43,1.87,0,0.17,0.17,0.12,0.11,25.93,0.19,4.58,5.09,7.98,0.51,0.25
A3Z physicality,8476459,20222023,Mika Zibanejad,98214,1,-1.36,0.08,7.98,54.19,FALSE,TRUE,,defensiveRetrievalsPer60; botchedRetrievalsPer60; entryDenialShare,0,0,-0.48,-0.62,-0.65,0.69,-0.24,0.01,-46.21,FALSE,381.68,383.72,28,0.34,,entryTargets,FALSE,A3Z tracked games; five on five,Wings; centers excluded,Defensemen; centers excluded,TRUE,74,208,10,43,25,21,14,1,45,26,15,6,39,76,10,5,19,8,9,39,27,31,1,6,64,110,77,3,2,20,22,7,0,1,5,79,79,4,62,4,9,3.14,3.46,1.1,0,0.16,0.79,0.05,0.15,31.95,0.06,1.57,6.76,6.13,0.16,0.4
A3Z physicality,8476881,20222023,Tomas Hertl,91393,1,-0.13,0.9,47.34,81.77,FALSE,TRUE,,defensiveRetrievalsPer60; entryDenialShare,0,0,-0,-0.37,0.4,1.49,-0.53,-0.22,-34.43,FALSE,361.95,367.2,25,0.32,,entryTargets,FALSE,A3Z tracked games; five on five,Wings; centers excluded,Defensemen; centers excluded,TRUE,75,220,16,36,39,16,35,11,50,36,12,5,58,97,10,4,14,15,10,36,27,23,7,2,72,105,60,6,11,30,23,20,0,4,5,53,53,9,36,4,9,4.97,3.81,3.32,0,0.66,0.83,0.17,0.25,15.03,0.11,2.65,5.97,9.61,1.82,0.42
A3Z physicality,8477429,20222023,Andrew Copp,89323,1,-1.08,-0.14,14.89,44.83,FALSE,TRUE,,defensiveRetrievalsPer60; botchedRetrievalsPer60; entryDenialShare,0,0,-0.56,-1.24,-0.52,0.91,-0,0.19,-29.93,FALSE,272.87,276.67,21,0.26,typedShotsOnNet,entryTargets,FALSE,A3Z tracked games; five on five,Wings; centers excluded,Defensemen; centers excluded,TRUE,73,200,9,26,24,7,23,2,28,25,12,5,33,62,7,3,3,3,13,17,15,11,4,3,37,65,23,3,2,9,15,8,0,3,2,27,27,3,19,0,3,1.98,3.3,1.76,0,0.66,0.44,0.11,0.16,21.19,0,1.98,5.72,7.26,0.44,0.42
A3Z physicality,8477450,20222023,Jason Dickinson,74594,1,-0.08,2.42,48.4,99.01,FALSE,TRUE,,botchedRetrievalsPer60; entryDenialShare,0,0,0.41,0.36,-0.37,1.95,-0.12,0.11,-50.61,FALSE,310.37,315.3,26,0.33,,entryTargets,FALSE,A3Z tracked games; five on five,Wings; centers excluded,Defensemen; centers excluded,TRUE,74,200,10,27,12,5,31,6,38,30,10,6,63,93,18,8,8,8,13,33,16,10,0,2,20,41,32,1,2,35,44,18,0,3,1,36,36,3,30,2,4,6.77,8.51,3.48,0,0.58,0.19,0.08,0.13,24.73,0.07,1.93,5.22,12.18,1.16,0.6
A3Z physicality,8477493,20222023,Aleksander Barkov,86595,1,-0.72,0.72,22.34,76.35,FALSE,TRUE,,botchedRetrievalsPer60; entryDenialShare,0,0,-0.14,-0.04,-0.14,0.91,-0.44,-0.15,-54.01,FALSE,252.7,252.62,19,0.28,,entryTargets,FALSE,A3Z tracked games; five on five,Wings; centers excluded,Defensemen; centers excluded,TRUE,75,214,9,31,22,11,33,5,55,43,9,3,52,74,4,4,12,14,17,44,20,19,4,4,50,77,43,4,2,14,18,10,0,0,1,42,42,6,30,2,4,3.32,4.27,2.37,0,0,0.24,0.14,0.13,22.4,0.07,2.14,7.36,12.35,1.19,0.33
A3Z physicality,8477496,20222023,Elias Lindholm,89527,1,0.09,0.97,51.06,84.24,FALSE,TRUE,,defensiveRetrievalsPer60; botchedRetrievalsPer60; entryDenialShare,0,0,-0.26,-0.08,0.35,0.86,-0,0.19,-33.17,FALSE,325.45,327.07,28,0.35,,entryTargets,FALSE,A3Z tracked games; five on five,Wings; centers excluded,Defensemen; centers excluded,TRUE,73,200,16,30,35,7,23,0,32,24,11,5,35,58,5,3,8,6,10,21,19,27,4,3,60,85,55,7,5,19,20,5,0,1,2,49,49,6,30,2,3,3.5,3.69,0.92,0,0.18,0.37,0.12,0.1,29.15,0.07,2.95,5.53,6.45,0,0.45
A3Z physicality,8477503,20222023,Max Domi,85300,1,-1.56,0.36,6.38,64.53,FALSE,TRUE,,defensiveRetrievalsPer60; botchedRetrievalsPer60; entryDenialShare,0,0,-1.03,-1.68,-0.75,1.68,0.22,0.36,-58.15,FALSE,374.15,378.68,27,0.34,,entryTargets,FALSE,A3Z tracked games; five on five,Wings; centers excluded,Defensemen; centers excluded,TRUE,70,208,4,21,20,10,32,6,40,37,9,5,55,87,5,7,3,9,16,30,14,16,2,4,49,76,48,1,1,5,9,7,0,1,3,46,46,4,35,7,3,0.8,1.44,1.12,0,0.16,0.48,0.09,0.09,28.4,0.2,0.64,3.37,8.82,0.96,0.56
A3Z physicality,8477951,20222023,Nick Schmaltz,74501,1,-1.55,-1.24,6.38,11.33,TRUE,TRUE,hitsPer60,hitsPer60; contactPenaltiesDrawnPer60; defensiveRetrievalsPer60; botchedRetrievalsPer60; entryDenialShare,0,0,-1.65,-3.31,-0.26,1.59,0.35,0.47,-4.95,FALSE,197.17,198.27,14,0.22,typedShotsOnNet,entryTargets,FALSE,A3Z tracked games; five on five,Wings; centers excluded,Defensemen; centers excluded,TRUE,72,184,7,20,14,13,19,0,32,26,9,6,30,46,4,4,6,10,11,28,11,7,4,4,40,75,27,0,3,1,10,6,0,1,5,23,23,2,13,1,2,0.3,3.04,1.83,0,0.3,1.52,0.09,0.15,23.02,0.08,2.13,6.09,9.13,0,0.67
A3Z physicality,8477989,20222023,Christian Dvorak,64745,1,-0.8,-2.5,19.68,0,FALSE,TRUE,,defensiveRetrievalsPer60; botchedRetrievalsPer60,0,0,-1.1,-2.58,0.15,-0.23,0.15,0.31,19.68,FALSE,236.1,239.62,20,0.31,,entryTargets,FALSE,A3Z tracked games; five on five,Wings; centers excluded,Defensemen; centers excluded,TRUE,73,190,8,17,10,3,14,4,27,20,11,2,32,52,6,6,7,4,8,20,13,9,2,5,30,42,23,2,1,3,15,13,0,1,3,27,27,4,22,4,1,0.76,3.81,3.3,0,0.25,0.76,0.15,0.05,25.5,0.18,2.03,4.32,8.13,1.02,0.18
A3Z physicality,8478458,20222023,Jack Roslovic,75983,1,-0.81,0.92,19.68,82.76,FALSE,TRUE,,contactPenaltiesDrawnPer60; defensiveRetrievalsPer60; entryDenialShare,0,0,-0.58,-1.01,-0.26,1.71,0.03,0.22,-63.08,FALSE,240.5,244.1,20,0.26,typedShotsOnNet,entryTargets,FALSE,A3Z tracked games; five on five,Wings; centers excluded,Defensemen; centers excluded,TRUE,73,198,14,33,27,16,23,6,44,33,8,4,40,76,7,3,11,12,11,29,21,13,0,3,51,74,29,4,1,12,16,10,0,0,5,29,29,1,19,2,0,2.99,3.99,2.49,0,0,1.25,0.03,0,29.15,0.11,3.49,8.23,9.98,1.5,0.5
A3Z physicality,8478462,20222023,Nicolas Roy,63564,1,0.95,2.41,82.98,99.01,FALSE,TRUE,,defensiveRetrievalsPer60; botchedRetrievalsPer60; entryDenialShare,0,0,0.38,0.72,0.91,1.76,-0.34,-0.07,-16.04,FALSE,275.62,277.45,22,0.34,,entryTargets,FALSE,A3Z tracked games; five on five,Wings; centers excluded,Defensemen; centers excluded,TRUE,76,200,16,33,38,17,23,3,34,26,8,5,40,60,6,6,8,13,9,30,12,19,2,3,45,73,40,4,2,28,19,13,0,2,1,39,39,8,28,5,3,6.1,4.14,2.83,0,0.44,0.22,0.21,0.11,20.02,0.18,3.48,7.18,8.71,0.65,0.62
A3Z physicality,8478493,20222023,Joel Eriksson Ek,88895,1,1,1.79,84.57,96.55,FALSE,TRUE,,defensiveRetrievalsPer60; botchedRetrievalsPer60; entryDenialShare,0,0,0.51,1.38,0.83,0.48,-0.34,-0.06,-11.98,FALSE,314.22,316.23,26,0.33,,,FALSE,A3Z tracked games; five on five,Wings; centers excluded,Defensemen; centers excluded,TRUE,75,207,22,55,11,4,26,3,44,26,32,10,44,69,3,0,18,8,9,41,20,34,4,1,19,31,65,5,5,36,26,8,0,3,0,62,62,11,46,3,4,6.87,4.96,1.53,0,0.57,0,0.18,0.09,28.4,0.07,4.2,10.5,8.4,0.57,0.31
A3Z physicality,8478542,20222023,Evan Rodrigues,73925,1,0.86,0.62,81.38,72.41,FALSE,TRUE,,defensiveRetrievalsPer60; botchedRetrievalsPer60; entryDenialShare,0,0,-0.38,-0.88,0.74,0.91,0.5,0.58,8.97,FALSE,314.52,317.5,23,0.33,,entryTargets,FALSE,A3Z tracked games; five on five,Wings; centers excluded,Defensemen; centers excluded,TRUE,71,182,18,31,22,14,17,1,32,24,11,5,27,55,5,2,8,9,6,17,24,18,2,0,41,71,66,6,2,18,35,8,0,2,3,69,69,12,58,9,3,3.43,6.68,1.53,0,0.38,0.57,0.17,0.05,24.21,0.16,3.43,5.91,5.15,0.19,0.45
A3Z physicality,8478585,20222023,Derek Ryan,53597,1,1.56,0.31,94.68,62.07,TRUE,TRUE,backhandShare,defensiveRetrievalsPer60; botchedRetrievalsPer60; entryDenialShare,0,0,0,-0.74,0.99,0.41,0.57,0.64,32.61,FALSE,287.95,294.75,31,0.39,,entryTargets,FALSE,A3Z tracked games; five on five,Wings; centers excluded,Defensemen; centers excluded,TRUE,70,185,16,36,24,8,18,1,28,20,12,4,35,51,6,3,8,5,7,26,15,22,0,1,38,59,39,8,4,27,39,18,0,4,4,46,46,6,32,10,5,5.63,8.13,3.75,0,0.83,0.83,0.13,0.16,22.01,0.31,3.33,7.5,7.29,0.21,0.33
A3Z physicality,8478843,20222023,Denis Malgin,42586,1,0.15,2.19,52.66,97.54,FALSE,TRUE,,defensiveRetrievalsPer60; botchedRetrievalsPer60; entryDenialShare,0,0,0.13,0.07,-0.7,1.36,0.72,0.76,-44.88,FALSE,193.8,197.97,20,0.31,,entryTargets,FALSE,A3Z tracked games; five on five,Wings; centers excluded,Defensemen; centers excluded,TRUE,69,182,7,23,17,10,19,2,29,25,6,3,30,49,9,3,4,7,9,25,13,11,4,0,24,46,42,4,1,18,23,6,0,2,1,44,44,3,32,3,2,5.57,7.12,1.86,0,0.62,0.31,0.07,0.06,18.4,0.09,2.17,7.12,9.29,0.62,0.5
A3Z physicality,8478904,20222023,Steven Lorentz,56800,1,-0,0.16,50,55.67,FALSE,TRUE,,defensiveRetrievalsPer60; botchedRetrievalsPer60; entryDenialShare,0,0,0.4,0.29,0.23,0.16,-0.63,-0.3,-5.67,FALSE,229.27,234.27,23,0.29,,entryTargets,FALSE,A3Z tracked games; five on five,Wings; centers excluded,Defensemen; centers excluded,TRUE,76,219,10,29,18,8,13,0,23,15,13,4,26,43,4,3,8,7,2,17,14,23,4,0,20,28,44,5,4,35,30,11,0,3,3,44,44,5,34,5,5,9.16,7.85,2.88,0,0.79,0.79,0.11,0.15,22.5,0.15,2.62,7.59,6.8,0,0.31
A3Z physicality,8479353,20222023,Brett Howden,42311,1,0.69,1.34,76.06,92.61,FALSE,TRUE,,defensiveRetrievalsPer60; botchedRetrievalsPer60; entryDenialShare,0,0,0.3,0.07,0.52,1.17,-0.13,0.09,-16.55,FALSE,214.58,216.88,17,0.31,,entryTargets,FALSE,A3Z tracked games; five on five,Wings; centers excluded,Defensemen; centers excluded,TRUE,74,201,10,17,26,15,17,1,26,22,2,1,26,44,5,6,4,6,9,16,14,18,3,2,32,57,40,6,4,28,35,10,0,2,2,37,37,6,23,4,3,7.83,9.79,2.8,0,0.56,0.56,0.16,0.13,16.55,0.17,2.8,4.75,7.27,0.28,0.5
A3Z physicality,8479365,20222023,Trent Frederic,56490,1,-0.96,1.25,17.02,91.13,FALSE,TRUE,,defensiveRetrievalsPer60; botchedRetrievalsPer60; entryDenialShare,0,0,0.48,1.19,-0.89,0.3,-0.55,-0.23,-74.11,FALSE,245.7,248.78,23,0.29,,entryTargets,FALSE,A3Z tracked games; five on five,Wings; centers excluded,Defensemen; centers excluded,TRUE,75,221,5,34,17,10,14,0,25,22,9,3,27,46,9,5,3,11,4,18,16,12,3,1,23,40,46,5,2,27,35,10,1,1,1,45,45,4,35,2,3,6.59,8.55,2.44,0.24,0.24,0.24,0.09,0.09,31.02,0.06,1.22,8.3,6.59,0,0.33
A3Z physicality,8479370,20222023,Tyson Jost,56418,1,0.4,0.17,65.43,56.16,FALSE,TRUE,,defensiveRetrievalsPer60; botchedRetrievalsPer60; entryDenialShare,0,0,-0.32,-0.73,0.3,0.38,0.42,0.52,9.27,FALSE,271.85,275.62,23,0.32,,entryTargets,FALSE,A3Z tracked games; five on five,Wings; centers excluded,Defensemen; centers excluded,TRUE,71,187,13,36,18,9,26,3,37,29,7,2,43,69,8,4,8,9,10,29,20,15,3,3,27,47,41,3,4,21,32,9,0,1,5,46,46,6,34,5,4,4.63,7.06,1.99,0,0.22,1.1,0.13,0.12,20.71,0.15,2.87,7.95,9.49,0.66,0.29
A3Z physicality,8479525,20222023,Ross Colton,60027,1,1.48,3.69,94.68,99.51,FALSE,TRUE,,defensiveRetrievalsPer60; botchedRetrievalsPer60; entryDenialShare,0,0,0.93,2.31,0.34,1.02,0.2,0.35,-4.83,FALSE,249.18,256.33,25,0.31,,entryTargets,FALSE,A3Z tracked games; five on five,Wings; centers excluded,Defensemen; centers excluded,TRUE,72,194,18,34,29,15,12,4,21,18,5,2,25,44,6,4,3,11,2,18,9,21,2,0,40,62,61,4,7,61,33,6,0,0,1,56,56,4,42,4,6,14.69,7.95,1.44,0,0,0.24,0.07,0.14,15.81,0.1,4.33,8.19,6.02,0.96,0.4
A3Z physicality,8480806,20222023,Isac Lundeström,52462,1,-0.43,0.68,31.38,74.38,FALSE,TRUE,,defensiveRetrievalsPer60; botchedRetrievalsPer60; entryDenialShare,0,0,-0.38,-0.21,-0.16,0.6,0.12,0.29,-43,FALSE,157.78,160.08,15,0.25,locatedAttempts; typedShotsOnNet,entryTargets,FALSE,A3Z tracked games; five on five,Wings; centers excluded,Defensemen; centers excluded,TRUE,73,192,4,12,7,8,12,3,15,13,10,3,19,27,2,1,2,8,4,12,5,5,0,0,17,26,16,1,1,5,10,5,0,0,0,15,15,2,11,1,2,1.9,3.8,1.9,0,0,0,0.13,0.18,24.35,0.09,1.52,4.56,7.23,1.14,0.3
A3Z physicality,8480829,20222023,Jesperi Kotkaniemi,72501,1,0.51,-0.4,70.21,33.5,FALSE,TRUE,,defensiveRetrievalsPer60; botchedRetrievalsPer60,0,0,0,-0.1,0.92,-0.17,-0.41,-0.13,36.72,FALSE,362.12,374.73,29,0.35,,entryTargets,FALSE,A3Z tracked games; five on five,Wings; centers excluded,Defensemen; centers excluded,TRUE,75,212,24,54,47,23,33,7,44,34,11,2,51,83,10,7,10,13,15,39,16,26,0,1,79,120,47,6,7,44,49,7,0,4,6,45,45,9,30,3,6,7.29,8.12,1.16,0,0.66,0.99,0.2,0.2,17.49,0.1,3.98,8.95,8.45,1.16,0.18
A3Z physicality,8480855,20222023,Jack McBain,68787,1,0.36,0.38,63.83,65.02,FALSE,TRUE,,hitsPer60; botchedRetrievalsPer60; entryDenialShare,0,0,1.52,2.87,-0.53,-2.19,-0.63,-0.3,-1.19,FALSE,216.6,219.75,20,0.24,locatedAttempts; typedShotsOnNet,entryTargets,FALSE,A3Z tracked games; five on five,Wings; centers excluded,Defensemen; centers excluded,TRUE,76,219,9,26,10,6,20,3,33,24,1,0,40,64,15,4,9,13,6,35,15,8,0,1,22,30,19,0,0,66,28,14,1,5,1,19,19,2,12,1,0,18.28,7.76,3.88,0.28,1.39,0.28,0.11,0,20.81,0.08,2.49,7.2,11.08,0.83,0
A3Z physicality,8481068,20222023,Yegor Sharangovich,64882,1,-0.96,-0.33,17.02,38.42,FALSE,TRUE,,defensiveRetrievalsPer60; botchedRetrievalsPer60; entryDenialShare,0,0,-0.65,-1.37,-0.25,0.88,-0.06,0.16,-21.4,FALSE,333.8,341.05,28,0.37,,entryTargets,FALSE,A3Z tracked games; five on five,Wings; centers excluded,Defensemen; centers excluded,TRUE,74,196,14,51,19,8,23,3,37,25,5,2,41,74,16,2,12,5,11,27,25,31,2,2,30,55,61,6,2,6,25,13,0,4,0,66,66,3,47,7,5,1.08,4.49,2.34,0,0.72,0,0.05,0.11,26.38,0.15,2.52,9.17,7.37,0.54,0.4
A3Z physicality,8481147,20222023,Reese Johnson,37659,1,2.46,3.22,98.94,99.51,FALSE,TRUE,,hitsPer60; defensiveRetrievalsPer60; botchedRetrievalsPer60,0,0,1.51,3.27,0.85,-0.33,0.1,0.28,-0.57,FALSE,167.32,170.23,19,0.33,typedShotsOnNet,entryTargets,FALSE,A3Z tracked games; five on five,Wings; centers excluded,Defensemen; centers excluded,TRUE,73,193,9,17,8,2,8,3,13,8,6,1,24,42,7,8,5,0,3,10,9,10,2,0,9,14,16,4,2,54,13,6,0,3,0,21,21,3,17,2,4,19.36,4.66,2.15,0,1.08,0,0.14,0.24,25.5,0.12,3.23,6.1,8.61,1.08,0.17
A3Z physicality,8481704,20222023,Juuso Parssinen,38700,1,1.48,2.12,94.68,97.54,FALSE,TRUE,,defensiveRetrievalsPer60; botchedRetrievalsPer60; entryDenialShare,0,0,0.47,0.75,1.34,1.43,-0.34,-0.06,-2.86,FALSE,174.07,178.33,15,0.33,typedShotsOnNet,entryTargets,FALSE,A3Z tracked games; five on five,Wings; centers excluded,Defensemen; centers excluded,TRUE,75,207,12,21,9,3,11,1,19,15,7,4,20,30,5,1,4,2,6,16,8,15,3,2,19,24,26,4,5,30,17,9,0,1,3,26,26,5,15,3,4,10.34,5.86,3.1,0,0.34,1.03,0.19,0.27,16.42,0.2,4.14,7.24,6.89,0.34,0.57
A3Z physicality,8482660,20222023,Kent Johnson,68808,1,-0.63,2.24,24.47,98.03,FALSE,TRUE,,defensiveRetrievalsPer60; entryDenialShare,0,0,-0.7,-1.31,-0.49,2.91,0.56,0.64,-73.56,FALSE,222.15,226.28,20,0.25,,entryTargets,FALSE,A3Z tracked games; five on five,Wings; centers excluded,Defensemen; centers excluded,TRUE,72,170,5,14,12,7,12,7,29,21,2,2,25,56,9,3,8,8,6,18,19,11,1,4,24,43,25,1,2,4,21,8,0,1,0,32,32,3,26,4,2,1.08,5.67,2.16,0,0.27,0,0.09,0.08,23.78,0.15,1.35,3.78,6.75,1.89,1
A3Z physicality,8471215,20222023,Evgeni Malkin,91416,2,-0.85,-1.17,19.15,11.33,FALSE,TRUE,,botchedRetrievalsPer60; entryDenialShare,0,0,-0.54,-1.07,0.12,0.04,-0.43,-0.14,7.82,FALSE,349.18,349.07,25,0.3,,entryTargets,FALSE,A3Z tracked games; five on five,Wings; centers excluded,Defensemen; centers excluded,TRUE,77,213,19,41,48,25,35,5,45,38,10,5,64,96,13,12,7,11,18,43,16,36,9,1,85,128,66,4,2,11,23,8,0,5,3,61,61,8,50,7,4,1.89,3.95,1.37,0,0.86,0.52,0.13,0.08,20.02,0.14,3.26,7.05,11,0.86,0.5
A3Z physicality,8471276,20222023,David Krejci,72217,2,-0.12,-0.65,47.87,26.6,FALSE,TRUE,,defensiveRetrievalsPer60; botchedRetrievalsPer60; entryDenialShare,0,0,-0.37,-0.59,0.06,-0.23,0.19,0.18,21.27,FALSE,286.47,294.93,23,0.33,,entryTargets,FALSE,A3Z tracked games; five on five,Wings; centers excluded,Defensemen; centers excluded,TRUE,72,192,10,19,26,10,18,3,36,33,8,4,33,65,9,4,3,6,9,24,22,11,5,4,47,77,38,0,6,16,19,14,0,0,2,35,35,1,22,3,4,3.35,3.98,2.93,0,0,0.42,0.03,0.18,20.02,0.14,2.09,3.98,6.91,0.63,0.5
A3Z physicality,8471669,20222023,Paul Stastny,51991,2,-0.1,-1.57,48.4,4.93,FALSE,TRUE,,defensiveRetrievalsPer60; botchedRetrievalsPer60; entryDenialShare,0,0,-0.42,-0.8,0.15,-0.94,0.18,0.17,43.48,FALSE,256,261.68,26,0.36,typedShotsOnNet,entryTargets,FALSE,A3Z tracked games; five on five,Wings; centers excluded,Defensemen; centers excluded,TRUE,72,193,10,38,25,4,6,1,21,10,12,3,18,34,5,1,11,2,3,18,14,12,1,1,32,47,20,3,4,9,7,4,0,1,1,28,28,7,18,2,4,2.11,1.64,0.94,0,0.23,0.23,0.25,0.22,11.78,0.11,2.34,8.91,4.22,0.23,0.25
A3Z physicality,8473453,20222023,Trevor Lewis,59624,2,0.59,0.21,72.34,56.65,FALSE,TRUE,,defensiveRetrievalsPer60; botchedRetrievalsPer60; entryDenialShare,0,0,0.36,0.68,0.26,-0.53,-0.03,0.06,15.69,FALSE,288.62,294.83,29,0.35,,entryTargets,FALSE,A3Z tracked games; five on five,Wings; centers excluded,Defensemen; centers excluded,TRUE,73,205,16,43,16,3,17,1,39,29,10,4,29,66,8,1,10,8,8,24,24,24,1,0,28,37,55,2,1,46,39,8,0,1,1,72,72,5,54,7,4,9.56,8.11,1.66,0,0.21,0.21,0.07,0.07,36.23,0.13,3.33,8.94,6.03,0.21,0.4
A3Z physicality,8474870,20222023,Tyler Johnson,55663,2,0.23,-0.44,55.85,33,FALSE,TRUE,,height; defensiveRetrievalsPer60; botchedRetrievalsPer60; entryDenialShare,0,0,0.4,0.58,-0.68,-1.37,0.52,0.34,22.85,FALSE,239.6,242.92,20,0.36,,entryTargets,FALSE,A3Z tracked games; five on five,Wings; centers excluded,Defensemen; centers excluded,TRUE,68,191,4,32,7,3,11,2,32,18,5,0,27,58,12,2,14,6,6,29,14,18,0,2,15,26,45,4,2,27,9,7,0,0,0,43,43,5,28,5,1,6.76,2.25,1.75,0,0,0,0.12,0.04,25.71,0.18,1,8.01,6.76,0.5,0
A3Z physicality,8475151,20222023,Kyle Palmieri,56425,2,0.58,-0.36,71.28,37.93,FALSE,TRUE,,defensiveRetrievalsPer60; botchedRetrievalsPer60; entryDenialShare,0,0,0.06,-0.12,0.32,-0.41,0.19,0.18,33.35,FALSE,232.4,235.2,18,0.33,,entryTargets,FALSE,A3Z tracked games; five on five,Wings; centers excluded,Defensemen; centers excluded,TRUE,72,192,9,28,13,3,16,1,29,25,12,5,28,51,11,5,4,12,5,21,16,18,0,0,27,33,40,1,4,28,21,5,0,0,3,37,37,4,21,3,4,7.23,5.42,1.29,0,0,0.77,0.11,0.19,23.02,0.14,2.32,7.23,7.23,0.26,0.42
A3Z physicality,8475726,20222023,Tyler Toffoli,81726,2,-0.37,-0.88,34.57,15.27,FALSE,TRUE,,contactPenaltiesDrawnPer60; defensiveRetrievalsPer60; botchedRetrievalsPer60; entryDenialShare,0,0,-0.08,-0.62,-0.35,-0.36,0.05,0.1,19.3,FALSE,326.1,331.03,29,0.35,,entryTargets,FALSE,A3Z tracked games; five on five,Wings; centers excluded,Defensemen; centers excluded,TRUE,72,205,18,35,24,9,20,1,54,43,4,2,35,83,8,3,11,6,14,38,30,47,3,0,45,67,85,4,2,28,15,5,0,0,6,74,74,2,51,4,1,5.15,2.76,0.92,0,0,1.1,0.03,0.02,31.71,0.08,3.31,6.44,6.44,0.18,0.5
A3Z physicality,8475798,20222023,Mikael Granlund,84492,2,-0.17,-0.77,46.81,21.67,FALSE,TRUE,,defensiveRetrievalsPer60; botchedRetrievalsPer60; entryDenialShare,0,0,-0.42,-0.46,-0.08,-0.56,0.34,0.25,25.13,FALSE,305.1,309.53,23,0.29,typedShotsOnNet,entryTargets,FALSE,A3Z tracked games; five on five,Wings; centers excluded,Defensemen; centers excluded,TRUE,70,193,9,32,31,14,17,3,32,27,17,5,36,63,9,5,5,5,11,21,20,11,7,3,57,90,29,2,5,22,37,13,0,0,3,24,24,1,17,0,4,4.33,7.28,2.56,0,0,0.59,0.04,0.24,27.78,0,1.77,6.29,7.08,0.59,0.29
A3Z physicality,8476458,20222023,Ryan Strome,83835,2,-0.46,-0.32,30.32,38.42,FALSE,TRUE,,defensiveRetrievalsPer60; botchedRetrievalsPer60; entryDenialShare,0,0,-0.21,-0.54,-0.37,0.08,0.11,0.14,-8.1,FALSE,316.58,320.03,23,0.28,,entryTargets,FALSE,A3Z tracked games; five on five,Wings; centers excluded,Defensemen; centers excluded,TRUE,73,192,7,24,24,13,22,5,27,21,10,6,47,64,15,7,6,6,13,34,6,8,5,1,54,85,29,1,3,11,16,7,1,5,2,33,33,1,25,3,2,2.08,3.03,1.33,0.19,0.95,0.38,0.03,0.08,28.3,0.12,1.33,4.55,8.91,0.95,0.6
A3Z physicality,8476479,20222023,Phillip Danault,90159,2,0.41,-0.56,65.43,28.08,FALSE,TRUE,,entryDenialShare,0,0,0.04,-0.4,0.34,-0.26,0.03,0.09,37.35,FALSE,330.15,338.75,26,0.32,,,FALSE,A3Z tracked games; five on five,Wings; centers excluded,Defensemen; centers excluded,TRUE,73,200,8,30,37,18,39,7,44,37,38,10,62,89,7,7,7,4,20,39,16,17,4,2,63,105,45,5,5,24,28,12,0,5,3,49,49,8,40,7,7,4.36,5.09,2.18,0,0.91,0.55,0.16,0.17,20.25,0.17,1.45,5.45,11.27,1.27,0.26
A3Z physicality,8476624,20222023,Barclay Goodrow,69720,2,0.77,1.05,77.13,86.7,FALSE,TRUE,,defensiveRetrievalsPer60; botchedRetrievalsPer60; entryDenialShare,0,0,0.77,0.95,0.16,0.1,-0.16,-0.01,-9.57,FALSE,325.17,329.23,28,0.34,,entryTargets,FALSE,A3Z tracked games; five on five,Wings; centers excluded,Defensemen; centers excluded,TRUE,74,210,11,32,16,6,18,4,39,28,4,3,40,88,19,7,11,7,7,26,25,17,2,3,31,55,33,1,4,41,28,14,2,3,2,35,35,5,28,4,4,7.57,5.17,2.58,0.37,0.55,0.37,0.14,0.14,18.36,0.14,2.03,5.9,7.38,0.74,0.75
A3Z physicality,8476826,20222023,Yanni Gourde,83273,2,1.98,0.56,97.87,71.43,FALSE,TRUE,,botchedRetrievalsPer60; entryDenialShare,0,0,0.43,0.11,0.92,0.05,0.63,0.4,26.44,FALSE,393.3,400.57,29,0.36,,entryTargets,FALSE,A3Z tracked games; five on five,Wings; centers excluded,Defensemen; centers excluded,TRUE,69,173,31,64,58,26,46,3,49,38,14,8,72,107,12,8,11,11,18,42,24,28,11,0,84,122,56,5,8,42,34,13,1,5,5,57,57,9,44,4,10,6.41,5.19,1.98,0.15,0.76,0.76,0.16,0.23,24.35,0.09,4.73,9.76,10.98,0.46,0.57
A3Z physicality,8476878,20222023,Zemgus Girgensons,62289,2,-0.58,0.14,25,55.67,FALSE,TRUE,,defensiveRetrievalsPer60; botchedRetrievalsPer60; entryDenialShare,0,0,0.2,0.42,-0.68,-0.31,-0.1,0.03,-30.67,FALSE,239.88,247.08,23,0.29,,entryTargets,FALSE,A3Z tracked games; five on five,Wings; centers excluded,Defensemen; centers excluded,TRUE,75,197,14,30,12,4,18,1,28,22,8,4,28,49,3,3,6,8,8,21,14,18,1,0,24,34,38,3,1,31,32,8,0,1,1,41,41,0,26,3,1,7.75,8,2,0,0.25,0.25,0,0.04,24.6,0.12,3.5,7.5,7,0.25,0.5
A3Z physicality,8476897,20222023,Oskar Sundqvist,55738,2,-0.57,-1.04,26.06,13.3,FALSE,TRUE,,contactPenaltiesDrawnPer60; defensiveRetrievalsPer60; botchedRetrievalsPer60; entryDenialShare,0,0,-0.05,-0.88,-0.28,-0.12,-0.24,-0.05,12.76,FALSE,211.28,212.3,19,0.28,locatedAttempts; typedShotsOnNet,entryTargets,FALSE,A3Z tracked games; five on five,Wings; centers excluded,Defensemen; centers excluded,TRUE,75,210,6,19,15,7,15,3,30,21,6,3,28,46,6,4,9,6,5,23,19,11,0,1,21,28,17,1,0,14,11,7,0,2,5,16,16,4,9,1,0,3.98,3.12,1.99,0,0.57,1.42,0.25,0,21.71,0.11,1.7,5.4,7.95,0.85,0.5
A3Z physicality,8477492,20222023,Nathan MacKinnon,95072,2,-0.67,-1.36,23.4,7.88,FALSE,TRUE,,defensiveRetrievalsPer60; botchedRetrievalsPer60; entryDenialShare,0,0,-0.46,-1.01,-0.32,-0.49,0.11,0.13,15.52,FALSE,402.15,407.02,24,0.34,,,FALSE,A3Z tracked games; five on five,Wings; centers excluded,Defensemen; centers excluded,TRUE,72,200,17,33,40,31,42,6,50,42,21,5,62,89,8,4,8,18,14,42,22,41,3,13,102,163,128,5,4,15,26,13,0,4,4,108,108,6,85,4,2,2.24,3.88,1.94,0,0.6,0.6,0.06,0.02,29.76,0.05,2.54,4.92,9.25,0.9,0.24
A3Z physicality,8477505,20222023,Alexander Wennberg,91972,2,-0.58,-1.09,25,12.81,FALSE,TRUE,,defensiveRetrievalsPer60; botchedRetrievalsPer60; entryDenialShare,0,0,-0.74,-1,0.1,-0.2,0.05,0.11,12.19,FALSE,405.43,407.82,30,0.37,,entryTargets,FALSE,A3Z tracked games; five on five,Wings; centers excluded,Defensemen; centers excluded,TRUE,74,190,6,51,40,23,41,6,39,35,14,6,56,86,7,6,4,11,17,25,18,15,7,3,70,104,37,3,5,13,33,25,0,1,3,36,36,8,27,3,7,1.92,4.88,3.7,0,0.15,0.44,0.22,0.26,18.12,0.11,0.89,7.55,8.29,0.89,0.43
A3Z physicality,8477933,20222023,Sam Reinhart,97323,2,-0.72,-1.07,22.34,12.81,FALSE,TRUE,,defensiveRetrievalsPer60; botchedRetrievalsPer60; entryDenialShare,0,0,-0.96,-0.9,0.17,-0.28,0.07,0.11,9.53,FALSE,339.58,338.83,25,0.3,,entryTargets,FALSE,A3Z tracked games; five on five,Wings; centers excluded,Defensemen; centers excluded,TRUE,73,196,21,43,36,17,25,4,53,38,13,5,49,98,8,11,15,14,9,31,35,23,7,6,61,94,54,2,5,13,54,10,0,1,3,61,61,4,41,2,6,2.3,9.54,1.77,0,0.18,0.53,0.07,0.15,24.7,0.05,3.71,7.6,8.66,0.71,0.38
A3Z physicality,8477987,20222023,Ryan Donato,47943,2,0.53,-0.44,70.74,33,FALSE,TRUE,,defensiveRetrievalsPer60,0,0,0.14,0.05,0.18,-0.68,0.21,0.19,37.74,FALSE,270.43,274.67,27,0.38,,entryTargets,FALSE,A3Z tracked games; five on five,Wings; centers excluded,Defensemen; centers excluded,TRUE,72,190,14,36,18,6,18,7,44,28,8,1,37,72,8,5,16,11,5,33,25,19,3,2,32,48,44,3,2,30,29,4,0,2,2,49,49,6,40,4,3,6.66,6.43,0.89,0,0.44,0.44,0.12,0.07,28.18,0.1,3.11,7.99,8.21,1.55,0.12
A3Z physicality,8478057,20222023,Dakota Joshua,54612,2,0.67,0.24,76.06,58.62,TRUE,TRUE,backhandShare,defensiveRetrievalsPer60; botchedRetrievalsPer60; entryDenialShare,0,0,0.7,0.69,0.3,-0.36,-0.32,-0.09,17.44,FALSE,242.35,246.28,24,0.3,,entryTargets,FALSE,A3Z tracked games; five on five,Wings; centers excluded,Defensemen; centers excluded,TRUE,75,218,17,38,16,7,20,1,36,26,5,2,35,56,5,4,10,10,9,31,13,14,3,0,23,33,29,7,1,63,42,5,0,2,4,36,36,7,26,8,2,15.6,10.4,1.24,0,0.5,0.99,0.19,0.08,14.35,0.31,4.21,9.41,8.67,0.25,0.4
A3Z physicality,8478445,20222023,Mathew Barzal,65132,2,-0.05,-1.48,48.4,5.91,FALSE,TRUE,,defensiveRetrievalsPer60; entryDenialShare,0,0,-1.05,-1.49,0.83,-0.16,0.17,0.17,42.49,FALSE,283.32,284.93,20,0.34,,entryTargets,FALSE,A3Z tracked games; five on five,Wings; centers excluded,Defensemen; centers excluded,TRUE,73,186,22,23,37,23,27,6,42,37,13,5,42,70,4,3,5,25,6,26,21,20,3,3,77,112,45,1,4,4,14,10,0,1,2,42,42,7,29,3,2,0.85,2.96,2.12,0,0.21,0.42,0.17,0.07,23.68,0.1,4.66,4.87,8.89,1.27,0.38
A3Z physicality,8479318,20222023,Auston Matthews,90036,2,-0.31,-1.03,38.3,13.3,FALSE,TRUE,,contactPenaltiesDrawnPer60; botchedRetrievalsPer60; entryDenialShare,0,0,-0.02,-0.62,-0,-0.34,-0.29,-0.07,25,FALSE,414.03,418.68,27,0.36,,entryTargets,FALSE,A3Z tracked games; five on five,Wings; centers excluded,Defensemen; centers excluded,TRUE,75,215,16,46,41,17,47,4,56,46,16,5,73,101,9,4,10,15,15,45,23,48,11,3,68,118,132,10,9,35,29,30,0,1,9,112,112,12,83,11,7,5.07,4.2,4.35,0,0.14,1.3,0.11,0.08,24.52,0.13,2.32,6.67,10.58,0.58,0.31
A3Z physicality,8479580,20222023,Dylan Gambrell,41000,2,-0.32,0.55,38.3,70.94,FALSE,TRUE,,defensiveRetrievalsPer60; botchedRetrievalsPer60; entryDenialShare,0,0,0.89,0.96,-1.4,-0.59,0.2,0.18,-32.64,FALSE,162.07,165.48,17,0.28,locatedAttempts; typedShotsOnNet,entryTargets,FALSE,A3Z tracked games; five on five,Wings; centers excluded,Defensemen; centers excluded,TRUE,72,191,6,28,7,7,13,1,20,14,4,1,24,42,5,5,6,7,5,15,12,8,1,1,15,22,16,1,1,23,14,12,0,5,0,16,16,1,9,0,0,8.52,5.18,4.44,0,1.85,0,0.06,0,24.69,0,2.22,10.37,8.89,0.37,0.25
A3Z physicality,8479972,20222023,Mason Shaw,39968,2,2.38,1.53,98.94,95.07,FALSE,TRUE,,defensiveRetrievalsPer60; botchedRetrievalsPer60; entryDenialShare,0,0,0.61,1.34,1.34,-0.12,0.43,0.3,3.86,FALSE,195.62,198.1,20,0.34,,entryTargets,FALSE,A3Z tracked games; five on five,Wings; centers excluded,Defensemen; centers excluded,TRUE,70,184,13,17,23,11,15,3,28,15,11,5,29,46,7,2,13,4,6,26,17,21,2,0,30,42,39,4,2,27,33,5,2,1,2,41,41,9,36,2,5,8.28,10.12,1.53,0.61,0.31,0.61,0.22,0.14,32,0.06,3.99,5.21,8.89,0.92,0.45
A3Z physicality,8480011,20222023,Klim Kostin,34403,2,0.73,0.19,76.6,56.16,TRUE,TRUE,contactPenaltiesDrawnPer60,contactPenaltiesDrawnPer60; defensiveRetrievalsPer60; botchedRetrievalsPer60; entryDenialShare,0,0,0.57,0.26,0.7,0.14,-0.55,-0.21,20.44,FALSE,211.25,213.27,21,0.37,,entryTargets,FALSE,A3Z tracked games; five on five,Wings; centers excluded,Defensemen; centers excluded,TRUE,76,232,12,20,15,8,19,4,38,23,5,3,33,63,6,3,15,7,8,27,21,14,0,0,15,31,39,1,2,49,25,3,0,1,8,34,34,5,25,3,3,13.92,7.1,0.85,0,0.28,2.27,0.15,0.12,24.63,0.12,3.41,5.68,9.37,1.14,0.6
A3Z physicality,8480023,20222023,Robert Thomas,84724,2,-0.57,-1.37,26.6,7.88,FALSE,TRUE,,defensiveRetrievalsPer60; botchedRetrievalsPer60; entryDenialShare,0,0,-0.78,-1.14,0.18,-0.32,0.03,0.09,18.71,FALSE,340.37,341.08,23,0.32,,entryTargets,FALSE,A3Z tracked games; five on five,Wings; centers excluded,Defensemen; centers excluded,TRUE,72,207,14,27,42,13,40,6,48,41,10,3,53,79,5,4,7,14,17,39,17,8,10,6,82,112,24,3,3,8,20,11,0,2,2,32,32,4,21,1,3,1.41,3.53,1.94,0,0.35,0.35,0.12,0.14,18.69,0.05,2.47,4.76,9.34,1.06,0.3
A3Z physicality,8480028,20222023,Morgan Frost,79427,2,0.35,-0.01,63.83,51.72,FALSE,TRUE,,defensiveRetrievalsPer60; botchedRetrievalsPer60; entryDenialShare,0,0,0.2,0.39,-0.03,-0.57,0.18,0.17,12.11,FALSE,293.55,297.87,23,0.28,,entryTargets,FALSE,A3Z tracked games; five on five,Wings; centers excluded,Defensemen; centers excluded,TRUE,72,193,10,31,16,11,20,1,26,21,15,5,35,52,8,4,5,7,9,22,9,18,1,3,31,44,46,4,4,25,21,13,0,2,0,41,41,3,32,3,4,5.11,4.29,2.66,0,0.41,0,0.07,0.12,26.08,0.09,2.04,6.34,7.15,0.2,0.33
A3Z physicality,8480068,20222023,Ryan Poehling,37431,2,0.31,-0.64,60.64,26.6,FALSE,TRUE,,contactPenaltiesDrawnPer60; defensiveRetrievalsPer60; botchedRetrievalsPer60; entryDenialShare,0,0,-0.17,-0.31,0.59,-0.35,-0.12,0.02,34.04,FALSE,162.02,166.15,19,0.36,,entryTargets,FALSE,A3Z tracked games; five on five,Wings; centers excluded,Defensemen; centers excluded,TRUE,74,206,10,17,10,1,9,2,23,11,9,3,24,42,6,5,12,7,2,20,16,13,2,1,20,26,26,5,2,19,25,10,0,0,4,29,29,5,20,2,2,7.04,9.26,3.7,0,0,1.48,0.17,0.1,23,0.1,3.7,6.3,8.89,0.74,0.33
A3Z physicality,8480901,20222023,Karson Kuhlman,33399,2,0,-0.82,50,20.2,FALSE,TRUE,,defensiveRetrievalsPer60; botchedRetrievalsPer60; entryDenialShare,0,0,-0.27,-0.42,-0.08,-0.67,0.35,0.26,29.8,FALSE,167.3,173.48,17,0.36,typedShotsOnNet,entryTargets,FALSE,A3Z tracked games; five on five,Wings; centers excluded,Defensemen; centers excluded,TRUE,71,184,5,19,5,2,8,1,14,8,7,2,18,25,2,2,6,4,4,18,2,7,1,0,8,13,27,3,4,13,25,9,0,1,2,26,26,4,16,1,1,4.66,8.97,3.23,0,0.36,0.72,0.15,0.06,29.03,0.06,1.79,6.81,6.46,0.36,0.29
A3Z physicality,8480980,20222023,Connor Dewar,53275,2,1.85,-0.11,96.81,46.8,FALSE,TRUE,,defensiveRetrievalsPer60; botchedRetrievalsPer60; entryDenialShare,0,0,0.47,0.44,0.97,-0.83,0.4,0.28,50.01,FALSE,222.4,224.32,26,0.32,,entryTargets,FALSE,A3Z tracked games; five on five,Wings; centers excluded,Defensemen; centers excluded,TRUE,70,187,17,12,18,5,13,1,19,12,5,1,26,35,2,4,7,6,4,18,6,22,0,1,31,37,36,4,4,39,23,14,0,0,2,42,42,3,30,3,2,10.52,6.21,3.78,0,0,0.54,0.07,0.07,32.14,0.1,4.59,3.24,7.01,0.27,0.2
A3Z physicality,8481481,20222023,Blake Lizotte,62907,2,1.01,-0.66,84.57,26.6,TRUE,TRUE,dumpInRecoveriesPer60,contactPenaltiesDrawnPer60; botchedRetrievalsPer60,0,0,-0.18,-0.47,0.59,-0.57,0.6,0.39,57.97,FALSE,268.68,274.82,26,0.32,,entryTargets,FALSE,A3Z tracked games; five on five,Wings; centers excluded,Defensemen; centers excluded,TRUE,69,176,25,35,21,6,27,5,38,26,19,3,46,84,10,6,12,6,5,26,29,21,2,1,47,63,48,1,5,24,50,9,0,5,6,52,52,6,36,3,4,5.36,11.17,2.01,0,1.12,1.34,0.12,0.11,21.92,0.08,5.58,7.82,10.27,1.12,0.16
A3Z physicality,8481522,20222023,Peyton Krebs,61434,2,-0.92,-0.58,17.55,27.09,FALSE,TRUE,,defensiveRetrievalsPer60; botchedRetrievalsPer60; entryDenialShare,0,0,-0.35,-0.21,-0.79,-0.57,0.23,0.2,-9.54,FALSE,249.52,254.17,22,0.3,typedShotsOnNet,entryTargets,FALSE,A3Z tracked games; five on five,Wings; centers excluded,Defensemen; centers excluded,TRUE,72,188,9,35,20,9,23,2,27,24,4,1,37,57,9,4,3,10,7,18,18,8,2,2,30,55,20,0,0,22,33,4,0,0,2,23,23,1,16,1,1,5.29,7.94,0.96,0,0,0.48,0.04,0.06,24.74,0.06,2.16,8.42,8.9,0.48,0.25
A3Z physicality,8481533,20222023,Trevor Zegras,91500,2,-1.01,-1.63,15.96,4.43,FALSE,TRUE,,blockedShotsPer60; defensiveRetrievalsPer60; botchedRetrievalsPer60,0,0,-0.55,-1.07,-0.72,-0.78,0.26,0.22,11.52,FALSE,346.97,351.33,23,0.28,,entryTargets,FALSE,A3Z tracked games; five on five,Wings; centers excluded,Defensemen; centers excluded,TRUE,72,185,7,26,22,13,19,6,33,26,6,1,38,74,12,8,7,12,7,21,20,19,5,5,53,77,56,3,2,13,25,4,0,4,4,53,53,1,39,2,4,2.25,4.32,0.69,0,0.69,0.69,0.02,0.1,23.09,0.05,1.21,4.5,6.57,1.04,0.17
A3Z physicality,8482149,20222023,Cole Perfetti,45806,2,-0.53,0.24,28.72,58.62,FALSE,TRUE,,defensiveRetrievalsPer60; botchedRetrievalsPer60; entryDenialShare,0,0,0.06,0.26,-0.94,-0.28,0.34,0.26,-29.9,FALSE,236.95,238.47,18,0.35,,entryTargets,FALSE,A3Z tracked games; five on five,Wings; centers excluded,Defensemen; centers excluded,TRUE,71,185,3,35,19,10,18,2,31,24,8,4,26,47,6,2,7,6,9,20,19,24,2,4,33,55,43,3,4,18,15,8,0,1,0,44,44,4,33,4,2,4.56,3.8,2.03,0,0.25,0,0.09,0.06,25.35,0.12,0.76,8.86,6.58,0.51,0.5
A3Z physicality,8471675,20222023,Sidney Crosby,99106,3,0.31,-1.05,61.17,12.81,FALSE,TRUE,,botchedRetrievalsPer60; entryDenialShare,0,0,-0.23,-0.17,0.29,-1.06,0.25,0.18,48.36,FALSE,378.38,379.77,25,0.3,,entryTargets,FALSE,A3Z tracked games; five on five,Wings; centers excluded,Defensemen; centers excluded,TRUE,71,200,20,50,67,30,48,2,56,44,17,8,75,109,6,12,12,16,19,46,25,36,21,5,105,159,89,10,11,26,27,9,0,1,2,82,82,11,56,9,8,4.12,4.28,1.43,0,0.16,0.32,0.13,0.14,20.13,0.16,3.17,7.93,11.89,0.32,0.47
A3Z physicality,8474040,20222023,Sam Gagner,35055,3,-1.81,-2.57,3.72,0,TRUE,TRUE,dumpInRecoveriesPer60,defensiveRetrievalsPer60; botchedRetrievalsPer60; entryDenialShare,0,0,-0.52,-0.47,-1.54,-2.28,0.25,0.18,3.72,FALSE,161.28,162.22,16,0.33,,entryTargets,FALSE,A3Z tracked games; five on five,Wings; centers excluded,Defensemen; centers excluded,TRUE,71,200,1,19,6,3,8,1,14,12,2,0,17,36,4,4,2,4,3,11,8,17,0,0,10,16,32,2,4,9,14,4,0,0,1,31,31,1,21,2,4,3.35,5.21,1.49,0,0,0.37,0.03,0.19,25.02,0.1,0.37,7.07,6.32,0.37,0
A3Z physicality,8475158,20222023,Ryan O'Reilly,57046,3,-1.33,-2.25,8.51,1.97,FALSE,TRUE,,defensiveRetrievalsPer60; botchedRetrievalsPer60; entryDenialShare,0,0,-0.9,-1.09,-0.32,-1.2,-0.1,0.03,6.54,FALSE,280.85,283.73,20,0.38,,entryTargets,FALSE,A3Z tracked games; five on five,Wings; centers excluded,Defensemen; centers excluded,TRUE,73,207,12,34,29,12,25,4,33,28,14,5,38,58,4,4,5,3,15,27,14,22,5,4,46,75,47,5,4,8,12,10,0,2,2,49,49,6,39,3,6,1.71,2.56,2.14,0,0.43,0.43,0.12,0.15,20,0.08,2.56,7.26,8.12,0.85,0.36
A3Z physicality,8475166,20222023,John Tavares,84751,3,0.03,-0.77,50.53,22.17,FALSE,TRUE,,defensiveRetrievalsPer60; entryDenialShare,0,0,0.39,0.2,-0.09,-0.93,-0.27,-0.03,28.36,FALSE,372.37,376.15,29,0.36,,entryTargets,FALSE,A3Z tracked games; five on five,Wings; centers excluded,Defensemen; centers excluded,TRUE,73,217,18,40,26,14,28,9,51,44,18,9,42,87,4,7,7,14,12,26,31,31,5,0,51,90,93,4,10,43,42,10,0,4,4,90,90,9,62,5,7,6.93,6.77,1.61,0,0.64,0.64,0.1,0.11,21.46,0.08,2.9,6.45,6.77,1.45,0.5
A3Z physicality,8475760,20222023,Nick Bjugstad,75818,3,0.38,-0.42,64.36,33,FALSE,TRUE,,defensiveRetrievalsPer60; botchedRetrievalsPer60; entryDenialShare,0,0,1.07,1.19,0.07,-1.38,-0.77,-0.23,31.36,FALSE,299.73,305.02,23,0.29,,entryTargets,FALSE,A3Z tracked games; five on five,Wings; centers excluded,Defensemen; centers excluded,TRUE,78,210,16,34,24,8,20,2,40,29,8,3,41,79,13,7,11,10,11,30,22,15,5,1,29,47,36,2,7,62,28,6,0,4,2,43,43,3,25,2,3,12.41,5.6,1.2,0,0.8,0.4,0.07,0.12,23.77,0.08,3.2,6.81,8.21,0.4,0.38
A3Z physicality,8476389,20222023,Vincent Trocheck,95034,3,0.8,0.07,79.79,53.69,FALSE,TRUE,,botchedRetrievalsPer60; entryDenialShare,0,0,0.52,0.76,-0.18,-0.97,0.46,0.27,26.09,FALSE,403.77,409.62,28,0.34,,entryTargets,FALSE,A3Z tracked games; five on five,Wings; centers excluded,Defensemen; centers excluded,TRUE,71,187,16,41,37,15,47,6,58,47,13,5,71,107,11,4,11,21,14,49,27,20,6,5,74,115,71,4,6,60,33,14,0,1,3,76,76,12,50,3,6,8.92,4.9,2.08,0,0.15,0.45,0.16,0.12,22.83,0.06,2.38,6.09,10.55,0.89,0.38
A3Z physicality,8476454,20222023,Ryan Nugent-Hopkins,97422,3,-0.65,-1.99,23.94,2.96,FALSE,TRUE,,defensiveRetrievalsPer60; botchedRetrievalsPer60,0,0,-0.46,-0.46,-0.33,-1.67,0.14,0.14,20.98,FALSE,408.23,410.38,32,0.39,,entryTargets,FALSE,A3Z tracked games; five on five,Wings; centers excluded,Defensemen; centers excluded,TRUE,73,192,14,51,45,28,35,2,55,48,15,3,56,94,7,5,7,12,18,35,29,30,2,3,66,103,68,4,2,21,22,8,0,2,2,67,67,7,52,6,2,3.09,3.23,1.18,0,0.29,0.29,0.1,0.04,24.76,0.12,2.06,7.5,8.23,0.29,0.2
A3Z physicality,8476460,20222023,Mark Scheifele,99527,3,-1.1,-1.3,14.36,9.85,FALSE,TRUE,,botchedRetrievalsPer60; entryDenialShare,0,0,-0.63,-0.47,-0.13,-0.77,-0.35,-0.06,4.51,FALSE,360.7,361.15,23,0.28,,entryTargets,FALSE,A3Z tracked games; five on five,Wings; centers excluded,Defensemen; centers excluded,TRUE,75,207,13,22,39,19,48,4,58,54,7,5,69,105,14,3,4,26,15,50,21,20,11,3,77,119,56,7,4,16,18,12,1,0,2,48,48,4,36,2,3,2.66,2.99,2,0.17,0,0.33,0.08,0.08,25.11,0.06,2.16,3.66,11.48,0.67,0.71
A3Z physicality,8476480,20222023,Vladislav Namestnikov,58324,3,0.62,-0.74,74.47,24.63,FALSE,TRUE,,defensiveRetrievalsPer60; botchedRetrievalsPer60; entryDenialShare,0,0,0.61,0.31,-0.43,-1.31,0.44,0.26,49.84,FALSE,223.6,227.75,22,0.29,,entryTargets,FALSE,A3Z tracked games; five on five,Wings; centers excluded,Defensemen; centers excluded,TRUE,72,181,6,16,15,6,15,2,26,21,5,3,23,38,0,2,5,9,6,15,16,9,2,2,26,37,26,4,5,26,35,6,0,3,1,27,27,2,22,5,4,6.98,9.39,1.61,0,0.81,0.27,0.07,0.18,13,0.23,1.61,4.29,6.17,0.54,0.6
A3Z physicality,8476822,20222023,Luke Glendening,50662,3,1.22,-1.17,87.23,11.33,FALSE,TRUE,,defensiveRetrievalsPer60; botchedRetrievalsPer60; entryDenialShare,0,0,0.83,0.5,-0.03,-1.92,0.42,0.25,75.9,FALSE,210.6,214.5,23,0.33,typedShotsOnNet,entryTargets,FALSE,A3Z tracked games; five on five,Wings; centers excluded,Defensemen; centers excluded,TRUE,71,190,10,15,7,2,6,2,14,7,4,1,13,29,6,1,7,6,1,12,10,11,1,0,12,17,23,1,2,29,33,13,1,3,3,27,27,1,12,1,2,8.26,9.4,3.7,0.28,0.85,0.85,0.04,0.17,21,0.08,2.85,4.27,3.7,0.57,0.25
A3Z physicality,8476882,20222023,Teuvo Teravainen,68988,3,-1.1,-1.84,14.36,2.96,FALSE,TRUE,,hitsReceivedPer60; defensiveRetrievalsPer60; botchedRetrievalsPer60; entryDenialShare,0,0,-1.02,-0.77,-0.48,-1.31,0.4,0.24,11.41,FALSE,299.22,304.62,25,0.37,,entryTargets,FALSE,A3Z tracked games; five on five,Wings; centers excluded,Defensemen; centers excluded,TRUE,71,191,10,51,39,14,23,3,54,35,11,3,47,80,4,10,19,7,15,42,29,24,2,5,59,82,40,1,4,7,6,7,0,1,0,45,45,1,31,3,6,1.4,1.2,1.4,0,0.2,0,0.02,0.19,28.46,0.1,2.01,10.23,9.42,0.6,0.27
A3Z physicality,8476960,20222023,Andreas Athanasiou,77777,3,-1.19,-1.83,12.77,3.45,FALSE,TRUE,,defensiveRetrievalsPer60; botchedRetrievalsPer60; entryDenialShare,0,0,-0.64,-0.91,-0.6,-1.03,0.05,0.1,9.32,FALSE,371.8,377.12,29,0.36,,entryTargets,FALSE,A3Z tracked games; five on five,Wings; centers excluded,Defensemen; centers excluded,TRUE,74,190,6,33,13,6,26,4,46,35,4,3,49,88,12,7,11,10,11,35,25,16,1,5,45,66,59,2,1,15,22,16,0,3,4,62,62,9,40,5,1,2.42,3.55,2.58,0,0.48,0.65,0.15,0.03,26.1,0.12,0.97,5.33,7.91,0.65,0.75
A3Z physicality,8477021,20222023,Alexander Kerfoot,71925,3,0.25,-1.99,57.45,2.96,FALSE,TRUE,,hitsReceivedPer60; botchedRetrievalsPer60; entryDenialShare,0,0,-0.92,-1.61,0.67,-0.66,0.5,0.29,54.49,FALSE,354.1,361.82,30,0.37,,entryTargets,FALSE,A3Z tracked games; five on five,Wings; centers excluded,Defensemen; centers excluded,TRUE,71,185,24,43,34,19,42,6,63,52,15,9,69,114,7,14,11,21,15,46,25,19,8,4,60,96,60,7,4,10,65,17,0,3,6,53,53,4,42,10,3,1.69,11.01,2.88,0,0.51,1.02,0.08,0.07,19.24,0.24,4.07,7.29,11.69,1.02,0.6
A3Z physicality,8477353,20222023,Tyler Motte,46770,3,1.49,0.25,94.68,58.62,TRUE,TRUE,blockedShotsPer60,defensiveRetrievalsPer60; botchedRetrievalsPer60; entryDenialShare,0,0,1.02,1.35,-0,-1.37,0.47,0.27,36.06,FALSE,233.77,235.13,22,0.35,,entryTargets,FALSE,A3Z tracked games; five on five,Wings; centers excluded,Defensemen; centers excluded,TRUE,70,194,6,33,10,3,12,2,28,20,4,2,25,50,5,3,8,11,3,21,15,17,2,0,10,17,34,4,1,57,30,27,0,0,3,42,42,7,33,7,4,14.63,7.7,6.93,0,0,0.77,0.17,0.12,25.39,0.21,1.54,8.47,6.42,0.51,0.5
A3Z physicality,8477406,20222023,Mattias Janmark,58069,3,-2.81,-3.41,0,0,FALSE,TRUE,,blockedShotsPer60; defensiveRetrievalsPer60; botchedRetrievalsPer60; entryDenialShare,0,0,-1.43,-1.79,-1.19,-1.62,-0.19,-0,0,FALSE,288.18,290.37,24,0.36,,entryTargets,FALSE,A3Z tracked games; five on five,Wings; centers excluded,Defensemen; centers excluded,TRUE,74,205,6,28,18,7,14,2,28,20,9,3,29,52,5,4,8,4,8,18,18,10,4,1,34,50,24,6,4,6,35,1,0,2,5,33,33,6,26,1,5,1.25,7.29,0.21,0,0.42,1.04,0.18,0.19,16.4,0.04,1.25,5.83,6.04,0.42,0.33
A3Z physicality,8477409,20222023,Carter Verhaeghe,85060,3,-0.16,-2.1,46.81,2.96,FALSE,TRUE,,defensiveRetrievalsPer60; botchedRetrievalsPer60; entryDenialShare,0,0,-0.8,-1.19,0.48,-1.07,0.16,0.15,43.85,FALSE,345.13,352.33,25,0.31,,entryTargets,FALSE,A3Z tracked games; five on five,Wings; centers excluded,Defensemen; centers excluded,TRUE,74,183,28,55,43,11,37,1,52,37,6,5,57,85,10,5,15,9,16,45,24,34,10,2,73,105,90,6,3,12,33,8,0,3,4,77,77,3,59,6,2,2.09,5.74,1.39,0,0.52,0.7,0.04,0.03,26.57,0.1,4.87,9.56,9.91,0.17,0.83
A3Z physicality,8477500,20222023,Bo Horvat,97900,3,0.08,-1.68,50.53,3.94,FALSE,TRUE,,defensiveRetrievalsPer60; botchedRetrievalsPer60; entryDenialShare,0,0,-0.3,-0.37,0.78,-1.21,-0.4,-0.09,46.59,FALSE,414.9,414.28,29,0.37,,entryTargets,FALSE,A3Z tracked games; five on five,Wings; centers excluded,Defensemen; centers excluded,TRUE,73,225,34,41,47,13,35,7,43,31,11,3,58,87,7,6,12,16,10,38,18,29,6,4,66,99,65,1,13,23,26,17,0,2,2,71,71,12,55,4,14,3.33,3.76,2.46,0,0.29,0.29,0.17,0.25,18.79,0.07,4.92,5.93,8.39,1.01,0.27
A3Z physicality,8477508,20222023,Curtis Lazar,35074,3,1.07,-0.37,84.57,35.96,FALSE,TRUE,,defensiveRetrievalsPer60; botchedRetrievalsPer60,0,0,1.2,1.16,-0.22,-1.64,0.08,0.11,48.61,FALSE,217.5,220.3,22,0.45,,entryTargets,FALSE,A3Z tracked games; five on five,Wings; centers excluded,Defensemen; centers excluded,TRUE,72,203,12,37,5,3,19,2,22,16,10,2,26,44,3,1,6,9,4,14,12,14,2,0,13,18,31,2,3,53,30,16,0,3,4,36,36,6,26,2,4,14.62,8.28,4.41,0,0.83,1.1,0.17,0.15,18.84,0.08,3.31,10.21,7.17,0.55,0.2
A3Z physicality,8477934,20222023,Leon Draisaitl,104323,3,-0.81,-2.56,19.68,0,FALSE,TRUE,,botchedRetrievalsPer60,0,0,-0.83,-1.32,0.28,-1.22,-0.26,-0.03,19.68,FALSE,474.88,482.53,31,0.39,,entryTargets,FALSE,A3Z tracked games; five on five,Wings; centers excluded,Defensemen; centers excluded,TRUE,74,209,17,32,58,27,59,8,74,66,8,1,94,155,20,9,8,18,25,55,34,26,6,11,106,167,76,1,3,16,51,9,0,6,7,71,71,5,48,9,3,2.02,6.44,1.14,0,0.76,0.88,0.07,0.06,24,0.19,2.15,4.04,11.88,1.01,0.12
A3Z physicality,8478043,20222023,Sam Lafferty,61356,3,0.36,-0.56,64.36,28.08,FALSE,TRUE,,defensiveRetrievalsPer60; botchedRetrievalsPer60; entryDenialShare,0,0,0.68,0.77,-0.12,-1.33,-0.19,-0,36.28,FALSE,303.32,307.5,26,0.37,,entryTargets,FALSE,A3Z tracked games; five on five,Wings; centers excluded,Defensemen; centers excluded,TRUE,74,205,9,35,15,7,24,4,35,26,9,2,46,83,14,9,9,5,10,26,22,13,2,1,39,51,44,4,4,45,28,9,1,2,3,52,52,4,40,5,5,8.9,5.54,1.78,0.2,0.4,0.59,0.08,0.12,28.02,0.12,1.78,6.92,9.1,0.79,0.22
A3Z physicality,8478400,20222023,Colin White,39312,3,0.65,-1.43,75.53,7.39,TRUE,TRUE,backhandShare,defensiveRetrievalsPer60; botchedRetrievalsPer60; entryDenialShare,0,0,-0.39,-0.23,0.95,-1.32,0.09,0.12,68.14,FALSE,178.97,182.55,20,0.29,typedShotsOnNet,entryTargets,FALSE,A3Z tracked games; five on five,Wings; centers excluded,Defensemen; centers excluded,TRUE,73,195,10,22,12,3,16,2,20,17,8,2,28,40,5,4,3,6,8,16,11,11,3,0,21,29,22,0,2,11,10,8,0,0,1,24,24,1,18,6,2,3.69,3.35,2.68,0,0,0.34,0.04,0.11,24.34,0.33,3.35,7.38,9.39,0.67,0.25
A3Z physicality,8478402,20222023,Connor McDavid,110137,3,-0.61,-1.2,24.47,11.33,FALSE,TRUE,,contactPenaltiesDrawnPer60; botchedRetrievalsPer60; entryDenialShare,0,0,-0.34,-0.39,-0.37,-0.94,0.11,0.12,13.14,FALSE,477.37,485.75,32,0.39,,,FALSE,A3Z tracked games; five on five,Wings; centers excluded,Defensemen; centers excluded,TRUE,73,194,15,39,63,34,78,7,107,100,22,7,96,149,7,7,7,45,33,73,42,24,17,16,151,201,98,10,3,37,31,16,0,4,13,99,99,14,77,11,6,4.65,3.9,2.01,0,0.5,1.63,0.14,0.08,17,0.14,1.89,4.9,12.07,0.88,0.32
A3Z physicality,8478440,20222023,Dylan Strome,81099,3,-2.11,-3.39,2.13,0,FALSE,TRUE,,defensiveRetrievalsPer60; botchedRetrievalsPer60,0,0,-0.97,-1.32,-0.78,-2,-0.36,-0.06,2.13,FALSE,319.7,323.72,25,0.31,,entryTargets,FALSE,A3Z tracked games; five on five,Wings; centers excluded,Defensemen; centers excluded,TRUE,76,200,10,33,29,8,27,2,43,38,14,1,38,65,4,4,5,5,18,26,22,18,5,7,68,98,42,8,5,7,16,10,0,4,2,42,42,3,27,3,4,1.31,3,1.88,0,0.75,0.38,0.07,0.15,16.25,0.11,1.88,6.19,7.13,0.38,0.07
A3Z physicality,8479316,20222023,Luke Kunin,28703,3,0.63,-0.65,75.53,26.6,FALSE,TRUE,,defensiveRetrievalsPer60; botchedRetrievalsPer60; entryDenialShare,0,0,0.73,0.75,-0.28,-1.56,0.18,0.15,48.93,FALSE,167.95,168.17,14,0.45,,entryTargets,FALSE,A3Z tracked games; five on five,Wings; centers excluded,Defensemen; centers excluded,FALSE,72,197,5,14,6,3,8,0,17,14,3,2,17,30,6,2,3,5,4,9,11,19,1,0,8,12,38,1,1,25,14,6,1,2,3,36,36,1,26,1,3,8.93,5,2.14,0.36,0.71,1.07,0.03,0.12,32.39,0.04,1.79,5,6.07,0,0.67
A3Z physicality,8479415,20222023,Michael McLeod,58808,3,0.02,-0.45,50.53,32.51,FALSE,TRUE,,defensiveRetrievalsPer60,0,0,0.46,0.42,-0.49,-0.98,0.05,0.1,18.02,FALSE,314.67,321.8,31,0.39,,entryTargets,FALSE,A3Z tracked games; five on five,Wings; centers excluded,Defensemen; centers excluded,TRUE,74,190,15,47,33,7,33,9,45,38,11,2,50,85,10,7,7,19,9,32,20,12,5,3,61,78,31,3,1,46,47,17,0,1,5,34,34,1,26,2,2,8.77,8.96,3.24,0,0.19,0.95,0.03,0.08,23.47,0.08,2.86,8.96,9.53,1.72,0.18
A3Z physicality,8479420,20222023,Tage Thompson,87002,3,-2.04,-2.4,3.19,0,FALSE,TRUE,,defensiveRetrievalsPer60; botchedRetrievalsPer60; entryDenialShare,0,0,-0.65,-1.11,-0.47,-0.99,-0.93,-0.3,3.19,FALSE,313.37,318,23,0.29,,entryTargets,FALSE,A3Z tracked games; five on five,Wings; centers excluded,Defensemen; centers excluded,TRUE,78,220,9,34,28,9,29,6,32,29,11,4,47,68,3,7,3,14,10,24,13,37,3,4,47,74,97,3,1,12,26,7,0,5,4,76,76,4,53,3,4,2.3,4.98,1.34,0,0.96,0.77,0.05,0.08,30.21,0.06,1.72,6.51,9,1.15,0.36
A3Z physicality,8480008,20222023,Adam Ruzicka,30560,3,-0.56,-1.71,27.13,3.94,FALSE,TRUE,,defensiveRetrievalsPer60; botchedRetrievalsPer60; entryDenialShare,0,0,-0.18,-0.54,0.22,-1,-0.6,-0.17,23.19,FALSE,162.27,164.43,16,0.36,,entryTargets,FALSE,A3Z tracked games; five on five,Wings; centers excluded,Defensemen; centers excluded,TRUE,76,215,9,26,13,0,13,2,23,15,4,2,26,45,3,4,8,3,4,17,11,11,0,0,21,25,27,0,0,11,19,3,0,2,2,27,27,0,21,2,1,4.07,7.03,1.11,0,0.74,0.74,0,0.05,34.13,0.1,3.33,9.61,9.61,0.74,0.5
A3Z physicality,8480012,20222023,Elias Pettersson,98663,3,-0.42,-1.22,31.91,11.33,FALSE,TRUE,,contactPenaltiesDrawnPer60; defensiveRetrievalsPer60; entryDenialShare,0,0,-0.81,-0.91,0.11,-0.51,0.28,0.2,20.58,FALSE,330.12,330.4,24,0.3,,entryTargets,FALSE,A3Z tracked games; five on five,Wings; centers excluded,Defensemen; centers excluded,TRUE,74,176,14,28,34,18,36,9,54,38,15,9,56,99,4,5,16,22,5,32,33,26,6,4,60,86,58,3,2,15,21,20,0,1,7,62,62,4,44,6,5,2.73,3.82,3.64,0,0.18,1.27,0.06,0.11,22.52,0.14,2.54,5.09,10.18,1.64,0.6
A3Z physicality,8480014,20222023,Gabriel Vilardi,58981,3,-1.69,-2.05,6.38,2.96,FALSE,TRUE,,contactPenaltiesDrawnPer60; defensiveRetrievalsPer60; entryDenialShare,0,0,-0.94,-0.96,-0.25,-0.96,-0.5,-0.13,3.43,FALSE,296.38,298.02,25,0.4,,entryTargets,FALSE,A3Z tracked games; five on five,Wings; centers excluded,Defensemen; centers excluded,TRUE,75,216,13,37,28,8,17,7,42,28,15,7,34,76,6,5,14,7,7,22,38,32,2,3,39,61,63,6,7,15,26,8,0,1,10,58,58,8,43,2,7,3.04,5.26,1.62,0,0.2,2.02,0.14,0.16,22.95,0.05,2.63,7.49,6.88,1.42,0.47
A3Z physicality,8480039,20222023,Martin Necas,90588,3,-0.49,-2.46,29.26,0,FALSE,TRUE,,defensiveRetrievalsPer60; botchedRetrievalsPer60,0,0,-0.48,-0.85,0.15,-1.63,-0.15,0.02,29.26,FALSE,397.68,405.88,29,0.35,,entryTargets,FALSE,A3Z tracked games; five on five,Wings; centers excluded,Defensemen; centers excluded,TRUE,75,195,16,40,43,26,26,6,39,33,16,3,38,71,5,4,6,14,9,26,20,48,3,3,74,121,84,6,7,20,38,6,0,5,5,82,82,11,59,3,9,3.02,5.73,0.91,0,0.75,0.75,0.13,0.15,28.96,0.05,2.41,6.03,5.73,0.91,0.19
A3Z physicality,8480144,20222023,David Kampf,75313,3,0.24,-1.08,56.38,12.81,FALSE,TRUE,,defensiveRetrievalsPer60; entryDenialShare,0,0,0.15,-0.01,0.17,-1.12,-0.08,0.05,43.58,FALSE,338.63,345.4,30,0.37,,entryTargets,FALSE,A3Z tracked games; five on five,Wings; centers excluded,Defensemen; centers excluded,TRUE,74,198,21,46,27,12,26,8,39,34,19,5,43,82,6,7,5,15,8,22,24,16,1,1,44,77,43,7,4,31,52,12,0,1,2,48,48,8,40,5,4,5.49,9.21,2.13,0,0.18,0.35,0.17,0.1,17.4,0.12,3.72,8.15,7.62,1.42,0.26
A3Z physicality,8480355,20222023,Mark Kastelic,34683,3,1.82,0.8,96.81,78.82,FALSE,TRUE,,defensiveRetrievalsPer60; botchedRetrievalsPer60; entryDenialShare,0,0,1.99,2.22,0.74,-1.12,-0.91,-0.3,17.99,FALSE,159.37,160.98,19,0.29,,entryTargets,FALSE,A3Z tracked games; five on five,Wings; centers excluded,Defensemen; centers excluded,TRUE,76,234,11,21,9,3,9,2,20,17,5,2,24,39,10,3,3,7,4,18,11,16,0,0,14,21,25,1,4,45,25,12,1,2,0,29,29,4,24,5,4,16.94,9.41,4.52,0.38,0.75,0,0.14,0.17,18.03,0.21,4.14,7.91,9.04,0.75,0.4
A3Z physicality,8480802,20222023,Ryan McLeod,48515,3,0.12,-0.67,51.6,26.6,FALSE,TRUE,,entryDenialShare,0,0,-0.22,-0.17,0.63,-0.45,-0.3,-0.04,24.99,FALSE,308.05,316.45,27,0.47,,entryTargets,FALSE,A3Z tracked games; five on five,Wings; centers excluded,Defensemen; centers excluded,TRUE,75,204,21,26,40,19,26,9,43,27,15,6,65,98,12,9,16,11,10,49,18,23,2,2,63,86,39,2,3,21,37,9,0,0,1,39,39,4,28,4,2,4.09,7.21,1.75,0,0,0.19,0.1,0.07,19.65,0.14,4.09,5.06,12.66,1.75,0.4
A3Z physicality,8480848,20222023,Ty Dellandrea,69866,3,1.73,-0.64,96.28,26.6,FALSE,TRUE,,defensiveRetrievalsPer60; botchedRetrievalsPer60; entryDenialShare,0,0,1.01,0.89,0.59,-1.67,0.13,0.14,69.68,FALSE,315.6,318.82,27,0.33,,entryTargets,FALSE,A3Z tracked games; five on five,Wings; centers excluded,Defensemen; centers excluded,TRUE,74,185,16,49,25,5,16,0,44,30,11,4,39,65,13,6,14,10,11,38,29,17,4,3,46,68,41,1,5,45,52,14,0,4,0,38,38,5,27,7,3,8.56,9.89,2.66,0,0.76,0,0.13,0.11,22.7,0.26,3.04,9.32,7.41,0,0.36
A3Z physicality,8480853,20222023,Liam Foudy,45141,3,1.18,-2.23,87.23,1.97,TRUE,TRUE,backhandShare,defensiveRetrievalsPer60; botchedRetrievalsPer60; entryDenialShare,0,0,-0.29,-0.07,1.23,-2.33,0.24,0.18,85.26,FALSE,159,161.45,15,0.24,locatedAttempts; typedShotsOnNet,entryTargets,FALSE,A3Z tracked games; five on five,Wings; centers excluded,Defensemen; centers excluded,TRUE,73,186,11,12,10,3,9,0,23,14,1,0,21,42,7,3,9,11,2,15,14,8,3,0,9,14,18,1,2,15,13,4,0,0,3,19,19,2,15,5,2,5.66,4.91,1.51,0,0,1.13,0.11,0.13,16.16,0.33,4.15,4.53,7.92,0,0
A3Z physicality,8481528,20222023,Dylan Cozens,80175,3,-1.8,-1.34,3.72,8.87,FALSE,TRUE,,botchedRetrievalsPer60; entryDenialShare,0,0,-0.29,-0.5,-1.19,-0.79,-0.32,-0.05,-5.14,FALSE,270.38,272.87,23,0.28,,entryTargets,FALSE,A3Z tracked games; five on five,Wings; centers excluded,Defensemen; centers excluded,TRUE,75,205,5,43,16,6,28,4,45,42,8,4,52,92,17,7,3,21,12,32,23,19,3,3,37,65,60,5,2,18,23,9,0,2,4,63,63,8,45,4,3,3.99,5.1,2,0,0.44,0.89,0.13,0.07,23,0.09,1.11,9.54,11.54,0.89,0.5
A3Z physicality,8481596,20222023,Shane Pinto,78616,3,-0.91,-2.04,17.55,2.96,FALSE,TRUE,,defensiveRetrievalsPer60; botchedRetrievalsPer60; entryDenialShare,0,0,-0.5,-0.6,-0.08,-1.38,-0.33,-0.06,14.6,FALSE,318.78,323.97,26,0.32,,,FALSE,A3Z tracked games; five on five,Wings; centers excluded,Defensemen; centers excluded,TRUE,75,206,11,36,30,5,24,1,43,35,20,8,49,83,15,6,8,12,10,34,27,18,2,2,43,71,42,2,4,17,24,11,0,1,3,42,42,4,31,3,6,3.2,4.52,2.07,0,0.19,0.56,0.1,0.19,26.1,0.1,2.07,6.78,9.22,0.19,0.4
A3Z physicality,8482496,20222023,Nils Aman,51825,3,-0.55,-1.94,27.13,2.96,FALSE,TRUE,,defensiveRetrievalsPer60; botchedRetrievalsPer60; entryDenialShare,0,0,-0.13,-0.16,-0.65,-1.96,0.23,0.18,24.17,FALSE,193.98,196.73,18,0.26,locatedAttempts; typedShotsOnNet,entryTargets,FALSE,A3Z tracked games; five on five,Wings; centers excluded,Defensemen; centers excluded,TRUE,74,179,5,18,8,3,18,2,19,12,6,0,28,41,1,0,7,3,7,15,9,4,1,0,13,20,13,1,1,17,16,5,0,1,3,18,18,1,13,0,2,5.26,4.95,1.55,0,0.31,0.93,0.06,0.15,31.04,0,1.55,5.57,8.66,0.62,0
A3Z physicality,8482745,20222023,Mason McTavish,73797,3,-0.45,-1.65,30.32,4.43,FALSE,TRUE,,defensiveRetrievalsPer60; botchedRetrievalsPer60; entryDenialShare,0,0,0.01,-0.25,-0.16,-1.35,-0.3,-0.05,25.89,FALSE,284.65,287.95,23,0.29,,entryTargets,FALSE,A3Z tracked games; five on five,Wings; centers excluded,Defensemen; centers excluded,TRUE,73,219,9,28,15,7,20,2,28,23,10,5,34,53,10,3,5,9,8,27,10,17,1,1,29,44,34,3,0,21,16,9,0,5,3,38,38,4,29,3,5,4.43,3.37,1.9,0,1.05,0.63,0.11,0.17,24.3,0.1,1.9,5.9,7.17,0.42,0.5
A3Z physicality,8470794,20222023,Joe Pavelski,87196,4,0.2,-1.47,53.72,6.4,FALSE,TRUE,,defensiveRetrievalsPer60; botchedRetrievalsPer60; entryDenialShare,0,0,0.01,-0.18,0.07,-1.49,0.11,0.19,47.32,FALSE,364.73,370.35,27,0.33,,entryTargets,FALSE,A3Z tracked games; five on five,Wings; centers excluded,Defensemen; centers excluded,TRUE,73,196,14,43,35,13,33,4,63,51,15,4,56,102,9,7,12,5,20,39,40,32,4,2,53,89,58,5,6,31,20,19,0,1,7,56,56,8,45,7,11,5.1,3.29,3.13,0,0.16,1.15,0.14,0.24,20.17,0.16,2.3,7.07,9.21,0.66,0.27
A3Z physicality,8473544,20222023,Derick Brassard,45311,4,0.56,0.37,70.74,65.02,FALSE,TRUE,,blockedShotsPer60; defensiveRetrievalsPer60; botchedRetrievalsPer60,0,0,0.83,1.94,-0.35,-1.73,0.07,0.15,5.72,FALSE,197.38,198.48,20,0.32,typedShotsOnNet,entryTargets,FALSE,A3Z tracked games; five on five,Wings; centers excluded,Defensemen; centers excluded,TRUE,73,200,8,20,15,8,15,3,27,19,6,1,26,45,3,4,8,7,7,24,12,10,2,1,23,38,26,5,0,35,9,2,0,3,1,26,26,1,19,2,1,10.64,2.74,0.61,0,0.91,0.3,0.04,0.05,21.03,0.11,2.43,6.08,7.9,0.91,0.17
A3Z physicality,8473604,20222023,Jonathan Toews,56320,4,-1.75,-2.65,4.79,0,TRUE,TRUE,hitsPer60,hitsPer60; defensiveRetrievalsPer60; botchedRetrievalsPer60; entryDenialShare,0,0,-1.24,-1.71,-0.49,-1,-0.01,0.06,4.79,FALSE,240.92,242.95,20,0.38,typedShotsOnNet,entryTargets,FALSE,A3Z tracked games; five on five,Wings; centers excluded,Defensemen; centers excluded,TRUE,74,201,6,19,21,14,13,1,22,19,2,2,32,53,6,9,3,4,6,15,12,9,1,2,28,50,21,2,1,1,10,7,0,3,2,23,23,3,19,1,2,0.25,2.49,1.74,0,0.75,0.5,0.13,0.11,34.37,0.05,1.49,4.73,7.97,0.25,1
A3Z physicality,8474053,20222023,Logan Couture,94127,4,0.68,0.34,76.06,64.04,FALSE,TRUE,,defensiveRetrievalsPer60; botchedRetrievalsPer60; entryDenialShare,0,0,0.76,1.23,-0.09,-0.97,0.02,0.08,12.02,FALSE,319.57,318.13,25,0.3,,entryTargets,FALSE,A3Z tracked games; five on five,Wings; centers excluded,Defensemen; centers excluded,TRUE,73,206,16,34,21,15,20,6,31,21,9,4,40,70,8,7,10,5,9,29,11,17,6,3,39,61,46,5,7,41,15,16,0,0,0,46,46,5,33,2,4,7.7,2.82,3,0,0,0,0.11,0.12,17.86,0.06,3,6.38,7.51,1.13,0.44
A3Z physicality,8474150,20222023,Mikael Backlund,89362,4,0.01,0.31,50.53,62.07,FALSE,TRUE,,blockedShotsPer60; defensiveRetrievalsPer60; entryDenialShare,0,0,0.06,0.38,-0.13,-0.23,0.09,0.16,-11.54,FALSE,348.6,353.27,28,0.34,,entryTargets,FALSE,A3Z tracked games; five on five,Wings; centers excluded,Defensemen; centers excluded,TRUE,72,206,13,43,24,10,38,10,59,50,16,10,59,109,7,9,9,17,13,32,35,36,1,0,54,85,78,5,5,26,18,8,0,3,3,79,79,8,57,5,4,4.48,3.1,1.38,0,0.52,0.52,0.1,0.07,30.48,0.09,2.24,7.4,10.15,1.72,0.62
A3Z physicality,8474613,20222023,Derek Stepan,39773,4,-0.22,-1.58,42.55,4.93,FALSE,TRUE,,defensiveRetrievalsPer60; botchedRetrievalsPer60; entryDenialShare,0,0,-0.51,-0.48,0.05,-1.44,0.25,0.34,37.63,FALSE,206.35,210,26,0.36,,entryTargets,FALSE,A3Z tracked games; five on five,Wings; centers excluded,Defensemen; centers excluded,TRUE,71,196,11,30,19,3,10,0,23,13,4,3,22,34,3,2,10,3,5,24,11,22,0,4,31,40,43,4,0,10,17,6,0,0,2,42,42,1,33,2,1,2.91,4.94,1.74,0,0,0.58,0.02,0.03,31.61,0.06,3.2,8.72,6.4,0,0.75
A3Z physicality,8474884,20222023,Mike Hoffman,63008,4,-1.77,-1.19,4.26,11.33,TRUE,TRUE,dumpInRecoveriesPer60; forecheckPressuresPer60,blockedShotsPer60; defensiveRetrievalsPer60; entryDenialShare,0,0,-0.54,-0.59,-1.47,-0.93,0.24,0.33,-7.07,FALSE,217.33,218.92,18,0.27,,entryTargets,FALSE,A3Z tracked games; five on five,Wings; centers excluded,Defensemen; centers excluded,TRUE,72,190,1,9,10,5,15,6,23,17,9,3,25,41,3,6,6,7,4,15,13,10,4,1,19,38,40,6,1,6,6,5,0,1,2,36,36,4,30,3,0,1.66,1.66,1.38,0,0.28,0.55,0.11,0,30.47,0.1,0.28,2.48,6.9,1.66,0.33
A3Z physicality,8475343,20222023,Nic Dowd,52069,4,1.46,0.11,94.68,54.68,TRUE,TRUE,dumpInRecoveriesPer60,contactPenaltiesDrawnPer60; botchedRetrievalsPer60; entryDenialShare,0,0,0.43,0.63,0.98,-0.64,0.05,0.13,40,FALSE,220.52,226.05,23,0.35,locatedAttempts; typedShotsOnNet,entryTargets,FALSE,A3Z tracked games; five on five,Wings; centers excluded,Defensemen; centers excluded,TRUE,74,195,22,33,28,17,24,4,37,27,8,4,42,63,3,6,10,8,11,26,21,11,1,2,33,58,17,2,1,47,30,13,0,4,7,18,18,1,13,2,0,12.79,8.16,3.54,0,1.09,1.9,0.06,0,14.23,0.15,5.99,8.98,11.43,1.09,0.5
A3Z physicality,8475754,20222023,Brock Nelson,90702,4,-0.65,-1.98,23.94,2.96,FALSE,TRUE,,defensiveRetrievalsPer60; botchedRetrievalsPer60; entryDenialShare,0,0,-0.33,-0.51,-0.13,-1.33,-0.19,-0.13,20.98,FALSE,350.3,356.83,27,0.33,,,FALSE,A3Z tracked games; five on five,Wings; centers excluded,Defensemen; centers excluded,TRUE,76,205,12,35,38,15,31,7,45,34,29,6,54,82,6,4,11,11,16,38,23,23,2,2,72,96,65,11,5,15,23,14,0,3,3,55,55,7,41,6,6,2.57,3.94,2.4,0,0.51,0.51,0.13,0.15,21.84,0.15,2.06,5.99,9.25,1.2,0.21
A3Z physicality,8476393,20222023,Nick Cousins,52261,4,0.49,-1.22,68.62,11.33,FALSE,TRUE,,contactPenaltiesDrawnPer60; defensiveRetrievalsPer60; botchedRetrievalsPer60; entryDenialShare,0,0,-0.09,0.06,0.29,-1.68,0.3,0.4,57.29,FALSE,264.33,267.25,24,0.3,,entryTargets,FALSE,A3Z tracked games; five on five,Wings; centers excluded,Defensemen; centers excluded,TRUE,71,191,16,31,22,9,26,1,45,32,7,2,43,74,8,3,13,14,7,36,18,23,3,0,30,54,43,2,3,32,43,11,0,4,6,49,49,6,38,1,6,7.26,9.76,2.5,0,0.91,1.36,0.12,0.16,25.02,0.03,3.63,7.04,9.76,0.23,0.29
A3Z physicality,8476872,20222023,Scott Laughton,85574,4,0.43,-0.04,65.43,49.75,FALSE,TRUE,,defensiveRetrievalsPer60; botchedRetrievalsPer60; entryDenialShare,0,0,0.81,1.55,-0.55,-1.85,0.17,0.25,15.67,FALSE,291.62,295.1,21,0.27,,,FALSE,A3Z tracked games; five on five,Wings; centers excluded,Defensemen; centers excluded,TRUE,73,190,8,28,19,7,16,2,36,20,22,5,38,62,13,3,16,5,9,34,22,13,1,1,27,45,42,1,3,41,12,10,0,0,0,45,45,2,39,3,2,8.44,2.47,2.06,0,0,0,0.04,0.05,33.84,0.08,1.65,5.76,7.82,0.41,0.23
A3Z physicality,8476889,20222023,Radek Faksa,66682,4,-0.18,-1.31,45.74,9.36,FALSE,TRUE,,defensiveRetrievalsPer60; botchedRetrievalsPer60; entryDenialShare,0,0,-0.14,0.08,0.17,-1.21,-0.22,-0.17,36.39,FALSE,310.47,313.12,27,0.33,,entryTargets,FALSE,A3Z tracked games; five on five,Wings; centers excluded,Defensemen; centers excluded,TRUE,75,216,16,31,29,9,21,4,35,23,13,5,44,69,8,7,12,8,11,32,19,16,1,1,34,51,32,1,3,26,48,11,0,3,2,32,32,5,24,2,3,5.02,9.28,2.13,0,0.58,0.39,0.16,0.12,20.8,0.08,3.09,5.99,8.5,0.77,0.38
A3Z physicality,8476913,20222023,Devin Shore,25281,4,0.41,-1.16,65.43,11.82,FALSE,TRUE,,defensiveRetrievalsPer60; entryDenialShare,0,0,0.47,1.05,-0.08,-2.29,0.02,0.08,53.6,FALSE,173.12,175.3,21,0.45,typedShotsOnNet,entryTargets,FALSE,A3Z tracked games; five on five,Wings; centers excluded,Defensemen; centers excluded,FALSE,73,206,8,13,15,3,7,4,23,12,11,0,21,46,4,6,11,3,3,16,18,13,3,0,19,29,25,0,3,23,20,8,0,0,0,20,20,1,14,1,3,7.97,6.93,2.77,0,0,0,0.05,0.21,22.41,0.07,2.77,4.51,7.28,1.39,0
A3Z physicality,8476925,20222023,Colton Sissons,77871,4,0.79,-0.34,78.72,38.42,FALSE,TRUE,,defensiveRetrievalsPer60; botchedRetrievalsPer60; entryDenialShare,0,0,0.66,1.02,0.05,-1.52,0.07,0.15,40.3,FALSE,284.05,291.87,25,0.3,,,FALSE,A3Z tracked games; five on five,Wings; centers excluded,Defensemen; centers excluded,TRUE,73,200,10,28,21,9,19,4,35,22,20,5,37,63,4,3,13,6,7,22,26,13,1,1,30,51,36,1,7,57,27,12,0,1,3,31,31,4,20,4,3,12.04,5.7,2.53,0,0.21,0.63,0.13,0.15,22.09,0.2,2.11,5.91,7.82,0.84,0.25
A3Z physicality,8477404,20222023,Jake Guentzel,94143,4,0.43,-1.08,65.96,12.81,FALSE,TRUE,,defensiveRetrievalsPer60; botchedRetrievalsPer60; entryDenialShare,0,0,-0.3,-0.13,0.29,-1.51,0.44,0.56,53.15,FALSE,349.12,349.75,23,0.29,,entryTargets,FALSE,A3Z tracked games; five on five,Wings; centers excluded,Defensemen; centers excluded,TRUE,71,176,22,41,45,22,27,4,48,36,6,2,38,83,4,3,12,10,11,29,33,43,4,5,69,110,85,3,11,24,39,10,0,3,4,71,71,10,53,3,10,4.12,6.7,1.72,0,0.52,0.69,0.14,0.19,16.16,0.06,3.78,7.05,6.53,0.69,0.33
A3Z physicality,8477919,20222023,Freddy Gaudreau,78931,4,-0.59,-1.79,24.47,3.94,FALSE,TRUE,,defensiveRetrievalsPer60; botchedRetrievalsPer60; entryDenialShare,0,0,-0.83,-1.17,-0.06,-1.01,0.29,0.39,20.53,FALSE,325.8,331.27,27,0.33,,entryTargets,FALSE,A3Z tracked games; five on five,Wings; centers excluded,Defensemen; centers excluded,TRUE,72,184,14,31,31,15,21,5,36,29,15,7,44,74,12,8,7,15,10,34,14,32,2,4,41,69,50,2,3,8,23,12,0,2,4,44,44,3,34,3,2,1.47,4.24,2.21,0,0.37,0.74,0.07,0.06,29.34,0.09,2.58,5.71,8.1,0.92,0.47
A3Z physicality,8477946,20222023,Dylan Larkin,93867,4,-0.44,-1.28,30.85,10.84,FALSE,TRUE,,defensiveRetrievalsPer60; botchedRetrievalsPer60; entryDenialShare,0,0,-0.21,-0.1,-0.26,-1.29,0.03,0.11,20.01,FALSE,268.48,268.82,21,0.26,,entryTargets,FALSE,A3Z tracked games; five on five,Wings; centers excluded,Defensemen; centers excluded,TRUE,73,204,12,22,16,10,23,2,44,29,10,4,44,70,9,4,15,15,10,44,18,16,3,4,51,71,58,7,2,11,13,8,0,2,1,46,46,2,34,1,2,2.46,2.91,1.79,0,0.45,0.22,0.04,0.06,29.88,0.03,2.68,4.92,9.83,0.45,0.4
A3Z physicality,8478403,20222023,Jack Eichel,75443,4,-0.57,-1.81,25.53,3.45,FALSE,TRUE,,defensiveRetrievalsPer60; botchedRetrievalsPer60; entryDenialShare,0,0,-0.16,-0.19,-0.34,-1.61,-0.07,-0.01,22.08,FALSE,323.42,323.25,23,0.34,,,FALSE,A3Z tracked games; five on five,Wings; centers excluded,Defensemen; centers excluded,TRUE,74,208,11,45,30,17,31,1,50,47,23,9,43,75,7,5,3,22,15,32,24,17,5,7,58,98,71,2,2,22,22,12,0,1,4,72,72,3,59,8,2,4.08,4.08,2.23,0,0.19,0.74,0.04,0.03,26.64,0.14,2.04,8.35,7.98,0.19,0.39
A3Z physicality,8478427,20222023,Sebastian Aho,87730,4,0.37,-1.56,64.36,4.93,FALSE,TRUE,,blockedShotsPer60; contactPenaltiesDrawnPer60; botchedRetrievalsPer60; entryDenialShare,0,0,-0.59,-0.46,0.72,-1.44,0.25,0.34,59.44,FALSE,325.77,329.05,26,0.35,,,FALSE,A3Z tracked games; five on five,Wings; centers excluded,Defensemen; centers excluded,TRUE,72,189,27,48,39,18,26,0,55,34,22,10,59,86,10,8,21,15,8,53,25,23,5,4,69,105,63,3,10,15,23,7,0,4,7,68,68,11,47,2,7,2.76,4.24,1.29,0,0.74,1.29,0.16,0.15,17.26,0.04,4.97,8.84,10.87,0,0.45
A3Z physicality,8478449,20222023,Roope Hintz,76903,4,-0.92,-2.56,17.55,0,FALSE,TRUE,,defensiveRetrievalsPer60; botchedRetrievalsPer60; entryDenialShare,0,0,-0.64,-0.73,-0.05,-1.64,-0.23,-0.19,17.55,FALSE,343.57,349.3,27,0.37,,entryTargets,FALSE,A3Z tracked games; five on five,Wings; centers excluded,Defensemen; centers excluded,TRUE,75,217,18,48,41,17,33,2,51,40,16,5,47,83,2,5,11,13,14,33,30,32,9,5,64,101,77,5,5,15,32,11,0,3,6,64,64,6,51,4,3,2.62,5.59,1.92,0,0.52,1.05,0.09,0.06,18.59,0.08,3.14,8.38,8.21,0.35,0.31
A3Z physicality,8478508,20222023,Yakov Trenin,69978,4,1,-0.77,84.57,21.18,FALSE,TRUE,,blockedShotsPer60; defensiveRetrievalsPer60; botchedRetrievalsPer60; entryDenialShare,0,0,0.52,1.12,0.48,-1.95,-0.01,0.06,63.39,FALSE,273.17,277.83,23,0.3,,entryTargets,FALSE,A3Z tracked games; five on five,Wings; centers excluded,Defensemen; centers excluded,TRUE,74,201,18,36,20,12,16,0,27,18,7,2,37,50,8,7,9,9,7,29,9,36,3,1,32,47,59,6,6,50,25,7,0,3,4,53,53,2,38,2,5,10.98,5.49,1.54,0,0.66,0.88,0.04,0.13,31.4,0.05,3.95,7.91,8.13,0,0.29
A3Z physicality,8478569,20222023,Noel Acciari,66125,4,0.85,-0.2,81.38,43.35,FALSE,TRUE,,hitsPer60; defensiveRetrievalsPer60; botchedRetrievalsPer60,0,0,0.89,1.13,-0.22,-1.59,0.18,0.26,38.03,FALSE,323.83,330.93,27,0.35,,entryTargets,FALSE,A3Z tracked games; five on five,Wings; centers excluded,Defensemen; centers excluded,TRUE,71,204,14,41,13,6,23,5,26,20,10,2,44,62,10,6,6,6,8,22,11,27,0,3,25,41,43,4,6,94,47,22,0,1,3,43,43,5,30,2,3,17.42,8.71,4.08,0,0.19,0.56,0.12,0.1,20,0.07,2.59,7.6,8.15,0.93,0.2
A3Z physicality,8479591,20222023,Michael Eyssimont,39702,4,1.74,-0.04,96.28,49.75,FALSE,TRUE,,blockedShotsPer60; defensiveRetrievalsPer60; botchedRetrievalsPer60,0,0,0.67,2.04,0.88,-2.36,0.19,0.28,46.52,FALSE,173.13,175.28,15,0.28,,entryTargets,FALSE,A3Z tracked games; five on five,Wings; centers excluded,Defensemen; centers excluded,TRUE,72,195,13,20,13,8,9,0,17,15,5,1,17,34,9,0,2,5,4,13,11,18,0,2,22,33,46,2,1,40,29,4,1,4,3,50,50,10,36,4,2,13.86,10.05,1.39,0.35,1.39,1.04,0.2,0.06,23.55,0.11,4.51,6.93,5.89,0,0.2
A3Z physicality,8479992,20222023,Michael Rasmussen,50728,4,-0.37,-1.97,35.11,2.96,TRUE,TRUE,blockedShotsPer60,contactPenaltiesDrawnPer60; defensiveRetrievalsPer60; botchedRetrievalsPer60; entryDenialShare,0,0,0.14,-0.25,-0.01,-1.25,-0.49,-0.47,32.15,FALSE,185.87,188.7,16,0.29,typedShotsOnNet,entryTargets,FALSE,A3Z tracked games; five on five,Wings; centers excluded,Defensemen; centers excluded,TRUE,78,222,7,16,9,5,7,1,24,13,7,4,25,44,9,6,11,7,2,23,16,7,0,1,15,22,26,2,4,29,34,19,0,1,4,25,25,3,19,3,2,9.36,10.98,6.13,0,0.32,1.29,0.12,0.11,23,0.16,2.26,5.16,8.07,0.32,0.57
A3Z physicality,8479996,20222023,Cody Glass,63794,4,-0.53,-1.45,28.72,7.39,FALSE,TRUE,,defensiveRetrievalsPer60; botchedRetrievalsPer60; entryDenialShare,0,0,0.17,0.36,-0.61,-1.8,-0.08,-0.01,21.33,FALSE,247.28,251.63,22,0.31,,entryTargets,FALSE,A3Z tracked games; five on five,Wings; centers excluded,Defensemen; centers excluded,TRUE,75,201,7,21,17,9,24,1,39,34,17,4,40,76,12,4,5,12,8,19,27,23,1,1,19,44,41,4,5,21,20,10,0,1,1,39,39,6,29,2,3,5.1,4.85,2.43,0,0.24,0.24,0.15,0.1,20.25,0.07,1.7,5.1,9.71,0.24,0.24
A3Z physicality,8479999,20222023,Casey Mittelstadt,77383,4,-1.45,-1.32,6.38,9.36,FALSE,TRUE,,blockedShotsPer60; defensiveRetrievalsPer60,0,0,-0.66,-0.04,-0.82,-1.38,0.03,0.1,-2.98,FALSE,289.57,293.3,23,0.28,,entryTargets,FALSE,A3Z tracked games; five on five,Wings; centers excluded,Defensemen; centers excluded,TRUE,73,205,6,38,28,12,29,7,40,33,7,1,47,84,15,6,7,17,11,33,19,11,8,5,57,81,37,2,1,14,25,2,0,1,3,31,31,3,25,2,1,2.9,5.18,0.41,0,0.21,0.62,0.1,0.04,28.3,0.08,1.24,7.87,9.74,1.45,0.14
A3Z physicality,8480289,20222023,Morgan Barron,55680,4,1.96,-0.05,97.87,49.75,TRUE,TRUE,dumpInRecoveriesPer60,defensiveRetrievalsPer60; botchedRetrievalsPer60; entryDenialShare,0,0,0.77,1.29,1.52,-1.05,-0.33,-0.29,48.12,FALSE,234.33,241.83,20,0.29,,entryTargets,FALSE,A3Z tracked games; five on five,Wings; centers excluded,Defensemen; centers excluded,TRUE,76,220,25,22,12,4,15,1,30,22,5,4,34,51,6,6,8,10,6,29,11,16,2,1,18,31,33,8,3,36,25,13,0,2,0,35,35,6,31,7,2,9.22,6.4,3.33,0,0.51,0,0.17,0.06,12.21,0.23,6.4,5.63,8.71,0.26,0.8
A3Z physicality,8480459,20222023,Pius Suter,66653,4,-0.43,-0.83,31.38,19.7,FALSE,TRUE,,defensiveRetrievalsPer60; botchedRetrievalsPer60; entryDenialShare,0,0,-0.07,0.05,-0.84,-1.48,0.48,0.6,11.68,FALSE,241.62,248.2,21,0.27,,entryTargets,FALSE,A3Z tracked games; five on five,Wings; centers excluded,Defensemen; centers excluded,TRUE,71,172,5,35,14,7,19,2,32,23,8,3,30,51,5,2,9,6,11,28,15,13,2,1,28,46,31,4,4,9,6,10,0,0,0,34,34,5,25,2,3,2.23,1.49,2.48,0,0,0,0.15,0.12,20.52,0.08,1.24,8.69,7.45,0.5,0.38
A3Z physicality,8480798,20222023,Philipp Kurashev,73166,4,0.07,-0.76,50.53,22.17,FALSE,TRUE,,defensiveRetrievalsPer60; botchedRetrievalsPer60; entryDenialShare,0,0,-0.01,0.1,-0.15,-1.19,0.24,0.33,28.36,FALSE,383.63,389.42,29,0.41,,entryTargets,FALSE,A3Z tracked games; five on five,Wings; centers excluded,Defensemen; centers excluded,TRUE,72,190,14,39,19,12,33,3,50,36,15,8,53,102,13,10,14,11,14,30,26,11,1,1,31,53,34,0,1,23,26,16,0,1,1,44,44,4,34,4,3,3.6,4.07,2.5,0,0.16,0.16,0.09,0.09,26.32,0.12,2.19,6.1,8.29,0.47,0.53
A3Z physicality,8480849,20222023,Barrett Hayton,86089,4,-0.57,-0.71,25.53,26.11,FALSE,TRUE,,blockedShotsPer60; botchedRetrievalsPer60,0,0,0.04,0.49,-0.69,-1.35,0.07,0.15,-0.58,FALSE,242.38,244.52,20,0.24,,entryTargets,FALSE,A3Z tracked games; five on five,Wings; centers excluded,Defensemen; centers excluded,TRUE,73,200,6,21,9,8,24,5,26,20,13,2,46,57,11,8,6,7,13,32,2,17,1,1,20,36,39,3,4,29,28,6,0,1,3,45,45,7,30,2,3,7.18,6.93,1.49,0,0.25,0.74,0.16,0.1,22.67,0.07,1.49,5.2,11.39,1.24,0.15
A3Z physicality,8481523,20222023,Kirby Dach,64365,4,-0.43,-1.81,31.38,3.45,FALSE,FALSE,,,0,0,-0.31,-0.38,0.21,-1.13,-0.34,-0.3,27.93,FALSE,208.43,212.5,16,0.28,,entryTargets,TRUE,A3Z tracked games; five on five,Wings; centers excluded,Defensemen; centers excluded,TRUE,76,221,8,23,20,10,32,5,35,33,12,2,43,63,5,3,2,3,23,28,11,16,4,3,43,65,29,2,2,12,21,8,0,5,3,27,27,6,21,4,3,3.45,6.05,2.3,0,1.44,0.86,0.22,0.14,21.02,0.19,2.3,6.62,12.38,1.44,0.17
A3Z physicality,8482110,20222023,Dawson Mercer,81477,4,0.1,-1.71,51.6,3.94,FALSE,TRUE,,defensiveRetrievalsPer60; botchedRetrievalsPer60; entryDenialShare,0,0,-0.5,-0.78,0.27,-1.37,0.33,0.44,47.65,FALSE,403.25,404.77,31,0.38,,entryTargets,FALSE,A3Z tracked games; five on five,Wings; centers excluded,Defensemen; centers excluded,TRUE,72,180,21,55,26,12,34,6,64,47,7,2,55,106,8,5,17,15,14,39,41,23,3,3,51,85,51,4,3,13,37,23,0,1,1,48,48,4,36,5,1,1.93,5.51,3.42,0,0.15,0.15,0.08,0.03,26.77,0.14,3.12,8.18,8.18,0.89,0.29
A3Z physicality,8482113,20222023,Anton Lundell,71703,4,-0.63,-1.66,24.47,4.43,FALSE,TRUE,,botchedRetrievalsPer60; entryDenialShare,0,0,-0.57,-0.72,-0.17,-1.13,0.11,0.19,20.03,FALSE,259.22,262.3,21,0.29,,entryTargets,FALSE,A3Z tracked games; five on five,Wings; centers excluded,Defensemen; centers excluded,TRUE,73,196,12,40,30,13,24,2,29,27,13,6,46,58,8,10,2,8,15,25,10,20,4,3,43,69,47,2,0,10,11,8,0,1,5,42,42,2,35,2,1,2.31,2.55,1.85,0,0.23,1.16,0.05,0.03,28.71,0.06,2.78,9.26,10.65,0.46,0.46
A3Z physicality,8482705,20222023,Cole Sillinger,51107,4,0.06,-0.16,50.53,44.33,FALSE,TRUE,,blockedShotsPer60; defensiveRetrievalsPer60; botchedRetrievalsPer60,0,0,0.27,1.18,-0.33,-1.55,0.12,0.2,6.2,FALSE,231.62,238.28,21,0.33,,entryTargets,FALSE,A3Z tracked games; five on five,Wings; centers excluded,Defensemen; centers excluded,TRUE,72,202,8,20,6,3,19,4,29,24,6,1,36,58,10,2,5,11,9,27,12,20,1,2,18,27,39,4,4,24,24,5,0,1,0,44,44,3,28,2,3,6.22,6.22,1.3,0,0.26,0,0.07,0.11,28.9,0.07,2.07,5.18,9.33,1.04,0.17
A3Z physicality,8482740,20222023,Wyatt Johnston,76170,4,-0.49,-1.69,28.72,3.94,FALSE,TRUE,,defensiveRetrievalsPer60; botchedRetrievalsPer60; entryDenialShare,0,0,-0.77,-0.82,0.08,-1.16,0.19,0.29,24.78,FALSE,338.92,342.78,27,0.33,,entryTargets,FALSE,A3Z tracked games; five on five,Wings; centers excluded,Defensemen; centers excluded,TRUE,73,187,16,48,25,11,23,2,54,35,7,5,41,78,4,5,19,4,16,33,41,30,5,2,45,66,70,6,8,6,22,10,0,3,1,71,71,10,57,7,7,1.06,3.89,1.77,0,0.53,0.18,0.14,0.12,17.69,0.12,2.83,8.5,7.26,0.35,0.71
A3Z physicality,8470595,20222023,Eric Staal,61504,5,-1.36,-1.12,7.98,12.32,FALSE,TRUE,,defensiveRetrievalsPer60; botchedRetrievalsPer60; entryDenialShare,0,0,-0.43,-1.05,-0.79,0.05,-0.15,-0.11,-4.34,FALSE,257.72,261.98,23,0.32,,entryTargets,FALSE,A3Z tracked games; five on five,Wings; centers excluded,Defensemen; centers excluded,TRUE,76,195,8,27,26,10,24,5,34,28,7,2,41,72,6,8,6,4,11,19,23,21,3,0,33,47,33,2,4,8,12,16,0,1,1,37,37,3,27,2,2,1.86,2.79,3.73,0,0.23,0.23,0.08,0.07,16.16,0.07,1.86,6.29,9.55,1.16,0.29
A3Z physicality,8470604,20222023,Jeff Carter,64968,5,-0.28,0.86,40.96,80.79,FALSE,TRUE,,defensiveRetrievalsPer60; botchedRetrievalsPer60; entryDenialShare,0,0,0.26,0.77,-0.18,0.51,-0.35,-0.43,-39.83,FALSE,270.18,275.25,24,0.3,,entryTargets,FALSE,A3Z tracked games; five on five,Wings; centers excluded,Defensemen; centers excluded,TRUE,75,219,9,31,17,6,20,5,35,24,13,5,43,77,7,10,11,6,11,25,24,22,1,1,29,41,40,1,3,25,23,15,0,2,0,49,49,8,37,4,5,5.55,5.11,3.33,0,0.44,0,0.16,0.14,19.21,0.11,2,6.88,9.55,1.11,0.38
A3Z physicality,8470638,20222023,Patrice Bergeron,81393,5,-0.93,-0.53,17.55,30.54,FALSE,TRUE,,defensiveRetrievalsPer60; botchedRetrievalsPer60; entryDenialShare,0,0,-0.2,-0.19,-0.85,-0.61,0.12,0.27,-12.99,FALSE,267.75,267.38,24,0.31,,entryTargets,FALSE,A3Z tracked games; five on five,Wings; centers excluded,Defensemen; centers excluded,TRUE,73,196,5,38,9,13,28,2,43,31,14,3,45,75,4,5,12,3,14,30,27,28,1,2,43,71,73,8,5,15,15,7,0,2,2,72,72,7,53,2,5,3.36,3.36,1.57,0,0.45,0.45,0.1,0.09,27.26,0.04,1.12,8.52,10.08,0.45,0.21
A3Z physicality,8471699,20222023,Andrew Cogliano,59808,5,0.55,-0.05,70.74,49.75,FALSE,TRUE,,contactPenaltiesDrawnPer60; defensiveRetrievalsPer60; botchedRetrievalsPer60; entryDenialShare,0,0,-0.32,-1.31,0.27,0.28,0.6,0.98,20.99,FALSE,284.28,290.95,27,0.34,,entryTargets,FALSE,A3Z tracked games; five on five,Wings; centers excluded,Defensemen; centers excluded,TRUE,70,179,23,35,26,9,14,3,32,20,14,6,34,54,8,1,12,6,8,31,16,11,4,0,31,54,30,2,4,16,29,17,0,8,7,29,29,1,24,1,1,3.38,6.12,3.59,0,1.69,1.48,0.03,0.04,29.27,0.04,4.85,7.39,7.18,0.63,0.43
A3Z physicality,8473533,20222023,Jordan Staal,79063,5,1.07,-0.8,84.57,21.18,TRUE,TRUE,dumpInRecoveriesPer60,defensiveRetrievalsPer60; botchedRetrievalsPer60,0,0,0.49,1.39,1.03,-1.61,-0.45,-0.58,63.39,FALSE,360.78,369.7,29,0.36,,entryTargets,FALSE,A3Z tracked games; five on five,Wings; centers excluded,Defensemen; centers excluded,TRUE,76,220,34,46,49,20,17,3,31,16,16,2,41,64,5,8,15,2,9,29,18,29,9,2,70,105,53,3,6,50,33,11,0,4,1,53,53,6,39,6,7,8.32,5.49,1.83,0,0.67,0.17,0.11,0.18,20.1,0.15,5.65,7.65,6.82,0.5,0.12
A3Z physicality,8474189,20222023,Lars Eller,74551,5,0.69,-0.12,76.06,46.31,FALSE,TRUE,,defensiveRetrievalsPer60; botchedRetrievalsPer60,0,0,0.1,0.71,0.7,-0.75,-0.11,-0.07,29.76,FALSE,279.48,282.02,23,0.27,,entryTargets,FALSE,A3Z tracked games; five on five,Wings; centers excluded,Defensemen; centers excluded,TRUE,74,207,23,35,24,14,28,2,42,37,5,1,45,74,11,3,5,14,12,31,20,20,1,5,39,62,46,3,2,31,36,10,0,2,1,38,38,3,25,3,0,6.66,7.73,2.15,0,0.43,0.21,0.08,0,31.31,0.12,4.94,7.51,9.66,0.43,0.2
A3Z physicality,8474564,20222023,Steven Stamkos,92441,5,-0.33,0.14,38.3,55.67,FALSE,TRUE,,defensiveRetrievalsPer60; botchedRetrievalsPer60; entryDenialShare,0,0,0.14,0.1,-0.63,-0.28,0.15,0.32,-17.37,FALSE,329.58,331.6,25,0.31,,entryTargets,FALSE,A3Z tracked games; five on five,Wings; centers excluded,Defensemen; centers excluded,TRUE,73,193,7,31,25,15,18,1,35,28,11,4,34,67,9,1,7,7,10,25,19,29,3,2,41,84,74,6,6,29,23,14,0,4,4,61,61,4,42,5,7,5.28,4.19,2.55,0,0.73,0.73,0.07,0.17,21.38,0.12,1.27,5.64,6.19,0.18,0.36
A3Z physicality,8474641,20222023,Adam Henrique,67630,5,-0.13,-0.3,47.34,38.92,FALSE,TRUE,,defensiveRetrievalsPer60; entryDenialShare,0,0,-0.11,-0.38,-0.24,-0.33,0.22,0.42,8.42,FALSE,286.62,289.18,23,0.37,,entryTargets,FALSE,A3Z tracked games; five on five,Wings; centers excluded,Defensemen; centers excluded,TRUE,72,195,10,22,15,8,21,7,42,27,14,3,43,82,6,8,15,7,10,25,31,17,2,4,37,53,35,4,4,15,13,13,0,2,2,32,32,4,24,3,4,3.14,2.72,2.72,0,0.42,0.42,0.12,0.17,16.14,0.12,2.09,4.61,9,1.47,0.21
A3Z physicality,8475168,20222023,Matt Duchene,78043,5,-1.24,-2.89,12.23,0,FALSE,TRUE,,defensiveRetrievalsPer60; botchedRetrievalsPer60,0,0,-0.86,-1.65,-0.49,-1.49,0.12,0.25,12.23,FALSE,338.88,344.35,24,0.34,,entryTargets,FALSE,A3Z tracked games; five on five,Wings; centers excluded,Defensemen; centers excluded,TRUE,71,211,10,22,30,20,21,3,37,30,14,2,36,71,7,5,7,7,10,25,20,15,2,3,58,96,59,5,1,8,26,12,0,2,3,56,56,4,38,5,1,1.42,4.6,2.12,0,0.35,0.53,0.07,0.03,23.67,0.13,1.77,3.9,6.37,0.53,0.14
A3Z physicality,8476278,20222023,Colin Blackwell,37527,5,0.53,2.92,70.74,99.51,FALSE,TRUE,,height; defensiveRetrievalsPer60; entryDenialShare,0,0,-0.32,0.45,0.08,1.26,0.76,1.21,-28.76,FALSE,215.83,219.57,22,0.42,typedShotsOnNet,entryTargets,FALSE,A3Z tracked games; five on five,Wings; centers excluded,Defensemen; centers excluded,TRUE,68,181,7,29,19,7,20,7,35,24,12,6,36,67,7,6,11,11,8,26,20,8,2,1,25,38,20,3,0,20,19,4,0,0,4,26,26,2,18,3,3,5.56,5.28,1.11,0,0,1.11,0.08,0.17,27,0.17,1.95,8.06,10.01,1.95,0.5
A3Z physicality,8476329,20222023,Travis Boyd,81329,5,-1.12,-1.27,14.36,11.33,TRUE,TRUE,forecheckPressuresPer60,defensiveRetrievalsPer60; botchedRetrievalsPer60; entryDenialShare,0,0,-0.71,-1.73,-0.7,-0.05,0.28,0.51,3.03,FALSE,263.6,266.63,20,0.24,typedShotsOnNet,entryTargets,FALSE,A3Z tracked games; five on five,Wings; centers excluded,Defensemen; centers excluded,TRUE,72,190,5,11,11,5,21,3,24,21,13,4,40,59,13,3,3,3,10,23,12,14,1,0,28,40,28,3,5,7,23,13,0,3,2,27,27,2,19,3,4,1.59,5.24,2.96,0,0.68,0.46,0.07,0.21,16.16,0.16,1.14,2.5,9.1,0.68,0.31
A3Z physicality,8476374,20222023,Sean Kuraly,64213,5,1.15,1.54,86.7,95.07,FALSE,TRUE,,defensiveRetrievalsPer60,0,0,0.94,1.96,0.34,-0.34,-0.12,-0.09,-8.37,FALSE,202.18,206,18,0.25,,entryTargets,FALSE,A3Z tracked games; five on five,Wings; centers excluded,Defensemen; centers excluded,TRUE,74,208,13,24,12,6,15,6,17,14,5,1,30,51,8,4,3,5,4,14,9,18,1,0,21,26,28,4,1,42,17,8,0,3,1,32,32,3,26,1,2,12.46,5.04,2.37,0,0.89,0.3,0.09,0.08,31.8,0.04,3.86,7.12,8.9,1.78,0.2
A3Z physicality,8476392,20222023,Adam Lowry,76985,5,1.41,2.96,93.62,99.51,FALSE,TRUE,,defensiveRetrievalsPer60; botchedRetrievalsPer60; entryDenialShare,0,0,1,2.99,0.83,0.49,-0.42,-0.53,-5.89,FALSE,264.43,268.53,23,0.28,,entryTargets,FALSE,A3Z tracked games; five on five,Wings; centers excluded,Defensemen; centers excluded,TRUE,77,210,22,43,23,11,23,5,41,37,11,4,45,71,8,7,4,13,12,36,16,19,5,2,43,66,39,6,7,49,32,11,1,2,0,44,44,6,33,4,8,11.12,7.26,2.5,0.23,0.45,0,0.14,0.24,18.13,0.12,4.99,9.76,10.21,1.13,0.36
A3Z physicality,8476419,20222023,Jean-Gabriel Pageau,73995,5,1.01,3.11,84.57,99.51,FALSE,TRUE,,defensiveRetrievalsPer60; botchedRetrievalsPer60; entryDenialShare,0,0,0.54,2.09,-0.02,0.19,0.5,0.83,-14.93,FALSE,229.92,231.68,20,0.29,,entryTargets,FALSE,A3Z tracked games; five on five,Wings; centers excluded,Defensemen; centers excluded,TRUE,71,180,15,26,23,10,17,1,27,22,15,6,34,58,9,4,5,8,7,22,14,16,2,1,45,64,29,2,7,52,27,8,0,0,2,31,31,3,21,1,2,13.57,7.05,2.09,0,0,0.52,0.1,0.1,18.03,0.05,3.91,6.79,8.87,0.26,0.4
A3Z physicality,8476468,20222023,J.T. Miller,100503,5,1.2,-0.21,87.23,43.35,FALSE,TRUE,,defensiveRetrievalsPer60; botchedRetrievalsPer60; entryDenialShare,0,0,0.97,2.41,0.21,-2.75,0.03,0.12,43.88,FALSE,315.17,317.02,24,0.3,,entryTargets,FALSE,A3Z tracked games; five on five,Wings; centers excluded,Defensemen; centers excluded,TRUE,72,211,21,25,25,12,25,4,31,27,3,0,44,81,11,7,4,8,5,17,20,21,1,1,42,66,37,1,2,47,15,11,1,2,2,33,33,2,23,0,3,8.95,2.86,2.09,0.19,0.38,0.38,0.06,0.13,33.02,0,4,4.76,8.38,0.76,0
A3Z physicality,8476905,20222023,Chandler Stephenson,92423,5,-0.36,-1.6,35.64,4.43,FALSE,TRUE,,defensiveRetrievalsPer60; botchedRetrievalsPer60,0,0,-0.69,-0.6,0.19,-1.31,0.15,0.31,31.2,FALSE,403.8,405.03,28,0.35,,entryTargets,FALSE,A3Z tracked games; five on five,Wings; centers excluded,Defensemen; centers excluded,TRUE,72,201,21,42,39,28,19,2,30,19,11,2,41,60,10,7,11,6,7,30,15,13,5,7,84,136,39,3,2,23,45,13,0,0,6,35,35,5,26,4,1,3.42,6.69,1.93,0,0,0.89,0.14,0.04,19.7,0.15,3.12,6.24,6.09,0.3,0.18
A3Z physicality,8476927,20222023,Teddy Blueger,48799,5,0.7,-0.95,76.06,13.79,FALSE,TRUE,,defensiveRetrievalsPer60; botchedRetrievalsPer60,0,0,0.08,-0.15,0.28,-1.4,0.34,0.6,62.27,FALSE,169.13,173.78,17,0.27,locatedAttempts; typedShotsOnNet,entryTargets,FALSE,A3Z tracked games; five on five,Wings; centers excluded,Defensemen; centers excluded,TRUE,72,185,10,20,12,8,10,0,19,13,6,1,21,42,6,5,6,3,5,11,15,2,2,1,22,31,15,2,1,15,14,13,0,1,2,19,19,1,15,3,0,5.32,4.97,4.61,0,0.35,0.71,0.05,0,24.74,0.2,3.55,7.09,7.45,0,0.17
A3Z physicality,8477935,20222023,Sam Bennett,65798,5,1.42,2.22,94.15,97.54,FALSE,TRUE,,botchedRetrievalsPer60; entryDenialShare,0,0,0.95,1.5,0.32,0.4,0.15,0.32,-3.39,FALSE,297.83,307.42,23,0.37,,entryTargets,FALSE,A3Z tracked games; five on five,Wings; centers excluded,Defensemen; centers excluded,TRUE,73,193,14,44,29,11,30,2,46,33,13,5,56,89,11,8,13,7,16,40,22,30,5,4,64,95,66,3,1,56,20,14,0,7,3,73,73,12,56,4,7,11.28,4.03,2.82,0,1.41,0.6,0.16,0.12,29.07,0.07,2.82,8.86,11.28,0.4,0.38
A3Z physicality,8478010,20222023,Brayden Point,96775,5,-0.05,0.47,48.4,68.47,FALSE,TRUE,,defensiveRetrievalsPer60; botchedRetrievalsPer60; entryDenialShare,0,0,-0.74,-0.37,0.15,-0.04,0.53,0.89,-20.07,FALSE,360.58,364.78,25,0.3,,entryTargets,FALSE,A3Z tracked games; five on five,Wings; centers excluded,Defensemen; centers excluded,TRUE,71,177,19,25,16,17,41,6,51,50,17,5,52,85,6,4,1,20,16,32,23,15,1,2,51,106,81,11,6,8,26,8,1,0,1,72,72,12,59,7,8,1.33,4.33,1.33,0.17,0,0.17,0.17,0.14,15.59,0.12,3.16,4.16,8.65,1,0.29
A3Z physicality,8478401,20222023,Pavel Zacha,78995,5,-1.67,-0.7,6.38,26.6,FALSE,TRUE,,blockedShotsPer60; defensiveRetrievalsPer60; botchedRetrievalsPer60; entryDenialShare,0,0,-0.61,-0.39,-0.72,0.1,-0.34,-0.41,-20.22,FALSE,302.82,309.32,25,0.3,,entryTargets,FALSE,A3Z tracked games; five on five,Wings; centers excluded,Defensemen; centers excluded,TRUE,76,211,7,39,20,11,28,3,25,24,16,6,39,61,9,1,1,10,11,21,8,14,1,3,42,69,39,3,5,15,25,2,0,2,3,41,41,1,34,3,6,2.97,4.95,0.4,0,0.4,0.59,0.02,0.18,24.02,0.09,1.39,7.73,7.73,0.59,0.38
A3Z physicality,8478519,20222023,Anthony Cirelli,57632,5,-0.61,-1.12,24.47,11.82,FALSE,TRUE,,defensiveRetrievalsPer60; botchedRetrievalsPer60; entryDenialShare,0,0,-0.87,-1.56,0.11,0.12,0.15,0.32,12.65,FALSE,209.67,211.53,16,0.28,,entryTargets,FALSE,A3Z tracked games; five on five,Wings; centers excluded,Defensemen; centers excluded,TRUE,73,193,9,29,23,13,17,4,27,22,9,3,27,48,2,6,5,8,10,17,15,19,3,1,34,54,44,6,6,7,17,13,0,0,4,41,41,6,27,4,6,2,4.86,3.72,0,0,1.14,0.15,0.22,15.13,0.15,2.58,8.3,7.73,1.14,0.33
A3Z physicality,8479346,20222023,Dillon Dube,74592,5,0.41,1.19,65.43,90.15,FALSE,TRUE,,defensiveRetrievalsPer60; botchedRetrievalsPer60; entryDenialShare,0,0,0.18,0.83,-0.21,-0.39,0.44,0.74,-24.72,FALSE,336.98,338.82,29,0.35,,entryTargets,FALSE,A3Z tracked games; five on five,Wings; centers excluded,Defensemen; centers excluded,TRUE,71,185,13,41,18,4,15,2,43,33,3,1,33,78,12,6,10,12,6,23,33,27,4,3,40,61,63,1,11,36,38,6,0,6,1,57,57,5,43,3,7,6.41,6.77,1.07,0,1.07,0.18,0.09,0.16,23,0.07,2.31,7.3,5.88,0.36,0.33
A3Z physicality,8479351,20222023,Sam Steel,58347,5,0.39,-0.21,65.43,43.35,FALSE,TRUE,,defensiveRetrievalsPer60; botchedRetrievalsPer60; entryDenialShare,0,0,-0.37,-0.18,0.42,-0.63,0.34,0.6,22.08,FALSE,265.7,270.47,22,0.34,,entryTargets,FALSE,A3Z tracked games; five on five,Wings; centers excluded,Defensemen; centers excluded,TRUE,72,185,12,19,25,14,23,2,33,25,12,3,33,57,6,1,8,6,11,25,18,21,4,1,41,67,40,3,7,12,24,6,0,3,0,41,41,6,27,6,3,2.71,5.42,1.35,0,0.68,0,0.15,0.11,21,0.22,2.71,4.29,7.45,0.45,0.25
A3Z physicality,8479400,20222023,Pierre-Luc Dubois,80819,5,-0.85,-0.61,18.62,26.6,FALSE,TRUE,,defensiveRetrievalsPer60; entryDenialShare,0,0,-0.14,-0.39,-0.26,0.36,-0.45,-0.58,-7.98,FALSE,267.93,270.75,19,0.26,,entryTargets,FALSE,A3Z tracked games; five on five,Wings; centers excluded,Defensemen; centers excluded,TRUE,76,220,9,31,20,10,20,8,22,21,14,5,31,54,12,1,1,8,8,22,8,19,3,3,38,62,57,5,5,20,26,10,0,4,4,55,55,3,35,6,2,4.48,5.82,2.24,0,0.9,0.9,0.05,0.06,23,0.17,2.02,6.94,6.94,1.79,0.36
A3Z physicality,8479514,20222023,Rem Pitlick,35666,5,0.24,0.29,56.91,62.07,FALSE,TRUE,,defensiveRetrievalsPer60; botchedRetrievalsPer60; entryDenialShare,0,0,-0.23,-0.89,0.05,0.46,0.42,0.72,-5.15,FALSE,172.35,175.6,15,0.33,typedShotsOnNet,entryTargets,FALSE,A3Z tracked games; five on five,Wings; centers excluded,Defensemen; centers excluded,TRUE,71,186,8,23,13,7,13,1,18,14,4,2,22,36,8,2,4,5,7,18,7,8,3,0,19,27,19,2,2,7,5,5,0,3,3,21,21,2,14,2,1,2.44,1.74,1.74,0,1.04,1.04,0.1,0.07,21.26,0.14,2.79,8.01,7.66,0.35,0.5
A3Z physicality,8479987,20222023,Morgan Geekie,43284,5,-0.71,-0.85,22.34,17.73,FALSE,TRUE,,defensiveRetrievalsPer60; botchedRetrievalsPer60,0,0,-0.15,0.15,-0.3,-0.7,-0.26,-0.3,4.61,FALSE,226.75,230.22,25,0.36,,entryTargets,FALSE,A3Z tracked games; five on five,Wings; centers excluded,Defensemen; centers excluded,TRUE,75,212,9,32,4,3,23,4,33,21,6,1,39,59,6,2,12,7,9,29,16,12,1,1,24,40,35,3,7,19,20,12,0,0,2,34,34,3,24,0,9,5.03,5.29,3.18,0,0,0.53,0.09,0.38,23.4,0,2.38,8.47,10.32,1.06,0.17
A3Z physicality,8480002,20222023,Nico Hischier,93746,5,-1.08,-0.69,14.89,26.6,FALSE,TRUE,,defensiveRetrievalsPer60; botchedRetrievalsPer60; entryDenialShare,0,0,-0.96,-1.53,-0.19,0.64,0.07,0.19,-11.71,FALSE,392.08,392.32,30,0.37,,,FALSE,A3Z tracked games; five on five,Wings; centers excluded,Defensemen; centers excluded,TRUE,73,200,18,43,35,18,33,2,57,41,22,12,54,96,5,10,16,18,10,35,36,26,3,5,68,105,79,5,6,14,48,16,0,1,6,75,75,6,53,2,6,2.14,7.35,2.45,0,0.15,0.92,0.08,0.11,25.5,0.04,2.75,6.58,8.26,0.31,0.55
A3Z physicality,8480003,20222023,Jesper Boqvist,48744,5,-0.93,0.47,17.55,67.98,FALSE,TRUE,,defensiveRetrievalsPer60; botchedRetrievalsPer60; entryDenialShare,0,0,-0.47,-0.15,-0.64,0.25,0.18,0.36,-50.43,FALSE,249.7,254.27,22,0.31,,entryTargets,FALSE,A3Z tracked games; five on five,Wings; centers excluded,Defensemen; centers excluded,TRUE,73,191,6,42,12,11,13,4,24,16,12,5,26,46,6,4,8,10,3,19,16,11,3,1,31,52,35,3,3,19,35,10,0,0,2,30,30,1,22,2,4,4.57,8.41,2.4,0,0,0.48,0.03,0.18,23.79,0.09,1.44,10.09,6.25,0.96,0.42
A3Z physicality,8480018,20222023,Nick Suzuki,103790,5,-0.76,-0.09,21.28,47.78,FALSE,TRUE,,entryDenialShare,0,0,-0.86,-1.04,-0.06,0.62,0.17,0.33,-26.51,FALSE,332,337.67,22,0.27,,entryTargets,FALSE,A3Z tracked games; five on five,Wings; centers excluded,Defensemen; centers excluded,TRUE,71,207,11,31,33,12,40,7,37,31,14,5,64,92,13,6,6,14,11,34,15,13,3,9,66,101,36,2,0,12,23,9,0,0,6,38,38,3,27,4,2,2.17,4.16,1.63,0,0,1.08,0.08,0.07,28.28,0.15,1.99,5.6,11.57,1.27,0.36
A3Z physicality,8480078,20222023,Filip Chytil,65196,5,-0.83,0.15,19.15,55.67,FALSE,TRUE,,defensiveRetrievalsPer60; entryDenialShare,0,0,-0.38,-1.13,-0.31,1.4,-0.15,-0.13,-36.52,FALSE,285.58,292.37,24,0.32,,entryTargets,FALSE,A3Z tracked games; five on five,Wings; centers excluded,Defensemen; centers excluded,TRUE,74,210,8,35,19,7,28,8,44,32,15,9,45,75,5,2,12,18,10,38,19,20,3,2,32,54,67,5,4,13,30,14,0,5,2,57,57,8,43,6,2,2.73,6.3,2.94,0,1.05,0.42,0.14,0.05,22.67,0.14,1.68,7.35,9.45,1.68,0.6
A3Z physicality,8480185,20222023,Eetu Luostarinen,78650,5,0.13,2.45,51.6,99.01,FALSE,TRUE,,defensiveRetrievalsPer60; botchedRetrievalsPer60; entryDenialShare,0,0,-0.18,0.77,0.31,1.59,-0.01,0.09,-47.42,FALSE,300.72,304.97,25,0.3,,entryTargets,FALSE,A3Z tracked games; five on five,Wings; centers excluded,Defensemen; centers excluded,TRUE,75,191,16,54,29,12,26,4,39,21,8,7,46,74,5,6,18,8,9,32,24,20,4,5,49,74,37,3,5,25,34,11,0,0,0,41,41,5,30,3,8,4.99,6.78,2.19,0,0,0,0.12,0.27,19.65,0.1,3.19,10.77,9.18,0.8,0.88
A3Z physicality,8480448,20222023,Parker Kelly,34677,5,3.02,6.31,100,100,TRUE,TRUE,fightsPer60; contactPenaltiesDrawnPer60,hitsPer60; fightsPer60; contactPenaltiesDrawnPer60; defensiveRetrievalsPer60; botchedRetrievalsPer60; entryDenialShare,0,0,2.06,6.86,0.7,-1.03,0.25,0.47,0,FALSE,164.03,166.42,21,0.38,typedShotsOnNet,entryTargets,FALSE,A3Z tracked games; five on five,Wings; centers excluded,Defensemen; centers excluded,TRUE,73,185,12,27,13,2,8,1,18,15,4,1,12,30,4,0,3,4,4,10,10,9,1,1,15,20,23,0,4,55,31,6,3,0,5,25,25,2,18,1,3,20.12,11.34,2.19,1.1,0,1.83,0.08,0.17,33.24,0.06,4.39,9.88,4.39,0.37,0.25
A3Z physicality,8480813,20222023,Joseph Veleno,62091,5,1.08,2.81,84.57,99.51,FALSE,TRUE,,defensiveRetrievalsPer60; botchedRetrievalsPer60; entryDenialShare,0,0,0.42,2.01,0.61,0.63,0.06,0.17,-14.93,FALSE,235.83,239.67,21,0.26,,entryTargets,FALSE,A3Z tracked games; five on five,Wings; centers excluded,Defensemen; centers excluded,TRUE,73,201,18,30,13,5,16,4,34,22,15,7,31,59,6,4,12,13,2,20,26,12,1,2,18,43,26,1,3,45,28,7,0,0,1,26,26,4,22,1,4,11.45,7.12,1.78,0,0,0.25,0.15,0.18,23.95,0.05,4.58,7.63,7.89,1.02,0.47
A3Z physicality,8481477,20222023,Nico Sturm,65402,5,1.32,1.08,92.02,88.18,FALSE,TRUE,,defensiveRetrievalsPer60; botchedRetrievalsPer60; entryDenialShare,0,0,0.42,0.7,1.13,0.62,-0.23,-0.24,3.84,FALSE,250.6,255.85,22,0.3,,entryTargets,FALSE,A3Z tracked games; five on five,Wings; centers excluded,Defensemen; centers excluded,TRUE,75,209,18,35,20,7,13,5,25,14,18,8,33,54,11,4,11,4,6,26,14,20,1,1,28,46,40,3,4,34,34,15,0,4,1,45,45,6,36,9,4,8.14,8.14,3.59,0,0.96,0.24,0.13,0.11,26.17,0.25,4.31,8.38,7.9,1.2,0.44
A3Z physicality,8481559,20222023,Jack Hughes,93441,5,-1.47,0.28,6.38,61.08,FALSE,TRUE,,defensiveRetrievalsPer60; entryDenialShare,0,0,-1.53,-2.07,-0.5,1.43,0.56,0.92,-54.7,FALSE,423.77,430.95,28,0.36,,entryTargets,FALSE,A3Z tracked games; five on five,Wings; centers excluded,Defensemen; centers excluded,TRUE,71,175,12,35,37,21,47,16,76,62,13,7,67,136,11,4,14,29,16,46,46,34,8,12,103,160,118,2,3,4,41,7,0,0,2,101,101,7,78,10,5,0.57,5.81,0.99,0,0,0.28,0.07,0.06,22.36,0.13,1.7,4.96,9.49,2.27,0.54
A3Z physicality,8481618,20222023,Alex Newhook,68649,5,-0.67,-0.67,23.94,26.6,FALSE,TRUE,,blockedShotsPer60; defensiveRetrievalsPer60; botchedRetrievalsPer60; entryDenialShare,0,0,-0.49,-0.48,-0.43,-0.65,0.25,0.46,-2.66,FALSE,327.73,334.12,28,0.34,,entryTargets,FALSE,A3Z tracked games; five on five,Wings; centers excluded,Defensemen; centers excluded,TRUE,71,200,9,27,17,12,21,5,37,28,19,4,44,75,10,8,9,16,4,30,19,13,0,0,47,73,33,5,4,18,34,4,0,4,3,32,32,5,26,1,4,3.3,6.22,0.73,0,0.73,0.55,0.16,0.15,24.71,0.04,1.65,4.94,8.06,0.92,0.21
A3Z physicality,8482116,20222023,Tim Stützle,99520,5,0.2,2.85,53.72,99.51,FALSE,TRUE,,entryDenialShare,0,0,0.09,0.43,-0.22,1.85,0.32,0.57,-45.78,FALSE,340.25,350.37,24,0.31,,entryTargets,FALSE,A3Z tracked games; five on five,Wings; centers excluded,Defensemen; centers excluded,TRUE,72,187,12,19,31,15,44,12,57,49,8,5,70,113,9,10,8,18,20,40,24,25,3,5,71,107,62,6,5,38,48,13,0,4,2,50,50,4,38,6,1,6.7,8.46,2.29,0,0.71,0.35,0.08,0.03,24.13,0.16,2.12,3.35,12.34,2.12,0.62
A3Z physicality,8482665,20222023,Matty Beniers,82042,5,0.29,1.59,59.57,95.57,FALSE,TRUE,,entryDenialShare,0,0,-0.44,-0.17,0.52,1.35,0.21,0.41,-35.99,FALSE,406.87,411.23,30,0.38,,entryTargets,FALSE,A3Z tracked games; five on five,Wings; centers excluded,Defensemen; centers excluded,TRUE,74,181,21,55,30,17,68,9,79,66,14,6,115,154,13,13,13,27,25,69,27,25,5,5,73,106,65,6,10,36,60,19,0,0,6,60,60,10,41,4,6,5.31,8.85,2.8,0,0,0.88,0.17,0.15,28.29,0.1,3.1,8.11,16.96,1.33,0.43
A3Z physicality,8470604,20232024,Jeff Carter,54305,1,-1.14,-1.33,9.52,6.86,FALSE,TRUE,,blockedShotsPer60; defensiveRetrievalsPer60; botchedRetrievalsPer60; entryDenialShare,0,0,-0.56,0.57,-0.2,-1.7,-0.38,-0.2,2.66,FALSE,171.5,176.17,20,0.28,typedShotsOnNet,entryTargets,FALSE,A3Z tracked games; five on five,Wings; centers excluded,Defensemen; centers excluded,TRUE,75,219,6,18,5,1,6,2,18,8,5,1,26,41,9,10,10,5,2,11,7,7,1,0,10,14,19,0,4,14,9,2,0,1,1,20,20,4,16,2,1,4.9,3.15,0.7,0,0.35,0.35,0.2,0.06,17.28,0.12,2.1,6.3,9.1,0.7,0.2
A3Z physicality,8473453,20232024,Trevor Lewis,57248,1,-0.03,-1.67,49.74,1.96,FALSE,TRUE,,botchedRetrievalsPer60; entryDenialShare,0,0,0.44,-0.67,-0.39,-1.11,-0.08,0.11,47.77,FALSE,211.65,217.47,23,0.28,,entryTargets,FALSE,A3Z tracked games; five on five,Wings; centers excluded,Defensemen; centers excluded,TRUE,73,205,7,28,5,10,20,3,36,17,10,4,40,73,12,5,19,4,5,16,20,11,2,1,18,25,28,4,0,20,27,12,0,1,2,48,48,2,32,2,0,5.67,7.65,3.4,0,0.28,0.57,0.04,0,34.63,0.06,1.98,7.94,11.34,0.85,0.4
A3Z physicality,8473533,20232024,Jordan Staal,73818,1,-0.08,-0.79,48.15,23.04,TRUE,TRUE,dumpInRecoveriesPer60; forecheckPressuresPer60,blockedShotsPer60; defensiveRetrievalsPer60; botchedRetrievalsPer60; entryDenialShare,0,0,0.38,0.81,0.02,-1.31,-0.47,-0.3,25.11,FALSE,462.93,470.63,37,0.46,,entryTargets,FALSE,A3Z tracked games; five on five,Wings; centers excluded,Defensemen; centers excluded,TRUE,76,220,41,89,41,13,45,4,54,34,13,6,76,103,10,8,20,9,16,35,19,29,1,0,55,77,45,1,4,62,40,11,0,5,3,59,59,7,40,6,6,8.04,5.18,1.43,0,0.65,0.39,0.12,0.15,18.11,0.15,5.31,11.54,9.85,0.52,0.46
A3Z physicality,8474009,20232024,Nick Bonino,33086,1,-0.86,-2.87,17.46,0,TRUE,TRUE,blockedShotsPer60,blockedShotsPer60; defensiveRetrievalsPer60; botchedRetrievalsPer60; entryDenialShare,0,0,0.23,-1.61,-1.07,-1.45,-0.01,0.19,17.46,FALSE,193.47,197.62,19,0.42,typedShotsOnNet,entryTargets,FALSE,A3Z tracked games; five on five,Wings; centers excluded,Defensemen; centers excluded,TRUE,73,198,5,25,5,2,16,1,33,16,7,3,33,50,5,2,17,6,6,21,12,8,3,1,16,22,20,4,3,4,15,28,0,1,2,24,24,3,17,5,2,1.24,4.65,8.68,0,0.31,0.62,0.12,0.12,17.12,0.29,1.55,7.75,10.23,0.31,0.43
A3Z physicality,8475158,20232024,Ryan O'Reilly,97248,1,-0.55,-1.12,26.98,12.25,FALSE,TRUE,,botchedRetrievalsPer60; entryDenialShare,0,0,-0.41,-0.35,-0.04,-0.86,-0.1,0.09,14.73,FALSE,299.53,299.32,23,0.28,,entryTargets,FALSE,A3Z tracked games; five on five,Wings; centers excluded,Defensemen; centers excluded,TRUE,73,207,7,28,18,11,40,3,57,42,11,6,65,88,4,3,15,13,16,36,21,9,3,0,43,64,23,4,3,7,11,13,0,2,2,36,36,9,28,3,4,1.4,2.2,2.6,0,0.4,0.4,0.25,0.14,13.2,0.11,1.4,5.61,13.02,0.6,0.55
A3Z physicality,8475225,20232024,Craig Smith,45975,1,-0.16,-0.77,44.97,24.51,FALSE,TRUE,,defensiveRetrievalsPer60; botchedRetrievalsPer60; entryDenialShare,0,0,-0.02,-0.06,-0.08,-0.85,-0.06,0.13,20.46,FALSE,293.3,299.33,30,0.4,,entryTargets,FALSE,A3Z tracked games; five on five,Wings; centers excluded,Defensemen; centers excluded,TRUE,73,203,9,24,16,8,23,1,60,37,8,7,48,89,8,8,23,10,12,29,31,15,1,1,31,45,47,3,6,17,29,10,0,2,1,55,55,7,43,4,4,3.48,5.93,2.05,0,0.41,0.2,0.13,0.09,25.63,0.09,1.84,4.91,9.82,0.2,0.88
A3Z physicality,8475842,20232024,Sam Carrick,56467,1,2.89,5.23,99.47,100,FALSE,TRUE,,hitsPer60; fightsPer60; entryDenialShare,0,0,1.86,5.8,1.01,-0.8,0.03,0.22,-0.53,FALSE,176.67,179.22,19,0.25,,entryTargets,FALSE,A3Z tracked games; five on five,Wings; centers excluded,Defensemen; centers excluded,TRUE,72,202,14,16,10,6,20,4,36,25,7,2,43,58,9,3,11,12,6,25,11,6,2,0,17,24,19,2,1,46,19,6,3,4,3,26,26,3,21,0,1,15.62,6.45,2.04,1.02,1.36,1.02,0.12,0.05,33.16,0,4.75,5.43,14.6,1.36,0.29
A3Z physicality,8476374,20232024,Sean Kuraly,51095,1,1.86,0.1,94.71,57.35,FALSE,TRUE,,defensiveRetrievalsPer60; entryDenialShare,0,0,1.59,1.71,0.46,-1.62,-0.19,-0,37.36,FALSE,174.7,179.73,15,0.24,,entryTargets,FALSE,A3Z tracked games; five on five,Wings; centers excluded,Defensemen; centers excluded,TRUE,74,208,11,18,7,2,17,4,32,24,5,0,30,53,11,5,8,15,5,16,16,11,0,1,10,16,24,3,1,44,14,8,0,5,2,41,41,5,29,2,0,15.11,4.81,2.75,0,1.72,0.69,0.12,0,35.13,0.07,3.78,6.18,10.3,1.37,0
A3Z physicality,8476389,20232024,Vincent Trocheck,105557,1,0.68,-0.54,79.37,28.43,FALSE,TRUE,,defensiveRetrievalsPer60; botchedRetrievalsPer60; entryDenialShare,0,0,1,0.49,-0.57,-1.5,0.26,0.47,50.93,FALSE,405.35,408.17,27,0.33,,,FALSE,A3Z tracked games; five on five,Wings; centers excluded,Defensemen; centers excluded,TRUE,71,187,17,52,21,7,35,5,62,45,21,6,65,106,14,7,17,17,16,37,25,22,8,10,56,97,72,2,9,58,37,25,0,3,2,81,81,5,51,9,7,8.59,5.48,3.7,0,0.44,0.3,0.06,0.14,24.52,0.18,2.52,7.7,9.62,0.74,0.29
A3Z physicality,8476392,20232024,Adam Lowry,78266,1,1.52,1.07,93.12,86.76,TRUE,TRUE,dumpInRecoveriesPer60,defensiveRetrievalsPer60; botchedRetrievalsPer60; entryDenialShare,0,0,0.92,2.79,1.04,-1.46,-0.44,-0.26,6.36,FALSE,369.58,374.67,29,0.36,,,FALSE,A3Z tracked games; five on five,Wings; centers excluded,Defensemen; centers excluded,TRUE,77,210,32,42,29,19,39,3,42,37,23,9,59,88,11,5,5,12,16,26,16,23,8,4,52,93,48,7,11,67,35,14,3,1,1,63,63,11,39,2,12,10.88,5.68,2.27,0.49,0.16,0.16,0.17,0.31,21.02,0.05,5.2,6.82,9.58,0.49,0.39
A3Z physicality,8476872,20232024,Scott Laughton,77024,1,1.16,2.06,88.36,96.57,FALSE,TRUE,,blockedShotsPer60; entryDenialShare,0,0,1.05,2.76,0.04,-0.98,0.07,0.28,-8.21,FALSE,265.18,270.48,24,0.29,,entryTargets,FALSE,A3Z tracked games; five on five,Wings; centers excluded,Defensemen; centers excluded,TRUE,73,190,11,20,11,4,31,5,36,22,15,6,51,71,9,4,14,5,14,26,10,17,2,3,27,44,40,2,4,48,9,8,1,5,3,42,42,3,34,3,3,10.86,2.04,1.81,0.23,1.13,0.68,0.07,0.09,30.85,0.09,2.49,4.53,11.54,1.13,0.4
A3Z physicality,8476878,20232024,Zemgus Girgensons,44792,1,0.64,-0.49,79.37,30.39,FALSE,TRUE,,defensiveRetrievalsPer60; entryDenialShare,0,0,0.6,0.56,0.2,-1.1,-0.15,0.04,48.97,FALSE,230.05,233.03,21,0.33,typedShotsOnNet,entryTargets,FALSE,A3Z tracked games; five on five,Wings; centers excluded,Defensemen; centers excluded,TRUE,75,197,14,25,8,3,14,5,43,21,18,8,33,61,6,2,22,14,3,24,19,5,0,1,16,23,17,0,0,50,37,9,1,0,2,28,28,0,17,1,4,13.04,9.65,2.35,0.26,0,0.52,0,0.24,31.24,0.06,3.65,6.52,8.61,1.3,0.44
A3Z physicality,8476889,20232024,Radek Faksa,55569,1,-0.01,-2.77,49.74,0,FALSE,TRUE,,defensiveRetrievalsPer60; entryDenialShare,0,0,0.43,-1.38,-0.09,-1.22,-0.35,-0.17,49.74,FALSE,264.33,270.15,26,0.35,typedShotsOnNet,entryTargets,FALSE,A3Z tracked games; five on five,Wings; centers excluded,Defensemen; centers excluded,TRUE,75,216,10,28,11,4,16,6,46,19,12,3,46,73,9,4,27,3,8,27,19,2,3,0,22,34,12,0,1,34,44,18,0,0,3,28,28,5,13,2,3,7.72,9.99,4.09,0,0,0.68,0.18,0.23,16.51,0.15,2.27,6.36,10.44,1.36,0.25
A3Z physicality,8476925,20232024,Colton Sissons,80548,1,0.79,-0.32,80.95,36.27,FALSE,TRUE,,botchedRetrievalsPer60; entryDenialShare,0,0,0.89,1.1,-0.07,-1.58,-0.03,0.17,44.68,FALSE,249.15,251.78,22,0.27,,entryTargets,FALSE,A3Z tracked games; five on five,Wings; centers excluded,Defensemen; centers excluded,TRUE,73,200,10,17,14,6,22,1,48,26,15,5,45,72,6,5,22,8,6,24,24,17,6,0,23,32,30,3,1,36,20,10,0,3,1,36,36,3,25,2,2,8.67,4.82,2.41,0,0.72,0.24,0.08,0.08,25.12,0.08,2.41,4.09,10.84,0.24,0.33
A3Z physicality,8476927,20232024,Teddy Blueger,60936,1,1.35,0.1,92.06,57.35,FALSE,TRUE,,botchedRetrievalsPer60; entryDenialShare,0,0,0.52,0.7,0.63,-1.02,0.2,0.41,34.71,FALSE,214.38,220.8,17,0.25,,entryTargets,FALSE,A3Z tracked games; five on five,Wings; centers excluded,Defensemen; centers excluded,TRUE,72,185,13,25,15,7,20,4,43,19,9,3,44,64,10,2,24,8,7,29,14,17,3,1,23,43,30,4,2,23,20,9,0,1,0,35,35,6,25,3,5,6.44,5.6,2.52,0,0.28,0,0.17,0.2,29.73,0.12,3.64,7,12.31,1.12,0.33
A3Z physicality,8477353,20232024,Tyler Motte,51514,1,1.16,-0.36,88.36,33.82,FALSE,TRUE,,blockedShotsPer60; defensiveRetrievalsPer60; botchedRetrievalsPer60; entryDenialShare,0,0,0.36,0.66,0.54,-1.5,0.26,0.47,54.54,FALSE,224.82,227.9,21,0.3,,entryTargets,FALSE,A3Z tracked games; five on five,Wings; centers excluded,Defensemen; centers excluded,TRUE,70,194,13,29,6,1,25,0,34,21,14,7,40,57,3,5,13,12,6,23,11,11,1,0,13,17,26,1,3,32,30,6,0,1,0,32,32,5,22,3,4,8.54,8.01,1.6,0,0.27,0,0.16,0.18,33.3,0.14,3.47,7.74,10.68,0,0.5
A3Z physicality,8477409,20232024,Carter Verhaeghe,81909,1,-0.1,-1.37,48.15,6.86,FALSE,TRUE,,blockedShotsPer60; defensiveRetrievalsPer60; botchedRetrievalsPer60; entryDenialShare,0,0,0.01,0.04,-0.18,-1.69,0.07,0.28,41.29,FALSE,357.17,363.65,26,0.34,,entryTargets,FALSE,A3Z tracked games; five on five,Wings; centers excluded,Defensemen; centers excluded,TRUE,74,183,17,40,31,9,30,1,61,41,13,5,55,92,9,6,20,11,11,34,27,28,5,5,58,83,78,6,5,26,37,10,0,3,2,78,78,8,60,10,5,4.37,6.22,1.68,0,0.5,0.34,0.1,0.08,29.34,0.17,2.86,6.72,9.24,0.17,0.38
A3Z physicality,8477496,20232024,Elias Lindholm,88621,1,0.97,-0.62,86.24,26.96,FALSE,TRUE,,defensiveRetrievalsPer60; botchedRetrievalsPer60; entryDenialShare,0,0,0.41,0.95,0.58,-1.74,-0.03,0.17,59.28,FALSE,278.1,281.63,21,0.28,,entryTargets,FALSE,A3Z tracked games; five on five,Wings; centers excluded,Defensemen; centers excluded,TRUE,73,200,11,27,13,4,24,2,39,30,3,1,36,66,3,2,9,9,10,19,20,15,2,1,26,44,37,0,0,17,15,14,1,3,4,56,56,7,39,0,6,3.67,3.24,3.02,0.22,0.65,0.86,0.12,0.15,28.82,0,2.37,5.83,7.77,0.43,0.33
A3Z physicality,8478427,20232024,Sebastian Aho,91857,1,-0.83,-1.55,17.46,2.94,FALSE,TRUE,,blockedShotsPer60; botchedRetrievalsPer60; entryDenialShare,0,0,-1.14,-0.6,0.15,-1.32,0.16,0.37,14.52,FALSE,499.28,500.47,37,0.47,,,FALSE,A3Z tracked games; five on five,Wings; centers excluded,Defensemen; centers excluded,TRUE,72,189,29,46,41,23,48,6,93,51,21,7,90,151,17,10,42,20,17,48,45,19,4,9,86,123,76,6,8,12,32,8,0,3,4,99,99,6,63,4,8,1.44,3.85,0.96,0,0.36,0.48,0.06,0.13,25.96,0.06,3.48,5.53,10.82,0.72,0.33
A3Z physicality,8478458,20232024,Jack Roslovic,55063,1,-0.72,-1.26,19.05,8.82,FALSE,TRUE,,blockedShotsPer60; defensiveRetrievalsPer60; botchedRetrievalsPer60; entryDenialShare,0,0,-0.04,-0.15,-0.67,-1.29,-0.01,0.19,10.22,FALSE,221.13,224.15,17,0.29,,entryTargets,FALSE,A3Z tracked games; five on five,Wings; centers excluded,Defensemen; centers excluded,TRUE,73,198,7,29,13,4,14,3,44,27,9,4,32,60,6,4,17,15,2,20,24,8,3,1,32,46,30,3,2,12,19,7,0,3,3,36,36,2,25,2,0,3.26,5.16,1.9,0,0.81,0.81,0.06,0,26.85,0.08,1.9,7.87,8.68,0.81,0.44
A3Z physicality,8478891,20232024,Mason Appleton,78956,1,-0.29,-1.5,38.1,3.92,FALSE,TRUE,,blockedShotsPer60; defensiveRetrievalsPer60; entryDenialShare,0,0,-0.35,-0.26,0.13,-1.37,-0.07,0.13,34.17,FALSE,397.18,402.6,29,0.35,,entryTargets,FALSE,A3Z tracked games; five on five,Wings; centers excluded,Defensemen; centers excluded,TRUE,74,196,22,38,25,16,35,8,72,54,10,3,56,103,8,4,18,24,15,38,34,26,1,3,50,84,62,5,8,47,48,6,0,2,5,72,72,8,49,5,4,7.1,7.25,0.91,0,0.3,0.76,0.11,0.08,26.65,0.1,3.32,5.74,8.46,1.21,0.3
A3Z physicality,8479316,20232024,Luke Kunin,72722,1,0.8,-1.21,81.48,9.8,FALSE,TRUE,,defensiveRetrievalsPer60; botchedRetrievalsPer60,0,1,0.52,0.72,0.21,-2.21,0.08,0.28,71.68,FALSE,213.12,215.83,18,0.23,typedShotsOnNet,entryTargets,FALSE,A3Z tracked games; five on five,Wings; centers excluded,Defensemen; centers excluded,TRUE,72,197,3,14,4,0,15,1,27,19,0,0,28,43,4,4,8,5,10,16,11,16,1,1,10,13,23,4,3,35,16,7,0,1,1,28,28,7,19,1,2,9.85,4.5,1.97,0,0.28,0.28,0.25,0.11,18.86,0.05,0.84,3.94,7.88,0.28,NA
A3Z physicality,8479591,20232024,Michael Eyssimont,57605,1,0.99,-0.42,87.3,31.86,TRUE,TRUE,hitsReceivedPer60,hitsReceivedPer60; blockedShotsPer60; defensiveRetrievalsPer60; botchedRetrievalsPer60; entryDenialShare,0,0,0.86,0.92,0.04,-1.64,0.1,0.3,55.44,FALSE,283.67,287.73,25,0.31,,entryTargets,FALSE,A3Z tracked games; five on five,Wings; centers excluded,Defensemen; centers excluded,TRUE,72,195,13,40,14,8,13,4,33,25,9,4,22,49,3,3,8,12,5,15,18,18,2,2,29,41,60,2,0,47,57,9,1,4,3,71,71,6,56,3,1,9.94,12.06,1.9,0.21,0.85,0.63,0.08,0.02,33.97,0.05,2.75,8.46,4.65,0.85,0.44
A3Z physicality,8480289,20232024,Morgan Barron,50385,1,0.85,-0.36,83.07,34.31,FALSE,TRUE,,defensiveRetrievalsPer60; entryDenialShare,0,0,0.97,1.22,0.35,-1.28,-0.47,-0.3,48.76,FALSE,253.92,258.57,29,0.36,,entryTargets,FALSE,A3Z tracked games; five on five,Wings; centers excluded,Defensemen; centers excluded,TRUE,76,220,15,28,17,12,20,6,53,30,9,3,34,67,10,1,23,17,8,27,26,14,2,1,19,40,34,1,4,43,24,13,1,2,4,43,43,5,34,1,1,10.16,5.67,3.07,0.24,0.47,0.95,0.12,0.03,27.59,0.03,3.54,6.62,8.03,1.42,0.33
A3Z physicality,8480448,20232024,Parker Kelly,56192,1,0.82,-1.83,81.48,1.96,TRUE,TRUE,hitsReceivedPer60,hitsReceivedPer60; defensiveRetrievalsPer60; botchedRetrievalsPer60; entryDenialShare,0,0,1.16,-1.04,-0.47,-1.12,0.12,0.34,79.52,FALSE,201.9,207.9,25,0.31,typedShotsOnNet,entryTargets,FALSE,A3Z tracked games; five on five,Wings; centers excluded,Defensemen; centers excluded,TRUE,73,185,7,24,7,3,19,1,48,37,3,2,33,73,3,5,11,15,8,17,31,7,0,1,11,18,14,0,0,49,46,16,0,1,4,22,22,0,15,2,2,14.56,13.67,4.75,0,0.3,1.19,0,0.13,34.93,0.13,2.08,7.13,9.81,0.3,0.67
A3Z physicality,8480829,20232024,Jesperi Kotkaniemi,61521,1,-0.67,-1.76,20.63,1.96,FALSE,TRUE,,blockedShotsPer60; botchedRetrievalsPer60; entryDenialShare,0,0,0.04,-0.15,-0.4,-1.48,-0.31,-0.13,18.67,FALSE,440.63,451.12,38,0.48,,,FALSE,A3Z tracked games; five on five,Wings; centers excluded,Defensemen; centers excluded,TRUE,75,212,12,57,21,11,35,6,84,42,25,5,80,131,13,13,42,12,12,42,42,20,3,9,57,87,49,2,3,34,49,12,0,6,7,78,78,11,53,5,3,4.63,6.67,1.63,0,0.82,0.95,0.14,0.06,22.78,0.09,1.63,7.76,10.89,0.82,0.2
A3Z physicality,8480980,20232024,Connor Dewar,51726,1,1.9,-0.02,95.24,51.96,FALSE,TRUE,,defensiveRetrievalsPer60; botchedRetrievalsPer60; entryDenialShare,0,0,1.04,1.25,0.52,-1.82,0.33,0.55,43.28,FALSE,163.27,165.93,19,0.26,typedShotsOnNet,entryTargets,FALSE,A3Z tracked games; five on five,Wings; centers excluded,Defensemen; centers excluded,TRUE,70,187,13,17,5,2,10,3,18,7,7,0,25,42,7,2,11,3,3,10,8,9,0,0,5,10,15,0,1,27,15,6,0,3,1,21,21,1,13,0,1,9.92,5.51,2.2,0,1.1,0.37,0.05,0.08,27.02,0,4.78,6.25,9.19,1.1,0
A3Z physicality,8481477,20232024,Nico Sturm,55412,1,-0.68,-1.92,20.11,1.96,FALSE,TRUE,,blockedShotsPer60; defensiveRetrievalsPer60; botchedRetrievalsPer60,0,0,-0.29,-0.02,-0.11,-1.81,-0.28,-0.09,18.15,FALSE,155.3,160.35,13,0.21,typedShotsOnNet,entryTargets,FALSE,A3Z tracked games; five on five,Wings; centers excluded,Defensemen; centers excluded,TRUE,75,209,3,19,3,3,8,2,24,15,11,2,20,40,7,1,9,9,3,10,14,7,0,2,9,20,18,6,3,6,13,4,0,2,1,24,24,5,16,2,4,2.32,5.02,1.55,0,0.77,0.39,0.21,0.25,19.88,0.12,1.16,7.34,7.73,0.77,0.18
A3Z physicality,8481481,20232024,Blake Lizotte,43974,1,1.31,-0.3,91.01,36.27,TRUE,TRUE,hitsReceivedPer60; dumpInRecoveriesPer60,hitsReceivedPer60; entryDenialShare,0,0,0.35,-1.14,0.44,0.08,0.53,0.75,54.73,FALSE,154.3,158.43,18,0.29,typedShotsOnNet,entryTargets,FALSE,A3Z tracked games; five on five,Wings; centers excluded,Defensemen; centers excluded,TRUE,69,176,14,22,7,6,20,5,21,14,8,6,36,57,6,5,7,6,2,8,13,8,2,1,21,30,15,1,2,16,32,7,0,1,2,24,24,1,19,2,4,6.22,12.44,2.72,0,0.39,0.78,0.04,0.21,31.49,0.11,5.44,8.55,14,1.94,0.75
A3Z physicality,8481528,20232024,Dylan Cozens,81649,1,-0.88,0.6,16.93,77.94,FALSE,TRUE,,blockedShotsPer60; defensiveRetrievalsPer60; entryDenialShare,0,0,0.04,1.71,-0.68,-1.06,-0.24,-0.05,-61.01,FALSE,223.52,226.02,19,0.24,,entryTargets,FALSE,A3Z tracked games; five on five,Wings; centers excluded,Defensemen; centers excluded,TRUE,75,205,8,15,11,11,28,7,40,34,4,1,38,57,6,2,6,12,12,24,16,9,2,2,18,35,24,2,1,26,18,4,1,1,1,29,29,0,23,3,1,6.98,4.83,1.07,0.27,0.27,0.27,0,0.04,27.51,0.13,2.15,4.03,10.2,1.88,0.25
A3Z physicality,8481704,20232024,Juuso Parssinen,38543,1,-0.38,-1.05,34.39,15.2,FALSE,TRUE,,blockedShotsPer60; contactPenaltiesDrawnPer60; defensiveRetrievalsPer60; botchedRetrievalsPer60; entryDenialShare,0,0,-0.06,0.42,-0.06,-1.4,-0.26,-0.07,19.2,FALSE,155,157.55,13,0.3,locatedAttempts; typedShotsOnNet,entryTargets,FALSE,A3Z tracked games; five on five,Wings; centers excluded,Defensemen; centers excluded,TRUE,75,207,4,9,3,3,15,2,24,16,5,2,22,36,5,0,8,3,6,13,11,5,1,0,12,20,11,1,2,14,6,4,0,2,5,16,16,3,13,1,1,5.42,2.32,1.55,0,0.77,1.94,0.19,0.08,15.52,0.08,1.55,3.48,8.52,0.77,0.4
A3Z physicality,8482745,20232024,Mason McTavish,62499,1,-0.23,-1.09,41.27,13.24,TRUE,TRUE,forecheckPressuresPer60,contactPenaltiesDrawnPer60; defensiveRetrievalsPer60; botchedRetrievalsPer60; entryDenialShare,0,0,0.01,0.35,-0.02,-1.4,-0.23,-0.05,28.03,FALSE,201.87,206.72,16,0.25,,entryTargets,FALSE,A3Z tracked games; five on five,Wings; centers excluded,Defensemen; centers excluded,TRUE,73,219,4,10,8,4,12,2,25,18,2,1,26,40,6,3,7,8,5,14,11,10,1,1,19,26,26,4,3,10,7,7,0,4,5,37,37,7,24,3,4,2.97,2.08,2.08,0,1.19,1.49,0.19,0.17,19.1,0.12,1.19,2.97,7.73,0.59,0.5
A3Z physicality,8484153,20232024,Leo Carlsson,59760,1,-1.65,-1.34,4.23,6.86,FALSE,TRUE,,blockedShotsPer60; botchedRetrievalsPer60; entryDenialShare,0,0,-0.68,0.07,-0.71,-1.33,-0.27,-0.08,-2.63,FALSE,168.3,171.1,12,0.22,,entryTargets,FALSE,A3Z tracked games; five on five,Wings; centers excluded,Defensemen; centers excluded,TRUE,75,208,4,13,8,6,24,1,28,25,10,4,33,46,5,2,3,10,8,17,11,3,3,1,20,37,20,1,1,9,6,3,0,1,2,23,23,0,20,1,2,3.21,2.14,1.07,0,0.36,0.71,0,0.1,21.54,0.05,1.43,4.63,11.76,0.36,0.4
A3Z physicality,8470794,20232024,Joe Pavelski,82702,2,0.14,-0.61,58.73,26.96,FALSE,TRUE,,defensiveRetrievalsPer60; botchedRetrievalsPer60; entryDenialShare,0,0,0.35,-0.05,-0.27,-0.77,0.06,0.21,31.77,FALSE,406.97,413.17,31,0.38,,entryTargets,FALSE,A3Z tracked games; five on five,Wings; centers excluded,Defensemen; centers excluded,TRUE,73,196,8,38,10,8,33,2,67,55,8,2,52,102,6,4,12,7,21,33,34,21,1,1,29,55,52,7,7,35,13,24,0,2,4,65,65,6,50,2,7,5.16,1.92,3.54,0,0.29,0.59,0.09,0.14,24.41,0.04,1.18,5.6,7.67,0.29,0.25
A3Z physicality,8471675,20232024,Sidney Crosby,98827,2,-0.32,-0.85,37.04,21.57,FALSE,TRUE,,botchedRetrievalsPer60; entryDenialShare,0,0,-0.51,-0.85,0.06,-0.32,0.13,0.33,15.47,FALSE,345.82,345.27,23,0.28,,entryTargets,FALSE,A3Z tracked games; five on five,Wings; centers excluded,Defensemen; centers excluded,TRUE,71,200,17,37,36,19,38,4,57,38,8,2,63,95,3,6,19,9,17,34,23,17,8,9,90,125,61,5,7,20,9,10,0,1,3,80,80,13,50,9,8,3.47,1.56,1.74,0,0.17,0.52,0.16,0.16,22.15,0.18,2.95,6.42,10.93,0.69,0.25
A3Z physicality,8471699,20232024,Andrew Cogliano,47744,2,1.17,-1.9,88.36,1.96,TRUE,TRUE,medianShotDistance,botchedRetrievalsPer60,0,0,0.29,-0.39,0.56,-2.17,0.32,0.67,86.4,FALSE,183.78,185.95,24,0.32,locatedAttempts; typedShotsOnNet,entryTargets,FALSE,A3Z tracked games; five on five,Wings; centers excluded,Defensemen; centers excluded,TRUE,70,179,9,16,14,7,16,3,34,20,5,0,31,48,7,3,14,6,8,22,12,6,2,1,22,33,16,1,1,12,17,9,0,4,3,17,17,1,14,0,2,3.92,5.55,2.94,0,1.31,0.98,0.06,0.14,40.5,0,2.94,5.22,10.12,0.98,0
A3Z physicality,8474189,20232024,Lars Eller,78550,2,-0.22,-1.19,41.8,10.78,FALSE,TRUE,,botchedRetrievalsPer60; entryDenialShare,0,0,-0.31,-0.98,0.14,-0.2,-0.06,-0.01,31.01,FALSE,258.35,266.27,23,0.28,,entryTargets,FALSE,A3Z tracked games; five on five,Wings; centers excluded,Defensemen; centers excluded,TRUE,74,207,13,22,14,7,23,1,49,37,8,3,44,77,8,7,12,17,10,24,25,11,2,0,28,43,43,6,3,7,29,9,0,5,1,57,57,4,43,4,5,1.63,6.74,2.09,0,1.16,0.23,0.07,0.12,30.23,0.09,3.02,5.11,10.22,0.23,0.38
A3Z physicality,8474641,20232024,Adam Henrique,82898,2,0.36,-2.42,67.2,0,FALSE,FALSE,,,0,0,0.09,-0.69,0.15,-2.03,0.12,0.3,67.2,FALSE,208.85,211,18,0.22,typedShotsOnNet,entryTargets,TRUE,A3Z tracked games; five on five,Wings; centers excluded,Defensemen; centers excluded,TRUE,72,195,8,25,12,6,21,4,36,27,10,0,39,61,7,5,9,8,10,21,15,15,2,0,14,29,26,2,0,15,14,10,0,1,2,28,28,3,18,2,0,4.31,4.02,2.87,0,0.29,0.57,0.11,0,29.52,0.11,2.3,7.18,11.2,1.15,0
A3Z physicality,8475168,20232024,Matt Duchene,80478,2,-0.45,-0.88,29.63,20.59,FALSE,TRUE,,defensiveRetrievalsPer60; botchedRetrievalsPer60; entryDenialShare,0,0,-0.53,-1.31,0.02,0.24,0.06,0.2,9.04,FALSE,399.4,403.63,30,0.38,,entryTargets,FALSE,A3Z tracked games; five on five,Wings; centers excluded,Defensemen; centers excluded,TRUE,71,211,11,37,27,16,32,3,62,41,6,4,62,104,12,8,21,16,11,31,31,17,4,8,51,85,59,2,2,13,27,17,0,1,2,77,77,9,44,5,5,1.95,4.06,2.55,0,0.15,0.3,0.12,0.11,26.83,0.11,1.65,5.56,9.31,0.45,0.67
A3Z physicality,8475714,20232024,Calle Jarnkrok,47606,2,-0.66,-1.6,21.16,2.45,FALSE,TRUE,,blockedShotsPer60; defensiveRetrievalsPer60; botchedRetrievalsPer60; entryDenialShare,0,0,-0.34,-1.33,-0.46,-0.6,0.13,0.33,18.71,FALSE,242.78,248.78,21,0.4,,entryTargets,FALSE,A3Z tracked games; five on five,Wings; centers excluded,Defensemen; centers excluded,TRUE,72,193,11,25,4,4,14,0,37,23,5,2,26,49,4,0,14,11,4,18,19,16,0,2,17,32,34,3,4,19,30,3,0,3,2,39,39,2,24,3,3,4.7,7.41,0.74,0,0.74,0.49,0.05,0.12,21.93,0.12,2.72,6.18,6.43,0,0.4
A3Z physicality,8476419,20232024,Jean-Gabriel Pageau,78269,2,1.45,0.8,93.12,81.86,FALSE,TRUE,,entryDenialShare,0,0,1.3,0.41,-0.12,-0.18,0.26,0.57,11.26,FALSE,352.62,357.72,29,0.35,typedShotsOnNet,entryTargets,FALSE,A3Z tracked games; five on five,Wings; centers excluded,Defensemen; centers excluded,TRUE,71,180,15,37,20,10,36,11,57,42,19,4,62,88,3,7,15,21,9,37,20,8,0,2,27,53,20,5,1,68,30,27,0,2,3,33,33,7,19,1,4,11.57,5.1,4.59,0,0.34,0.51,0.21,0.21,13.6,0.05,2.55,6.3,10.55,1.87,0.21
A3Z physicality,8476479,20232024,Phillip Danault,84339,2,0.01,-1.74,50.79,1.96,FALSE,FALSE,,,0,0,-0.25,-0.96,0.22,-0.94,0.04,0.16,48.83,FALSE,302.85,306.63,23,0.29,,entryTargets,TRUE,A3Z tracked games; five on five,Wings; centers excluded,Defensemen; centers excluded,TRUE,73,200,14,26,13,10,40,6,47,34,12,1,68,103,13,3,13,7,15,25,22,8,3,3,39,61,37,3,2,17,18,13,0,2,5,52,52,10,39,6,4,3.37,3.57,2.58,0,0.4,0.99,0.19,0.1,20.53,0.15,2.77,5.15,13.47,1.19,0.08
A3Z physicality,8476826,20232024,Yanni Gourde,83749,2,1.32,0.21,91.01,63.24,FALSE,FALSE,,,0,0,0.64,-0.18,0.28,-0.43,0.41,0.82,27.77,FALSE,385.62,395.1,27,0.34,,entryTargets,TRUE,A3Z tracked games; five on five,Wings; centers excluded,Defensemen; centers excluded,TRUE,69,173,26,49,23,17,40,11,61,47,7,1,80,120,12,12,14,13,15,30,31,13,4,3,44,66,42,1,6,51,40,15,0,6,5,59,59,9,41,4,7,7.94,6.22,2.33,0,0.93,0.78,0.15,0.17,27.29,0.1,4.05,7.62,12.45,1.71,0.14
A3Z physicality,8476897,20232024,Oskar Sundqvist,56444,2,0.56,-0.13,75.66,46.57,FALSE,TRUE,,contactPenaltiesDrawnPer60; botchedRetrievalsPer60; entryDenialShare,0,0,0.35,-0.52,0.34,0.53,-0.12,-0.13,29.09,FALSE,223.73,226.77,23,0.32,,entryTargets,FALSE,A3Z tracked games; five on five,Wings; centers excluded,Defensemen; centers excluded,TRUE,75,210,8,18,9,4,18,3,26,18,4,3,39,55,8,5,8,5,5,15,11,14,1,2,13,17,28,3,1,22,22,12,0,3,7,36,36,5,23,1,5,5.9,5.9,3.22,0,0.8,1.88,0.14,0.22,29.7,0.04,2.15,4.83,10.46,0.8,0.75
A3Z physicality,8477404,20232024,Jake Guentzel,80483,2,-0.13,-1.52,47.09,2.94,FALSE,TRUE,,defensiveRetrievalsPer60; botchedRetrievalsPer60; entryDenialShare,0,0,-0.57,-1.45,0.15,-0.69,0.29,0.62,44.15,FALSE,404.03,404.4,27,0.4,,entryTargets,FALSE,A3Z tracked games; five on five,Wings; centers excluded,Defensemen; centers excluded,TRUE,71,176,18,52,37,18,23,0,59,43,14,5,44,90,6,8,16,6,16,27,32,23,4,6,59,102,80,6,10,21,28,12,0,1,4,96,96,24,64,4,9,3.12,4.16,1.78,0,0.15,0.59,0.25,0.14,19.89,0.06,2.67,7.72,6.53,0,0.36
A3Z physicality,8477492,20232024,Nathan MacKinnon,112246,2,-0.3,-0.99,37.57,16.67,FALSE,TRUE,,botchedRetrievalsPer60; entryDenialShare,0,0,-0.43,-0.98,0.04,-0.25,0.09,0.24,20.9,FALSE,398.9,406.63,25,0.3,,,FALSE,A3Z tracked games; five on five,Wings; centers excluded,Defensemen; centers excluded,TRUE,72,200,10,25,19,23,45,3,71,53,20,6,72,96,6,3,18,24,20,51,20,24,3,11,77,115,110,7,7,10,21,22,0,2,2,105,105,7,76,9,9,1.5,3.16,3.31,0,0.3,0.3,0.07,0.12,29.41,0.12,1.5,3.76,10.83,0.45,0.3
A3Z physicality,8477505,20232024,Alexander Wennberg,85267,2,-0.02,-0.78,49.74,23.53,FALSE,TRUE,,botchedRetrievalsPer60; entryDenialShare,0,0,-0.1,-0.89,0.03,-0.08,0.05,0.19,26.21,FALSE,373.07,379.15,28,0.35,,,FALSE,A3Z tracked games; five on five,Wings; centers excluded,Defensemen; centers excluded,TRUE,74,190,9,39,18,13,45,6,51,36,20,6,66,87,7,2,15,14,13,33,18,7,2,0,36,64,28,4,3,21,26,17,0,1,2,31,31,4,25,2,5,3.38,4.18,2.73,0,0.16,0.32,0.13,0.2,28.79,0.08,1.45,6.27,10.61,0.96,0.3
A3Z physicality,8477951,20232024,Nick Schmaltz,90903,2,-1.94,-1.69,3.17,1.96,FALSE,TRUE,,blockedShotsPer60; defensiveRetrievalsPer60; botchedRetrievalsPer60; entryDenialShare,0,0,-1.54,-2.1,-0.59,-0.03,0.19,0.44,1.21,FALSE,236.27,238.48,17,0.22,,entryTargets,FALSE,A3Z tracked games; five on five,Wings; centers excluded,Defensemen; centers excluded,TRUE,72,184,7,24,14,14,18,2,35,27,12,5,38,66,12,7,8,8,10,20,15,5,3,9,40,66,35,1,0,3,11,5,0,1,2,35,35,0,24,3,0,0.76,2.79,1.27,0,0.25,0.51,0,0,28,0.12,1.78,6.09,9.65,0.51,0.42
A3Z physicality,8477952,20232024,Robby Fabbri,52503,2,0.41,-2.04,69.31,1.96,FALSE,FALSE,,,0,0,0.4,-0.53,-0.22,-2.02,0.23,0.51,67.35,FALSE,229.32,231.52,22,0.32,typedShotsOnNet,entryTargets,TRUE,A3Z tracked games; five on five,Wings; centers excluded,Defensemen; centers excluded,TRUE,71,185,7,27,13,4,22,5,34,24,7,0,41,69,11,6,10,9,7,19,15,7,1,2,20,34,22,5,2,17,26,11,0,2,1,21,21,4,15,0,2,4.45,6.8,2.88,0,0.52,0.26,0.19,0.13,15.03,0,1.83,7.06,10.73,1.31,0
A3Z physicality,8478010,20232024,Brayden Point,97390,2,-1.31,-1.9,7.41,1.96,FALSE,TRUE,,blockedShotsPer60; defensiveRetrievalsPer60; botchedRetrievalsPer60; entryDenialShare,0,0,-1.42,-2.24,-0.18,-0.26,0.28,0.61,5.45,FALSE,388.32,392.48,26,0.32,,entryTargets,FALSE,A3Z tracked games; five on five,Wings; centers excluded,Defensemen; centers excluded,TRUE,71,177,10,37,13,8,38,2,60,50,13,5,57,95,8,4,10,24,12,30,30,19,2,8,40,82,55,2,4,6,26,10,0,2,6,67,67,12,48,7,5,0.93,4.02,1.55,0,0.31,0.93,0.18,0.1,16.28,0.15,1.55,5.72,8.81,0.31,0.38
A3Z physicality,8478403,20232024,Jack Eichel,77565,2,-0.23,-1,41.8,16.18,FALSE,TRUE,,entryDenialShare,0,0,-0.37,-1.46,0.21,0.48,-0.06,-0.02,25.62,FALSE,244,246.58,19,0.3,,entryTargets,FALSE,A3Z tracked games; five on five,Wings; centers excluded,Defensemen; centers excluded,TRUE,74,208,14,24,19,15,31,6,49,44,14,7,42,67,5,3,5,21,11,26,23,14,7,2,42,66,53,3,1,8,22,14,0,0,1,57,57,3,47,2,2,1.97,5.41,3.44,0,0,0.25,0.05,0.04,33.02,0.04,3.44,5.9,10.33,1.48,0.5
A3Z physicality,8478440,20232024,Dylan Strome,88314,2,-1.7,-2.81,3.7,0,FALSE,TRUE,,botchedRetrievalsPer60,0,0,-1.32,-1.79,-0.28,-0.92,-0.11,-0.1,3.7,FALSE,346.62,350,25,0.3,,entryTargets,FALSE,A3Z tracked games; five on five,Wings; centers excluded,Defensemen; centers excluded,TRUE,76,200,6,29,24,9,39,2,50,40,12,2,59,88,8,5,10,10,19,31,19,13,3,5,41,68,37,2,4,4,10,14,0,0,2,49,49,5,30,1,6,0.69,1.73,2.42,0,0,0.35,0.1,0.2,23.02,0.03,1.04,5.02,10.21,0.35,0.17
A3Z physicality,8478493,20232024,Joel Eriksson Ek,94837,2,1.02,-0.13,87.3,46.08,FALSE,TRUE,,blockedShotsPer60; defensiveRetrievalsPer60; botchedRetrievalsPer60; entryDenialShare,0,0,0.4,-0.07,0.72,0.03,-0.1,-0.1,41.22,FALSE,228.93,229.88,18,0.23,,entryTargets,FALSE,A3Z tracked games; five on five,Wings; centers excluded,Defensemen; centers excluded,TRUE,75,207,19,39,12,6,19,4,38,23,11,4,36,60,3,3,15,8,6,21,17,22,3,1,17,31,40,2,1,31,21,4,0,4,1,49,49,14,36,2,0,8.12,5.5,1.05,0,1.05,0.26,0.29,0,27.31,0.06,4.98,10.22,9.44,1.05,0.36
A3Z physicality,8478508,20232024,Yakov Trenin,66455,2,1.2,0.84,88.89,82.84,FALSE,TRUE,,blockedShotsPer60; defensiveRetrievalsPer60; botchedRetrievalsPer60; entryDenialShare,0,0,1.12,1.02,0.1,-0.23,-0.02,0.06,6.05,FALSE,281.28,285.07,23,0.3,,entryTargets,FALSE,A3Z tracked games; five on five,Wings; centers excluded,Defensemen; centers excluded,TRUE,74,201,18,41,24,5,24,3,41,25,12,4,42,67,6,4,16,8,9,23,18,22,5,0,36,47,37,0,3,69,35,6,1,4,1,54,54,7,36,3,4,14.72,7.47,1.28,0.21,0.85,0.21,0.13,0.11,26.25,0.08,3.84,8.75,8.96,0.64,0.33
A3Z physicality,8478519,20232024,Anthony Cirelli,87779,2,-0.04,-0.23,49.74,40.69,FALSE,TRUE,,contactPenaltiesDrawnPer60; defensiveRetrievalsPer60; botchedRetrievalsPer60; entryDenialShare,0,0,0.03,-0.62,-0.15,0.14,0.08,0.24,9.05,FALSE,341.2,343.73,25,0.32,,entryTargets,FALSE,A3Z tracked games; five on five,Wings; centers excluded,Defensemen; centers excluded,TRUE,73,193,15,38,27,14,29,5,42,30,15,8,45,75,6,5,12,13,11,23,19,11,7,2,52,76,31,0,5,24,20,18,0,3,8,41,41,4,24,2,1,4.22,3.52,3.17,0,0.53,1.41,0.1,0.04,22.56,0.08,2.64,6.68,7.91,0.88,0.53
A3Z physicality,8478585,20232024,Derek Ryan,42812,2,-0.29,-2.24,37.57,0,TRUE,TRUE,hitsReceivedPer60,hitsReceivedPer60; defensiveRetrievalsPer60; botchedRetrievalsPer60; entryDenialShare,0,0,-0.4,-2.44,-0.17,-0.39,0.28,0.6,37.57,FALSE,259.55,261.07,31,0.44,typedShotsOnNet,entryTargets,FALSE,A3Z tracked games; five on five,Wings; centers excluded,Defensemen; centers excluded,TRUE,70,185,13,38,18,8,18,3,30,21,12,4,30,51,8,3,9,10,5,16,14,12,4,2,29,45,23,1,5,13,50,12,0,0,4,25,25,3,18,2,1,3.01,11.56,2.77,0,0,0.92,0.12,0.06,21.95,0.11,3.01,8.78,6.94,0.69,0.33
A3Z physicality,8479318,20232024,Auston Matthews,101897,2,0.33,-0.44,66.67,31.86,FALSE,TRUE,,botchedRetrievalsPer60; entryDenialShare,0,0,0.73,0.15,-0.24,-0.39,-0.16,-0.19,34.8,FALSE,380.47,382.5,25,0.31,,entryTargets,FALSE,A3Z tracked games; five on five,Wings; centers excluded,Defensemen; centers excluded,TRUE,75,215,22,54,37,21,46,6,43,35,18,4,66,90,5,6,8,11,15,27,16,40,8,1,54,90,99,9,9,34,26,26,0,2,1,108,108,10,75,7,11,5.36,4.1,4.1,0,0.32,0.16,0.09,0.15,23.35,0.09,3.47,8.52,10.41,0.95,0.22
A3Z physicality,8479353,20232024,Brett Howden,57142,2,1.09,0.17,87.3,61.27,FALSE,TRUE,,defensiveRetrievalsPer60; botchedRetrievalsPer60; entryDenialShare,0,0,1.12,0.86,-0.01,-0.76,-0.02,0.06,26.03,FALSE,219,226.33,20,0.28,typedShotsOnNet,entryTargets,FALSE,A3Z tracked games; five on five,Wings; centers excluded,Defensemen; centers excluded,TRUE,74,201,8,24,10,6,13,2,28,18,8,2,24,49,9,3,10,9,3,12,16,14,2,1,18,32,23,4,3,25,15,15,0,2,0,25,25,4,14,1,2,6.85,4.11,4.11,0,0.55,0,0.16,0.14,22.2,0.07,2.19,6.58,6.58,0.55,0.25
A3Z physicality,8479999,20232024,Casey Mittelstadt,85102,2,-1.25,-0.92,7.41,18.63,TRUE,TRUE,forecheckPressuresPer60,blockedShotsPer60; botchedRetrievalsPer60; entryDenialShare,0,0,-0.89,-1.34,-0.37,0.32,0.01,0.1,-11.22,FALSE,308.3,312.07,22,0.28,,,FALSE,A3Z tracked games; five on five,Wings; centers excluded,Defensemen; centers excluded,TRUE,73,205,8,14,16,9,35,5,53,35,20,9,57,97,5,7,18,17,9,25,28,8,5,4,43,60,33,3,1,6,21,8,0,3,1,34,34,1,27,3,2,1.17,4.09,1.56,0,0.58,0.19,0.03,0.07,20.82,0.11,1.56,2.72,11.09,0.97,0.45
A3Z physicality,8480012,20232024,Elias Pettersson,96680,2,0.18,-0.48,58.73,30.88,FALSE,TRUE,,botchedRetrievalsPer60; entryDenialShare,0,0,0.15,-1.02,-0.11,0.18,0.15,0.36,27.85,FALSE,306.87,308.63,23,0.28,,entryTargets,FALSE,A3Z tracked games; five on five,Wings; centers excluded,Defensemen; centers excluded,TRUE,74,176,8,32,16,13,43,3,48,34,10,4,63,92,6,5,14,17,8,27,21,11,1,4,44,69,36,3,5,25,29,16,0,0,2,49,49,7,32,1,7,4.89,5.67,3.13,0,0,0.39,0.14,0.22,23.41,0.03,1.56,6.26,12.32,0.59,0.4
A3Z physicality,8480014,20232024,Gabriel Vilardi,47961,2,-1.28,-1.62,7.41,2.45,TRUE,TRUE,forecheckPressuresPer60,defensiveRetrievalsPer60; botchedRetrievalsPer60; entryDenialShare,0,0,-0.79,-1.72,-0.32,0.3,-0.16,-0.2,4.96,FALSE,171.65,171.67,13,0.28,typedShotsOnNet,entryTargets,FALSE,A3Z tracked games; five on five,Wings; centers excluded,Defensemen; centers excluded,TRUE,75,216,13,35,6,4,13,2,27,20,1,1,20,40,7,1,7,3,10,16,11,0,3,0,8,22,15,1,3,6,10,7,0,0,2,21,21,4,14,1,3,2.1,3.5,2.45,0,0,0.7,0.19,0.21,13.04,0.07,4.54,12.23,6.99,0.7,1
A3Z physicality,8480064,20232024,Josh Norris,52912,2,0.32,-0.14,65.61,46.08,FALSE,TRUE,,botchedRetrievalsPer60; entryDenialShare,0,0,0.82,-0.06,-0.52,-0.2,0.02,0.12,19.53,FALSE,285.8,290.82,21,0.42,,entryTargets,FALSE,A3Z tracked games; five on five,Wings; centers excluded,Defensemen; centers excluded,TRUE,74,196,10,42,18,3,30,4,45,31,11,3,51,87,10,5,14,12,11,25,20,16,1,0,29,47,36,2,5,43,31,12,0,3,2,45,45,4,38,1,6,9.03,6.51,2.52,0,0.63,0.42,0.09,0.16,20.62,0.03,2.1,8.82,10.71,0.84,0.27
A3Z physicality,8481028,20232024,Martin Pospisil,48080,2,0.59,0.15,77.25,60.29,FALSE,TRUE,,hitsPer60; blockedShotsPer60; contactPenaltiesDrawnPer60; defensiveRetrievalsPer60; botchedRetrievalsPer60; entryDenialShare,0,0,0.49,-0.33,-0.07,0.08,0.16,0.4,16.95,FALSE,166.1,169.05,15,0.24,,entryTargets,FALSE,A3Z tracked games; five on five,Wings; centers excluded,Defensemen; centers excluded,TRUE,74,173,7,30,12,5,13,1,28,20,5,3,24,47,7,5,8,12,3,16,12,9,0,2,21,35,27,3,2,52,20,2,0,3,5,31,31,4,23,1,3,18.78,7.22,0.72,0,1.08,1.81,0.13,0.13,28.02,0.04,2.53,10.84,8.67,0.36,0.6
A3Z physicality,8481559,20232024,Jack Hughes,78023,2,-2.32,-1.59,1.59,2.45,FALSE,TRUE,,blockedShotsPer60; entryDenialShare,0,0,-2.34,-3.11,-0.28,0.89,0.3,0.63,-0.86,FALSE,225.38,225.08,15,0.24,,entryTargets,FALSE,A3Z tracked games; five on five,Wings; centers excluded,Defensemen; centers excluded,TRUE,71,175,5,17,14,14,25,8,45,37,8,6,39,71,9,4,8,18,10,24,21,8,3,3,51,76,43,0,1,2,10,2,0,0,3,47,47,1,28,0,0,0.53,2.66,0.53,0,0,0.8,0.02,0,28.64,0,1.33,4.53,10.38,2.13,0.75
A3Z physicality,8481618,20232024,Alex Newhook,55857,2,-0.47,-2.84,29.1,0,FALSE,TRUE,,blockedShotsPer60; defensiveRetrievalsPer60; botchedRetrievalsPer60,0,0,-0.11,-0.85,-0.49,-2.32,0.13,0.33,29.1,FALSE,179.95,180.28,14,0.25,locatedAttempts; typedShotsOnNet,entryTargets,FALSE,A3Z tracked games; five on five,Wings; centers excluded,Defensemen; centers excluded,TRUE,71,200,8,16,12,3,11,3,21,16,8,0,25,43,8,3,5,9,3,12,9,3,1,3,20,28,14,0,1,16,18,3,0,3,2,14,14,1,11,0,3,5.33,6,1,0,1,0.67,0.07,0.27,16.92,0,2.67,5.33,8.34,1,0
A3Z physicality,8482665,20232024,Matty Beniers,82990,2,-0.46,-1.07,29.1,13.73,FALSE,TRUE,,entryDenialShare,0,0,-0.38,-1.98,-0.19,0.6,0.11,0.3,15.38,FALSE,339.27,343.38,24,0.31,,entryTargets,FALSE,A3Z tracked games; five on five,Wings; centers excluded,Defensemen; centers excluded,TRUE,74,181,18,35,21,9,63,10,64,59,14,5,81,115,9,2,5,28,13,36,28,12,4,4,50,80,34,0,1,19,46,14,0,0,4,44,44,3,27,1,5,3.36,8.14,2.48,0,0,0.71,0.07,0.19,25.04,0.04,3.18,6.19,14.33,1.77,0.36
A3Z physicality,8484166,20232024,Adam Fantilli,46188,2,-0.25,-1.29,40.74,8.33,FALSE,TRUE,,botchedRetrievalsPer60; entryDenialShare,0,0,-0.1,-1.36,-0.1,0.06,-0.04,0.01,32.41,FALSE,192.43,194.68,16,0.33,,entryTargets,FALSE,A3Z tracked games; five on five,Wings; centers excluded,Defensemen; centers excluded,TRUE,74,205,10,17,8,2,18,2,35,23,5,2,34,58,7,4,12,11,5,18,17,11,3,3,22,26,33,1,1,18,18,8,0,0,3,33,33,0,24,1,1,5.61,5.61,2.49,0,0,0.94,0,0.04,34.18,0.04,3.12,5.3,10.6,0.62,0.4
A3Z physicality,8474870,20232024,Tyler Johnson,62465,3,0.64,-0.52,79.37,28.92,FALSE,TRUE,,height; defensiveRetrievalsPer60; botchedRetrievalsPer60; entryDenialShare,0,0,0.09,0.01,-0.17,-1.42,0.72,0.89,50.44,FALSE,251.78,254.53,21,0.31,,entryTargets,FALSE,A3Z tracked games; five on five,Wings; centers excluded,Defensemen; centers excluded,TRUE,68,191,5,25,5,4,12,1,32,18,4,1,36,63,11,6,14,5,6,19,13,13,0,0,18,26,26,2,2,17,10,8,0,1,1,42,42,11,27,0,4,4.05,2.38,1.91,0,0.24,0.24,0.26,0.15,20.99,0,1.19,5.96,8.58,0.24,0.25
A3Z physicality,8475231,20232024,Casey Cizikas,58552,3,1.26,-0.25,89.95,39.22,FALSE,TRUE,,botchedRetrievalsPer60; entryDenialShare,0,0,0.95,-0.42,-0.08,-0.38,0.39,0.55,50.73,FALSE,268.77,273,25,0.36,,entryTargets,FALSE,A3Z tracked games; five on five,Wings; centers excluded,Defensemen; centers excluded,TRUE,71,191,16,32,10,2,26,3,35,18,13,7,50,76,6,4,17,8,5,18,17,11,1,1,14,20,25,3,4,44,37,13,0,1,2,31,31,6,24,2,4,9.82,8.26,2.9,0,0.22,0.45,0.19,0.17,15.65,0.08,3.57,7.14,11.16,0.67,0.54
A3Z physicality,8475343,20232024,Nic Dowd,58378,3,1.65,-0.28,93.65,37.75,FALSE,TRUE,,botchedRetrievalsPer60; entryDenialShare,0,0,1.45,0.31,0.19,-0.72,0.01,0.14,55.91,FALSE,201.02,206.35,16,0.25,typedShotsOnNet,entryTargets,FALSE,A3Z tracked games; five on five,Wings; centers excluded,Defensemen; centers excluded,TRUE,74,195,8,18,15,9,21,3,41,20,9,2,46,67,6,2,21,9,5,27,14,11,1,0,26,36,19,2,3,24,15,15,0,3,3,23,23,4,16,0,3,7.16,4.48,4.48,0,0.9,0.9,0.17,0.19,24.19,0,2.39,5.37,13.73,0.9,0.22
A3Z physicality,8475745,20232024,Charlie Coyle,88887,3,-0.85,-1.2,17.46,10.78,FALSE,TRUE,,defensiveRetrievalsPer60; botchedRetrievalsPer60; entryDenialShare,0,0,0.33,-0.43,-0.69,-0.36,-0.48,-0.4,6.68,FALSE,269.68,270.52,21,0.26,,entryTargets,FALSE,A3Z tracked games; five on five,Wings; centers excluded,Defensemen; centers excluded,TRUE,75,221,5,31,6,7,20,5,37,26,9,5,39,65,9,6,11,5,8,18,19,18,2,2,22,42,40,3,5,20,20,13,0,3,5,47,47,8,34,4,6,4.45,4.45,2.89,0,0.67,1.11,0.17,0.18,19.24,0.12,1.11,6.9,8.68,1.11,0.56
A3Z physicality,8475794,20232024,Tyler Seguin,67512,3,-0.4,-0.44,33.86,31.86,TRUE,TRUE,dumpInRecoveriesPer60,blockedShotsPer60; defensiveRetrievalsPer60; botchedRetrievalsPer60; entryDenialShare,0,0,0.24,0.45,-0.5,-0.86,-0.14,-0.03,2,FALSE,326.77,330.75,25,0.37,,entryTargets,FALSE,A3Z tracked games; five on five,Wings; centers excluded,Defensemen; centers excluded,TRUE,74,205,3,30,16,7,22,2,50,33,5,3,34,74,10,4,17,5,12,22,28,17,2,3,32,52,48,1,7,30,11,5,0,2,1,59,59,6,40,7,8,5.51,2.02,0.92,0,0.37,0.18,0.1,0.2,27.51,0.17,0.55,5.51,6.24,0.37,0.6
A3Z physicality,8476454,20232024,Ryan Nugent-Hopkins,94196,3,-0.56,-1.07,25.93,13.73,FALSE,TRUE,,blockedShotsPer60; defensiveRetrievalsPer60; botchedRetrievalsPer60; entryDenialShare,0,0,-0.54,-0.43,-0.18,-0.94,0.16,0.3,12.2,FALSE,442.52,442.32,32,0.4,,entryTargets,FALSE,A3Z tracked games; five on five,Wings; centers excluded,Defensemen; centers excluded,TRUE,73,192,14,48,27,23,50,5,59,53,16,5,67,106,12,7,6,6,28,34,25,17,7,6,58,93,57,4,6,13,25,11,0,6,1,70,70,12,47,4,2,1.76,3.39,1.49,0,0.81,0.14,0.17,0.04,24.68,0.09,1.9,6.51,9.08,0.68,0.31
A3Z physicality,8476624,20232024,Barclay Goodrow,60308,3,1.53,2.33,93.12,99.02,FALSE,TRUE,,defensiveRetrievalsPer60; botchedRetrievalsPer60; entryDenialShare,0,0,2.25,3.34,-0.51,-0.9,-0.21,-0.11,-5.9,FALSE,259.82,261.52,27,0.34,typedShotsOnNet,entryTargets,FALSE,A3Z tracked games; five on five,Wings; centers excluded,Defensemen; centers excluded,TRUE,74,210,4,28,8,4,16,2,28,18,16,6,40,55,10,6,10,7,4,16,12,4,1,1,17,21,13,2,3,51,29,16,2,4,2,21,21,6,16,4,3,11.78,6.7,3.69,0.46,0.92,0.46,0.29,0.19,15,0.25,0.92,6.47,9.24,0.46,0.38
A3Z physicality,8476822,20232024,Luke Glendening,56455,3,1.94,0.21,95.24,62.75,FALSE,TRUE,,defensiveRetrievalsPer60; entryDenialShare,0,0,1.75,0.25,-0.22,-0.61,0.41,0.56,32.49,FALSE,234.68,239.88,26,0.32,typedShotsOnNet,entryTargets,FALSE,A3Z tracked games; five on five,Wings; centers excluded,Defensemen; centers excluded,TRUE,71,190,9,36,2,1,16,7,25,15,6,2,26,42,3,3,10,6,5,15,10,6,1,1,8,11,14,3,0,45,30,13,0,4,3,25,25,2,19,3,3,11.5,7.67,3.32,0,1.02,0.77,0.08,0.16,29.73,0.16,2.3,9.2,6.65,1.79,0.33
A3Z physicality,8476905,20232024,Chandler Stephenson,83176,3,-0.61,-1.89,23.28,1.96,FALSE,TRUE,,defensiveRetrievalsPer60; botchedRetrievalsPer60; entryDenialShare,0,0,-0.77,-1.23,0.03,-0.93,0.14,0.27,21.32,FALSE,264.05,269.25,20,0.27,typedShotsOnNet,entryTargets,FALSE,A3Z tracked games; five on five,Wings; centers excluded,Defensemen; centers excluded,TRUE,72,201,8,18,17,11,20,3,21,18,8,3,32,52,11,3,3,8,6,10,11,8,2,3,25,50,20,3,3,14,22,8,0,1,4,22,22,3,16,4,2,3.18,5,1.82,0,0.23,0.91,0.14,0.12,23.38,0.25,1.82,4.09,7.27,0.68,0.38
A3Z physicality,8477493,20232024,Aleksander Barkov,86009,3,0.19,-0.5,59.26,29.9,TRUE,TRUE,dumpInRecoveriesPer60,blockedShotsPer60; entryDenialShare,0,0,0.19,-0.26,0.39,0.06,-0.38,-0.29,29.36,FALSE,315.55,317.07,24,0.33,,entryTargets,FALSE,A3Z tracked games; five on five,Wings; centers excluded,Defensemen; centers excluded,TRUE,75,214,29,43,43,16,53,9,72,58,10,4,70,106,5,2,14,15,24,43,29,27,4,3,59,87,55,5,3,27,30,6,0,3,1,59,59,5,43,9,5,5.13,5.7,1.14,0,0.57,0.19,0.08,0.12,24.7,0.21,5.51,8.18,13.31,1.71,0.4
A3Z physicality,8477497,20232024,Sean Monahan,90109,3,-1.86,-1.29,3.17,8.33,FALSE,TRUE,,blockedShotsPer60; entryDenialShare,0,0,-1.49,-1.21,-0.22,-0.04,-0.15,-0.04,-5.16,FALSE,314.15,312.68,25,0.3,,entryTargets,FALSE,A3Z tracked games; five on five,Wings; centers excluded,Defensemen; centers excluded,TRUE,74,206,14,34,24,15,30,9,43,33,8,4,55,78,12,6,10,11,14,27,16,9,4,2,43,73,39,1,5,11,16,6,0,0,2,48,48,5,36,2,5,2.1,3.06,1.15,0,0,0.38,0.1,0.14,22.69,0.06,2.67,6.49,10.5,1.72,0.5
A3Z physicality,8477508,20232024,Curtis Lazar,52780,3,1.69,-0.33,94.18,36.27,FALSE,TRUE,,contactPenaltiesDrawnPer60; botchedRetrievalsPer60; entryDenialShare,0,0,1.97,0.34,-0.38,-0.9,0.11,0.23,57.91,FALSE,246.9,249.82,22,0.31,typedShotsOnNet,entryTargets,FALSE,A3Z tracked games; five on five,Wings; centers excluded,Defensemen; centers excluded,TRUE,72,203,11,33,5,6,20,3,40,29,7,2,42,66,8,4,11,9,9,24,16,8,1,0,14,22,25,1,3,63,31,18,0,4,7,30,30,3,19,4,2,15.31,7.53,4.37,0,0.97,1.7,0.1,0.11,22.72,0.21,2.67,8.02,10.21,0.73,0.29
A3Z physicality,8477946,20232024,Dylan Larkin,82304,3,-1.28,-0.34,7.41,35.78,FALSE,TRUE,,blockedShotsPer60; botchedRetrievalsPer60; entryDenialShare,0,0,-1.03,-0.16,-0.23,-0.28,-0.02,0.1,-28.38,FALSE,345.5,346.03,26,0.38,,entryTargets,FALSE,A3Z tracked games; five on five,Wings; centers excluded,Defensemen; centers excluded,TRUE,73,204,14,39,18,7,52,5,82,57,14,5,82,125,11,7,25,28,17,52,30,22,4,6,42,65,62,2,4,16,21,8,1,1,6,64,64,2,43,2,1,2.78,3.65,1.39,0.17,0.17,1.04,0.03,0.02,30.47,0.05,2.43,6.77,14.24,0.87,0.36
A3Z physicality,8478043,20232024,Sam Lafferty,56308,3,0.97,-1.37,86.24,6.86,TRUE,TRUE,hitsReceivedPer60,hitsReceivedPer60; defensiveRetrievalsPer60; botchedRetrievalsPer60; entryDenialShare,0,0,1.01,-0.57,0.09,-0.76,-0.14,-0.03,79.38,FALSE,246.75,251.62,22,0.28,,entryTargets,FALSE,A3Z tracked games; five on five,Wings; centers excluded,Defensemen; centers excluded,TRUE,74,205,16,35,14,7,20,2,35,25,7,3,39,61,5,6,10,11,8,20,15,6,2,1,24,36,18,2,1,50,47,8,0,3,4,28,28,5,20,2,5,12.16,11.43,1.95,0,0.73,0.97,0.18,0.25,19.68,0.1,3.89,8.51,9.48,0.49,0.43
A3Z physicality,8478445,20232024,Mathew Barzal,96636,3,0.76,0.08,80.42,56.86,FALSE,TRUE,,botchedRetrievalsPer60; entryDenialShare,0,0,0.05,-0.18,0.46,-0.14,0.25,0.4,23.56,FALSE,464,468.33,29,0.36,,entryTargets,FALSE,A3Z tracked games; five on five,Wings; centers excluded,Defensemen; centers excluded,TRUE,73,186,29,38,39,31,62,8,83,71,17,10,88,140,19,4,12,39,18,47,36,22,6,11,97,143,66,2,4,27,18,18,0,4,6,77,77,4,54,10,4,3.49,2.33,2.33,0,0.52,0.78,0.05,0.07,29.41,0.19,3.75,4.91,11.38,1.03,0.59
A3Z physicality,8478542,20232024,Evan Rodrigues,72803,3,1.16,-2.01,88.36,1.96,FALSE,TRUE,,defensiveRetrievalsPer60; botchedRetrievalsPer60,0,0,0.23,-0.94,0.41,-1.76,0.52,0.69,86.4,FALSE,318.77,322.78,24,0.3,,entryTargets,FALSE,A3Z tracked games; five on five,Wings; centers excluded,Defensemen; centers excluded,TRUE,71,182,15,25,28,8,30,4,57,40,8,1,44,85,10,6,17,18,11,29,28,16,3,2,44,61,49,1,3,29,45,12,0,3,4,54,54,3,44,0,3,5.46,8.47,2.26,0,0.56,0.75,0.06,0.07,32.68,0,2.82,4.71,8.28,0.75,0.12
A3Z physicality,8479365,20232024,Trent Frederic,67679,3,0.84,-1.17,83.07,10.78,FALSE,TRUE,,defensiveRetrievalsPer60; botchedRetrievalsPer60; entryDenialShare,0,0,1.45,0.14,-0.13,-0.91,-0.48,-0.4,72.28,FALSE,257.38,260.07,21,0.26,,entryTargets,FALSE,A3Z tracked games; five on five,Wings; centers excluded,Defensemen; centers excluded,TRUE,75,221,11,27,10,6,18,1,38,24,7,3,41,64,8,7,14,12,6,25,13,8,1,2,25,40,26,1,2,38,33,13,0,3,1,37,37,7,29,3,5,8.86,7.69,3.03,0,0.7,0.23,0.19,0.17,18.38,0.1,2.56,6.29,9.56,0.23,0.43
A3Z physicality,8479400,20232024,Pierre-Luc Dubois,77250,3,0.33,-1.41,66.67,5.39,FALSE,TRUE,,contactPenaltiesTakenPer60; contactPenaltiesDrawnPer60; defensiveRetrievalsPer60,0,0,0.9,0.18,0.01,-1.09,-0.58,-0.5,61.27,FALSE,279.25,285.33,23,0.28,,entryTargets,FALSE,A3Z tracked games; five on five,Wings; centers excluded,Defensemen; centers excluded,TRUE,76,220,10,21,11,8,22,7,33,29,16,3,39,65,10,4,4,15,7,17,16,8,5,0,36,54,29,2,0,32,26,8,0,10,7,39,39,6,28,1,2,6.88,5.59,1.72,0,2.15,1.5,0.15,0.07,22.83,0.04,2.15,4.51,8.38,1.5,0.19
A3Z physicality,8479525,20232024,Ross Colton,65852,3,1.64,0.21,93.65,62.75,FALSE,TRUE,,defensiveRetrievalsPer60; botchedRetrievalsPer60; entryDenialShare,0,0,1.68,0.67,-0.28,-0.84,0.24,0.38,30.91,FALSE,267.8,273.53,25,0.31,,entryTargets,FALSE,A3Z tracked games; five on five,Wings; centers excluded,Defensemen; centers excluded,TRUE,72,194,11,31,10,11,16,5,24,14,12,4,31,46,5,5,10,9,0,10,14,16,1,2,26,41,46,4,2,40,20,14,0,4,2,65,65,6,46,4,2,8.96,4.48,3.14,0,0.9,0.45,0.09,0.04,25.61,0.09,2.46,6.95,6.95,1.12,0.33
A3Z physicality,8479987,20232024,Morgan Geekie,70265,3,0.66,-1.39,79.37,6.37,FALSE,TRUE,,defensiveRetrievalsPer60; botchedRetrievalsPer60; entryDenialShare,0,0,1,-0.2,0.02,-0.93,-0.35,-0.26,72.99,FALSE,245.65,248.58,19,0.25,,entryTargets,FALSE,A3Z tracked games; five on five,Wings; centers excluded,Defensemen; centers excluded,TRUE,75,212,12,27,10,6,25,3,32,24,10,3,38,60,5,1,8,7,10,19,13,5,2,1,24,39,28,0,5,25,28,15,0,2,1,36,36,2,24,1,4,6.11,6.84,3.66,0,0.49,0.24,0.06,0.17,28.29,0.04,2.93,6.59,9.28,0.73,0.3
A3Z physicality,8480002,20232024,Nico Hischier,82994,3,0.09,-0.95,56.61,18.63,FALSE,TRUE,,defensiveRetrievalsPer60; botchedRetrievalsPer60; entryDenialShare,0,0,0.32,-0.34,-0.27,-0.78,0.04,0.17,37.99,FALSE,218.88,217.42,17,0.24,,entryTargets,FALSE,A3Z tracked games; five on five,Wings; centers excluded,Defensemen; centers excluded,TRUE,73,200,6,19,8,7,14,3,31,20,9,3,35,60,10,6,11,4,5,14,17,15,3,2,26,36,32,5,2,17,17,8,0,2,2,36,36,4,26,1,6,4.66,4.66,2.19,0,0.55,0.55,0.11,0.23,23.17,0.04,1.64,5.21,9.59,0.82,0.33
A3Z physicality,8480023,20232024,Robert Thomas,103155,3,-1.14,-0.93,9.52,18.63,FALSE,TRUE,,blockedShotsPer60; entryDenialShare,0,0,-1.49,-1.18,0.3,0.08,0.05,0.17,-9.1,FALSE,358.68,355.92,24,0.29,,entryTargets,FALSE,A3Z tracked games; five on five,Wings; centers excluded,Defensemen; centers excluded,TRUE,72,207,10,21,30,21,42,8,71,58,13,8,73,117,13,6,13,17,18,38,33,14,8,8,69,111,44,5,2,6,19,8,0,3,2,51,51,6,36,3,3,1,3.18,1.34,0,0.5,0.33,0.12,0.08,29.15,0.08,1.67,3.51,12.21,1.34,0.62
A3Z physicality,8480028,20232024,Morgan Frost,67423,3,0.5,-0.6,73.02,26.96,FALSE,TRUE,,contactPenaltiesDrawnPer60; botchedRetrievalsPer60; entryDenialShare,0,0,-0.2,-0.63,0.44,-0.37,0.25,0.4,46.06,FALSE,230.97,234.05,19,0.27,typedShotsOnNet,entryTargets,FALSE,A3Z tracked games; five on five,Wings; centers excluded,Defensemen; centers excluded,TRUE,72,193,10,28,12,4,25,3,26,19,15,7,45,56,9,6,7,10,6,21,5,8,2,0,26,39,24,2,1,19,11,12,0,0,5,28,28,5,19,2,1,4.94,2.86,3.12,0,0,1.3,0.18,0.05,32.08,0.11,2.6,7.27,11.69,0.78,0.47
A3Z physicality,8480068,20232024,Ryan Poehling,69280,3,0.38,-2.1,67.72,1.47,FALSE,TRUE,,botchedRetrievalsPer60; entryDenialShare,0,0,0.29,-0.87,0.24,-1.19,-0.15,-0.04,66.25,FALSE,246.15,256.4,23,0.3,,entryTargets,FALSE,A3Z tracked games; five on five,Wings; centers excluded,Defensemen; centers excluded,TRUE,74,206,12,23,15,6,22,1,40,27,18,5,42,61,5,4,13,16,7,27,13,16,0,3,32,42,33,3,1,27,25,18,0,0,4,38,38,9,25,1,2,6.58,6.09,4.39,0,0,0.98,0.24,0.08,20.2,0.04,2.93,5.61,10.24,0.24,0.28
A3Z physicality,8480459,20232024,Pius Suter,62290,3,-1.09,-1.59,10.58,2.45,TRUE,TRUE,blockedShotsPer60,blockedShotsPer60; defensiveRetrievalsPer60; botchedRetrievalsPer60; entryDenialShare,0,0,-1.45,-0.96,-0.31,-1.49,0.67,0.85,8.13,FALSE,203.75,207.57,17,0.25,,entryTargets,FALSE,A3Z tracked games; five on five,Wings; centers excluded,Defensemen; centers excluded,TRUE,71,172,5,26,9,3,19,0,29,20,4,1,33,57,5,6,9,9,4,12,17,10,1,0,17,32,24,5,2,12,12,1,0,0,1,29,29,8,24,2,3,3.53,3.53,0.29,0,0,0.29,0.28,0.12,18.97,0.08,1.47,7.66,9.72,0,0.25
A3Z physicality,8480802,20232024,Ryan McLeod,69221,3,0.06,-0.83,55.03,21.57,FALSE,TRUE,,blockedShotsPer60; botchedRetrievalsPer60; entryDenialShare,0,0,-0.03,-0.31,0.32,-0.39,-0.23,-0.13,33.46,FALSE,374.27,379.25,32,0.4,,entryTargets,FALSE,A3Z tracked games; five on five,Wings; centers excluded,Defensemen; centers excluded,TRUE,75,204,29,38,27,19,46,6,67,57,12,5,71,117,17,1,10,19,24,38,29,15,5,2,41,71,47,1,2,27,34,8,0,2,0,57,57,1,36,2,6,4.33,5.45,1.28,0,0.32,0,0.02,0.17,27.29,0.06,4.65,6.09,11.38,0.96,0.42
A3Z physicality,8480813,20232024,Joseph Veleno,66991,3,0.83,0.09,82.54,56.86,FALSE,TRUE,,defensiveRetrievalsPer60; entryDenialShare,0,0,0.93,0.22,-0.12,-0.29,0.03,0.15,25.68,FALSE,322.02,329.3,28,0.35,typedShotsOnNet,entryTargets,FALSE,A3Z tracked games; five on five,Wings; centers excluded,Defensemen; centers excluded,TRUE,73,201,22,53,18,13,26,9,37,30,16,7,47,76,9,7,7,14,7,18,19,4,4,3,37,59,24,2,2,41,29,9,0,3,1,28,28,2,16,1,0,7.64,5.4,1.68,0,0.56,0.19,0.07,0,27.45,0.06,4.1,9.88,8.76,1.68,0.44
A3Z physicality,8480848,20232024,Ty Dellandrea,31932,3,0.01,-1.29,50.79,8.33,FALSE,TRUE,,blockedShotsPer60; defensiveRetrievalsPer60; botchedRetrievalsPer60; entryDenialShare,0,0,0.35,-0.5,-0.49,-1.09,0.15,0.3,42.46,FALSE,193.82,196.82,19,0.45,,entryTargets,FALSE,A3Z tracked games; five on five,Wings; centers excluded,Defensemen; centers excluded,TRUE,74,185,7,24,7,4,11,0,32,19,7,4,22,55,8,1,13,5,5,11,21,15,0,1,14,21,29,3,2,37,25,4,0,0,1,32,32,3,26,1,2,11.45,7.74,1.24,0,0,0.31,0.09,0.08,23.84,0.04,2.17,7.43,6.81,0,0.57
A3Z physicality,8482110,20232024,Dawson Mercer,84710,3,-1.43,-1.56,6.35,2.94,FALSE,TRUE,,defensiveRetrievalsPer60; botchedRetrievalsPer60; entryDenialShare,0,0,-1.43,-1.6,-0.44,-0.57,0.44,0.61,3.41,FALSE,305.37,307.25,23,0.28,,entryTargets,FALSE,A3Z tracked games; five on five,Wings; centers excluded,Defensemen; centers excluded,TRUE,72,180,10,37,11,6,18,3,52,35,10,6,44,85,14,8,17,14,7,24,28,16,5,0,28,34,28,2,1,7,29,9,0,1,1,33,33,7,26,2,2,1.38,5.7,1.77,0,0.2,0.2,0.21,0.08,18.03,0.08,1.96,7.27,8.65,0.59,0.6
A3Z physicality,8482740,20232024,Wyatt Johnston,83652,3,-1.02,-1.14,13.23,10.78,FALSE,TRUE,,defensiveRetrievalsPer60; botchedRetrievalsPer60; entryDenialShare,0,0,-0.6,-1,-0.65,-0.52,0.23,0.38,2.44,FALSE,401.98,406.45,31,0.38,,entryTargets,FALSE,A3Z tracked games; five on five,Wings; centers excluded,Defensemen; centers excluded,TRUE,73,187,13,51,20,12,32,4,70,44,12,7,63,113,13,6,26,10,13,34,36,32,2,2,38,56,73,5,11,18,35,11,0,3,3,87,87,8,61,6,9,2.69,5.22,1.64,0,0.45,0.45,0.09,0.15,21.63,0.1,1.94,7.61,9.4,0.6,0.58
A3Z physicality,8471215,20232024,Evgeni Malkin,91436,4,-1.68,-1.98,4.23,1.96,TRUE,TRUE,blockedShotsPer60,blockedShotsPer60; defensiveRetrievalsPer60; botchedRetrievalsPer60; entryDenialShare,0,0,-1.26,-1.07,-0.06,-0.55,-0.37,-0.36,2.27,FALSE,321.18,320.92,23,0.28,,entryTargets,FALSE,A3Z tracked games; five on five,Wings; centers excluded,Defensemen; centers excluded,TRUE,77,213,9,29,21,21,26,3,52,39,11,5,48,83,7,4,13,15,8,22,30,16,2,8,62,93,33,2,5,13,21,2,0,2,6,40,40,8,32,2,3,2.43,3.92,0.37,0,0.37,1.12,0.2,0.09,21.51,0.06,1.68,5.42,8.97,0.56,0.45
A3Z physicality,8474884,20232024,Mike Hoffman,54377,4,-0.3,-0.48,37.57,30.39,FALSE,TRUE,,defensiveRetrievalsPer60; entryDenialShare,0,0,-0.08,-0.53,-0.4,-0.29,0.17,0.34,7.17,FALSE,203.77,205.97,17,0.26,typedShotsOnNet,entryTargets,FALSE,A3Z tracked games; five on five,Wings; centers excluded,Defensemen; centers excluded,TRUE,72,190,5,11,10,3,6,4,22,9,4,2,28,45,5,6,13,1,4,15,7,9,1,1,12,22,19,2,0,10,12,9,0,1,2,23,23,0,19,1,1,2.94,3.53,2.65,0,0.29,0.59,0,0.05,25.96,0.05,1.47,3.24,8.24,1.18,0.5
A3Z physicality,8475151,20232024,Kyle Palmieri,84721,4,0.52,-1.1,73.02,13.24,FALSE,TRUE,,contactPenaltiesDrawnPer60; defensiveRetrievalsPer60; botchedRetrievalsPer60; entryDenialShare,0,0,0.24,-0.59,0.13,-0.83,0.15,0.32,59.78,FALSE,372.13,378.43,29,0.35,,entryTargets,FALSE,A3Z tracked games; five on five,Wings; centers excluded,Defensemen; centers excluded,TRUE,72,192,20,25,18,4,22,3,41,23,9,4,43,76,8,4,18,10,8,23,18,22,0,1,29,38,64,4,3,33,29,15,0,1,9,79,79,10,56,8,6,5.32,4.68,2.42,0,0.16,1.45,0.13,0.11,24.33,0.14,3.22,4.03,6.93,0.48,0.44
A3Z physicality,8475744,20232024,Evgeny Kuznetsov,66347,4,-0.53,-1.26,26.98,8.82,TRUE,TRUE,forecheckPressuresPer60,blockedShotsPer60; defensiveRetrievalsPer60; botchedRetrievalsPer60; entryDenialShare,0,0,-0.67,-0.1,0.25,-1.13,-0.11,-0.03,18.16,FALSE,323.87,323.4,23,0.37,,entryTargets,FALSE,A3Z tracked games; five on five,Wings; centers excluded,Defensemen; centers excluded,TRUE,74,207,4,11,13,9,15,4,36,24,10,3,35,61,10,3,12,5,7,16,20,16,2,3,33,54,36,2,3,12,10,7,0,2,0,47,47,8,38,3,6,2.22,1.85,1.3,0,0.37,0,0.17,0.16,28.79,0.08,0.74,2.04,6.48,0.74,0.3
A3Z physicality,8475754,20232024,Brock Nelson,88971,4,-0.8,-0.74,17.99,25.49,FALSE,TRUE,,entryDenialShare,0,0,-0.31,-0.66,-0.26,0.1,-0.23,-0.18,-7.5,FALSE,398.18,403.88,29,0.35,,entryTargets,FALSE,A3Z tracked games; five on five,Wings; centers excluded,Defensemen; centers excluded,TRUE,76,205,26,32,24,8,49,9,72,59,11,5,79,116,13,6,13,22,25,44,28,27,2,3,45,67,68,4,10,17,28,14,0,3,4,82,82,3,63,3,7,2.56,4.22,2.11,0,0.45,0.6,0.04,0.11,23.14,0.05,3.92,4.82,11.9,1.36,0.45
A3Z physicality,8475760,20232024,Nick Bjugstad,79548,4,0.38,-0.59,67.72,26.96,FALSE,TRUE,,defensiveRetrievalsPer60; botchedRetrievalsPer60,0,0,0.96,1.33,-0.18,-1.51,-0.4,-0.41,40.76,FALSE,226.48,229.23,18,0.24,,entryTargets,FALSE,A3Z tracked games; five on five,Wings; centers excluded,Defensemen; centers excluded,TRUE,78,210,3,39,9,8,22,2,34,24,6,1,34,57,4,4,10,6,11,19,15,13,3,3,23,37,31,1,2,28,13,13,1,1,2,33,33,2,22,2,1,7.42,3.44,3.44,0.26,0.26,0.53,0.06,0.05,29.97,0.09,0.79,10.33,9.01,0.53,0.17
A3Z physicality,8475798,20232024,Mikael Granlund,86772,4,0.21,-0.15,59.26,45.59,FALSE,TRUE,,botchedRetrievalsPer60; entryDenialShare,0,0,0.39,-0.39,-0.46,-0.24,0.28,0.48,13.67,FALSE,231.83,234.83,16,0.23,typedShotsOnNet,entryTargets,FALSE,A3Z tracked games; five on five,Wings; centers excluded,Defensemen; centers excluded,TRUE,70,193,9,31,14,6,23,4,30,21,7,3,40,60,6,2,9,6,8,18,12,5,2,6,32,46,18,1,2,21,18,11,0,1,4,23,23,3,16,0,1,5.43,4.66,2.85,0,0.26,1.04,0.13,0.06,18.44,0,2.33,8.02,10.35,1.04,0.43
A3Z physicality,8476393,20232024,Nick Cousins,50450,4,0.78,-0.05,80.95,50,TRUE,TRUE,hitsReceivedPer60,hitsReceivedPer60; botchedRetrievalsPer60; entryDenialShare,0,0,0.64,0.34,-0.08,-0.81,0.23,0.41,30.95,FALSE,270.88,273.47,23,0.33,,entryTargets,FALSE,A3Z tracked games; five on five,Wings; centers excluded,Defensemen; centers excluded,TRUE,71,191,14,35,24,5,29,0,52,36,3,1,55,82,11,4,16,16,10,34,18,18,4,2,33,47,35,6,4,48,56,10,1,1,3,38,38,2,31,4,2,10.63,12.4,2.21,0.22,0.22,0.66,0.05,0.06,28.35,0.13,3.1,7.75,12.18,0,0.33
A3Z physicality,8476432,20232024,Boone Jenner,69934,4,1.34,0.01,92.06,53.92,FALSE,TRUE,,defensiveRetrievalsPer60; botchedRetrievalsPer60; entryDenialShare,0,0,1.36,0.73,0.07,-0.72,-0.09,0,38.14,FALSE,181.53,182,13,0.22,,entryTargets,FALSE,A3Z tracked games; five on five,Wings; centers excluded,Defensemen; centers excluded,TRUE,74,204,6,12,10,5,15,3,27,18,6,2,25,39,3,1,9,5,8,14,13,7,2,0,13,23,23,0,4,29,9,17,0,1,1,35,35,2,20,1,5,9.59,2.97,5.62,0,0.33,0.33,0.06,0.25,27.31,0.05,1.98,3.97,8.26,0.99,0.33
A3Z physicality,8476448,20232024,William Karlsson,73927,4,-0.33,-0.82,36.51,22.06,FALSE,TRUE,,botchedRetrievalsPer60; entryDenialShare,0,0,-0.59,-1.27,0.09,0.11,0.17,0.34,14.45,FALSE,256.78,260.2,22,0.31,,entryTargets,FALSE,A3Z tracked games; five on five,Wings; centers excluded,Defensemen; centers excluded,TRUE,72,190,11,32,13,4,35,2,64,52,11,7,56,91,4,7,12,15,19,35,29,8,2,1,25,45,29,1,3,11,25,8,0,0,3,38,38,2,26,3,6,2.57,5.84,1.87,0,0,0.7,0.05,0.23,24.29,0.12,2.57,7.48,13.08,0.47,0.64
A3Z physicality,8476459,20232024,Mika Zibanejad,95955,4,-0.09,-0.63,48.15,26.96,FALSE,TRUE,,botchedRetrievalsPer60; entryDenialShare,0,0,-0.2,-0.46,0.23,-0.13,-0.12,-0.05,21.19,FALSE,328.2,330.82,26,0.32,,,FALSE,A3Z tracked games; five on five,Wings; centers excluded,Defensemen; centers excluded,TRUE,74,208,9,27,13,8,38,5,56,41,23,11,60,94,13,5,15,12,19,37,19,11,4,5,31,64,40,0,6,16,15,14,0,0,1,48,48,4,33,4,7,2.93,2.74,2.56,0,0,0.18,0.08,0.21,28.08,0.12,1.65,4.94,10.97,0.91,0.48
A3Z physicality,8476461,20232024,Sean Couturier,79138,4,-0.06,0.01,49.21,53.92,FALSE,TRUE,,botchedRetrievalsPer60; entryDenialShare,0,0,0.13,0.25,0.08,-0,-0.27,-0.24,-4.72,FALSE,285.72,292.67,22,0.3,,entryTargets,FALSE,A3Z tracked games; five on five,Wings; centers excluded,Defensemen; centers excluded,TRUE,76,210,16,44,20,8,29,3,64,35,16,7,67,106,7,8,29,6,14,34,30,17,3,3,36,60,49,4,4,19,15,12,0,2,0,56,56,10,47,4,4,3.99,3.15,2.52,0,0.42,0,0.18,0.09,29.51,0.09,3.36,9.24,14.07,0.63,0.44
A3Z physicality,8476480,20232024,Vladislav Namestnikov,67696,4,0.34,-1.06,66.67,14.22,FALSE,TRUE,,botchedRetrievalsPer60; entryDenialShare,0,0,0.03,-0.94,0.06,-0.58,0.25,0.45,52.45,FALSE,324.7,327.58,28,0.36,typedShotsOnNet,entryTargets,FALSE,A3Z tracked games; five on five,Wings; centers excluded,Defensemen; centers excluded,TRUE,72,181,12,39,29,16,33,4,44,36,15,5,57,77,9,4,8,17,11,28,16,11,2,5,46,79,22,1,1,26,45,13,0,1,5,31,31,4,18,4,1,4.8,8.32,2.4,0,0.18,0.92,0.13,0.06,22.02,0.22,2.22,7.21,10.53,0.74,0.33
A3Z physicality,8477021,20232024,Alexander Kerfoot,85776,4,0.4,0.53,68.78,75,TRUE,TRUE,netFrontAttemptShare,entryDenialShare,0,0,-0.04,-0.4,0.17,0.44,0.28,0.49,-6.22,FALSE,203.37,207.6,18,0.22,,entryTargets,FALSE,A3Z tracked games; five on five,Wings; centers excluded,Defensemen; centers excluded,TRUE,71,185,7,20,14,6,29,4,37,26,10,5,51,73,10,5,11,7,14,22,15,8,3,0,23,37,22,1,1,12,26,10,0,1,0,28,28,10,21,1,5,3.54,7.67,2.95,0,0.3,0,0.36,0.24,17.9,0.05,2.07,5.9,15.05,1.18,0.5
A3Z physicality,8477380,20232024,Jonny Brodzinski,38056,4,0.02,-1.05,51.85,15.2,FALSE,TRUE,,defensiveRetrievalsPer60; entryDenialShare,0,0,-0,-0.79,-0.01,-0.41,0.03,0.15,36.66,FALSE,163.23,166.38,16,0.28,typedShotsOnNet,entryTargets,FALSE,A3Z tracked games; five on five,Wings; centers excluded,Defensemen; centers excluded,TRUE,72,206,8,16,11,4,10,4,22,13,6,2,26,44,6,1,9,3,4,12,10,9,0,1,15,24,21,2,1,7,20,11,0,1,1,26,26,3,19,0,3,2.57,7.35,4.04,0,0.37,0.37,0.12,0.16,32.86,0,2.94,5.88,9.56,1.47,0.33
A3Z physicality,8477406,20232024,Mattias Janmark,50674,4,0.01,-1.33,51.32,6.86,FALSE,TRUE,,blockedShotsPer60; defensiveRetrievalsPer60; botchedRetrievalsPer60; entryDenialShare,0,0,0.05,-0.15,0.06,-1.17,-0.1,-0.01,44.46,FALSE,240.25,242.3,25,0.35,typedShotsOnNet,entryTargets,FALSE,A3Z tracked games; five on five,Wings; centers excluded,Defensemen; centers excluded,TRUE,74,205,7,27,3,9,12,1,19,18,2,1,17,32,3,0,1,6,3,7,12,6,2,0,18,25,16,1,4,21,18,6,0,3,3,28,28,6,19,1,6,5.24,4.5,1.5,0,0.75,0.75,0.21,0.32,13.3,0.05,1.75,6.74,4.25,0.25,0.5
A3Z physicality,8477450,20232024,Jason Dickinson,81529,4,0.81,1.28,81.48,88.24,FALSE,TRUE,,defensiveRetrievalsPer60; entryDenialShare,0,0,1.16,1.45,-0.3,-0.23,-0.05,0.05,-6.75,FALSE,291.28,294.35,25,0.3,,entryTargets,FALSE,A3Z tracked games; five on five,Wings; centers excluded,Defensemen; centers excluded,TRUE,74,200,20,34,17,9,30,6,48,35,9,4,46,77,9,2,13,16,10,24,24,13,2,1,26,44,37,1,0,46,27,18,1,3,1,53,53,2,36,0,3,9.48,5.56,3.71,0.21,0.62,0.21,0.04,0.08,32.39,0,4.12,7,9.48,1.24,0.44
A3Z physicality,8477933,20232024,Sam Reinhart,99875,4,-0.21,-1.29,42.33,8.33,FALSE,TRUE,,botchedRetrievalsPer60,0,0,-0.03,-0.17,-0.23,-1.31,0.05,0.18,33.99,FALSE,346.13,347.67,26,0.32,,entryTargets,FALSE,A3Z tracked games; five on five,Wings; centers excluded,Defensemen; centers excluded,TRUE,73,196,19,35,29,13,49,3,62,46,6,1,63,96,5,2,16,17,20,40,22,20,5,5,51,71,43,2,2,28,34,12,0,1,0,62,62,4,36,1,3,4.85,5.89,2.08,0,0.17,0,0.06,0.08,28.24,0.03,3.29,6.07,10.92,0.52,0.17
A3Z physicality,8477934,20232024,Leon Draisaitl,100580,4,-0.94,-1.39,14.29,6.37,FALSE,TRUE,,blockedShotsPer60; defensiveRetrievalsPer60; botchedRetrievalsPer60; entryDenialShare,0,0,-0.63,-0.7,-0.18,-0.63,-0.13,-0.06,7.91,FALSE,497.5,501.78,32,0.4,,entryTargets,FALSE,A3Z tracked games; five on five,Wings; centers excluded,Defensemen; centers excluded,TRUE,74,209,22,39,43,35,53,5,88,76,15,6,75,134,12,6,12,34,24,43,45,24,7,10,121,173,70,1,4,22,39,10,0,5,5,76,76,6,47,4,3,2.65,4.7,1.21,0,0.6,0.6,0.08,0.06,23.51,0.09,2.65,4.7,9.05,0.6,0.4
A3Z physicality,8477935,20232024,Sam Bennett,68765,4,1.91,2.2,95.24,98.04,FALSE,TRUE,,botchedRetrievalsPer60; entryDenialShare,0,0,1.51,1.92,0.32,0.06,0.08,0.22,-2.8,FALSE,236.48,244.83,19,0.28,,entryTargets,FALSE,A3Z tracked games; five on five,Wings; centers excluded,Defensemen; centers excluded,TRUE,73,193,17,32,14,6,36,4,41,32,9,4,51,77,12,4,9,17,7,24,17,14,3,1,28,45,39,1,4,48,19,14,1,5,3,47,47,8,33,5,7,12.18,4.82,3.55,0.25,1.27,0.76,0.17,0.21,24.21,0.15,4.31,8.12,12.94,1.01,0.44
A3Z physicality,8478449,20232024,Roope Hintz,82751,4,-0.74,-1.39,19.05,6.37,FALSE,TRUE,,botchedRetrievalsPer60; entryDenialShare,0,0,-0.42,-1.14,-0.06,-0.01,-0.27,-0.24,12.68,FALSE,375.25,380.98,30,0.38,,entryTargets,FALSE,A3Z tracked games; five on five,Wings; centers excluded,Defensemen; centers excluded,TRUE,75,217,19,30,26,15,42,4,75,57,19,12,70,118,6,6,18,14,19,40,35,10,3,5,53,87,51,1,2,13,33,15,0,2,8,58,58,8,42,2,5,2.08,5.28,2.4,0,0.32,1.28,0.14,0.12,23.96,0.05,3.04,4.8,11.19,0.64,0.63
A3Z physicality,8478462,20232024,Nicolas Roy,64901,4,0.43,0.05,69.84,54.9,TRUE,TRUE,forecheckPressuresPer60,botchedRetrievalsPer60; entryDenialShare,0,0,0.55,0.44,0.06,-0.27,-0.18,-0.12,14.94,FALSE,184.85,189.72,16,0.23,typedShotsOnNet,entryTargets,FALSE,A3Z tracked games; five on five,Wings; centers excluded,Defensemen; centers excluded,TRUE,76,200,10,38,16,5,24,2,39,31,4,2,32,56,5,4,8,10,13,19,20,8,3,1,23,36,22,5,3,20,18,9,0,2,0,25,25,8,15,3,1,6.49,5.84,2.92,0,0.65,0,0.32,0.07,14.76,0.2,3.25,12.33,10.39,0.65,0.5
A3Z physicality,8479351,20232024,Sam Steel,61177,4,0.33,-1.54,66.67,2.94,FALSE,TRUE,,blockedShotsPer60; defensiveRetrievalsPer60; botchedRetrievalsPer60,0,0,-0.29,-0.34,0.4,-1.59,0.21,0.4,63.73,FALSE,299.08,302.87,27,0.35,,entryTargets,FALSE,A3Z tracked games; five on five,Wings; centers excluded,Defensemen; centers excluded,TRUE,72,185,13,30,17,10,28,3,50,34,7,1,46,81,8,3,16,14,9,27,23,8,3,1,26,41,29,3,4,21,33,7,0,3,1,42,42,9,27,6,6,4.21,6.62,1.4,0,0.6,0.2,0.21,0.22,19.56,0.22,2.61,6.02,9.23,0.6,0.14
A3Z physicality,8479415,20232024,Michael McLeod,40889,4,0.65,-0.37,79.37,33.82,FALSE,TRUE,,blockedShotsPer60; botchedRetrievalsPer60; entryDenialShare,0,0,0.38,-0.2,0.23,-0.34,0.04,0.17,45.54,FALSE,205.27,208.58,16,0.36,,entryTargets,FALSE,A3Z tracked games; five on five,Wings; centers excluded,Defensemen; centers excluded,TRUE,74,190,13,27,15,7,26,1,46,38,4,2,39,68,6,5,8,19,12,25,21,9,2,0,27,46,38,5,1,33,19,5,0,1,4,44,44,6,31,7,6,9.65,5.55,1.46,0,0.29,1.17,0.14,0.19,17.35,0.23,3.8,7.89,11.4,0.29,0.5
A3Z physicality,8479420,20232024,Tage Thompson,77183,4,-1.03,-1.73,12.7,1.96,FALSE,TRUE,,defensiveRetrievalsPer60; botchedRetrievalsPer60; entryDenialShare,0,0,-0.11,-0.44,-0.43,-0.76,-0.49,-0.53,10.74,FALSE,249.15,252.37,19,0.27,,entryTargets,FALSE,A3Z tracked games; five on five,Wings; centers excluded,Defensemen; centers excluded,TRUE,78,220,7,22,7,6,24,3,36,30,3,1,37,58,6,3,6,15,7,20,16,13,3,0,22,36,46,0,1,11,15,11,0,2,2,47,47,2,33,0,1,2.65,3.61,2.65,0,0.48,0.48,0.04,0.03,31.06,0,1.69,5.3,8.91,0.72,0.33
A3Z physicality,8479992,20232024,Michael Rasmussen,68359,4,0.55,-1.29,75.13,8.33,FALSE,TRUE,,defensiveRetrievalsPer60; botchedRetrievalsPer60; entryDenialShare,0,0,1.02,0.01,0.05,-0.74,-0.51,-0.56,66.8,FALSE,353.97,360.13,28,0.37,,entryTargets,FALSE,A3Z tracked games; five on five,Wings; centers excluded,Defensemen; centers excluded,TRUE,78,222,17,29,20,9,29,2,52,28,16,6,58,89,10,5,24,17,7,29,23,10,3,0,27,43,25,2,3,46,48,26,0,6,7,32,32,3,22,2,3,7.8,8.14,4.41,0,1.02,1.19,0.09,0.14,26.26,0.09,2.88,4.92,9.83,0.34,0.38
A3Z physicality,8480185,20232024,Eetu Luostarinen,78408,4,0.19,-1.02,59.26,15.2,TRUE,TRUE,forecheckPressuresPer60,defensiveRetrievalsPer60; botchedRetrievalsPer60; entryDenialShare,0,0,0.18,-0.7,0.04,-0.39,-0.04,0.07,44.06,FALSE,307.82,311.37,26,0.32,,entryTargets,FALSE,A3Z tracked games; five on five,Wings; centers excluded,Defensemen; centers excluded,TRUE,75,191,13,66,16,11,21,4,60,37,9,5,41,76,4,5,23,14,10,28,32,19,6,1,37,50,41,5,6,32,39,11,0,1,5,53,53,5,35,5,5,6.24,7.6,2.14,0,0.19,0.97,0.09,0.14,23.09,0.14,2.53,12.86,7.99,0.78,0.56
A3Z physicality,8480835,20232024,Jack Drury,54519,4,-0.12,-0.62,47.62,26.96,FALSE,TRUE,,entryDenialShare,0,0,-0.57,-1.25,0.19,0.16,0.27,0.48,20.66,FALSE,309.47,317.27,30,0.41,,,FALSE,A3Z tracked games; five on five,Wings; centers excluded,Defensemen; centers excluded,TRUE,71,186,14,35,20,10,27,6,57,30,21,11,62,93,11,5,27,10,11,33,24,8,1,0,30,52,38,3,3,9,39,13,0,2,3,50,50,6,31,4,3,1.74,7.56,2.52,0,0.39,0.58,0.12,0.1,32.35,0.13,2.71,6.79,12.02,1.16,0.52
A3Z physicality,8481068,20232024,Yegor Sharangovich,85189,4,-1.88,-5.34,3.17,0,TRUE,TRUE,dumpInRecoveriesPer60,hitsPer60; blockedShotsPer60; defensiveRetrievalsPer60; botchedRetrievalsPer60,0,0,-1.98,-2.26,0.11,-3.18,-0.02,0.1,3.17,FALSE,269.22,272.5,23,0.28,,entryTargets,FALSE,A3Z tracked games; five on five,Wings; centers excluded,Defensemen; centers excluded,TRUE,74,196,3,28,6,4,15,3,37,31,3,0,25,61,8,2,6,7,8,12,25,12,1,2,19,34,41,2,4,0,22,7,0,0,2,56,56,4,32,4,6,0,4.9,1.56,0,0,0.45,0.07,0.19,25.44,0.12,0.67,6.24,5.57,0.67,0
A3Z physicality,8482079,20232024,Marco Rossi,82312,4,-0.55,-1.13,26.98,11.27,FALSE,TRUE,,defensiveRetrievalsPer60; botchedRetrievalsPer60; entryDenialShare,0,0,-0.86,-1.01,-0.13,-0.82,0.44,0.69,15.71,FALSE,256.15,261.87,19,0.23,,entryTargets,FALSE,A3Z tracked games; five on five,Wings; centers excluded,Defensemen; centers excluded,TRUE,69,182,6,22,17,10,25,0,33,24,6,3,37,60,6,3,9,12,6,17,16,11,0,2,33,57,31,1,2,3,12,10,0,3,3,38,38,4,25,1,4,0.7,2.81,2.34,0,0.7,0.7,0.11,0.16,20.82,0.04,1.41,5.15,8.67,0,0.5
A3Z physicality,8482116,20232024,Tim Stützle,95033,4,-0.47,0.05,28.57,54.41,FALSE,TRUE,,blockedShotsPer60; contactPenaltiesDrawnPer60; entryDenialShare,0,0,-0.59,-0.91,-0.08,0.58,0.2,0.38,-25.84,FALSE,397.67,403.67,25,0.33,,entryTargets,FALSE,A3Z tracked games; five on five,Wings; centers excluded,Defensemen; centers excluded,TRUE,72,187,15,28,26,13,47,14,55,46,8,5,79,127,26,9,9,21,11,32,23,15,2,7,64,99,63,2,1,29,35,5,0,2,12,68,68,7,48,6,2,4.38,5.28,0.75,0,0.3,1.81,0.1,0.04,24.93,0.12,2.26,4.22,11.92,2.11,0.62
A3Z physicality,8482149,20232024,Cole Perfetti,57887,4,0.05,-1.04,53.97,15.2,FALSE,TRUE,,defensiveRetrievalsPer60; botchedRetrievalsPer60; entryDenialShare,0,0,-0.37,-0.06,0.14,-1.46,0.28,0.49,38.77,FALSE,278.25,280.25,25,0.35,,entryTargets,FALSE,A3Z tracked games; five on five,Wings; centers excluded,Defensemen; centers excluded,TRUE,71,185,7,41,13,9,21,0,44,26,7,2,35,69,6,1,18,10,7,20,24,13,1,5,18,33,49,3,5,10,11,10,0,2,0,65,65,10,46,6,9,2.16,2.37,2.16,0,0.43,0,0.15,0.2,20,0.13,1.51,8.84,7.55,0,0.29
A3Z physicality,8482705,20232024,Cole Sillinger,74472,4,0.82,0.18,82.01,61.76,FALSE,TRUE,,defensiveRetrievalsPer60,0,0,1.01,1.48,-0.26,-1.5,0.06,0.2,20.25,FALSE,230.03,232.08,18,0.23,,entryTargets,FALSE,A3Z tracked games; five on five,Wings; centers excluded,Defensemen; centers excluded,TRUE,72,202,8,14,7,4,12,5,28,19,6,1,24,49,6,1,9,6,4,10,18,18,1,1,15,28,41,1,4,27,18,15,1,2,1,52,52,4,33,1,2,7.04,4.69,3.91,0.26,0.52,0.26,0.08,0.06,26.4,0.03,2.09,3.65,6.26,1.3,0.17
A3Z physicality,8483431,20232024,Logan Cooley,77809,4,-0.66,-1.34,21.16,6.86,FALSE,TRUE,,blockedShotsPer60; entryDenialShare,0,0,-0.52,-1.18,-0.3,-0.48,0.16,0.33,14.3,FALSE,222.9,228.7,18,0.22,,entryTargets,FALSE,A3Z tracked games; five on five,Wings; centers excluded,Defensemen; centers excluded,TRUE,72,191,9,19,9,8,32,6,37,32,4,1,41,57,4,1,5,11,15,26,11,11,1,1,29,39,38,2,1,13,27,6,0,0,2,46,46,3,36,3,1,3.5,7.27,1.62,0,0,0.54,0.07,0.03,23.72,0.08,2.42,5.11,11.04,1.62,0.25
A3Z physicality,8471685,20232024,Anze Kopitar,95539,5,0.05,-1.18,53.97,10.78,FALSE,FALSE,,,0,0,-0.31,-0.38,0.76,-0.43,-0.41,-0.38,43.18,TRUE,299.25,302.9,23,0.28,,,TRUE,A3Z tracked games; five on five,Wings; centers excluded,Defensemen; centers excluded,TRUE,75,225,9,24,17,15,41,12,52,41,26,3,66,97,9,5,11,8,16,28,24,9,2,0,48,67,32,3,4,11,17,17,0,3,2,34,34,5,28,1,3,2.21,3.41,3.41,0,0.6,0.4,0.15,0.11,38.47,0.04,1.8,4.81,13.23,2.41,0.12
A3Z physicality,8474150,20232024,Mikael Backlund,94634,5,-0.12,-0.99,47.62,16.67,FALSE,TRUE,,blockedShotsPer60; botchedRetrievalsPer60; entryDenialShare,0,0,-0.07,-0.45,-0.07,-0.67,0.02,0.13,30.95,FALSE,314.6,318.72,23,0.28,,entryTargets,FALSE,A3Z tracked games; five on five,Wings; centers excluded,Defensemen; centers excluded,TRUE,72,206,15,43,18,5,41,2,59,51,8,4,60,97,9,6,8,21,16,32,27,14,2,0,33,53,50,2,1,19,15,3,0,3,3,61,61,4,39,5,1,3.62,2.86,0.57,0,0.57,0.57,0.07,0.03,35.44,0.13,2.86,8.2,11.44,0.38,0.5
A3Z physicality,8474564,20232024,Steven Stamkos,86403,5,0.07,-0.58,55.03,27.45,FALSE,TRUE,,defensiveRetrievalsPer60; botchedRetrievalsPer60; entryDenialShare,0,0,0.12,-0.3,-0.13,-0.48,0.08,0.2,27.58,FALSE,333.18,334.43,25,0.32,,entryTargets,FALSE,A3Z tracked games; five on five,Wings; centers excluded,Defensemen; centers excluded,TRUE,73,193,7,24,17,7,29,4,43,35,11,6,44,76,7,4,8,5,13,20,23,19,2,3,34,57,54,2,4,28,21,10,0,3,5,60,60,8,45,2,5,5.04,3.78,1.8,0,0.54,0.9,0.13,0.11,23.59,0.04,1.26,4.32,7.92,0.72,0.55
A3Z physicality,8475166,20232024,John Tavares,85752,5,-0.25,-1.31,40.21,7.84,FALSE,TRUE,,botchedRetrievalsPer60; entryDenialShare,0,0,-0.32,-0.85,0.24,-0.36,-0.17,-0.1,32.37,FALSE,351.05,352.42,25,0.31,,entryTargets,FALSE,A3Z tracked games; five on five,Wings; centers excluded,Defensemen; centers excluded,TRUE,73,217,16,41,19,11,44,5,40,34,13,6,66,90,13,5,6,16,10,27,13,15,4,1,34,54,50,7,2,29,31,10,0,1,4,60,60,15,47,6,5,4.96,5.3,1.71,0,0.17,0.68,0.25,0.11,21.14,0.13,2.73,7.01,11.28,0.85,0.46
A3Z physicality,8475170,20232024,Brayden Schenn,87482,5,1.28,0.92,90.48,84.31,FALSE,TRUE,,botchedRetrievalsPer60; entryDenialShare,0,0,1.26,1.41,0.01,-0.61,0.01,0.12,6.16,FALSE,312.92,316.05,24,0.29,,entryTargets,FALSE,A3Z tracked games; five on five,Wings; centers excluded,Defensemen; centers excluded,TRUE,73,200,9,17,15,8,32,4,55,45,11,4,54,87,10,6,10,9,17,31,24,9,3,3,34,60,39,4,3,50,16,15,1,4,3,48,48,3,28,0,5,9.59,3.07,2.88,0.19,0.77,0.58,0.06,0.18,26.32,0,1.73,3.26,10.35,0.77,0.36
A3Z physicality,8475172,20232024,Nazem Kadri,90655,5,-0.13,-1.49,47.09,3.92,FALSE,TRUE,,blockedShotsPer60; contactPenaltiesDrawnPer60; defensiveRetrievalsPer60; botchedRetrievalsPer60; entryDenialShare,0,0,-0.62,-0.84,0.24,-1.05,0.24,0.4,43.17,FALSE,312.05,320.43,23,0.28,,entryTargets,FALSE,A3Z tracked games; five on five,Wings; centers excluded,Defensemen; centers excluded,TRUE,72,185,14,26,26,13,27,3,54,47,12,3,50,85,5,11,7,21,9,22,32,16,2,5,48,70,47,0,3,17,40,8,0,5,10,67,67,5,46,2,3,3.27,7.69,1.54,0,0.96,1.92,0.07,0.07,35.17,0.04,2.69,5,9.61,0.58,0.25
A3Z physicality,8475726,20232024,Tyler Toffoli,80391,5,-0.48,-1.85,28.04,1.96,FALSE,TRUE,,blockedShotsPer60; defensiveRetrievalsPer60; botchedRetrievalsPer60; entryDenialShare,0,0,-0.22,-0.65,-0.3,-1.34,0.03,0.14,26.08,FALSE,306.48,307.42,24,0.3,,entryTargets,FALSE,A3Z tracked games; five on five,Wings; centers excluded,Defensemen; centers excluded,TRUE,72,205,10,22,14,8,27,2,47,37,9,2,42,86,10,6,10,10,13,23,24,21,4,2,30,54,66,6,5,21,20,3,0,1,1,81,81,3,55,5,6,4.11,3.92,0.59,0,0.2,0.2,0.04,0.11,28.43,0.09,1.96,4.31,8.22,0.39,0.22
A3Z physicality,8475793,20232024,Ryan Johansen,51570,5,-0.2,-2.19,42.33,0,FALSE,TRUE,,blockedShotsPer60; botchedRetrievalsPer60; entryDenialShare,0,0,0.27,-0.2,-0.14,-1.69,-0.34,-0.29,42.33,FALSE,223.45,226.42,21,0.33,,entryTargets,FALSE,A3Z tracked games; five on five,Wings; centers excluded,Defensemen; centers excluded,TRUE,75,218,3,16,10,3,23,0,34,24,19,4,38,61,4,5,10,8,9,18,16,11,0,2,20,36,25,1,0,21,11,4,0,1,1,29,29,3,24,3,1,5.64,2.95,1.07,0,0.27,0.27,0.1,0.04,33.62,0.12,0.81,4.3,10.2,0,0.21
A3Z physicality,8476458,20232024,Ryan Strome,74887,5,0.14,-1.03,58.73,15.2,FALSE,TRUE,,blockedShotsPer60; defensiveRetrievalsPer60; botchedRetrievalsPer60; entryDenialShare,0,0,-0.03,-0.44,0.08,-0.82,0.09,0.22,43.53,FALSE,201.83,206.6,16,0.2,,entryTargets,FALSE,A3Z tracked games; five on five,Wings; centers excluded,Defensemen; centers excluded,TRUE,73,192,6,16,11,4,18,1,35,26,2,1,32,58,7,5,9,10,8,18,17,11,6,1,27,39,31,5,1,14,10,3,0,1,1,36,36,8,29,2,2,4.16,2.97,0.89,0,0.3,0.3,0.22,0.07,23.17,0.07,1.78,4.76,9.51,0.3,0.5
A3Z physicality,8476460,20232024,Mark Scheifele,89624,5,-0.64,-1.23,22.75,9.8,FALSE,TRUE,,botchedRetrievalsPer60; entryDenialShare,0,0,-0.21,-0.16,-0.21,-0.91,-0.22,-0.15,12.95,FALSE,444.85,446.85,28,0.38,,entryTargets,FALSE,A3Z tracked games; five on five,Wings; centers excluded,Defensemen; centers excluded,TRUE,75,207,13,43,32,21,56,6,61,55,9,2,81,112,20,8,6,16,30,44,17,16,8,8,70,117,47,2,3,30,49,16,1,4,6,62,62,8,40,4,5,4.05,6.61,2.16,0.13,0.54,0.81,0.13,0.12,21.23,0.1,1.75,5.8,10.93,0.81,0.22
A3Z physicality,8476468,20232024,J.T. Miller,94721,5,1.28,0.29,90.48,67.65,FALSE,TRUE,,botchedRetrievalsPer60; entryDenialShare,0,0,1.01,0.54,0.3,-0.32,-0.03,0.07,22.83,FALSE,320.6,319.87,23,0.28,,entryTargets,FALSE,A3Z tracked games; five on five,Wings; centers excluded,Defensemen; centers excluded,TRUE,72,211,18,30,22,19,39,6,43,33,11,4,63,89,11,5,10,13,11,27,16,8,3,3,51,75,41,5,7,49,24,13,0,3,1,42,42,4,31,3,6,9.17,4.49,2.43,0,0.56,0.19,0.1,0.19,25.55,0.1,3.37,5.61,11.79,1.12,0.36
A3Z physicality,8476881,20232024,Tomas Hertl,66386,5,-0.22,-1.1,41.8,13.24,FALSE,TRUE,,botchedRetrievalsPer60; entryDenialShare,0,0,0.04,-0.31,0.1,-0.48,-0.36,-0.32,28.56,FALSE,245.07,246.55,16,0.3,,,FALSE,A3Z tracked games; five on five,Wings; centers excluded,Defensemen; centers excluded,TRUE,75,220,16,23,19,13,38,4,35,31,22,6,63,82,10,6,4,13,12,25,10,12,7,2,30,46,32,3,1,22,11,16,0,0,1,37,37,7,29,4,2,5.39,2.69,3.92,0,0,0.24,0.19,0.07,20,0.14,3.92,5.63,15.42,0.98,0.27
A3Z physicality,8476882,20232024,Teuvo Teravainen,74792,5,-0.83,-1.48,17.46,3.92,FALSE,TRUE,,blockedShotsPer60; defensiveRetrievalsPer60; botchedRetrievalsPer60; entryDenialShare,0,0,-0.94,-0.96,-0.15,-0.93,0.26,0.41,13.54,FALSE,410.62,409.8,34,0.45,,,FALSE,A3Z tracked games; five on five,Wings; centers excluded,Defensemen; centers excluded,TRUE,71,191,14,55,28,12,19,3,62,29,23,9,50,84,7,5,33,9,8,35,27,24,1,0,56,85,58,2,4,8,15,7,0,2,1,72,72,5,42,5,2,1.17,2.19,1.02,0,0.29,0.15,0.07,0.05,33.98,0.12,2.05,8.04,7.31,0.44,0.39
A3Z physicality,8477429,20232024,Andrew Copp,77140,5,-1.04,-1.55,12.7,2.94,FALSE,TRUE,,botchedRetrievalsPer60; entryDenialShare,0,0,-0.93,-0.85,-0.12,-0.82,0.01,0.12,9.76,FALSE,342.77,352.75,28,0.35,,entryTargets,FALSE,A3Z tracked games; five on five,Wings; centers excluded,Defensemen; centers excluded,TRUE,73,200,11,39,12,10,30,2,62,37,12,5,64,110,11,9,25,11,8,29,33,17,2,3,28,47,40,5,5,6,21,20,0,3,2,48,48,5,37,2,7,1.05,3.68,3.5,0,0.53,0.35,0.1,0.19,21.69,0.05,1.93,6.83,11.2,0.35,0.42
A3Z physicality,8477446,20232024,Michael McCarron,53621,5,0.1,0.71,57.67,80.88,FALSE,TRUE,,fightsPer60; defensiveRetrievalsPer60; botchedRetrievalsPer60; entryDenialShare,0,0,0.51,1.98,0.3,-0.53,-0.71,-0.74,-23.21,FALSE,169.92,172.07,16,0.23,typedShotsOnNet,entryTargets,FALSE,A3Z tracked games; five on five,Wings; centers excluded,Defensemen; centers excluded,TRUE,78,232,8,13,12,2,9,2,25,15,4,2,23,35,4,4,10,7,5,14,11,11,1,1,15,19,20,2,3,31,26,6,2,0,1,25,25,5,15,2,3,10.95,9.18,2.12,0.71,0,0.35,0.2,0.2,18.11,0.13,2.82,4.59,8.12,0.71,0.5
A3Z physicality,8477500,20232024,Bo Horvat,95712,5,-0.3,-1.23,37.57,9.8,FALSE,TRUE,,blockedShotsPer60; defensiveRetrievalsPer60; botchedRetrievalsPer60; entryDenialShare,0,0,-0.2,-0.52,0.15,-0.51,-0.25,-0.2,27.76,FALSE,422.48,425.6,28,0.35,,entryTargets,FALSE,A3Z tracked games; five on five,Wings; centers excluded,Defensemen; centers excluded,TRUE,73,225,14,35,19,10,32,6,51,42,9,4,56,91,13,7,9,14,13,25,26,17,4,2,35,61,63,2,2,24,21,9,0,2,2,73,73,10,52,5,5,3.41,2.98,1.28,0,0.28,0.28,0.14,0.1,27.8,0.1,1.99,4.97,7.95,0.85,0.44
A3Z physicality,8477503,20232024,Max Domi,66168,5,0.27,0.46,62.96,74.02,FALSE,TRUE,,blockedShotsPer60; botchedRetrievalsPer60; entryDenialShare,0,0,0.43,0.94,-0.32,-0.76,0.16,0.28,-11.06,FALSE,279.13,285.12,25,0.31,,entryTargets,FALSE,A3Z tracked games; five on five,Wings; centers excluded,Defensemen; centers excluded,TRUE,70,208,7,18,13,7,26,3,48,35,9,3,48,77,8,5,13,9,14,27,21,15,2,6,41,60,45,2,1,16,17,6,1,6,2,51,51,1,36,2,1,3.44,3.65,1.29,0.21,1.29,0.43,0.02,0.03,37.64,0.06,1.5,3.87,10.32,0.64,0.33
A3Z physicality,8477846,20232024,Ryan Carpenter,41303,5,0.89,-1.19,84.66,10.78,FALSE,TRUE,,botchedRetrievalsPer60,0,0,0.27,-0.05,0.6,-1.28,0.03,0.14,73.87,FALSE,163.6,166.42,17,0.27,locatedAttempts; typedShotsOnNet,entryTargets,FALSE,A3Z tracked games; five on five,Wings; centers excluded,Defensemen; centers excluded,TRUE,73,198,5,12,8,4,19,2,27,18,9,1,42,66,13,3,9,5,5,11,16,4,1,0,11,21,8,0,3,19,13,11,0,0,0,18,18,4,12,1,3,6.97,4.77,4.03,0,0,0,0.22,0.25,23.39,0.08,1.83,4.4,15.4,0.73,0.11
A3Z physicality,8477987,20232024,Ryan Donato,65516,5,0.02,0.31,51.85,68.14,FALSE,TRUE,,botchedRetrievalsPer60; entryDenialShare,0,0,0.18,0.28,-0.35,-0.31,0.19,0.33,-16.29,FALSE,292.68,294.12,25,0.32,,entryTargets,FALSE,A3Z tracked games; five on five,Wings; centers excluded,Defensemen; centers excluded,TRUE,72,190,4,27,11,5,27,6,52,25,3,1,58,87,13,2,27,9,10,36,16,12,5,1,22,28,32,1,2,32,25,11,1,1,3,42,42,9,40,8,4,6.56,5.12,2.25,0.2,0.2,0.61,0.21,0.1,18.31,0.2,0.82,5.53,11.89,1.23,0.33
A3Z physicality,8478057,20232024,Dakota Joshua,54376,5,1.1,-1.45,87.3,3.92,TRUE,TRUE,netFrontAttemptShare; medianShotDistance,hitsPer60; blockedShotsPer60; defensiveRetrievalsPer60; botchedRetrievalsPer60,0,0,1.6,1.61,-0.17,-2.77,-0.34,-0.29,83.38,FALSE,224.42,227.22,19,0.3,,entryTargets,FALSE,A3Z tracked games; five on five,Wings; centers excluded,Defensemen; centers excluded,TRUE,75,218,8,23,8,6,14,1,25,17,1,0,28,48,8,5,8,5,6,14,11,10,1,0,19,34,21,6,2,73,24,5,1,3,3,35,35,14,26,4,3,19.52,6.42,1.34,0.27,0.8,0.8,0.4,0.12,9.22,0.15,2.14,6.15,7.49,0.27,0
A3Z physicality,8478078,20232024,Rourke Chartier,23908,5,0.52,-0.17,73.02,44.61,TRUE,TRUE,dumpInRecoveriesPer60,defensiveRetrievalsPer60; entryDenialShare,0,0,0.29,-0.15,0.16,-0.21,0.07,0.19,28.41,FALSE,162.65,167.53,19,0.51,typedShotsOnNet,entryTargets,FALSE,A3Z tracked games; five on five,Wings; centers excluded,Defensemen; centers excluded,FALSE,72,201,15,26,5,1,11,4,22,15,8,3,23,41,3,2,7,7,5,9,13,7,1,0,6,11,18,1,0,16,13,7,0,1,1,23,23,3,18,4,1,5.9,4.8,2.58,0,0.37,0.37,0.13,0.06,25.32,0.22,5.53,9.59,8.48,1.48,0.38
A3Z physicality,8478133,20232024,Jake Evans,78810,5,0.67,0.16,79.37,60.78,FALSE,TRUE,,botchedRetrievalsPer60; entryDenialShare,0,0,0.45,0.04,0.04,-0.21,0.19,0.33,18.58,FALSE,181.12,185,17,0.21,typedShotsOnNet,entryTargets,FALSE,A3Z tracked games; five on five,Wings; centers excluded,Defensemen; centers excluded,TRUE,72,190,5,12,9,4,19,3,27,18,4,2,35,48,5,5,9,10,4,17,10,8,0,2,21,30,17,5,2,21,16,11,0,2,3,25,25,2,17,1,3,6.96,5.3,3.64,0,0.66,0.99,0.08,0.18,26.57,0.06,1.66,3.98,11.59,0.99,0.5
A3Z physicality,8478401,20232024,Pavel Zacha,84739,5,-0.4,-1.76,33.33,1.96,FALSE,TRUE,,blockedShotsPer60; botchedRetrievalsPer60; entryDenialShare,0,0,0.06,-0.52,-0.12,-0.95,-0.34,-0.29,31.37,FALSE,277.88,280.63,21,0.27,,entryTargets,FALSE,A3Z tracked games; five on five,Wings; centers excluded,Defensemen; centers excluded,TRUE,76,211,8,32,12,8,34,1,38,34,7,3,49,77,7,6,4,8,13,21,17,11,4,2,41,57,28,1,8,29,13,4,0,1,4,28,28,2,25,3,9,6.26,2.81,0.86,0,0.22,0.86,0.07,0.36,20.57,0.12,1.73,6.91,10.58,0.22,0.43
A3Z physicality,8478402,20232024,Connor McDavid,97398,5,-0.4,-2.11,32.28,0.98,FALSE,TRUE,,defensiveRetrievalsPer60; botchedRetrievalsPer60,0,0,-0.1,-0.59,-0.38,-1.71,0.07,0.19,31.29,FALSE,497.27,502.22,30,0.39,,entryTargets,FALSE,A3Z tracked games; five on five,Wings; centers excluded,Defensemen; centers excluded,TRUE,73,194,18,52,55,40,54,6,74,63,13,1,78,118,12,7,11,29,19,45,29,16,14,20,138,186,94,3,4,45,43,16,0,3,8,99,99,15,70,11,4,5.43,5.19,1.93,0,0.36,0.97,0.15,0.06,19.92,0.16,2.17,6.27,9.41,0.72,0.08
A3Z physicality,8478438,20232024,Thomas Novak,60495,5,-2.99,-2.46,0.53,0,FALSE,TRUE,,botchedRetrievalsPer60; entryDenialShare,0,0,-2.35,-2.43,-0.75,-0.27,0.11,0.24,0.53,FALSE,229.47,235.18,20,0.28,,entryTargets,FALSE,A3Z tracked games; five on five,Wings; centers excluded,Defensemen; centers excluded,TRUE,73,190,10,27,12,11,22,3,44,33,8,5,40,66,9,4,11,11,14,27,17,13,5,0,41,64,40,0,2,2,36,9,0,0,1,46,46,1,23,1,1,0.52,9.41,2.35,0,0,0.26,0.02,0.04,26.02,0.04,2.61,7.06,10.46,0.78,0.62
A3Z physicality,8478569,20232024,Noel Acciari,42804,5,0.42,-0.15,69.84,45.59,FALSE,TRUE,,defensiveRetrievalsPer60; botchedRetrievalsPer60; entryDenialShare,0,0,0.73,-0,-0.43,-0.39,0.12,0.24,24.25,FALSE,169.15,172.52,18,0.33,typedShotsOnNet,entryTargets,FALSE,A3Z tracked games; five on five,Wings; centers excluded,Defensemen; centers excluded,TRUE,71,204,3,20,1,1,12,2,21,13,10,7,21,35,2,2,8,3,4,10,11,8,1,0,6,7,17,0,4,43,19,14,0,0,1,24,24,4,16,2,2,15.25,6.74,4.97,0,0,0.35,0.17,0.12,17.86,0.12,1.06,7.09,7.45,0.71,0.7
A3Z physicality,8478831,20232024,Kevin Stenlund,61256,5,-0.31,-0.97,37.57,18.63,FALSE,TRUE,,entryDenialShare,0,0,0.05,-0.28,-0.07,-0.46,-0.28,-0.23,18.94,FALSE,253.5,258.45,25,0.31,,entryTargets,FALSE,A3Z tracked games; five on five,Wings; centers excluded,Defensemen; centers excluded,TRUE,75,213,6,30,15,7,24,6,32,17,13,3,51,71,13,3,15,7,4,19,13,17,1,4,23,33,28,6,1,20,44,13,0,5,3,28,28,5,21,2,2,4.73,10.41,3.08,0,1.18,0.71,0.18,0.1,24.09,0.1,1.42,7.1,12.07,1.42,0.23
A3Z physicality,8479996,20232024,Cody Glass,33043,5,-0.54,-1.13,26.98,11.76,FALSE,TRUE,,defensiveRetrievalsPer60; botchedRetrievalsPer60; entryDenialShare,0,0,-0.29,-0.56,-0.09,-0.5,-0.16,-0.08,15.22,FALSE,152.88,153.98,14,0.34,typedShotsOnNet,entryTargets,FALSE,A3Z tracked games; five on five,Wings; centers excluded,Defensemen; centers excluded,TRUE,75,201,6,11,9,6,11,2,24,17,9,4,24,37,4,4,7,4,5,12,12,6,1,0,21,31,21,1,2,9,15,6,0,2,3,23,23,4,18,4,2,3.53,5.89,2.35,0,0.78,1.18,0.17,0.11,18.36,0.22,2.35,4.32,9.42,0.78,0.44
A3Z physicality,8480018,20232024,Nick Suzuki,104619,5,-0.39,-1.25,33.86,8.82,FALSE,TRUE,,blockedShotsPer60; botchedRetrievalsPer60; entryDenialShare,0,0,-0.74,-1.07,0.25,-0.39,0.09,0.21,25.04,FALSE,253.45,253.88,17,0.21,,entryTargets,FALSE,A3Z tracked games; five on five,Wings; centers excluded,Defensemen; centers excluded,TRUE,71,207,13,26,25,7,36,3,46,31,7,3,61,84,10,7,15,9,13,30,16,9,6,3,40,64,26,2,3,11,27,6,0,2,3,32,32,4,21,1,2,2.6,6.39,1.42,0,0.47,0.71,0.12,0.1,28.04,0.05,3.08,6.16,14.44,0.71,0.43
A3Z physicality,8480039,20232024,Martin Necas,80186,5,-0.44,-1.95,30.16,1.96,FALSE,TRUE,,blockedShotsPer60; defensiveRetrievalsPer60; botchedRetrievalsPer60; entryDenialShare,0,0,-0.11,-0.47,-0.24,-1.48,-0.1,-0,28.2,FALSE,468.07,479.68,33,0.43,,entryTargets,FALSE,A3Z tracked games; five on five,Wings; centers excluded,Defensemen; centers excluded,TRUE,75,195,20,50,34,20,43,2,76,50,15,3,76,114,15,6,26,15,21,47,29,41,3,4,76,118,104,2,4,35,54,10,0,8,10,115,115,9,76,5,1,4.49,6.92,1.28,0,1.03,1.28,0.08,0.01,31.24,0.07,2.56,6.41,9.74,0.26,0.2
A3Z physicality,8480144,20232024,David Kampf,63119,5,0.5,-0.57,73.02,27.45,FALSE,TRUE,,blockedShotsPer60; entryDenialShare,0,0,0.07,-0.58,0.48,-0.03,-0.05,0.05,45.56,FALSE,245.3,251.05,23,0.29,,entryTargets,FALSE,A3Z tracked games; five on five,Wings; centers excluded,Defensemen; centers excluded,TRUE,74,198,14,26,8,5,27,6,35,26,9,4,43,71,7,2,9,9,8,18,17,5,2,3,24,35,18,0,0,29,35,5,0,2,3,32,32,5,28,3,2,7.09,8.56,1.22,0,0.49,0.73,0.16,0.07,31.2,0.11,3.42,6.36,10.52,1.47,0.44
A3Z physicality,8480798,20232024,Philipp Kurashev,85583,5,-0.63,-1.07,22.75,13.73,FALSE,TRUE,,botchedRetrievalsPer60; entryDenialShare,0,0,-0.73,-0.81,-0.09,-0.6,0.19,0.33,9.03,FALSE,271.3,273.42,19,0.25,,entryTargets,FALSE,A3Z tracked games; five on five,Wings; centers excluded,Defensemen; centers excluded,TRUE,72,190,10,29,16,10,33,4,43,35,6,2,45,66,4,2,8,16,14,30,13,8,2,3,36,51,33,3,0,7,20,9,0,3,2,31,31,2,20,2,1,1.55,4.42,1.99,0,0.66,0.44,0.06,0.05,33.97,0.1,2.21,6.41,9.95,0.88,0.33
A3Z physicality,8480849,20232024,Barrett Hayton,33687,5,-1.99,-3.63,2.65,0,FALSE,TRUE,,blockedShotsPer60; defensiveRetrievalsPer60; botchedRetrievalsPer60,0,0,-1.66,-1.7,-0.34,-2.05,0.01,0.12,2.65,FALSE,164.07,166.53,13,0.39,typedShotsOnNet,entryTargets,FALSE,A3Z tracked games; five on five,Wings; centers excluded,Defensemen; centers excluded,TRUE,73,200,4,12,6,4,15,3,19,14,2,0,27,37,3,2,5,6,6,12,7,7,2,0,17,25,17,1,2,2,10,4,0,1,3,21,21,4,13,1,1,0.73,3.66,1.46,0,0.37,1.1,0.19,0.08,17.2,0.08,1.46,4.39,9.87,1.1,0
A3Z physicality,8480855,20232024,Jack McBain,50750,5,1.24,0.38,89.95,71.57,FALSE,TRUE,,botchedRetrievalsPer60; entryDenialShare,0,0,1.79,1.21,-0.12,-0.43,-0.42,-0.4,18.38,FALSE,163.77,167.33,15,0.22,locatedAttempts; typedShotsOnNet,entryTargets,FALSE,A3Z tracked games; five on five,Wings; centers excluded,Defensemen; centers excluded,TRUE,76,219,7,12,6,1,12,2,23,15,4,2,28,40,5,4,8,7,4,15,8,4,1,0,12,14,9,1,0,46,17,6,0,5,2,17,17,1,12,2,3,16.85,6.23,2.2,0,1.83,0.73,0.06,0.25,20.88,0.17,2.56,4.4,10.26,0.73,0.5
A3Z physicality,8481522,20232024,Peyton Krebs,60027,5,0.03,-1.05,53.44,14.71,TRUE,TRUE,hitsReceivedPer60,hitsReceivedPer60; blockedShotsPer60; defensiveRetrievalsPer60; botchedRetrievalsPer60; entryDenialShare,0,0,-0.4,-0.75,0.23,-0.66,0.21,0.36,38.73,FALSE,200,202.22,20,0.25,typedShotsOnNet,entryTargets,FALSE,A3Z tracked games; five on five,Wings; centers excluded,Defensemen; centers excluded,TRUE,72,188,10,16,13,6,12,3,18,14,6,2,27,51,14,4,4,4,4,9,9,5,2,2,22,34,15,1,0,11,38,4,0,4,2,20,20,2,12,3,1,3.3,11.4,1.2,0,1.2,0.6,0.1,0.08,30.83,0.25,3,4.8,8.1,0.9,0.33
A3Z physicality,8482074,20232024,Connor Zary,57734,5,-0.36,-1.9,34.92,1.96,FALSE,TRUE,,defensiveRetrievalsPer60; botchedRetrievalsPer60; entryDenialShare,0,0,-0.39,-0.5,-0.28,-1.89,0.31,0.49,32.96,FALSE,201.57,205.27,16,0.25,locatedAttempts; typedShotsOnNet,entryTargets,FALSE,A3Z tracked games; five on five,Wings; centers excluded,Defensemen; centers excluded,TRUE,72,178,10,28,15,5,12,0,26,21,10,2,20,44,6,2,5,4,4,7,19,6,0,0,24,34,17,2,1,7,19,6,0,3,1,17,17,4,13,2,1,2.08,5.66,1.79,0,0.89,0.3,0.24,0.08,13.89,0.15,2.98,8.33,5.95,0,0.2
A3Z physicality,8482092,20232024,Ridly Greig,63690,5,0.86,0.51,84.13,75,FALSE,TRUE,,botchedRetrievalsPer60; entryDenialShare,0,0,0.36,0.04,0.26,0.06,0.25,0.41,9.13,FALSE,173.13,177.62,16,0.22,typedShotsOnNet,entryTargets,FALSE,A3Z tracked games; five on five,Wings; centers excluded,Defensemen; centers excluded,TRUE,72,184,9,22,9,5,19,3,27,20,4,3,37,55,6,6,7,10,5,14,13,5,1,2,15,24,13,1,1,16,21,7,0,4,3,21,21,3,16,2,3,5.54,7.28,2.43,0,1.39,1.04,0.14,0.19,22.85,0.12,3.12,7.62,12.82,1.04,0.75
A3Z physicality,8482113,20232024,Anton Lundell,71961,5,-0.4,-1.44,33.86,4.9,FALSE,TRUE,,blockedShotsPer60; defensiveRetrievalsPer60; botchedRetrievalsPer60; entryDenialShare,0,0,-0.35,-0.64,-0.1,-0.96,0.05,0.17,28.96,FALSE,291.95,297.08,24,0.31,,entryTargets,FALSE,A3Z tracked games; five on five,Wings; centers excluded,Defensemen; centers excluded,TRUE,73,196,11,27,16,6,15,4,31,21,12,3,34,61,10,6,10,3,4,9,22,22,2,2,24,42,48,3,5,15,29,7,0,4,4,62,62,6,44,4,5,3.08,5.96,1.44,0,0.82,0.82,0.1,0.11,25.02,0.09,2.26,5.55,6.99,0.82,0.25
A3Z physicality,8484144,20232024,Connor Bedard,80716,5,-0.86,-1.45,16.93,3.92,FALSE,TRUE,,defensiveRetrievalsPer60; botchedRetrievalsPer60; entryDenialShare,0,0,-0.45,-0.82,-0.76,-1.15,0.34,0.51,13.01,FALSE,321.58,321.5,23,0.34,,entryTargets,FALSE,A3Z tracked games; five on five,Wings; centers excluded,Defensemen; centers excluded,TRUE,70,190,5,26,15,11,25,0,38,35,7,4,37,64,8,4,3,19,10,20,18,16,2,5,45,67,62,3,0,18,25,9,0,2,4,77,77,4,52,2,1,3.36,4.66,1.68,0,0.37,0.75,0.05,0.02,28.46,0.04,0.93,4.85,6.9,0,0.57
A3Z physicality,8474150,20242025,Mikael Backlund,85440,1,-1.05,0.48,15.64,75.85,FALSE,TRUE,,blockedShotsPer60; entryDenialShare,0,0,-0.36,-0.34,-0.72,0.59,0.02,0.23,-60.2,FALSE,269.85,270.77,20,0.26,,entryTargets,FALSE,A3Z tracked games; five on five,Wings; centers excluded,Defensemen; centers excluded,TRUE,72,206,9,38,17,10,37,9,47,40,15,7,58,86,9,6,7,16,12,30,17,18,3,1,30,43,42,4,2,7,10,6,0,4,1,55,55,1,36,3,2,1.56,2.22,1.33,0,0.89,0.22,0.02,0.06,36.62,0.08,2,8.45,12.9,2,0.47
A3Z physicality,8475166,20242025,John Tavares,82015,1,0.43,0.78,66.48,83.09,FALSE,TRUE,,defensiveRetrievalsPer60; entryDenialShare,0,0,0,1.31,0.57,-0.48,-0.14,-0.05,-16.61,FALSE,576.75,579.3,40,0.53,,entryTargets,FALSE,A3Z tracked games; five on five,Wings; centers excluded,Defensemen; centers excluded,TRUE,73,217,27,86,47,15,59,18,76,60,17,9,97,160,22,10,16,20,20,36,40,16,2,4,83,125,78,4,15,46,33,22,0,7,4,86,86,14,64,7,15,4.79,3.43,2.29,0,0.73,0.42,0.16,0.23,19.33,0.11,2.81,8.95,10.09,1.87,0.53
A3Z physicality,8475172,20242025,Nazem Kadri,95226,1,-2.26,-1.39,1.12,6.28,FALSE,TRUE,,blockedShotsPer60; contactPenaltiesDrawnPer60; defensiveRetrievalsPer60; entryDenialShare,0,0,-1.47,-0.66,-0.99,-1.3,0.19,0.57,-5.16,FALSE,292.45,297.08,20,0.24,,entryTargets,FALSE,A3Z tracked games; five on five,Wings; centers excluded,Defensemen; centers excluded,TRUE,72,185,7,20,19,12,37,6,52,40,15,5,51,83,8,3,12,22,13,29,23,20,2,2,46,65,53,2,3,7,27,7,0,3,8,62,62,2,46,3,4,1.44,5.54,1.44,0,0.62,1.64,0.03,0.09,35.23,0.07,1.44,4.1,10.46,1.23,0.33
A3Z physicality,8475225,20242025,Craig Smith,40139,1,0.3,-1.69,61.45,3.38,FALSE,TRUE,,defensiveRetrievalsPer60; botchedRetrievalsPer60; entryDenialShare,0,0,0.59,0.83,-0.26,-2.69,-0.02,0.17,58.07,FALSE,289.23,289.73,28,0.47,,entryTargets,FALSE,A3Z tracked games; five on five,Wings; centers excluded,Defensemen; centers excluded,TRUE,73,203,13,40,20,10,19,4,49,25,6,3,35,81,11,5,24,12,6,26,23,15,6,0,32,53,54,7,2,23,12,10,0,4,0,61,61,6,49,7,1,4.77,2.49,2.07,0,0.83,0,0.1,0.02,38.01,0.14,2.7,8.3,7.26,0.83,0.5
A3Z physicality,8475343,20242025,Nic Dowd,74666,1,0.54,0.24,70.95,65.7,FALSE,TRUE,,defensiveRetrievalsPer60; entryDenialShare,0,0,0.48,1.55,0.08,-1.5,-0.02,0.19,5.25,FALSE,310.85,314.87,25,0.3,,entryTargets,FALSE,A3Z tracked games; five on five,Wings; centers excluded,Defensemen; centers excluded,TRUE,74,195,17,38,22,14,34,9,54,34,5,1,62,100,13,5,20,13,11,31,23,12,3,0,30,59,26,5,4,42,28,19,0,4,2,32,32,2,21,2,4,8.11,5.4,3.67,0,0.77,0.39,0.06,0.19,25.81,0.1,3.28,7.33,11.97,1.74,0.2
A3Z physicality,8475726,20242025,Tyler Toffoli,79230,1,-1.18,2.35,10.06,98.07,FALSE,TRUE,,defensiveRetrievalsPer60; botchedRetrievalsPer60; entryDenialShare,0,0,-0.57,2.07,-0.64,0.04,0.02,0.25,-88.01,FALSE,278.57,279.45,22,0.28,,entryTargets,FALSE,A3Z tracked games; five on five,Wings; centers excluded,Defensemen; centers excluded,TRUE,72,205,6,15,11,9,32,4,57,38,4,3,48,83,6,6,19,11,14,33,24,13,2,5,32,57,53,5,2,15,7,12,0,3,3,65,65,7,53,6,3,3.23,1.51,2.58,0,0.65,0.65,0.11,0.06,31.76,0.11,1.29,3.23,10.34,0.86,0.75
A3Z physicality,8476458,20242025,Ryan Strome,82079,1,-0.08,-0.32,49.16,31.4,FALSE,TRUE,,defensiveRetrievalsPer60,0,0,-0.33,1.92,0.18,-2.59,0.07,0.35,17.76,FALSE,282.45,285.45,21,0.26,,entryTargets,FALSE,A3Z tracked games; five on five,Wings; centers excluded,Defensemen; centers excluded,TRUE,73,192,11,20,19,15,29,11,36,21,13,2,49,70,7,4,15,10,5,22,14,12,4,5,48,70,31,3,3,11,9,11,1,4,3,43,43,8,30,5,3,2.34,1.91,2.34,0.21,0.85,0.64,0.19,0.1,24.21,0.17,2.34,4.25,10.41,2.34,0.15
A3Z physicality,8476624,20242025,Barclay Goodrow,63680,1,2.16,0.04,97.77,55.07,FALSE,TRUE,,defensiveRetrievalsPer60; entryDenialShare,0,0,1.87,3.04,0.43,-2.95,-0.15,-0.05,42.69,FALSE,239.63,242.43,21,0.27,typedShotsOnNet,entryTargets,FALSE,A3Z tracked games; five on five,Wings; centers excluded,Defensemen; centers excluded,TRUE,74,210,8,41,9,2,13,6,30,19,9,3,31,52,11,7,11,4,8,20,10,10,1,0,21,27,17,1,3,33,16,17,2,4,0,26,26,2,17,2,5,8.26,4.01,4.26,0.5,1,0,0.08,0.29,18.02,0.12,2,10.27,7.76,1.5,0.33
A3Z physicality,8476878,20242025,Zemgus Girgensons,57390,1,0.59,-2.85,72.07,0.48,TRUE,TRUE,hitsReceivedPer60,blockedShotsPer60; defensiveRetrievalsPer60; entryDenialShare,0,0,0.62,2.52,0.07,-5.42,-0.1,0.05,71.58,FALSE,304.57,307.92,32,0.39,,,FALSE,A3Z tracked games; five on five,Wings; centers excluded,Defensemen; centers excluded,TRUE,75,197,21,34,14,6,19,8,34,20,20,4,31,63,7,2,14,9,3,16,18,30,2,1,17,25,45,3,3,57,55,9,2,2,6,53,53,3,34,3,6,11.23,10.84,1.77,0.39,0.39,1.18,0.06,0.18,27.31,0.09,4.14,6.7,6.11,1.58,0.2
A3Z physicality,8476881,20242025,Tomas Hertl,74971,1,0.77,1.11,77.09,89.37,TRUE,TRUE,backhandShare,defensiveRetrievalsPer60; botchedRetrievalsPer60; entryDenialShare,0,0,0.27,1.71,0.79,-0.27,-0.29,-0.32,-12.28,FALSE,246.12,244.92,19,0.26,,entryTargets,FALSE,A3Z tracked games; five on five,Wings; centers excluded,Defensemen; centers excluded,TRUE,75,220,8,31,18,12,21,3,43,29,10,6,43,72,4,3,14,11,6,24,19,17,3,2,30,52,49,6,6,23,14,13,0,1,1,54,54,8,38,13,5,5.61,3.41,3.17,0,0.24,0.24,0.15,0.13,22.11,0.34,1.95,7.56,10.48,0.73,0.6
A3Z physicality,8476897,20242025,Oskar Sundqvist,53095,1,0.12,-0.83,56.42,16.43,FALSE,TRUE,,defensiveRetrievalsPer60; botchedRetrievalsPer60; entryDenialShare,0,0,0.38,1.5,-0.04,-2.17,-0.21,-0.16,40,FALSE,312.2,314.12,29,0.43,typedShotsOnNet,entryTargets,FALSE,A3Z tracked games; five on five,Wings; centers excluded,Defensemen; centers excluded,TRUE,75,210,9,30,12,10,26,6,40,29,11,5,42,73,7,2,11,4,14,23,17,8,1,2,15,30,21,3,0,39,29,17,0,2,2,24,24,2,14,3,1,7.5,5.57,3.27,0,0.38,0.38,0.08,0.07,29.38,0.21,1.73,5.77,8.07,1.15,0.45
A3Z physicality,8477497,20242025,Sean Monahan,61608,1,0.15,-2.82,56.42,0.48,FALSE,TRUE,,defensiveRetrievalsPer60; botchedRetrievalsPer60; entryDenialShare,0,0,0.08,-0.43,0.19,-2.4,-0.11,0.01,55.94,FALSE,164.8,164.53,12,0.22,typedShotsOnNet,entryTargets,FALSE,A3Z tracked games; five on five,Wings; centers excluded,Defensemen; centers excluded,TRUE,74,206,13,17,17,8,11,2,22,14,6,3,21,39,5,3,8,7,3,12,10,11,1,0,25,35,19,2,2,5,7,6,0,1,0,28,28,3,19,1,3,1.82,2.55,2.18,0,0.36,0,0.11,0.16,22.92,0.05,4.73,6.19,7.65,0.73,0.5
A3Z physicality,8477951,20242025,Nick Schmaltz,91454,1,-1.16,-2,11.73,2.9,FALSE,TRUE,,defensiveRetrievalsPer60; botchedRetrievalsPer60,0,0,-1.24,-0.25,-0.12,-2.34,0.2,0.58,8.83,FALSE,236,238.68,17,0.21,,entryTargets,FALSE,A3Z tracked games; five on five,Wings; centers excluded,Defensemen; centers excluded,TRUE,72,184,9,33,12,10,31,3,57,45,11,2,43,77,6,5,12,15,16,30,27,4,3,5,40,68,23,3,1,3,13,11,0,0,3,28,28,2,26,3,2,0.76,3.31,2.8,0,0,0.76,0.07,0.08,27.56,0.12,2.29,8.39,10.93,0.76,0.18
A3Z physicality,8478493,20242025,Joel Eriksson Ek,54555,1,-0.62,-0.77,27.37,16.91,FALSE,TRUE,,defensiveRetrievalsPer60; botchedRetrievalsPer60; entryDenialShare,0,0,-0.65,2.55,0.22,-3.2,-0.19,-0.11,10.47,FALSE,177.77,178.12,13,0.28,,entryTargets,FALSE,A3Z tracked games; five on five,Wings; centers excluded,Defensemen; centers excluded,TRUE,75,207,10,27,10,6,14,3,30,20,13,4,23,42,6,2,10,6,7,18,12,6,1,0,10,23,23,3,3,17,10,11,0,2,4,30,30,4,22,3,1,5.74,3.38,3.71,0,0.68,1.35,0.13,0.05,28.28,0.14,3.38,9.11,7.76,1.01,0.31
A3Z physicality,8478831,20242025,Kevin Stenlund,70607,1,-1.78,-2.66,1.68,0.48,FALSE,TRUE,,defensiveRetrievalsPer60; entryDenialShare,0,0,-0.7,0.26,-0.84,-2.71,-0.24,-0.21,1.19,FALSE,193.33,197.75,17,0.21,,entryTargets,FALSE,A3Z tracked games; five on five,Wings; centers excluded,Defensemen; centers excluded,TRUE,75,213,8,24,8,7,12,4,25,19,6,3,23,47,4,2,6,2,4,9,16,10,1,1,13,27,28,0,1,6,12,9,0,1,2,29,29,1,21,1,0,1.86,3.72,2.79,0,0.31,0.62,0.03,0,34.21,0.05,2.48,7.45,7.14,1.24,0.5
A3Z physicality,8479351,20242025,Sam Steel,67025,1,-0.21,0.04,43.02,54.11,FALSE,TRUE,,defensiveRetrievalsPer60; entryDenialShare,0,0,-0.31,1.32,-0.1,-1.85,0.19,0.57,-11.09,FALSE,329.03,335.6,30,0.38,,entryTargets,FALSE,A3Z tracked games; five on five,Wings; centers excluded,Defensemen; centers excluded,TRUE,72,185,19,34,17,11,26,7,63,43,7,6,39,78,10,3,20,11,15,32,31,11,1,0,38,55,36,0,3,24,34,10,1,3,6,43,43,6,28,3,1,4.38,6.2,1.82,0.18,0.55,1.09,0.14,0.04,31.3,0.11,3.46,6.2,7.11,1.28,0.86
A3Z physicality,8479996,20242025,Cody Glass,53257,1,-0.19,-1.61,43.58,3.86,FALSE,TRUE,,blockedShotsPer60; defensiveRetrievalsPer60; botchedRetrievalsPer60; entryDenialShare,0,0,-0.16,0.72,0.1,-2.31,-0.14,-0.02,39.71,FALSE,165.93,167.82,15,0.23,,entryTargets,FALSE,A3Z tracked games; five on five,Wings; centers excluded,Defensemen; centers excluded,TRUE,75,201,7,18,8,4,10,1,20,15,6,4,20,32,2,5,5,3,8,13,7,6,1,1,17,23,28,1,3,10,10,4,0,1,1,33,33,3,23,3,4,3.62,3.62,1.45,0,0.36,0.36,0.09,0.17,26.17,0.13,2.53,6.51,7.23,0.36,0.67
A3Z physicality,8479999,20242025,Casey Mittelstadt,82930,1,-1.93,-2.08,1.12,2.42,FALSE,TRUE,,blockedShotsPer60; defensiveRetrievalsPer60; entryDenialShare,0,0,-0.57,-0.96,-1.33,-1.26,-0.04,0.14,-1.3,FALSE,308.17,311,23,0.28,typedShotsOnNet,entryTargets,FALSE,A3Z tracked games; five on five,Wings; centers excluded,Defensemen; centers excluded,TRUE,73,205,11,23,16,14,30,11,39,33,14,6,48,73,6,6,6,8,11,18,21,2,3,0,38,65,17,1,1,7,19,6,0,4,2,22,22,0,13,0,1,1.36,3.7,1.17,0,0.78,0.39,0,0.08,36,0,2.14,4.48,9.35,2.14,0.43
A3Z physicality,8480018,20242025,Nick Suzuki,98698,1,-0.25,-1.03,40.78,12.08,FALSE,TRUE,,defensiveRetrievalsPer60; botchedRetrievalsPer60; entryDenialShare,0,0,-0.3,0.67,-0.02,-2.03,0.07,0.33,28.7,FALSE,321.05,320.33,22,0.27,,entryTargets,FALSE,A3Z tracked games; five on five,Wings; centers excluded,Defensemen; centers excluded,TRUE,71,207,15,34,28,19,32,5,61,40,16,3,61,100,8,5,21,21,6,30,31,13,0,6,53,100,42,2,2,15,22,16,0,0,2,46,46,6,34,3,4,2.8,4.11,2.99,0,0,0.37,0.13,0.12,26.57,0.09,2.8,6.35,11.4,0.93,0.19
A3Z physicality,8480039,20242025,Martin Necas,90053,1,-1.42,-0.27,6.7,33.82,FALSE,TRUE,,blockedShotsPer60; defensiveRetrievalsPer60; entryDenialShare,0,0,-0.83,0.66,-0.5,-1.01,-0.09,0.08,-27.11,FALSE,358.82,363.62,26,0.33,,entryTargets,FALSE,A3Z tracked games; five on five,Wings; centers excluded,Defensemen; centers excluded,TRUE,75,195,18,34,23,19,37,8,62,53,9,5,55,96,17,3,9,13,20,36,26,25,3,13,64,114,71,3,2,20,30,6,0,1,6,75,75,8,48,2,2,3.34,5.02,1,0,0.17,1,0.11,0.04,30.15,0.04,3.01,5.69,9.2,1.34,0.56
A3Z physicality,8480064,20242025,Josh Norris,61644,1,0.95,1.64,81.56,93.72,FALSE,TRUE,,defensiveRetrievalsPer60; botchedRetrievalsPer60; entryDenialShare,0,0,0.06,3.09,0.92,-1.62,-0.03,0.17,-12.16,FALSE,190.53,189.78,16,0.29,,entryTargets,FALSE,A3Z tracked games; five on five,Wings; centers excluded,Defensemen; centers excluded,TRUE,74,196,13,26,5,4,14,2,26,12,8,5,26,40,2,1,14,6,5,16,10,13,2,1,22,33,27,2,6,38,12,7,0,3,3,29,29,6,22,3,6,11.97,3.78,2.2,0,0.94,0.94,0.21,0.27,19.24,0.14,4.09,8.19,8.19,0.63,0.62
A3Z physicality,8480068,20242025,Ryan Poehling,56630,1,-1.17,-4.11,11.17,0.48,TRUE,TRUE,hitsPer60; blockedShotsPer60,defensiveRetrievalsPer60; entryDenialShare,0,0,-0.62,-2.44,-0.44,-1.68,-0.11,0.01,10.69,FALSE,185.18,187.83,15,0.22,typedShotsOnNet,entryTargets,FALSE,A3Z tracked games; five on five,Wings; centers excluded,Defensemen; centers excluded,TRUE,74,206,9,17,10,4,19,5,27,21,4,1,33,53,6,3,6,7,8,15,12,8,3,2,24,38,23,1,2,1,20,20,0,1,1,23,23,2,15,0,2,0.32,6.48,6.48,0,0.32,0.32,0.09,0.13,22.36,0,2.92,5.51,10.69,1.62,0.25
A3Z physicality,8480459,20242025,Pius Suter,84292,1,0.53,0.57,70.39,77.29,FALSE,TRUE,,defensiveRetrievalsPer60; entryDenialShare,0,0,0.3,1,-0.13,-1.32,0.36,0.89,-6.9,FALSE,389.63,394.43,33,0.41,,entryTargets,FALSE,A3Z tracked games; five on five,Wings; centers excluded,Defensemen; centers excluded,TRUE,71,172,19,37,16,7,38,11,59,40,14,5,65,102,7,5,19,11,17,34,25,26,1,1,40,53,58,7,4,22,10,13,0,3,0,64,64,6,51,5,4,3.39,1.54,2,0,0.46,0,0.09,0.08,25.93,0.1,2.93,5.7,10.01,1.69,0.36
A3Z physicality,8480802,20242025,Ryan McLeod,79759,1,-0.63,-1.9,27.37,2.9,FALSE,TRUE,,blockedShotsPer60; entryDenialShare,0,0,-0.06,-1.62,-0.4,-0.22,-0.16,-0.07,24.48,FALSE,264.98,268.02,21,0.27,typedShotsOnNet,,FALSE,A3Z tracked games; five on five,Wings; centers excluded,Defensemen; centers excluded,TRUE,75,204,15,24,18,15,52,9,63,53,26,5,69,109,10,2,10,20,17,33,30,3,4,5,49,73,15,3,3,6,17,4,0,1,0,21,21,3,12,0,1,1.36,3.85,0.91,0,0.23,0,0.14,0.08,25.63,0,3.4,5.43,15.62,2.04,0.19
A3Z physicality,8480840,20242025,Oskar Bäck,51262,1,0.25,-5.44,60.34,0,TRUE,TRUE,dumpInRecoveriesPer60,defensiveRetrievalsPer60; botchedRetrievalsPer60; entryDenialShare,0,0,-0,-1.56,0.5,-3.65,-0.25,-0.22,60.34,FALSE,263.32,266.38,27,0.37,typedShotsOnNet,entryTargets,FALSE,A3Z tracked games; five on five,Wings; centers excluded,Defensemen; centers excluded,TRUE,76,207,22,49,18,14,17,3,50,29,12,5,29,73,4,5,21,6,10,17,33,9,1,2,31,51,20,4,3,10,33,8,0,2,1,25,25,0,12,1,4,2.28,7.52,1.82,0,0.46,0.23,0,0.33,20,0.08,5.01,11.17,6.61,0.68,0.42
A3Z physicality,8480849,20242025,Barrett Hayton,79219,1,-0.34,-9.72,37.43,0,FALSE,TRUE,,defensiveRetrievalsPer60; botchedRetrievalsPer60; entryDenialShare,0,0,-0.58,-1.04,0.24,-8.9,0,0.22,37.43,FALSE,217.67,220.75,17,0.21,typedShotsOnNet,entryTargets,FALSE,A3Z tracked games; five on five,Wings; centers excluded,Defensemen; centers excluded,TRUE,73,200,10,25,16,6,12,4,21,17,8,0,20,36,4,1,4,3,4,9,12,12,2,0,23,46,36,4,11,3,26,8,1,2,3,38,38,5,19,1,5,0.83,7.17,2.21,0.28,0.55,0.83,0.13,0.26,17.36,0.05,2.76,6.89,5.51,1.1,0
A3Z physicality,8481028,20242025,Martin Pospisil,67107,1,0.5,0.03,67.6,54.11,FALSE,TRUE,,hitsPer60; blockedShotsPer60; defensiveRetrievalsPer60; botchedRetrievalsPer60; entryDenialShare,0,0,0.33,4.21,0.01,-4.72,0.16,0.54,13.49,FALSE,243.18,243.85,20,0.25,,entryTargets,FALSE,A3Z tracked games; five on five,Wings; centers excluded,Defensemen; centers excluded,TRUE,74,173,8,27,15,4,20,1,42,27,9,2,28,61,3,3,15,11,7,21,21,10,4,1,26,41,34,1,5,88,14,6,0,3,4,37,37,3,27,4,5,21.71,3.45,1.48,0,0.74,0.99,0.08,0.19,29.15,0.15,1.97,6.66,6.91,0.25,0.22
A3Z physicality,8481528,20242025,Dylan Cozens,83939,1,0.2,1.47,58.66,92.75,FALSE,TRUE,,blockedShotsPer60; defensiveRetrievalsPer60,0,0,0.9,4.35,-0.54,-2.8,-0.17,-0.08,-34.09,FALSE,333.32,334.48,26,0.32,,entryTargets,FALSE,A3Z tracked games; five on five,Wings; centers excluded,Defensemen; centers excluded,TRUE,75,205,6,37,22,6,36,7,53,43,7,1,59,90,8,5,10,19,15,36,17,17,2,1,33,50,40,2,2,76,19,4,2,2,3,50,50,2,37,4,4,13.68,3.42,0.72,0.36,0.36,0.54,0.04,0.11,31.03,0.11,1.08,6.66,10.62,1.26,0.14
A3Z physicality,8481596,20242025,Shane Pinto,73739,1,-1.23,-3.09,8.38,0.48,FALSE,TRUE,,defensiveRetrievalsPer60; botchedRetrievalsPer60; entryDenialShare,0,0,-0.71,1.39,-0.34,-4.38,-0.18,-0.1,7.9,FALSE,275.35,282.05,21,0.3,,entryTargets,FALSE,A3Z tracked games; five on five,Wings; centers excluded,Defensemen; centers excluded,TRUE,75,206,13,33,12,7,18,3,33,25,6,2,29,62,9,2,8,16,3,15,18,17,2,1,31,45,39,4,3,14,13,12,0,3,4,46,46,4,28,1,2,3.05,2.83,2.61,0,0.65,0.87,0.09,0.07,25.18,0.04,2.83,7.19,6.32,0.65,0.33
A3Z physicality,8482113,20242025,Anton Lundell,79217,1,0.09,1.81,55.31,94.69,FALSE,TRUE,,defensiveRetrievalsPer60; botchedRetrievalsPer60; entryDenialShare,0,0,0.29,2.15,-0.24,-0.62,0.04,0.28,-39.38,FALSE,257.08,262.52,21,0.27,,entryTargets,FALSE,A3Z tracked games; five on five,Wings; centers excluded,Defensemen; centers excluded,TRUE,73,196,12,26,13,5,23,5,44,29,4,2,44,71,6,2,15,8,10,26,18,13,1,2,30,45,26,6,3,37,21,13,0,1,2,31,31,4,22,1,4,8.64,4.9,3.03,0,0.23,0.47,0.13,0.18,30.81,0.05,2.8,6.07,10.27,1.17,0.5
A3Z physicality,8482259,20242025,Bobby McMann,64365,1,-0.47,-2.01,32.96,2.9,FALSE,TRUE,,blockedShotsPer60; defensiveRetrievalsPer60; botchedRetrievalsPer60; entryDenialShare,0,0,-0.1,2,-0.17,-3.84,-0.2,-0.16,30.06,FALSE,409.17,414.23,33,0.45,,entryTargets,FALSE,A3Z tracked games; five on five,Wings; centers excluded,Defensemen; centers excluded,TRUE,74,217,23,67,18,13,26,7,72,43,10,3,48,105,11,5,29,16,10,32,40,28,3,0,29,51,79,3,10,54,28,7,0,4,5,84,84,3,56,5,7,7.92,4.11,1.03,0,0.59,0.73,0.04,0.12,33.15,0.09,3.37,9.82,7.04,1.03,0.3
A3Z physicality,8483524,20242025,Shane Wright,66683,1,0.77,-2.83,77.09,0.48,FALSE,TRUE,,defensiveRetrievalsPer60; entryDenialShare,0,0,0.23,-0.36,0.41,-2.93,0.13,0.46,76.61,FALSE,281.85,283.03,26,0.33,,entryTargets,FALSE,A3Z tracked games; five on five,Wings; centers excluded,Defensemen; centers excluded,TRUE,72,192,21,36,16,8,21,7,29,24,11,7,30,63,10,2,5,6,7,10,19,10,2,1,28,57,27,2,7,14,28,24,0,3,1,34,34,3,21,1,6,2.98,5.96,5.11,0,0.64,0.21,0.09,0.29,18.12,0.05,4.47,7.66,6.39,1.49,0.64
A3Z physicality,8475231,20242025,Casey Cizikas,64160,2,1.41,3.22,94.41,100,TRUE,TRUE,contactPenaltiesDrawnPer60,contactPenaltiesDrawnPer60; defensiveRetrievalsPer60; entryDenialShare,0,0,0.15,2.91,0.89,-0.03,0.37,0.34,-5.59,FALSE,227.22,232.77,20,0.24,typedShotsOnNet,entryTargets,FALSE,A3Z tracked games; five on five,Wings; centers excluded,Defensemen; centers excluded,TRUE,71,191,18,35,11,4,27,9,35,23,12,4,39,62,4,4,12,11,7,17,18,8,3,1,16,25,24,1,2,54,18,12,1,1,8,32,32,4,18,4,2,14.26,4.75,3.17,0.26,0.26,2.11,0.12,0.11,29.09,0.22,4.75,9.24,10.3,2.38,0.33
A3Z physicality,8475745,20242025,Charlie Coyle,84607,2,-0.61,-1.78,27.37,2.9,FALSE,TRUE,,defensiveRetrievalsPer60; botchedRetrievalsPer60; entryDenialShare,0,0,0.14,0.18,-0.19,-1.69,-0.56,-0.26,24.48,FALSE,263.78,264.9,21,0.25,,entryTargets,FALSE,A3Z tracked games; five on five,Wings; centers excluded,Defensemen; centers excluded,TRUE,75,221,9,21,11,4,25,4,47,34,12,3,41,75,7,6,13,13,10,23,24,11,3,1,27,38,28,0,2,20,9,10,0,2,1,32,32,3,20,1,3,4.55,2.05,2.27,0,0.45,0.23,0.09,0.15,20.69,0.05,2.05,4.78,9.33,0.91,0.25
A3Z physicality,8476389,20242025,Vincent Trocheck,103807,2,0.96,0.94,82.12,85.51,FALSE,TRUE,,defensiveRetrievalsPer60; entryDenialShare,0,0,0.32,0.99,0.2,-0.43,0.44,0.38,-3.38,FALSE,278.97,283.77,19,0.23,,,FALSE,A3Z tracked games; five on five,Wings; centers excluded,Defensemen; centers excluded,TRUE,71,187,9,21,18,9,33,7,38,27,24,7,54,75,9,4,11,2,13,23,15,12,4,8,44,68,46,0,6,37,29,18,0,3,3,49,49,5,32,5,3,7.96,6.24,3.87,0,0.65,0.65,0.1,0.09,29.43,0.16,1.94,4.52,11.61,1.51,0.29
A3Z physicality,8476392,20242025,Adam Lowry,67576,2,0.67,2.67,73.74,98.55,TRUE,TRUE,deflectionShare,botchedRetrievalsPer60; entryDenialShare,0,0,0.92,1.84,0.37,1.12,-0.63,-0.29,-24.81,FALSE,251.23,256.68,20,0.27,,entryTargets,FALSE,A3Z tracked games; five on five,Wings; centers excluded,Defensemen; centers excluded,TRUE,77,210,16,42,10,9,34,5,52,39,14,6,53,91,6,3,13,17,11,25,27,11,2,0,21,48,27,2,11,40,19,12,1,0,2,37,37,4,22,1,11,9.55,4.54,2.87,0.24,0,0.48,0.11,0.5,17.46,0.05,3.82,10.03,12.66,1.19,0.43
A3Z physicality,8476454,20242025,Ryan Nugent-Hopkins,88793,2,-0.03,-2.83,49.72,0.48,FALSE,TRUE,,hitsReceivedPer60; defensiveRetrievalsPer60; botchedRetrievalsPer60; entryDenialShare,0,0,-1.06,-0.85,0.9,-2.17,0.12,0.19,49.24,FALSE,262.02,262.88,20,0.26,,entryTargets,FALSE,A3Z tracked games; five on five,Wings; centers excluded,Defensemen; centers excluded,TRUE,73,192,11,27,7,8,20,1,37,26,7,2,33,61,2,5,11,6,8,18,19,11,1,2,24,46,26,3,4,6,6,8,0,1,1,31,31,6,21,4,3,1.37,1.37,1.83,0,0.23,0.23,0.19,0.14,20.62,0.19,2.52,6.18,7.56,0.23,0.29
A3Z physicality,8476459,20242025,Mika Zibanejad,92311,2,-2.37,-4.11,1.12,0.48,FALSE,TRUE,,defensiveRetrievalsPer60; entryDenialShare,0,0,-1.68,-0.38,-0.45,-3.68,-0.24,-0.06,0.63,FALSE,233.87,234.98,19,0.23,,entryTargets,FALSE,A3Z tracked games; five on five,Wings; centers excluded,Defensemen; centers excluded,TRUE,74,208,7,28,8,10,21,8,29,19,5,0,39,61,8,10,10,6,7,15,14,17,5,3,36,52,35,1,7,6,8,9,0,1,3,43,43,4,29,2,4,1.54,2.05,2.31,0,0.26,0.77,0.09,0.14,29.41,0.07,1.8,7.18,10.01,2.05,0
A3Z physicality,8476461,20242025,Sean Couturier,81972,2,-0.94,-0.89,19.55,15.94,FALSE,TRUE,,blockedShotsPer60; defensiveRetrievalsPer60; botchedRetrievalsPer60; entryDenialShare,0,0,-0.28,-0.56,-0.14,-0.11,-0.51,-0.22,3.61,FALSE,283.97,287.75,19,0.24,,,FALSE,A3Z tracked games; five on five,Wings; centers excluded,Defensemen; centers excluded,TRUE,76,210,9,34,16,8,30,5,59,33,24,8,56,90,9,6,26,12,13,40,19,11,1,1,31,54,38,1,9,13,12,8,0,2,1,44,44,6,30,2,4,2.75,2.54,1.69,0,0.42,0.21,0.14,0.13,20.79,0.07,1.9,7.18,11.83,1.06,0.33
A3Z physicality,8476480,20242025,Vladislav Namestnikov,70626,2,1.01,-1.43,83.24,5.8,FALSE,TRUE,,defensiveRetrievalsPer60; entryDenialShare,0,0,-0.35,0.4,0.96,-2.2,0.41,0.37,77.44,FALSE,297.18,300.25,24,0.31,,entryTargets,FALSE,A3Z tracked games; five on five,Wings; centers excluded,Defensemen; centers excluded,TRUE,72,181,16,27,18,15,27,7,48,34,14,3,41,70,6,0,14,13,9,26,22,7,1,0,28,63,30,4,2,22,16,13,0,3,3,33,33,12,23,3,2,4.44,3.23,2.62,0,0.61,0.61,0.36,0.09,11.7,0.13,3.23,5.45,8.28,1.41,0.21
A3Z physicality,8476872,20242025,Scott Laughton,70082,2,1.3,-1.15,91.06,9.66,FALSE,TRUE,,blockedShotsPer60; defensiveRetrievalsPer60,0,0,1.04,0.73,0.11,-2.09,0.15,0.21,81.4,FALSE,217.43,218.07,18,0.22,,entryTargets,FALSE,A3Z tracked games; five on five,Wings; centers excluded,Defensemen; centers excluded,TRUE,73,190,5,23,10,5,24,8,45,33,7,1,37,68,10,4,12,13,6,21,24,13,1,0,16,31,36,4,3,44,8,4,0,0,1,44,44,6,31,6,0,12.14,2.21,1.1,0,0,0.28,0.14,0,27.01,0.19,1.38,6.35,10.21,2.21,0.14
A3Z physicality,8476905,20242025,Chandler Stephenson,91304,2,-1.33,-0.9,7.26,15.94,FALSE,TRUE,,defensiveRetrievalsPer60; botchedRetrievalsPer60; entryDenialShare,0,0,-1.14,-1.19,-0.3,0.13,0.1,0.16,-8.68,FALSE,412.57,411.37,29,0.37,typedShotsOnNet,entryTargets,FALSE,A3Z tracked games; five on five,Wings; centers excluded,Defensemen; centers excluded,TRUE,72,201,11,44,23,10,36,7,57,45,13,6,55,94,5,1,12,9,17,30,27,11,0,4,40,64,34,1,6,8,23,13,0,2,2,30,30,4,19,1,3,1.16,3.34,1.89,0,0.29,0.29,0.13,0.16,22.55,0.05,1.6,6.4,8,1.02,0.46
A3Z physicality,8476927,20242025,Teddy Blueger,70441,2,1.04,2.89,83.24,99.03,FALSE,TRUE,,defensiveRetrievalsPer60; entryDenialShare,0,0,0.82,1.1,-0.13,1.45,0.35,0.33,-15.79,FALSE,377.35,384.27,33,0.4,,entryTargets,FALSE,A3Z tracked games; five on five,Wings; centers excluded,Defensemen; centers excluded,TRUE,72,185,10,40,22,11,28,11,63,38,11,6,54,93,11,1,25,6,15,35,28,17,1,4,34,48,41,1,4,46,19,12,1,2,2,50,50,10,31,3,2,7.31,3.02,1.91,0.16,0.32,0.32,0.2,0.06,24.23,0.1,1.59,6.36,8.59,1.75,0.55
A3Z physicality,8477021,20242025,Alexander Kerfoot,74132,2,1.48,0.82,94.41,83.09,FALSE,TRUE,,defensiveRetrievalsPer60; entryDenialShare,0,0,-0.58,-0.08,1.59,0.5,0.47,0.4,11.32,FALSE,195.32,197.07,16,0.2,,entryTargets,FALSE,A3Z tracked games; five on five,Wings; centers excluded,Defensemen; centers excluded,TRUE,71,185,8,18,10,5,13,4,28,17,2,1,25,45,4,3,11,6,5,14,14,4,0,0,27,46,21,3,4,11,24,12,0,1,2,29,29,9,20,5,4,3.38,7.37,3.69,0,0.31,0.61,0.31,0.2,14.56,0.25,2.46,5.53,7.68,1.23,0.5
A3Z physicality,8477429,20242025,Andrew Copp,49400,2,-1.77,-1.14,1.68,10.63,TRUE,TRUE,deflectionShare,defensiveRetrievalsPer60; botchedRetrievalsPer60; entryDenialShare,0,0,-1.5,-0.96,-0.27,-0.28,-0,0.1,-8.95,FALSE,202.63,204.77,16,0.29,locatedAttempts; typedShotsOnNet,entryTargets,FALSE,A3Z tracked games; five on five,Wings; centers excluded,Defensemen; centers excluded,TRUE,73,200,10,27,10,5,20,3,34,24,8,3,33,62,7,5,10,4,8,15,19,3,1,2,16,28,17,4,2,3,14,13,0,0,1,19,19,4,11,0,5,0.89,4.15,3.85,0,0,0.3,0.21,0.45,24.02,0,2.96,7.99,9.77,0.89,0.38
A3Z physicality,8477492,20242025,Nathan MacKinnon,107989,2,-1.32,-2.72,7.26,0.48,FALSE,TRUE,,defensiveRetrievalsPer60; botchedRetrievalsPer60,0,0,-1.41,-0.03,-0.03,-2.86,0.12,0.17,6.78,FALSE,445.93,450.67,27,0.34,,,FALSE,A3Z tracked games; five on five,Wings; centers excluded,Defensemen; centers excluded,TRUE,72,200,18,38,22,51,46,6,56,43,21,3,69,96,7,7,13,15,18,36,20,17,5,17,110,171,84,5,2,8,21,24,1,2,4,86,86,4,58,9,0,1.08,2.83,3.23,0.13,0.27,0.54,0.05,0,28.2,0.16,2.42,5.11,9.28,0.81,0.14
A3Z physicality,8477946,20242025,Dylan Larkin,98748,2,-1.93,1.34,1.12,91.79,FALSE,TRUE,,blockedShotsPer60; defensiveRetrievalsPer60; entryDenialShare,0,0,-1.48,-1.25,-0.39,2.54,-0.06,0.06,-90.67,FALSE,305.55,303.92,21,0.26,,entryTargets,FALSE,A3Z tracked games; five on five,Wings; centers excluded,Defensemen; centers excluded,TRUE,73,204,13,20,17,13,28,8,54,42,15,9,54,101,11,14,12,16,8,20,34,19,3,4,45,66,50,4,2,6,14,4,0,2,3,53,53,0,36,3,2,1.18,2.75,0.79,0,0.39,0.59,0,0.06,29.41,0.08,2.55,3.93,10.6,1.57,0.6
A3Z physicality,8478010,20242025,Brayden Point,89994,2,0.38,-1.91,64.8,2.9,FALSE,TRUE,,defensiveRetrievalsPer60; entryDenialShare,0,0,-0.92,-1.85,0.71,-0.54,0.59,0.49,61.91,FALSE,427.85,434.08,29,0.38,,entryTargets,FALSE,A3Z tracked games; five on five,Wings; centers excluded,Defensemen; centers excluded,TRUE,71,177,16,49,15,18,51,10,61,56,12,4,69,105,8,7,5,34,7,32,29,13,3,8,60,100,52,1,3,6,25,14,0,0,0,59,59,9,41,8,4,0.84,3.51,1.96,0,0,0,0.15,0.1,21.21,0.2,2.24,6.87,9.68,1.4,0.33
A3Z physicality,8478519,20242025,Anthony Cirelli,89714,2,-0.77,-1.15,23.46,9.66,FALSE,TRUE,,defensiveRetrievalsPer60; botchedRetrievalsPer60; entryDenialShare,0,0,-1.55,-0.13,0.67,-1.2,0.11,0.17,13.8,FALSE,447.5,449.07,32,0.4,,,FALSE,A3Z tracked games; five on five,Wings; centers excluded,Defensemen; centers excluded,TRUE,73,193,27,54,34,18,27,8,55,35,30,11,52,90,10,3,20,11,8,30,25,20,3,6,57,100,60,4,11,13,26,23,0,7,7,66,66,8,46,7,5,1.74,3.49,3.08,0,0.94,0.94,0.12,0.11,20.31,0.15,3.62,7.24,6.97,1.07,0.37
A3Z physicality,8478569,20242025,Noel Acciari,65220,2,1.7,-3.88,96.09,0.48,FALSE,TRUE,,defensiveRetrievalsPer60; entryDenialShare,0,0,1.16,1.18,0.36,-5.27,0.18,0.2,95.61,FALSE,187.52,190.63,18,0.23,locatedAttempts; typedShotsOnNet,entryTargets,FALSE,A3Z tracked games; five on five,Wings; centers excluded,Defensemen; centers excluded,TRUE,71,204,9,18,6,0,15,4,25,18,4,0,19,33,6,0,7,10,4,15,10,8,0,0,12,15,15,3,3,39,15,10,0,1,1,17,17,4,12,1,2,12.48,4.8,3.2,0,0.32,0.32,0.24,0.17,20.25,0.08,2.88,5.76,6.08,1.28,0
A3Z physicality,8478891,20242025,Mason Appleton,63181,2,-0.47,-0.98,33.52,14.01,FALSE,TRUE,,defensiveRetrievalsPer60; botchedRetrievalsPer60; entryDenialShare,0,0,0.2,-0.62,-0.61,-0.43,-0.06,0.07,19.51,FALSE,261.27,268.55,20,0.28,,entryTargets,FALSE,A3Z tracked games; five on five,Wings; centers excluded,Defensemen; centers excluded,TRUE,74,196,16,23,21,15,19,2,51,29,5,2,39,71,4,7,22,8,7,25,26,11,3,4,30,57,32,1,3,18,27,8,0,1,1,41,41,6,34,1,5,4.13,6.2,1.84,0,0.23,0.23,0.15,0.15,35.34,0.03,3.67,5.28,8.96,0.46,0.4
A3Z physicality,8479420,20242025,Tage Thompson,85529,2,-1.16,1.17,11.73,89.86,FALSE,TRUE,,defensiveRetrievalsPer60; entryDenialShare,0,0,0.33,0.93,-0.59,0.72,-0.9,-0.47,-78.12,FALSE,279.13,279.38,20,0.26,,entryTargets,FALSE,A3Z tracked games; five on five,Wings; centers excluded,Defensemen; centers excluded,TRUE,78,220,15,39,16,8,40,8,53,45,10,4,53,84,4,1,8,21,16,32,21,14,0,4,36,59,54,3,1,23,17,9,1,1,2,60,60,2,39,4,1,4.94,3.65,1.93,0.21,0.21,0.43,0.03,0.03,36.37,0.1,3.22,8.38,11.39,1.72,0.4
A3Z physicality,8480002,20242025,Nico Hischier,91746,2,-1.41,1.55,6.7,93.24,FALSE,TRUE,,defensiveRetrievalsPer60; botchedRetrievalsPer60; entryDenialShare,0,0,-1.26,-0.06,-0.15,1.5,-0,0.1,-86.53,FALSE,275.23,273.32,19,0.25,,entryTargets,FALSE,A3Z tracked games; five on five,Wings; centers excluded,Defensemen; centers excluded,TRUE,73,200,11,41,17,9,26,5,37,32,13,7,45,62,3,7,5,17,9,23,14,9,3,2,34,60,40,4,7,11,21,15,0,2,4,44,44,4,29,2,3,2.4,4.58,3.27,0,0.44,0.87,0.09,0.1,18.93,0.07,2.4,8.94,9.81,1.09,0.54
A3Z physicality,8480014,20242025,Gabriel Vilardi,77260,2,-1.03,-2.86,16.76,0.48,FALSE,TRUE,,defensiveRetrievalsPer60; botchedRetrievalsPer60; entryDenialShare,0,0,-1.46,-1.27,0.92,-1.38,-0.48,-0.21,16.28,FALSE,330.47,332.43,22,0.31,,entryTargets,FALSE,A3Z tracked games; five on five,Wings; centers excluded,Defensemen; centers excluded,TRUE,75,216,9,59,13,5,27,1,38,30,5,2,36,63,7,3,8,9,8,20,18,13,4,3,25,36,36,1,7,5,19,11,0,1,2,44,44,9,28,5,6,0.91,3.45,2,0,0.18,0.36,0.2,0.21,12.78,0.18,1.63,10.71,6.54,0.18,0.4
A3Z physicality,8480023,20242025,Robert Thomas,83824,2,-2.22,0.61,1.12,78.26,FALSE,TRUE,,entryDenialShare,0,0,-1.97,-1.09,-0.27,1.61,0.01,0.1,-77.14,FALSE,452.42,455.27,30,0.43,,entryTargets,FALSE,A3Z tracked games; five on five,Wings; centers excluded,Defensemen; centers excluded,TRUE,72,207,16,38,27,18,70,19,87,77,14,6,96,145,15,11,10,12,36,46,41,17,11,8,81,114,55,3,2,5,32,20,0,3,5,57,57,9,35,4,0,0.66,4.24,2.65,0,0.4,0.66,0.16,0,29.15,0.11,2.12,5.04,12.73,2.52,0.43
A3Z physicality,8480078,20242025,Filip Chytil,50292,2,-3.54,-1.17,0,9.18,FALSE,TRUE,,blockedShotsPer60; defensiveRetrievalsPer60; botchedRetrievalsPer60; entryDenialShare,0,0,-2.37,-1.73,-0.9,0.63,-0.27,-0.08,-9.18,FALSE,223.53,227.23,17,0.3,,entryTargets,FALSE,A3Z tracked games; five on five,Wings; centers excluded,Defensemen; centers excluded,TRUE,74,210,13,19,17,10,32,3,46,43,11,5,38,66,4,1,3,26,10,24,22,12,3,2,29,48,44,2,1,2,24,5,0,1,4,56,56,5,33,0,2,0.54,6.44,1.34,0,0.27,1.07,0.09,0.06,27.25,0,3.49,5.1,10.2,0.81,0.45
A3Z physicality,8480855,20242025,Jack McBain,66779,2,3.14,0.65,100,80.19,TRUE,TRUE,backhandShare,hitsPer60; defensiveRetrievalsPer60; botchedRetrievalsPer60; entryDenialShare,0,0,2.55,2.34,1.24,-1.38,-0.65,-0.32,19.81,FALSE,201.2,204.17,17,0.21,,entryTargets,FALSE,A3Z tracked games; five on five,Wings; centers excluded,Defensemen; centers excluded,TRUE,76,219,5,29,9,3,13,1,33,15,6,2,28,58,4,4,18,5,4,12,21,6,1,0,19,34,22,2,2,64,26,7,1,4,1,27,27,5,20,7,1,19.09,7.75,2.09,0.3,1.19,0.3,0.19,0.05,16.4,0.35,1.49,8.65,8.35,0.3,0.33
A3Z physicality,8482074,20242025,Connor Zary,52080,2,-1.31,-2.68,7.26,0.48,FALSE,TRUE,,defensiveRetrievalsPer60; botchedRetrievalsPer60; entryDenialShare,0,0,-1.83,-1.05,0.07,-2.03,0.45,0.4,6.78,FALSE,161.38,162.43,13,0.24,,entryTargets,FALSE,A3Z tracked games; five on five,Wings; centers excluded,Defensemen; centers excluded,TRUE,72,178,5,24,7,6,17,1,22,15,8,2,24,42,3,1,7,5,4,8,14,12,1,0,10,20,26,1,3,3,15,7,0,0,2,33,33,3,22,2,4,1.12,5.58,2.6,0,0,0.74,0.09,0.18,19.85,0.09,1.86,8.92,8.92,0.37,0.25
A3Z physicality,8482116,20242025,Tim Stützle,97480,2,-0.15,0.13,45.81,61.35,FALSE,TRUE,,defensiveRetrievalsPer60; botchedRetrievalsPer60; entryDenialShare,0,0,-0.22,0.98,-0.25,-1.15,0.32,0.31,-15.54,FALSE,308.88,311.65,21,0.26,,entryTargets,FALSE,A3Z tracked games; five on five,Wings; centers excluded,Defensemen; centers excluded,TRUE,72,187,16,30,14,18,30,5,41,34,10,3,48,80,7,4,7,15,9,20,21,9,0,4,46,75,30,0,1,38,25,14,0,6,6,33,33,0,27,2,1,7.38,4.86,2.72,0,1.17,1.17,0,0.04,21.63,0.07,3.11,5.83,9.32,0.97,0.3
A3Z physicality,8482660,20242025,Kent Johnson,70559,2,-1.15,-0.88,13.97,15.94,TRUE,TRUE,hitsPer60,hitsReceivedPer60; blockedShotsPer60; defensiveRetrievalsPer60; botchedRetrievalsPer60; entryDenialShare,0,0,-1.55,-1.86,-0.17,0.5,0.58,0.49,-1.98,FALSE,203.85,204.42,16,0.24,,entryTargets,FALSE,A3Z tracked games; five on five,Wings; centers excluded,Defensemen; centers excluded,TRUE,72,170,8,31,10,12,13,2,25,16,9,5,23,36,4,1,9,9,4,16,9,5,2,1,27,50,24,0,3,1,3,6,0,0,0,24,24,3,20,2,4,0.29,0.88,1.77,0,0,0,0.12,0.2,33.24,0.1,2.35,9.12,6.77,0.59,0.56
A3Z physicality,8484227,20242025,Will Smith,70386,2,-2.25,-5.93,1.12,0,TRUE,TRUE,hitsPer60,blockedShotsPer60; defensiveRetrievalsPer60; entryDenialShare,0,0,-1.41,-2.65,-1.26,-3.67,0.42,0.38,1.12,FALSE,247.45,249.2,21,0.28,,entryTargets,FALSE,A3Z tracked games; five on five,Wings; centers excluded,Defensemen; centers excluded,TRUE,72,180,12,25,18,4,23,8,43,33,7,0,42,80,10,5,10,8,9,21,22,12,2,2,29,44,39,1,0,1,9,2,0,0,0,40,40,2,30,0,0,0.24,2.18,0.48,0,0,0,0.05,0,28.01,0,2.91,6.06,10.18,1.94,0
A3Z physicality,8471215,20242025,Evgeni Malkin,72565,3,-0.91,-2.62,20.67,0.48,TRUE,TRUE,backhandShare,defensiveRetrievalsPer60; entryDenialShare,0,0,-1.68,-0.32,1.4,-2.17,-0.63,-0.13,20.19,FALSE,217.05,220.5,16,0.24,,entryTargets,FALSE,A3Z tracked games; five on five,Wings; centers excluded,Defensemen; centers excluded,TRUE,77,213,8,22,18,12,24,5,40,34,9,5,39,62,6,3,6,6,18,26,14,7,5,2,41,62,26,4,1,6,12,10,0,2,5,29,29,6,23,7,3,1.66,3.32,2.76,0,0.55,1.38,0.21,0.13,15.81,0.3,2.21,6.08,10.78,1.38,0.56
A3Z physicality,8474641,20242025,Adam Henrique,71170,3,1.26,-2.59,89.39,0.48,FALSE,TRUE,,defensiveRetrievalsPer60; entryDenialShare,0,0,0.02,0.06,1.12,-2.76,0.11,0.11,88.9,FALSE,226.27,232.13,20,0.25,typedShotsOnNet,entryTargets,FALSE,A3Z tracked games; five on five,Wings; centers excluded,Defensemen; centers excluded,TRUE,72,195,15,26,11,9,19,6,30,18,3,3,32,50,6,3,12,4,8,17,13,11,2,0,21,37,21,1,1,12,12,16,0,2,1,28,28,5,16,4,3,3.18,3.18,4.24,0,0.53,0.27,0.18,0.19,26.17,0.25,3.98,6.89,8.49,1.59,1
A3Z physicality,8475168,20242025,Matt Duchene,84343,3,0.64,-2.86,72.63,0.48,FALSE,TRUE,,blockedShotsPer60; defensiveRetrievalsPer60; entryDenialShare,0,0,0.02,-0.58,0.62,-2.34,-0,0.07,72.14,FALSE,412.03,417,31,0.38,,entryTargets,FALSE,A3Z tracked games; five on five,Wings; centers excluded,Defensemen; centers excluded,TRUE,71,211,20,29,41,27,50,11,79,65,12,8,68,120,14,3,14,15,25,42,37,19,9,8,91,132,63,5,6,17,26,12,0,2,1,68,68,8,47,6,4,2.48,3.79,1.75,0,0.29,0.15,0.12,0.09,23.2,0.13,2.91,4.22,9.9,1.6,0.67
A3Z physicality,8475754,20242025,Brock Nelson,90780,3,-0.94,-2.91,19.55,0.48,FALSE,TRUE,,defensiveRetrievalsPer60; botchedRetrievalsPer60,0,0,-0.58,-0.39,0.07,-2.46,-0.42,-0.06,19.07,FALSE,316.6,322.17,22,0.28,,entryTargets,FALSE,A3Z tracked games; five on five,Wings; centers excluded,Defensemen; centers excluded,TRUE,76,205,14,39,25,14,36,5,43,35,12,2,50,74,5,4,8,12,16,25,18,7,1,3,40,64,46,4,3,12,16,12,0,1,2,60,60,5,37,4,3,2.27,3.03,2.27,0,0.19,0.38,0.08,0.08,21.25,0.11,2.65,7.39,9.48,0.95,0.17
A3Z physicality,8475760,20242025,Nick Bjugstad,48773,3,0.73,-2.66,77.09,0.48,FALSE,TRUE,,defensiveRetrievalsPer60; botchedRetrievalsPer60; entryDenialShare,0,0,1.42,0.07,0.01,-2.59,-0.69,-0.14,76.61,FALSE,187.77,189.72,16,0.24,,entryTargets,FALSE,A3Z tracked games; five on five,Wings; centers excluded,Defensemen; centers excluded,TRUE,78,210,6,31,4,4,21,3,28,20,6,2,29,47,4,2,8,9,5,18,10,15,1,0,20,30,34,2,3,27,15,8,0,2,0,33,33,3,20,4,1,8.63,4.79,2.56,0,0.64,0,0.09,0.05,34.66,0.2,1.92,9.91,9.27,0.96,0.33
A3Z physicality,8475842,20242025,Sam Carrick,57273,3,4.73,0.67,100,80.68,TRUE,TRUE,fightsPer60; contactPenaltiesTakenPer60; backhandShare,contactPenaltiesTakenPer60; entryDenialShare,0,0,2.64,1.63,2.07,-1.03,0.02,0.08,19.32,FALSE,178.33,184.53,19,0.24,typedShotsOnNet,entryTargets,FALSE,A3Z tracked games; five on five,Wings; centers excluded,Defensemen; centers excluded,TRUE,72,202,16,15,13,11,20,5,35,22,15,3,48,67,5,8,13,10,9,22,13,2,1,0,14,30,10,1,0,29,20,9,2,8,1,26,26,9,17,5,4,9.76,6.73,3.03,0.67,2.69,0.34,0.35,0.24,13.83,0.29,5.38,5.05,16.15,1.68,0.2
A3Z physicality,8476448,20242025,William Karlsson,54105,3,-1.25,-2.69,7.82,0.48,FALSE,TRUE,,defensiveRetrievalsPer60; entryDenialShare,0,0,-1.49,-0.45,0.07,-2.37,0.17,0.13,7.34,FALSE,211.22,215.03,16,0.3,,entryTargets,FALSE,A3Z tracked games; five on five,Wings; centers excluded,Defensemen; centers excluded,TRUE,72,190,9,21,8,7,18,5,31,23,5,3,35,61,8,10,8,3,12,18,13,16,1,3,21,34,39,3,4,7,11,7,0,0,3,45,45,2,31,4,2,1.99,3.12,1.99,0,0,0.85,0.04,0.06,28.64,0.13,2.56,5.97,9.94,1.42,0.6
A3Z physicality,8477404,20242025,Jake Guentzel,95965,3,-0.08,-2.99,49.16,0.48,FALSE,TRUE,,defensiveRetrievalsPer60; botchedRetrievalsPer60; entryDenialShare,0,0,-0.32,-0.52,-0.22,-2.7,0.45,0.22,48.68,FALSE,490.93,498.4,32,0.4,,entryTargets,FALSE,A3Z tracked games; five on five,Wings; centers excluded,Defensemen; centers excluded,TRUE,71,176,16,61,19,18,53,6,86,70,10,3,74,143,11,7,16,13,27,41,45,17,2,2,55,100,70,7,13,13,38,23,0,4,2,78,78,11,53,3,6,1.59,4.64,2.81,0,0.49,0.24,0.14,0.11,19.67,0.06,1.96,7.46,9.04,0.73,0.3
A3Z physicality,8477406,20242025,Mattias Janmark,63827,3,0.81,-3.34,77.09,0.48,TRUE,TRUE,backhandShare,blockedShotsPer60; defensiveRetrievalsPer60; entryDenialShare,0,0,-0.39,-0.61,1.42,-2.73,-0.22,0,76.61,FALSE,203.08,206.03,19,0.24,locatedAttempts; typedShotsOnNet,entryTargets,FALSE,A3Z tracked games; five on five,Wings; centers excluded,Defensemen; centers excluded,TRUE,74,205,11,23,9,4,20,7,29,23,7,3,27,41,7,1,6,13,4,18,11,2,2,1,19,28,8,1,2,9,24,5,0,2,2,11,11,2,7,2,1,2.66,7.09,1.48,0,0.59,0.59,0.18,0.14,11.4,0.29,3.25,6.8,7.98,2.07,0.43
A3Z physicality,8477409,20242025,Carter Verhaeghe,86844,3,0.2,-3.38,58.66,0.48,FALSE,TRUE,,defensiveRetrievalsPer60; botchedRetrievalsPer60; entryDenialShare,0,0,0.72,-0.16,-0.59,-3.32,0.06,0.1,58.18,FALSE,308.37,310.85,21,0.26,,entryTargets,FALSE,A3Z tracked games; five on five,Wings; centers excluded,Defensemen; centers excluded,TRUE,74,183,19,49,26,13,26,5,53,40,4,1,35,79,11,2,13,14,13,26,27,18,3,4,34,63,50,2,4,25,24,14,0,1,0,53,53,7,36,1,2,4.86,4.67,2.72,0,0.19,0,0.13,0.06,27.86,0.03,3.7,9.53,6.81,0.97,0.25
A3Z physicality,8477450,20242025,Jason Dickinson,55575,3,-0.77,-1.96,23.46,2.9,FALSE,TRUE,,defensiveRetrievalsPer60; entryDenialShare,0,0,-0.02,0.17,-0.59,-2.16,-0.16,0.02,20.57,FALSE,390.68,398.08,32,0.54,,entryTargets,FALSE,A3Z tracked games; five on five,Wings; centers excluded,Defensemen; centers excluded,TRUE,74,200,23,57,20,13,38,14,73,51,18,8,65,120,14,14,22,19,16,35,38,16,7,0,30,52,37,2,4,49,40,17,0,3,5,41,41,8,24,0,2,7.53,6.14,2.61,0,0.46,0.77,0.2,0.08,24.04,0,3.53,8.75,9.98,2.15,0.44
A3Z physicality,8477493,20242025,Aleksander Barkov,81437,3,-0.57,-1.31,28.49,7.25,FALSE,TRUE,,entryDenialShare,0,0,-0.03,0.16,-0.1,-1.41,-0.44,-0.07,21.25,FALSE,271.52,274.78,18,0.27,,entryTargets,FALSE,A3Z tracked games; five on five,Wings; centers excluded,Defensemen; centers excluded,TRUE,75,214,23,54,36,22,42,7,53,41,11,4,65,92,8,4,12,10,20,34,19,14,3,4,49,77,30,1,8,25,20,15,0,1,2,39,39,6,25,2,7,5.52,4.42,3.31,0,0.22,0.44,0.15,0.28,26.57,0.08,5.08,11.93,14.36,1.55,0.36
A3Z physicality,8477919,20242025,Freddy Gaudreau,77055,3,-0.51,-2.8,30.17,0.48,FALSE,TRUE,,defensiveRetrievalsPer60; entryDenialShare,0,0,-0.33,-0.15,-0.43,-2.81,0.25,0.16,29.68,FALSE,247.9,254.47,21,0.26,,entryTargets,FALSE,A3Z tracked games; five on five,Wings; centers excluded,Defensemen; centers excluded,TRUE,72,184,10,26,13,3,17,7,37,27,18,4,32,67,7,6,10,9,4,15,22,8,4,0,17,27,25,1,1,13,13,11,0,2,2,32,32,2,26,1,3,3.15,3.15,2.66,0,0.48,0.48,0.06,0.12,22.6,0.04,2.42,6.29,7.75,1.69,0.22
A3Z physicality,8477987,20242025,Ryan Donato,78284,3,1.32,-2.65,91.06,0.48,FALSE,TRUE,,blockedShotsPer60; defensiveRetrievalsPer60; entryDenialShare,0,0,1.23,-0.39,-0.09,-2.38,0.17,0.13,90.58,FALSE,441.42,443.18,34,0.42,,entryTargets,FALSE,A3Z tracked games; five on five,Wings; centers excluded,Defensemen; centers excluded,TRUE,72,190,15,45,21,9,38,9,78,51,12,5,73,121,11,10,27,25,12,46,32,36,6,1,32,52,91,8,7,63,47,6,0,5,1,89,89,12,66,5,5,8.56,6.39,0.82,0,0.68,0.14,0.13,0.08,27.2,0.08,2.04,6.12,9.92,1.22,0.42
A3Z physicality,8478401,20242025,Pavel Zacha,93787,3,-0.65,-3.18,26.82,0.48,FALSE,TRUE,,hitsReceivedPer60; blockedShotsPer60; defensiveRetrievalsPer60; entryDenialShare,0,0,-0.08,-0.7,-0.07,-2.4,-0.5,-0.09,26.33,FALSE,232.25,234.58,17,0.21,typedShotsOnNet,entryTargets,FALSE,A3Z tracked games; five on five,Wings; centers excluded,Defensemen; centers excluded,TRUE,76,211,11,33,15,4,29,6,37,32,7,3,37,62,10,2,5,7,16,24,13,7,4,3,34,57,27,1,4,9,5,5,0,0,0,25,25,5,15,1,0,2.33,1.29,1.29,0,0,0,0.2,0,21.47,0.07,2.84,8.53,9.56,1.55,0.43
A3Z physicality,8478440,20242025,Dylan Strome,85528,3,-1.43,-3.31,6.7,0.48,TRUE,TRUE,hitsPer60,defensiveRetrievalsPer60; botchedRetrievalsPer60; entryDenialShare,0,0,-1.14,-0.84,0.07,-2.43,-0.36,-0.04,6.22,FALSE,329.57,331.65,25,0.3,,entryTargets,FALSE,A3Z tracked games; five on five,Wings; centers excluded,Defensemen; centers excluded,TRUE,76,200,12,43,38,19,36,6,59,47,15,6,54,98,12,2,12,12,16,29,30,22,1,6,50,93,56,3,15,2,11,16,0,1,1,59,59,6,42,5,8,0.36,2,2.91,0,0.18,0.18,0.1,0.19,23.02,0.12,2.18,7.83,9.83,1.09,0.4
A3Z physicality,8478462,20242025,Nicolas Roy,64828,3,-0.64,-2.28,26.82,0.97,FALSE,TRUE,,defensiveRetrievalsPer60; botchedRetrievalsPer60; entryDenialShare,0,0,0.12,-0.04,-0.4,-2.2,-0.36,-0.04,25.85,FALSE,209.9,211.63,16,0.23,,entryTargets,FALSE,A3Z tracked games; five on five,Wings; centers excluded,Defensemen; centers excluded,TRUE,76,200,7,24,14,11,26,2,41,34,6,4,41,71,2,8,7,13,5,18,23,11,2,1,28,44,24,0,4,15,18,11,0,1,1,26,26,1,20,1,5,4.29,5.15,3.14,0,0.29,0.29,0.04,0.25,16.38,0.05,2,6.86,11.72,0.57,0.67
A3Z physicality,8478542,20242025,Evan Rodrigues,74878,3,0.12,-2.41,56.42,0.97,FALSE,TRUE,,blockedShotsPer60; defensiveRetrievalsPer60; botchedRetrievalsPer60; entryDenialShare,0,0,0.24,-0.08,-0.5,-2.52,0.38,0.2,55.46,FALSE,272.62,276.95,21,0.26,,entryTargets,FALSE,A3Z tracked games; five on five,Wings; centers excluded,Defensemen; centers excluded,TRUE,71,182,18,28,15,7,27,5,48,37,8,2,42,84,7,4,11,8,11,20,28,31,2,2,28,45,64,8,4,34,20,7,0,1,2,76,76,7,53,1,3,7.48,4.4,1.54,0,0.22,0.44,0.09,0.06,32.05,0.02,3.96,6.16,9.24,1.1,0.25
A3Z physicality,8479316,20242025,Luke Kunin,66107,3,0.94,-2.38,80.45,0.97,TRUE,TRUE,blockedShotsPer60,defensiveRetrievalsPer60; entryDenialShare,0,0,1.74,0.76,-0.89,-3.24,0.08,0.1,79.48,FALSE,277.4,280.7,23,0.31,,entryTargets,FALSE,A3Z tracked games; five on five,Wings; centers excluded,Defensemen; centers excluded,TRUE,72,197,10,38,9,2,19,11,26,16,15,5,29,48,9,3,10,7,2,9,17,18,0,1,22,33,41,3,2,57,22,29,0,5,0,43,43,8,26,0,2,12.33,4.76,6.27,0,1.08,0,0.19,0.08,31.95,0,2.16,8.22,6.27,2.38,0.33
A3Z physicality,8479400,20242025,Pierre-Luc Dubois,85115,3,-1.68,-2.26,3.35,0.97,FALSE,TRUE,,contactPenaltiesDrawnPer60; defensiveRetrievalsPer60; entryDenialShare,0,0,-1.4,-0.08,0.34,-2.06,-0.62,-0.13,2.39,FALSE,343.95,348.3,25,0.3,,entryTargets,FALSE,A3Z tracked games; five on five,Wings; centers excluded,Defensemen; centers excluded,TRUE,76,220,19,29,17,12,40,8,61,46,16,5,63,103,6,5,15,21,14,33,28,23,3,7,54,79,50,3,2,16,28,18,0,4,9,52,52,6,35,3,0,2.79,4.88,3.14,0,0.7,1.57,0.12,0,19.62,0.09,3.31,5.06,10.99,1.4,0.31
A3Z physicality,8480144,20242025,David Kampf,43871,3,0.53,-2.15,70.39,1.93,FALSE,TRUE,,defensiveRetrievalsPer60; entryDenialShare,0,0,0.02,-0.23,0.65,-1.95,-0.13,0.03,68.46,FALSE,299.58,303.88,31,0.53,,entryTargets,FALSE,A3Z tracked games; five on five,Wings; centers excluded,Defensemen; centers excluded,TRUE,74,198,17,36,15,8,37,6,52,35,8,3,59,96,13,5,17,10,16,30,22,9,0,0,16,28,19,1,4,18,25,12,0,3,2,26,26,4,23,4,3,3.61,5.01,2.4,0,0.6,0.4,0.15,0.13,25.46,0.17,3.4,7.21,11.82,1.2,0.38
A3Z physicality,8480448,20242025,Parker Kelly,61170,3,1.53,-2.26,94.41,1.45,FALSE,TRUE,,defensiveRetrievalsPer60; botchedRetrievalsPer60; entryDenialShare,0,0,0.74,0.54,0.66,-2.93,0.14,0.12,92.96,FALSE,266.25,269.33,26,0.32,,entryTargets,FALSE,A3Z tracked games; five on five,Wings; centers excluded,Defensemen; centers excluded,TRUE,73,185,14,28,16,8,27,2,37,26,5,3,39,74,6,2,11,10,6,17,20,9,2,0,16,34,31,2,3,63,30,14,0,4,3,39,39,6,27,5,4,14.2,6.76,3.15,0,0.9,0.68,0.15,0.15,31.02,0.19,3.15,6.31,8.79,0.45,0.6
A3Z physicality,8480806,20242025,Isac Lundeström,64214,3,0.88,-3.11,79.89,0.48,TRUE,TRUE,backhandShare,defensiveRetrievalsPer60; botchedRetrievalsPer60; entryDenialShare,0,0,0.1,-0.04,0.74,-3.16,0.05,0.09,79.41,FALSE,202.78,207.83,20,0.25,locatedAttempts; typedShotsOnNet,entryTargets,FALSE,A3Z tracked games; five on five,Wings; centers excluded,Defensemen; centers excluded,TRUE,73,192,8,27,7,7,17,1,32,25,13,5,27,49,4,2,7,16,3,15,17,9,1,1,10,16,15,1,2,12,11,11,0,2,1,15,15,2,7,2,1,3.55,3.25,3.25,0,0.59,0.3,0.13,0.14,32.25,0.29,2.37,7.99,7.99,0.3,0.38
A3Z physicality,8480813,20242025,Joseph Veleno,53805,3,0.2,-1.7,59.22,3.38,FALSE,TRUE,,defensiveRetrievalsPer60; botchedRetrievalsPer60; entryDenialShare,0,0,0.98,0.48,-0.7,-2.23,-0.07,0.05,55.84,FALSE,193.38,194.48,19,0.26,typedShotsOnNet,entryTargets,FALSE,A3Z tracked games; five on five,Wings; centers excluded,Defensemen; centers excluded,TRUE,73,201,6,29,16,6,27,2,28,23,9,3,36,54,5,3,5,10,9,18,10,8,0,0,20,30,19,2,3,31,20,17,0,0,0,20,20,4,14,0,3,9.62,6.21,5.27,0,0,0,0.2,0.21,18.56,0,1.86,9,11.17,0.62,0.33
A3Z physicality,8481532,20242025,Alex Turcotte,47886,3,0.14,-3.16,56.42,0.48,FALSE,TRUE,,defensiveRetrievalsPer60; botchedRetrievalsPer60; entryDenialShare,0,0,-0.08,-0.52,0.01,-2.77,0.21,0.14,55.94,FALSE,220.87,224.68,20,0.29,,entryTargets,FALSE,A3Z tracked games; five on five,Wings; centers excluded,Defensemen; centers excluded,TRUE,71,195,10,24,8,10,20,3,37,26,5,3,33,56,4,4,11,9,9,21,16,8,3,1,23,40,28,2,4,10,29,8,0,1,1,34,34,5,26,2,4,2.72,7.88,2.17,0,0.27,0.27,0.15,0.15,26.83,0.08,2.72,6.52,8.96,0.81,0.6
A3Z physicality,8481533,20242025,Trevor Zegras,58274,3,-0.38,-2.34,35.2,0.97,FALSE,TRUE,,hitsReceivedPer60; defensiveRetrievalsPer60; botchedRetrievalsPer60; entryDenialShare,0,0,-0.43,0.09,-0.19,-2.58,0.24,0.15,34.23,FALSE,175.38,177.67,13,0.23,typedShotsOnNet,entryTargets,FALSE,A3Z tracked games; five on five,Wings; centers excluded,Defensemen; centers excluded,TRUE,72,185,6,20,11,3,23,2,30,28,8,6,29,46,6,3,2,13,9,18,12,8,2,3,25,46,24,2,2,12,4,9,0,0,1,28,28,4,15,1,1,4.11,1.37,3.08,0,0,0.34,0.14,0.07,26.17,0.07,2.05,6.84,9.92,0.68,0.75
A3Z physicality,8481559,20242025,Jack Hughes,77751,3,-0.68,-2.86,26.82,0.48,TRUE,TRUE,hitsPer60,blockedShotsPer60; defensiveRetrievalsPer60; botchedRetrievalsPer60; entryDenialShare,0,0,-1.97,-1.07,0.83,-2.02,0.47,0.23,26.33,FALSE,260.3,258.38,17,0.27,,entryTargets,FALSE,A3Z tracked games; five on five,Wings; centers excluded,Defensemen; centers excluded,TRUE,71,175,11,23,17,11,31,4,37,29,6,3,52,75,9,6,8,14,7,22,15,18,5,4,42,68,68,3,3,1,7,7,0,1,3,73,73,11,50,9,5,0.23,1.61,1.61,0,0.23,0.69,0.15,0.1,21.21,0.18,2.54,5.3,11.99,0.92,0.5
A3Z physicality,8481618,20242025,Alex Newhook,74450,3,-0.23,-2.06,42.46,2.42,FALSE,TRUE,,defensiveRetrievalsPer60; botchedRetrievalsPer60; entryDenialShare,0,0,-0.16,0.04,-0.21,-2.22,0.14,0.12,40.04,FALSE,245.82,250.33,21,0.26,,entryTargets,FALSE,A3Z tracked games; five on five,Wings; centers excluded,Defensemen; centers excluded,TRUE,71,200,16,28,17,10,27,3,36,23,9,4,46,63,3,2,13,13,5,22,14,9,2,2,27,46,31,2,1,23,26,11,0,2,3,39,39,1,25,2,6,5.61,6.35,2.68,0,0.49,0.73,0.03,0.24,29.02,0.08,3.91,6.83,11.23,0.73,0.44
A3Z physicality,8482079,20242025,Marco Rossi,89769,3,0.3,-3.13,61.45,0.48,FALSE,TRUE,,blockedShotsPer60; defensiveRetrievalsPer60; entryDenialShare,0,0,-0.64,-0.52,0.37,-2.87,0.58,0.26,60.97,FALSE,309.4,312.27,21,0.26,,entryTargets,FALSE,A3Z tracked games; five on five,Wings; centers excluded,Defensemen; centers excluded,TRUE,69,182,10,34,21,11,28,10,44,33,14,5,39,72,10,3,11,9,13,25,19,17,2,5,32,56,37,5,7,14,19,8,0,0,2,40,40,9,27,3,6,2.71,3.68,1.55,0,0,0.39,0.22,0.22,21.77,0.11,1.94,6.59,7.56,1.94,0.36
A3Z physicality,8482092,20242025,Ridly Greig,79934,3,-0.39,-2.83,34.64,0.48,FALSE,TRUE,,blockedShotsPer60; defensiveRetrievalsPer60; entryDenialShare,0,0,-0.42,-0.01,-0.22,-2.98,0.25,0.16,34.15,FALSE,249.48,252.03,20,0.26,typedShotsOnNet,entryTargets,FALSE,A3Z tracked games; five on five,Wings; centers excluded,Defensemen; centers excluded,TRUE,72,184,11,34,13,4,21,7,29,22,14,6,31,55,7,5,7,8,7,14,15,6,2,0,18,29,19,1,2,35,27,6,0,3,6,30,30,4,19,1,4,8.42,6.49,1.44,0,0.72,1.44,0.13,0.21,19.25,0.05,2.65,8.18,7.46,1.68,0.43
A3Z physicality,8482110,20242025,Dawson Mercer,87987,3,0.3,-3.46,61.45,0.48,FALSE,TRUE,,blockedShotsPer60; defensiveRetrievalsPer60; entryDenialShare,0,0,-0.49,-0.72,0.49,-2.91,0.3,0.17,60.97,FALSE,272.87,274.48,20,0.24,typedShotsOnNet,entryTargets,FALSE,A3Z tracked games; five on five,Wings; centers excluded,Defensemen; centers excluded,TRUE,72,180,12,40,11,3,16,6,51,33,5,2,36,77,9,5,18,7,9,21,30,7,1,4,23,36,27,1,4,9,27,8,0,0,1,30,30,8,18,3,2,1.98,5.94,1.76,0,0,0.22,0.27,0.11,28.14,0.17,2.64,8.8,7.92,1.32,0.4
A3Z physicality,8482201,20242025,Gage Goncalves,46057,3,-0.13,-2.98,45.81,0.48,FALSE,TRUE,,blockedShotsPer60; defensiveRetrievalsPer60; entryDenialShare,0,0,0.39,-0.31,-0.6,-2.78,0.08,0.1,45.33,FALSE,255.52,256.15,21,0.35,typedShotsOnNet,entryTargets,FALSE,A3Z tracked games; five on five,Wings; centers excluded,Defensemen; centers excluded,TRUE,73,189,13,35,15,6,18,8,44,34,12,3,33,65,10,2,10,10,9,21,23,8,2,3,27,41,17,1,1,25,32,6,0,3,2,25,25,2,18,1,3,5.87,7.51,1.41,0,0.7,0.47,0.08,0.17,36.12,0.06,3.05,8.22,7.75,1.88,0.25
A3Z physicality,8482702,20242025,Logan Stankoven,70627,3,-0.87,-2.42,20.67,0.48,FALSE,TRUE,,height; blockedShotsPer60; defensiveRetrievalsPer60; botchedRetrievalsPer60; entryDenialShare,0,0,-1.21,-0.48,-0.56,-2.3,0.9,0.36,20.19,FALSE,320.72,323.42,26,0.33,,entryTargets,FALSE,A3Z tracked games; five on five,Wings; centers excluded,Defensemen; centers excluded,TRUE,68,165,14,46,15,9,37,3,75,49,16,7,59,111,11,5,26,11,22,45,30,14,4,3,40,69,61,6,4,13,20,9,0,0,4,74,74,8,56,3,5,2.43,3.74,1.68,0,0,0.75,0.11,0.09,31.7,0.05,2.62,8.61,11.04,0.56,0.44
A3Z physicality,8482705,20242025,Cole Sillinger,66978,3,-1.45,-1.8,6.7,2.9,FALSE,TRUE,,entryDenialShare,0,0,-1.35,-0.13,-0.11,-1.75,0.02,0.08,3.81,FALSE,163.35,164.88,13,0.2,,entryTargets,FALSE,A3Z tracked games; five on five,Wings; centers excluded,Defensemen; centers excluded,TRUE,72,202,9,15,6,2,18,4,36,22,3,2,35,54,7,5,14,7,10,22,14,13,2,1,17,22,23,2,2,9,14,7,0,1,4,32,32,2,27,2,4,3.31,5.14,2.57,0,0.37,1.47,0.06,0.15,30.7,0.07,3.31,5.51,12.86,1.47,0.67
A3Z physicality,8482745,20242025,Mason McTavish,76953,3,-1.38,-3.68,7.26,0.48,FALSE,TRUE,,blockedShotsPer60; defensiveRetrievalsPer60; entryDenialShare,0,0,-0.99,-0.27,-0.09,-3.38,-0.31,-0.03,6.78,FALSE,255.92,257.8,19,0.25,,entryTargets,FALSE,A3Z tracked games; five on five,Wings; centers excluded,Defensemen; centers excluded,TRUE,73,219,11,21,17,8,20,6,28,24,6,3,28,47,6,1,4,8,8,15,13,16,2,4,28,43,40,2,9,14,11,7,0,3,5,53,53,8,29,1,5,3.28,2.58,1.64,0,0.7,1.17,0.15,0.17,24.35,0.03,2.58,4.92,6.56,1.41,0.5
A3Z physicality,8484166,20242025,Adam Fantilli,85991,3,-0.72,-2.26,26.26,1.45,FALSE,TRUE,,defensiveRetrievalsPer60; entryDenialShare,0,0,-0.41,0.26,-0.09,-2.52,-0.22,0,24.81,FALSE,225.4,228.2,16,0.2,typedShotsOnNet,entryTargets,FALSE,A3Z tracked games; five on five,Wings; centers excluded,Defensemen; centers excluded,TRUE,74,205,4,23,9,7,19,6,41,29,9,4,34,63,7,4,12,13,10,23,18,6,1,0,19,32,29,0,0,21,15,14,0,0,2,30,30,1,19,3,0,5.59,3.99,3.73,0,0,0.53,0.03,0,31.13,0.16,1.06,6.12,9.05,1.6,0.44
A3Z physicality,8484801,20242025,Macklin Celebrini,83110,3,-1.72,-1.31,3.35,7.25,TRUE,TRUE,contactPenaltiesDrawnPer60,contactPenaltiesDrawnPer60; entryDenialShare,0,0,-1.89,-0.03,0,-1.41,0.17,0.13,-3.89,FALSE,257.52,259.83,17,0.24,,entryTargets,FALSE,A3Z tracked games; five on five,Wings; centers excluded,Defensemen; centers excluded,TRUE,72,190,7,27,15,8,39,9,55,37,18,8,59,91,9,2,18,10,15,36,19,9,4,6,48,78,51,7,4,10,14,15,0,2,8,46,46,4,31,4,2,2.33,3.26,3.49,0,0.47,1.86,0.09,0.06,30.69,0.13,1.63,6.29,13.75,2.1,0.44
A3Z physicality,8471675,20242025,Sidney Crosby,97798,4,-0.53,-0.14,29.61,45.41,FALSE,TRUE,,hitsReceivedPer60; blockedShotsPer60; defensiveRetrievalsPer60; botchedRetrievalsPer60; entryDenialShare,0,0,-1.2,-0.04,0.49,-0.05,0.19,-0.04,-15.8,FALSE,277.72,282.62,18,0.22,,entryTargets,FALSE,A3Z tracked games; five on five,Wings; centers excluded,Defensemen; centers excluded,TRUE,71,200,17,29,20,13,32,4,48,33,4,2,46,74,4,1,15,10,13,26,22,14,6,4,42,70,34,1,6,10,6,6,0,0,3,41,41,5,29,5,5,2.16,1.3,1.3,0,0,0.65,0.12,0.17,24.35,0.17,3.67,6.27,9.94,0.86,0.5
A3Z physicality,8471685,20242025,Anze Kopitar,92125,4,-1.24,-0.18,7.82,41.55,FALSE,TRUE,,defensiveRetrievalsPer60; botchedRetrievalsPer60; entryDenialShare,0,0,-0.68,-0.1,0.07,-0.03,-0.62,-0.06,-33.72,FALSE,318.82,322.53,22,0.27,typedShotsOnNet,entryTargets,FALSE,A3Z tracked games; five on five,Wings; centers excluded,Defensemen; centers excluded,TRUE,75,225,22,29,22,17,38,6,49,44,18,7,61,109,11,8,5,4,11,14,35,11,8,3,58,95,27,2,9,13,18,10,0,0,2,30,30,5,19,1,4,2.45,3.39,1.88,0,0,0.38,0.17,0.21,23.55,0.05,4.14,5.46,11.48,1.13,0.39
A3Z physicality,8473533,20242025,Jordan Staal,69468,4,0.27,-0.11,60.34,49.28,FALSE,TRUE,,defensiveRetrievalsPer60; botchedRetrievalsPer60; entryDenialShare,0,0,0.49,0.19,0.44,-0.24,-0.66,-0.06,11.06,FALSE,329.72,335.58,27,0.36,,entryTargets,FALSE,A3Z tracked games; five on five,Wings; centers excluded,Defensemen; centers excluded,TRUE,76,220,22,45,31,18,20,5,39,23,15,4,46,74,3,7,16,7,8,18,21,23,4,2,51,72,45,3,9,51,22,11,0,1,2,54,54,6,31,3,8,9.28,4,2,0,0.18,0.36,0.11,0.26,20.85,0.1,4,8.19,8.37,0.91,0.27
A3Z physicality,8474564,20242025,Steven Stamkos,88559,4,0.05,-0.33,53.63,31.4,FALSE,TRUE,,blockedShotsPer60; defensiveRetrievalsPer60; entryDenialShare,0,0,-0.07,0.06,0.06,-0.34,0.06,-0.05,22.23,FALSE,330.82,332.63,24,0.29,,entryTargets,FALSE,A3Z tracked games; five on five,Wings; centers excluded,Defensemen; centers excluded,TRUE,73,193,6,21,18,9,21,7,32,26,8,2,36,60,8,3,6,8,9,19,13,12,3,2,47,72,38,2,2,23,12,8,0,3,2,41,41,5,27,3,4,4.17,2.18,1.45,0,0.54,0.36,0.12,0.15,23.32,0.11,1.09,3.81,6.53,1.27,0.25
A3Z physicality,8475151,20242025,Kyle Palmieri,91100,4,0.52,-0.55,70.39,22.71,FALSE,TRUE,,blockedShotsPer60; defensiveRetrievalsPer60; entryDenialShare,0,0,0.06,-0.11,0.27,-0.4,0.19,-0.04,47.69,FALSE,272.98,276.82,20,0.24,,entryTargets,FALSE,A3Z tracked games; five on five,Wings; centers excluded,Defensemen; centers excluded,TRUE,72,192,20,22,15,10,17,12,39,28,10,2,27,60,7,1,11,8,8,16,23,25,1,3,33,45,50,5,8,13,28,6,0,3,1,59,59,10,41,4,8,2.86,6.15,1.32,0,0.66,0.22,0.17,0.2,23.26,0.1,4.4,4.84,5.93,2.64,0.2
A3Z physicality,8475170,20242025,Brayden Schenn,86400,4,0.23,0.11,59.22,60.39,FALSE,TRUE,,defensiveRetrievalsPer60; entryDenialShare,0,0,0.67,0.25,-0.41,-0.09,-0.04,-0.05,-1.17,FALSE,536.55,539.95,38,0.46,,entryTargets,FALSE,A3Z tracked games; five on five,Wings; centers excluded,Defensemen; centers excluded,TRUE,73,200,18,42,22,15,58,13,83,66,17,7,86,153,20,6,17,10,27,39,44,23,9,3,48,89,65,4,2,80,26,24,0,6,3,72,72,4,53,6,5,8.95,2.91,2.68,0,0.67,0.34,0.06,0.09,30.03,0.11,2.01,4.7,9.62,1.45,0.41
A3Z physicality,8475798,20242025,Mikael Granlund,96860,4,-0.63,-0.02,27.37,52.66,FALSE,TRUE,,defensiveRetrievalsPer60; botchedRetrievalsPer60; entryDenialShare,0,0,-0.44,0.02,-0.59,-0,0.4,-0.04,-25.28,FALSE,335.43,336.3,24,0.29,,entryTargets,FALSE,A3Z tracked games; five on five,Wings; centers excluded,Defensemen; centers excluded,TRUE,70,193,9,34,19,15,32,5,62,45,9,6,57,95,7,6,17,17,16,40,22,19,5,5,39,70,40,2,1,15,22,15,0,3,3,49,49,2,34,1,4,2.68,3.94,2.68,0,0.54,0.54,0.04,0.12,22.36,0.03,1.61,6.08,10.2,0.89,0.67
A3Z physicality,8476393,20242025,Nick Cousins,35708,4,-0.09,0.12,49.16,60.87,TRUE,TRUE,contactPenaltiesTakenPer60; contactPenaltiesDrawnPer60,blockedShotsPer60; contactPenaltiesTakenPer60; contactPenaltiesDrawnPer60; defensiveRetrievalsPer60; botchedRetrievalsPer60; entryDenialShare,0,0,-0.02,0.34,-0.39,-0.17,0.32,-0.04,-11.71,FALSE,173.13,176.87,15,0.3,typedShotsOnNet,entryTargets,FALSE,A3Z tracked games; five on five,Wings; centers excluded,Defensemen; centers excluded,TRUE,71,191,11,17,15,10,20,2,43,29,5,1,33,60,9,3,14,12,9,25,18,5,3,0,20,34,22,2,3,26,26,5,0,5,5,21,21,2,15,1,3,9.01,9.01,1.73,0,1.73,1.73,0.1,0.2,34.93,0.07,3.81,5.89,11.44,0.69,0.2
A3Z physicality,8476479,20242025,Phillip Danault,84832,4,-0.11,-0.29,46.93,32.85,FALSE,TRUE,,defensiveRetrievalsPer60; botchedRetrievalsPer60,0,0,-0.47,-0.04,0.4,-0.2,-0.04,-0.05,14.08,FALSE,309.73,315.23,22,0.28,,entryTargets,FALSE,A3Z tracked games; five on five,Wings; centers excluded,Defensemen; centers excluded,TRUE,73,200,20,37,29,15,37,5,52,40,12,2,59,88,2,3,12,4,17,30,22,17,2,2,46,73,42,5,4,16,22,15,0,0,2,52,52,7,36,3,8,3.1,4.26,2.91,0,0,0.39,0.13,0.22,18.4,0.08,3.87,7.17,11.43,0.97,0.17
A3Z physicality,8476822,20242025,Luke Glendening,49826,4,1.58,-0.4,94.97,28.02,FALSE,TRUE,,defensiveRetrievalsPer60; botchedRetrievalsPer60; entryDenialShare,0,0,0.95,0.03,0.3,-0.39,0.33,-0.04,66.95,FALSE,271.68,275.63,31,0.4,typedShotsOnNet,entryTargets,FALSE,A3Z tracked games; five on five,Wings; centers excluded,Defensemen; centers excluded,TRUE,71,190,9,36,10,5,9,3,30,20,12,4,23,46,5,2,10,9,4,13,17,10,1,0,17,25,17,1,4,40,29,18,0,0,0,23,23,4,17,1,4,8.83,6.4,3.98,0,0,0,0.17,0.24,25.08,0.06,1.99,7.95,5.08,0.66,0.33
A3Z physicality,8476882,20242025,Teuvo Teravainen,83963,4,-2.16,-0.46,1.12,24.64,FALSE,TRUE,,hitsReceivedPer60; blockedShotsPer60; defensiveRetrievalsPer60; botchedRetrievalsPer60; entryDenialShare,0,0,-1.3,-0.26,-1.17,-0.16,0.32,-0.04,-23.52,FALSE,450.92,456,36,0.44,,entryTargets,FALSE,A3Z tracked games; five on five,Wings; centers excluded,Defensemen; centers excluded,TRUE,71,191,13,46,19,12,35,9,67,50,13,6,58,94,10,8,17,16,23,42,25,22,0,4,59,88,52,4,1,6,9,11,0,0,2,56,56,3,43,1,2,0.8,1.2,1.46,0,0,0.27,0.05,0.05,36.18,0.02,1.73,6.12,7.72,1.2,0.46
A3Z physicality,8476925,20242025,Colton Sissons,62031,4,1.48,0.04,94.41,54.59,FALSE,TRUE,,defensiveRetrievalsPer60; botchedRetrievalsPer60; entryDenialShare,0,0,0.56,0.14,0.96,-0.05,-0.04,-0.05,39.82,FALSE,244.35,248.42,22,0.31,,entryTargets,FALSE,A3Z tracked games; five on five,Wings; centers excluded,Defensemen; centers excluded,TRUE,73,200,8,40,19,7,15,4,30,18,12,7,38,56,4,9,12,7,4,15,15,11,2,0,23,37,27,0,5,25,15,13,0,3,1,30,30,5,21,3,5,6.14,3.68,3.19,0,0.74,0.25,0.17,0.24,19.43,0.14,1.96,9.82,9.33,0.98,0.58
A3Z physicality,8477500,20242025,Bo Horvat,98043,4,-0.87,-0.26,20.67,34.78,FALSE,TRUE,,defensiveRetrievalsPer60; botchedRetrievalsPer60,0,0,-0.54,-0.02,0.06,-0.18,-0.4,-0.05,-14.11,FALSE,269.02,272.85,19,0.23,,entryTargets,FALSE,A3Z tracked games; five on five,Wings; centers excluded,Defensemen; centers excluded,TRUE,73,225,16,31,15,9,38,5,54,44,6,1,54,83,7,5,10,19,12,35,19,13,4,1,29,47,55,3,4,15,16,9,0,0,2,61,61,5,39,8,1,3.35,3.57,2.01,0,0,0.45,0.08,0.03,27.02,0.21,3.57,6.91,12.04,1.12,0.17
A3Z physicality,8477934,20242025,Leon Draisaitl,91664,4,-1.08,-0.3,15.64,32.37,FALSE,TRUE,,blockedShotsPer60; defensiveRetrievalsPer60; botchedRetrievalsPer60; entryDenialShare,0,0,-0.46,-0.19,-0.34,-0.06,-0.28,-0.05,-16.72,FALSE,306.22,309.55,18,0.25,,entryTargets,FALSE,A3Z tracked games; five on five,Wings; centers excluded,Defensemen; centers excluded,TRUE,74,209,19,23,20,23,40,3,58,52,4,2,51,88,7,4,6,19,19,29,29,15,3,8,71,113,51,2,2,9,16,4,0,2,1,50,50,3,38,6,1,1.76,3.14,0.78,0,0.39,0.2,0.06,0.03,27.03,0.16,3.72,4.51,9.99,0.59,0.5
A3Z physicality,8477989,20242025,Christian Dvorak,74999,4,0.1,-0.14,55.31,46.86,FALSE,TRUE,,defensiveRetrievalsPer60; entryDenialShare,0,0,-0.26,-0.03,0.25,-0.06,0.11,-0.05,8.45,FALSE,252.88,257.57,22,0.27,,entryTargets,FALSE,A3Z tracked games; five on five,Wings; centers excluded,Defensemen; centers excluded,TRUE,73,190,15,28,10,6,20,6,46,22,12,5,43,74,5,4,24,8,7,23,23,6,3,0,27,37,28,4,4,10,30,14,0,3,2,32,32,5,21,2,3,2.37,7.12,3.32,0,0.71,0.47,0.16,0.14,22.42,0.1,3.56,6.64,10.2,1.42,0.42
A3Z physicality,8478133,20242025,Jake Evans,76524,4,-0.23,0.05,43.02,56.52,FALSE,TRUE,,defensiveRetrievalsPer60; entryDenialShare,0,0,-0.19,0.24,-0.25,-0.15,0.22,-0.04,-13.5,FALSE,248.03,250.75,22,0.27,typedShotsOnNet,entryTargets,FALSE,A3Z tracked games; five on five,Wings; centers excluded,Defensemen; centers excluded,TRUE,72,190,16,30,18,11,20,8,46,32,11,3,41,66,7,4,14,16,5,26,20,7,5,0,22,38,22,1,2,34,30,9,0,1,5,24,24,4,13,0,3,8.22,7.26,2.18,0,0.24,1.21,0.17,0.23,26.93,0,3.87,7.26,9.92,1.94,0.27
A3Z physicality,8478402,20242025,Connor McDavid,88566,4,-0.96,-0.45,18.44,24.64,FALSE,TRUE,,blockedShotsPer60; defensiveRetrievalsPer60; botchedRetrievalsPer60,0,0,-0.84,-0.07,-0.16,-0.34,0.05,-0.05,-6.2,FALSE,303.95,307.97,17,0.25,,entryTargets,FALSE,A3Z tracked games; five on five,Wings; centers excluded,Defensemen; centers excluded,TRUE,73,194,13,32,24,33,34,5,34,33,7,1,45,64,5,2,1,13,15,22,12,4,4,9,65,109,45,5,3,11,24,2,0,3,4,50,50,5,36,4,0,2.17,4.74,0.39,0,0.59,0.79,0.1,0,18.23,0.11,2.57,6.32,8.88,0.99,0.14
A3Z physicality,8478403,20242025,Jack Eichel,94865,4,-1.94,-0.22,1.12,37.68,FALSE,TRUE,,defensiveRetrievalsPer60; botchedRetrievalsPer60; entryDenialShare,0,0,-1.57,-0.11,-0.11,-0.06,-0.26,-0.05,-36.56,FALSE,323.53,321.17,21,0.27,,entryTargets,FALSE,A3Z tracked games; five on five,Wings; centers excluded,Defensemen; centers excluded,TRUE,74,208,11,28,21,12,42,2,62,57,16,8,54,100,8,6,5,31,13,28,34,8,3,9,58,85,44,3,1,7,18,11,0,0,5,53,53,10,37,2,3,1.3,3.34,2.04,0,0,0.93,0.19,0.08,22.83,0.05,2.04,5.19,10.01,0.37,0.5
A3Z physicality,8478424,20242025,Jansen Harkins,40650,4,-0.95,0.32,18.99,68.12,FALSE,TRUE,,hitsPer60; contactPenaltiesDrawnPer60; defensiveRetrievalsPer60; botchedRetrievalsPer60; entryDenialShare,0,0,0.41,0.54,-1.37,-0.18,0.01,-0.05,-49.12,FALSE,158.72,161.37,18,0.29,locatedAttempts; typedShotsOnNet,entryTargets,FALSE,A3Z tracked games; five on five,Wings; centers excluded,Defensemen; centers excluded,TRUE,73,197,8,25,5,1,10,3,19,14,4,2,19,33,4,5,5,7,3,11,8,7,0,1,11,16,12,0,0,47,12,10,0,2,4,14,14,0,10,0,0,17.77,4.54,3.78,0,0.76,1.51,0,0,30.31,0,3.02,9.45,7.18,1.13,0.5
A3Z physicality,8478458,20242025,Jack Roslovic,67171,4,-1.77,-0.55,1.68,22.71,FALSE,TRUE,,blockedShotsPer60; defensiveRetrievalsPer60,0,0,-1.5,-0.18,-0.27,-0.33,-0.01,-0.05,-21.03,FALSE,308.93,312,26,0.32,,entryTargets,FALSE,A3Z tracked games; five on five,Wings; centers excluded,Defensemen; centers excluded,TRUE,73,198,15,33,24,11,27,11,42,29,7,1,45,76,16,8,13,12,10,25,17,17,3,1,36,61,41,3,3,6,21,6,0,0,4,56,56,7,34,2,3,1.17,4.08,1.17,0,0,0.78,0.12,0.09,25.23,0.06,2.91,6.41,8.74,2.14,0.14
A3Z physicality,8478508,20242025,Yakov Trenin,57075,4,2.24,0.23,97.77,65.7,FALSE,TRUE,,hitsPer60; defensiveRetrievalsPer60; entryDenialShare,0,0,1.73,0.2,0.67,0.08,-0.16,-0.05,32.06,FALSE,229.58,233.2,21,0.28,,entryTargets,FALSE,A3Z tracked games; five on five,Wings; centers excluded,Defensemen; centers excluded,TRUE,74,201,16,24,8,6,25,9,46,34,7,6,42,74,14,4,12,10,10,27,19,16,2,1,12,22,34,4,4,68,28,12,0,1,0,36,36,6,20,4,3,17.77,7.32,3.14,0,0.26,0,0.17,0.15,25.01,0.2,4.18,6.27,10.98,2.35,0.86
A3Z physicality,8478904,20242025,Steven Lorentz,50654,4,-0.88,0.16,20.67,62.8,FALSE,TRUE,,defensiveRetrievalsPer60; botchedRetrievalsPer60; entryDenialShare,0,0,0.83,0.36,-1.06,-0.15,-0.65,-0.06,-42.13,FALSE,343.97,347.9,39,0.49,,entryTargets,FALSE,A3Z tracked games; five on five,Wings; centers excluded,Defensemen; centers excluded,TRUE,76,219,30,39,25,14,18,4,52,31,6,4,41,87,10,6,21,16,7,28,24,19,2,3,22,39,42,3,4,99,35,25,0,0,3,49,49,2,32,0,3,17.27,6.11,4.36,0,0,0.52,0.04,0.09,29.15,0,5.23,6.8,7.15,0.7,0.67
A3Z physicality,8479318,20242025,Auston Matthews,82298,4,-0.78,-0.2,22.91,39.61,FALSE,TRUE,,defensiveRetrievalsPer60; botchedRetrievalsPer60; entryDenialShare,0,0,-0.64,0.03,0.33,-0.17,-0.48,-0.05,-16.71,FALSE,466.38,462.58,33,0.49,,entryTargets,FALSE,A3Z tracked games; five on five,Wings; centers excluded,Defensemen; centers excluded,TRUE,75,215,35,70,43,18,58,7,61,49,12,3,79,120,8,4,12,17,16,34,27,56,8,1,59,107,116,5,6,20,19,26,0,2,4,124,124,19,82,12,4,2.57,2.44,3.34,0,0.26,0.51,0.15,0.05,23.23,0.15,4.5,9.01,10.16,0.9,0.25
A3Z physicality,8479591,20242025,Michael Eyssimont,49036,4,0.66,0.18,73.74,64.25,FALSE,TRUE,,defensiveRetrievalsPer60; botchedRetrievalsPer60; entryDenialShare,0,0,0.86,0.35,-0.35,-0.13,0.15,-0.04,9.49,FALSE,272.07,276.22,25,0.32,,entryTargets,FALSE,A3Z tracked games; five on five,Wings; centers excluded,Defensemen; centers excluded,TRUE,72,195,22,30,12,7,20,1,47,35,2,2,32,71,7,3,12,20,6,22,25,18,1,0,14,27,51,3,0,34,42,10,1,4,3,65,65,9,40,2,2,7.5,9.26,2.21,0.22,0.88,0.66,0.14,0.05,23.02,0.05,4.85,6.62,7.06,0.22,1
A3Z physicality,8480028,20242025,Morgan Frost,76571,4,0.51,-0.29,69.27,32.37,FALSE,TRUE,,defensiveRetrievalsPer60,0,0,-0.35,0.16,0.68,-0.41,0.18,-0.04,36.91,FALSE,244.57,246.78,21,0.26,,entryTargets,FALSE,A3Z tracked games; five on five,Wings; centers excluded,Defensemen; centers excluded,TRUE,72,193,10,29,8,5,21,9,31,19,10,1,34,63,12,4,12,9,4,13,18,14,2,0,23,40,36,7,4,17,14,14,0,2,3,39,39,5,31,6,7,4.17,3.43,3.43,0,0.49,0.74,0.13,0.23,27.02,0.19,2.45,7.11,8.34,2.21,0.1
A3Z physicality,8480185,20242025,Eetu Luostarinen,73384,4,0.74,-0.06,77.09,51.21,FALSE,TRUE,,defensiveRetrievalsPer60; botchedRetrievalsPer60; entryDenialShare,0,0,0.44,0.28,0.43,-0.3,-0.13,-0.05,25.89,FALSE,241.08,242.67,20,0.25,,entryTargets,FALSE,A3Z tracked games; five on five,Wings; centers excluded,Defensemen; centers excluded,TRUE,75,191,13,38,13,3,20,4,37,30,4,1,30,63,11,4,7,13,7,19,18,13,2,2,22,38,26,4,4,46,28,10,0,1,3,28,28,1,20,3,4,11.45,6.97,2.49,0,0.25,0.75,0.04,0.2,20.29,0.15,3.24,9.46,7.47,1,0.25
A3Z physicality,8480798,20242025,Philipp Kurashev,41981,4,-1.26,-0.08,7.82,51.21,FALSE,TRUE,,blockedShotsPer60; defensiveRetrievalsPer60; botchedRetrievalsPer60; entryDenialShare,0,0,-0.71,0.08,-0.76,-0.12,0.22,-0.04,-43.39,FALSE,362.4,369.02,28,0.55,,entryTargets,FALSE,A3Z tracked games; five on five,Wings; centers excluded,Defensemen; centers excluded,TRUE,72,190,9,49,12,10,29,5,55,43,13,9,46,84,11,4,12,13,13,26,29,14,4,3,43,69,44,1,6,19,16,10,0,3,5,45,45,4,29,0,2,3.15,2.65,1.66,0,0.5,0.83,0.09,0.07,25.94,0,1.49,8.11,7.62,0.83,0.69
A3Z physicality,8480848,20242025,Ty Dellandrea,48162,4,0.86,0.19,79.89,65.22,FALSE,TRUE,,defensiveRetrievalsPer60; entryDenialShare,0,0,1.16,0.44,-0.37,-0.2,0.07,-0.05,14.67,FALSE,167.37,169.63,16,0.24,typedShotsOnNet,entryTargets,FALSE,A3Z tracked games; five on five,Wings; centers excluded,Defensemen; centers excluded,TRUE,74,185,10,18,4,4,11,4,24,15,7,3,20,40,7,3,9,5,5,13,11,7,2,1,9,12,23,3,2,47,25,12,0,3,2,26,26,5,15,0,2,16.85,8.96,4.3,0,1.08,0.72,0.19,0.13,25.79,0,3.58,6.45,7.17,1.43,0.43
A3Z physicality,8480980,20242025,Connor Dewar,33286,4,2.87,0.24,99.44,65.7,TRUE,TRUE,backhandShare,defensiveRetrievalsPer60; entryDenialShare,0,0,1.3,0.53,1.09,-0.26,0.49,-0.04,33.74,FALSE,232.78,234.75,27,0.56,,entryTargets,FALSE,A3Z tracked games; five on five,Wings; centers excluded,Defensemen; centers excluded,TRUE,70,187,10,34,12,5,12,6,42,27,13,6,23,63,8,1,15,15,5,15,27,13,2,0,12,19,27,4,4,65,25,17,1,0,2,29,29,4,23,6,4,16.75,6.44,4.38,0.26,0,0.52,0.14,0.17,20.62,0.26,2.58,8.76,5.93,1.55,0.46
A3Z physicality,8481522,20242025,Peyton Krebs,67709,4,-1.05,0.16,15.64,63.77,FALSE,TRUE,,blockedShotsPer60; contactPenaltiesDrawnPer60; defensiveRetrievalsPer60; entryDenialShare,0,0,-0.15,0.26,-1.15,-0.05,0.25,-0.04,-48.13,FALSE,226.75,230.97,20,0.25,,entryTargets,FALSE,A3Z tracked games; five on five,Wings; centers excluded,Defensemen; centers excluded,TRUE,72,188,11,23,17,9,26,5,35,25,7,3,39,59,6,2,10,10,7,22,13,12,1,1,20,36,32,1,4,30,23,4,0,3,5,38,38,2,20,0,2,7.94,6.09,1.06,0,0.79,1.32,0.05,0.1,33.71,0,2.91,6.09,10.32,1.32,0.43
A3Z physicality,8482177,20242025,Marat Khusnutdinov,54383,4,0.07,-0.16,54.75,44.44,FALSE,TRUE,,botchedRetrievalsPer60; entryDenialShare,0,0,0.46,-0.06,-0.81,-0.06,0.42,-0.04,10.3,FALSE,185.23,187.03,19,0.25,locatedAttempts; typedShotsOnNet,entryTargets,FALSE,A3Z tracked games; five on five,Wings; centers excluded,Defensemen; centers excluded,TRUE,71,184,13,20,8,3,21,2,45,36,11,3,40,75,3,2,9,18,7,22,23,2,1,0,15,23,10,2,0,11,10,10,0,2,0,12,12,1,10,0,1,3.56,3.24,3.24,0,0.65,0,0.08,0.1,25.51,0,4.21,6.48,12.96,0.65,0.27
A3Z physicality,8482740,20242025,Wyatt Johnston,93115,4,0.36,-0.47,64.25,24.64,FALSE,TRUE,,defensiveRetrievalsPer60; botchedRetrievalsPer60; entryDenialShare,0,0,0.14,-0.16,0.06,-0.26,0.15,-0.04,39.61,FALSE,409.62,413.83,31,0.38,,entryTargets,FALSE,A3Z tracked games; five on five,Wings; centers excluded,Defensemen; centers excluded,TRUE,73,187,22,45,24,13,25,6,71,48,13,6,41,95,9,2,23,11,14,29,42,24,11,3,47,78,71,7,16,19,24,17,0,2,0,74,74,7,52,3,11,2.78,3.52,2.49,0,0.29,0,0.09,0.21,18.65,0.06,3.22,6.59,6.01,0.88,0.46
A3Z physicality,8483464,20242025,Marco Kasper,71383,4,0.46,0.11,67.04,59.9,FALSE,TRUE,,defensiveRetrievalsPer60; botchedRetrievalsPer60; entryDenialShare,0,0,0.63,0.26,-0.1,-0.1,-0.07,-0.05,7.14,FALSE,243.37,246.67,20,0.26,,entryTargets,FALSE,A3Z tracked games; five on five,Wings; centers excluded,Defensemen; centers excluded,TRUE,73,202,5,37,9,12,22,1,32,23,8,4,37,57,3,5,9,13,8,19,13,11,2,1,14,30,30,1,5,48,21,8,0,1,2,33,33,4,23,2,2,11.83,5.18,1.97,0,0.25,0.49,0.12,0.09,30.41,0.09,1.23,9.12,9.12,0.25,0.5
A3Z physicality,8484153,20242025,Leo Carlsson,74056,4,-1.12,-0.38,15.64,28.99,TRUE,TRUE,dumpInRecoveriesPer60,blockedShotsPer60; defensiveRetrievalsPer60; entryDenialShare,0,0,-0.51,-0.11,-0.24,-0.22,-0.38,-0.05,-13.34,FALSE,217.07,220.47,18,0.24,typedShotsOnNet,entryTargets,FALSE,A3Z tracked games; five on five,Wings; centers excluded,Defensemen; centers excluded,TRUE,75,208,2,21,13,7,21,5,27,23,9,4,24,45,7,1,4,8,9,13,14,11,1,2,31,52,27,3,3,7,7,4,0,2,1,29,29,1,19,1,4,1.93,1.93,1.11,0,0.55,0.28,0.03,0.21,21.1,0.05,0.55,5.8,6.63,1.38,0.44
A3Z physicality,8474189,20242025,Lars Eller,63799,5,-0.19,-3.23,43.58,0.48,FALSE,TRUE,,defensiveRetrievalsPer60; botchedRetrievalsPer60; entryDenialShare,0,0,0.04,-0.16,-0.06,-2.99,-0.18,-0.08,43.09,FALSE,269.62,272.7,23,0.29,,entryTargets,FALSE,A3Z tracked games; five on five,Wings; centers excluded,Defensemen; centers excluded,TRUE,74,207,20,32,16,14,28,7,44,29,9,3,51,87,8,6,15,15,5,22,22,9,0,2,23,41,29,1,3,21,35,10,0,4,3,32,32,4,21,1,2,4.67,7.79,2.23,0,0.89,0.67,0.12,0.1,30.71,0.05,4.45,7.12,11.35,1.56,0.33
A3Z physicality,8475158,20242025,Ryan O'Reilly,90005,5,-0.59,-2.83,27.37,0.48,FALSE,TRUE,,botchedRetrievalsPer60; entryDenialShare,0,0,-0.5,0.08,0,-2.88,-0.1,-0.03,26.89,FALSE,333.87,337.22,24,0.3,,entryTargets,FALSE,A3Z tracked games; five on five,Wings; centers excluded,Defensemen; centers excluded,TRUE,73,207,16,43,16,9,42,5,51,37,11,5,72,102,6,10,14,10,15,31,20,15,3,1,30,55,31,2,7,9,11,17,0,0,1,39,39,4,27,2,4,1.62,1.98,3.06,0,0,0.18,0.1,0.15,17.8,0.07,2.88,7.73,12.94,0.9,0.45
A3Z physicality,8476278,20242025,Colin Blackwell,43707,5,-0.74,-4.15,25.14,0.48,TRUE,TRUE,contactPenaltiesDrawnPer60,height; blockedShotsPer60; contactPenaltiesDrawnPer60; defensiveRetrievalsPer60; botchedRetrievalsPer60; entryDenialShare,0,0,-0.59,-0.57,-0.65,-3.99,0.51,0.42,24.66,FALSE,204.1,207.37,23,0.37,,entryTargets,FALSE,A3Z tracked games; five on five,Wings; centers excluded,Defensemen; centers excluded,TRUE,68,181,3,22,15,4,16,2,40,26,6,3,33,59,7,3,14,14,6,27,13,6,1,4,28,39,21,2,0,23,24,2,0,1,6,30,30,4,22,1,2,6.76,7.06,0.59,0,0.29,1.76,0.13,0.09,31.7,0.05,0.88,6.47,9.7,0.59,0.5
A3Z physicality,8476374,20242025,Sean Kuraly,57879,5,0.82,-2.11,77.09,1.93,FALSE,TRUE,,defensiveRetrievalsPer60; botchedRetrievalsPer60; entryDenialShare,0,0,1.62,1.15,-0.61,-3.18,-0.19,-0.08,75.16,FALSE,169.03,172.42,16,0.2,typedShotsOnNet,entryTargets,FALSE,A3Z tracked games; five on five,Wings; centers excluded,Defensemen; centers excluded,TRUE,74,208,6,12,8,7,18,3,27,16,6,2,32,48,6,4,11,9,4,20,7,8,1,0,14,23,18,2,1,44,12,6,0,2,0,27,27,2,17,1,1,15.62,4.26,2.13,0,0.71,0,0.07,0.06,33.24,0.06,2.13,4.26,11.36,1.06,0.33
A3Z physicality,8476419,20242025,Jean-Gabriel Pageau,80567,5,0.97,-3.67,83.24,0.48,FALSE,TRUE,,defensiveRetrievalsPer60; botchedRetrievalsPer60; entryDenialShare,0,0,0.24,-0.46,0.44,-3.48,0.3,0.27,82.76,FALSE,244.5,250.02,20,0.25,,,FALSE,A3Z tracked games; five on five,Wings; centers excluded,Defensemen; centers excluded,TRUE,71,180,13,29,13,9,25,5,44,33,27,8,41,68,3,3,11,7,11,22,22,10,2,4,31,54,24,1,2,35,30,8,0,0,2,33,33,4,25,3,7,8.59,7.36,1.96,0,0,0.49,0.12,0.28,20.62,0.12,3.19,7.12,10.06,1.23,0.3
A3Z physicality,8476460,20242025,Mark Scheifele,100564,5,-0.33,-3.53,37.99,0.48,FALSE,TRUE,,defensiveRetrievalsPer60; botchedRetrievalsPer60; entryDenialShare,0,0,-0.36,0.06,0.28,-3.46,-0.25,-0.13,37.51,FALSE,400.25,406.05,24,0.29,,entryTargets,FALSE,A3Z tracked games; five on five,Wings; centers excluded,Defensemen; centers excluded,TRUE,75,207,15,42,24,30,49,8,72,62,13,4,68,118,14,4,10,35,11,36,36,16,12,8,66,106,51,6,9,27,34,15,0,2,5,59,59,7,31,4,5,4.05,5.1,2.25,0,0.3,0.75,0.12,0.16,18.87,0.13,2.25,6.3,10.19,1.2,0.31
A3Z physicality,8476468,20242025,J.T. Miller,78625,5,0.93,-1.85,80.45,2.9,FALSE,TRUE,,blockedShotsPer60; defensiveRetrievalsPer60; botchedRetrievalsPer60; entryDenialShare,0,0,0.21,1.47,0.79,-3.31,-0.07,-0,77.55,FALSE,324.65,332.48,26,0.36,,entryTargets,FALSE,A3Z tracked games; five on five,Wings; centers excluded,Defensemen; centers excluded,TRUE,72,211,24,26,26,19,37,7,54,43,6,3,59,99,3,7,11,8,14,26,28,15,4,5,56,91,39,5,3,42,11,5,0,5,4,42,42,7,27,4,4,7.76,2.03,0.92,0,0.92,0.74,0.17,0.15,28.43,0.15,4.44,4.81,10.9,1.29,0.5
A3Z physicality,8476826,20242025,Yanni Gourde,54882,5,2.39,-1.81,98.32,2.9,FALSE,TRUE,,blockedShotsPer60; defensiveRetrievalsPer60; botchedRetrievalsPer60; entryDenialShare,0,0,1.06,1.45,0.82,-3.69,0.51,0.43,95.43,FALSE,340.7,345.23,26,0.46,,entryTargets,FALSE,A3Z tracked games; five on five,Wings; centers excluded,Defensemen; centers excluded,TRUE,69,173,16,39,33,19,37,6,47,39,8,2,54,91,10,3,8,9,13,22,25,20,3,1,40,74,44,3,4,46,25,10,2,4,2,48,48,7,28,6,6,8.1,4.4,1.76,0.35,0.7,0.35,0.15,0.21,23.2,0.21,2.82,6.87,9.51,1.06,0.25
A3Z physicality,8476889,20242025,Radek Faksa,54699,5,1.17,-4.74,88.27,0.48,FALSE,TRUE,,defensiveRetrievalsPer60; botchedRetrievalsPer60; entryDenialShare,0,0,0.92,-0.05,0.58,-4.5,-0.33,-0.19,87.79,FALSE,383.53,391.4,34,0.49,,entryTargets,FALSE,A3Z tracked games; five on five,Wings; centers excluded,Defensemen; centers excluded,TRUE,75,216,20,47,19,7,26,6,48,32,11,3,48,88,8,5,16,13,7,22,26,19,3,2,29,40,36,4,3,60,52,22,0,2,1,52,52,7,34,7,3,9.39,8.13,3.44,0,0.31,0.16,0.13,0.09,28.92,0.21,3.13,7.35,7.51,0.94,0.27
A3Z physicality,8477446,20242025,Michael McCarron,61086,5,0.18,-3.37,58.66,0.48,FALSE,TRUE,,defensiveRetrievalsPer60; botchedRetrievalsPer60; entryDenialShare,0,0,0.62,1.38,0.26,-4.29,-0.7,-0.46,58.18,FALSE,248.67,252.92,22,0.3,,entryTargets,FALSE,A3Z tracked games; five on five,Wings; centers excluded,Defensemen; centers excluded,TRUE,78,232,14,31,15,8,21,6,38,24,12,3,31,65,6,5,14,7,8,15,23,12,4,0,19,38,30,3,4,44,27,14,1,2,3,37,37,6,25,2,4,10.62,6.51,3.38,0.24,0.48,0.72,0.16,0.16,26.08,0.08,3.38,7.48,7.48,1.45,0.25
A3Z physicality,8477496,20242025,Elias Lindholm,88943,5,0.13,-3.26,56.42,0.48,FALSE,TRUE,,hitsReceivedPer60; blockedShotsPer60; defensiveRetrievalsPer60; botchedRetrievalsPer60; entryDenialShare,0,0,0.1,1.44,0.06,-4.72,-0.04,0.03,55.94,FALSE,207.65,209.15,17,0.21,typedShotsOnNet,,FALSE,A3Z tracked games; five on five,Wings; centers excluded,Defensemen; centers excluded,TRUE,73,200,5,18,4,1,16,5,22,19,21,7,23,40,7,5,3,3,8,11,11,10,1,0,16,23,20,2,4,26,5,5,0,1,2,25,25,6,16,1,2,7.51,1.44,1.44,0,0.29,0.58,0.24,0.12,32.25,0.06,1.44,5.2,6.65,1.44,0.33
A3Z physicality,8477503,20242025,Max Domi,62920,5,0.16,-2.54,58.1,0.48,FALSE,TRUE,,blockedShotsPer60; defensiveRetrievalsPer60; botchedRetrievalsPer60; entryDenialShare,0,0,0.74,1.04,-0.68,-3.7,0.11,0.12,57.62,FALSE,418.17,422.52,35,0.47,,entryTargets,FALSE,A3Z tracked games; five on five,Wings; centers excluded,Defensemen; centers excluded,TRUE,70,208,13,31,32,21,36,7,69,47,11,3,67,115,10,9,22,14,17,39,30,18,7,7,65,97,49,2,3,14,24,12,3,10,1,60,60,5,45,2,3,2.01,3.44,1.72,0.43,1.43,0.14,0.08,0.07,32.22,0.04,1.87,4.45,9.61,1,0.27
A3Z physicality,8477505,20242025,Alexander Wennberg,87120,5,-0.91,-2.57,20.67,0.48,FALSE,TRUE,,botchedRetrievalsPer60; entryDenialShare,0,0,-0.71,0.27,-0.19,-2.89,-0.02,0.05,20.19,FALSE,253.7,255.73,20,0.26,typedShotsOnNet,entryTargets,FALSE,A3Z tracked games; five on five,Wings; centers excluded,Defensemen; centers excluded,TRUE,74,190,12,26,19,8,32,3,44,29,18,4,53,74,5,6,15,15,8,31,13,8,5,3,39,59,21,2,2,7,13,15,0,1,2,21,21,1,14,2,2,1.66,3.07,3.55,0,0.24,0.47,0.05,0.14,38.48,0.14,2.84,6.15,12.53,0.71,0.22
A3Z physicality,8477933,20242025,Sam Reinhart,97181,5,-0.91,-4.03,20.67,0.48,FALSE,TRUE,,defensiveRetrievalsPer60; botchedRetrievalsPer60; entryDenialShare,0,0,-0.43,0.23,-0.47,-4.32,0,0.06,20.19,FALSE,324.9,327.58,21,0.27,,entryTargets,FALSE,A3Z tracked games; five on five,Wings; centers excluded,Defensemen; centers excluded,TRUE,73,196,11,46,22,9,29,4,54,41,3,1,45,83,8,5,13,13,12,27,27,16,2,4,45,68,44,1,4,22,21,11,0,1,4,48,48,4,33,2,4,4.06,3.88,2.03,0,0.18,0.74,0.08,0.12,26.8,0.06,2.03,8.49,8.31,0.74,0.33
A3Z physicality,8477935,20242025,Sam Bennett,79588,5,0.58,-0.76,72.07,16.91,FALSE,TRUE,,hitsReceivedPer60; defensiveRetrievalsPer60; botchedRetrievalsPer60; entryDenialShare,0,0,0.43,2.65,0.12,-3.48,0.03,0.08,55.16,FALSE,296.35,300.52,21,0.28,,entryTargets,FALSE,A3Z tracked games; five on five,Wings; centers excluded,Defensemen; centers excluded,TRUE,73,193,14,37,24,12,28,8,54,43,10,2,46,90,12,1,11,23,8,23,31,22,6,1,43,68,49,2,1,34,7,13,1,5,3,62,62,6,47,7,4,6.88,1.42,2.63,0.2,1.01,0.61,0.1,0.09,29.44,0.15,2.83,7.49,9.31,1.62,0.2
A3Z physicality,8477952,20242025,Robby Fabbri,42780,5,-1.69,-3.29,3.35,0.48,FALSE,TRUE,,defensiveRetrievalsPer60; botchedRetrievalsPer60; entryDenialShare,0,0,-0.66,0.74,-1.28,-4.27,0.25,0.24,2.87,FALSE,162.13,165.05,12,0.27,typedShotsOnNet,entryTargets,FALSE,A3Z tracked games; five on five,Wings; centers excluded,Defensemen; centers excluded,TRUE,71,185,4,17,7,3,8,4,16,11,5,0,17,35,4,2,5,4,2,7,9,10,0,1,17,26,23,1,0,11,8,5,0,1,3,24,24,1,19,0,0,4.07,2.96,1.85,0,0.37,1.11,0.04,0,27.61,0,1.48,6.29,6.29,1.48,0
A3Z physicality,8478057,20242025,Dakota Joshua,44326,5,2.54,-3.56,99.44,0.48,FALSE,TRUE,,defensiveRetrievalsPer60; botchedRetrievalsPer60,0,0,1.33,0.82,1.57,-4.17,-0.35,-0.21,98.96,FALSE,221.7,222.5,19,0.33,typedShotsOnNet,entryTargets,FALSE,A3Z tracked games; five on five,Wings; centers excluded,Defensemen; centers excluded,TRUE,75,218,11,19,15,4,19,4,31,23,6,1,29,49,8,2,8,8,9,19,12,7,2,0,25,32,17,2,0,53,25,7,1,1,1,24,24,6,12,3,2,14.34,6.77,1.89,0.27,0.27,0.27,0.25,0.17,11.78,0.25,2.98,5.14,7.85,1.08,0.17
A3Z physicality,8478427,20242025,Sebastian Aho,95275,5,-0.17,-3.73,45.25,0.48,FALSE,TRUE,,blockedShotsPer60; defensiveRetrievalsPer60; botchedRetrievalsPer60; entryDenialShare,0,0,-0.59,-0.24,0.28,-3.65,0.14,0.16,44.77,FALSE,382.32,380.63,27,0.34,,entryTargets,FALSE,A3Z tracked games; five on five,Wings; centers excluded,Defensemen; centers excluded,TRUE,72,189,22,41,29,19,32,8,64,43,16,8,63,97,8,9,21,11,15,38,26,23,3,6,55,86,58,1,12,9,25,7,0,7,4,66,66,4,35,6,4,1.41,3.92,1.1,0,1.1,0.63,0.06,0.11,25.39,0.17,3.45,6.43,9.89,1.26,0.5
A3Z physicality,8478438,20242025,Thomas Novak,42869,5,-1.61,-5.04,4.47,0,TRUE,TRUE,hitsPer60,defensiveRetrievalsPer60; botchedRetrievalsPer60; entryDenialShare,0,0,-1.19,-1.85,-0.48,-3.29,0.06,0.1,4.47,FALSE,178.95,180.17,16,0.3,,entryTargets,FALSE,A3Z tracked games; five on five,Wings; centers excluded,Defensemen; centers excluded,TRUE,73,190,4,31,11,5,24,3,36,24,6,2,33,51,4,1,12,10,7,23,13,5,1,0,20,33,20,1,3,1,23,12,0,0,1,26,26,3,20,1,2,0.34,7.71,4.02,0,0,0.34,0.12,0.1,20.62,0.05,1.34,10.39,11.06,1.01,0.33
A3Z physicality,8478449,20242025,Roope Hintz,77024,5,-0.76,-3.13,24.58,0.48,FALSE,TRUE,,defensiveRetrievalsPer60; botchedRetrievalsPer60; entryDenialShare,0,0,-0.05,0.91,-0.37,-3.83,-0.34,-0.2,24.1,FALSE,354.67,358.78,31,0.41,,entryTargets,FALSE,A3Z tracked games; five on five,Wings; centers excluded,Defensemen; centers excluded,TRUE,75,217,10,31,21,7,26,6,56,36,10,4,56,100,11,7,20,15,8,29,27,12,1,3,53,75,46,1,4,24,25,23,0,4,3,53,53,2,35,4,5,4.06,4.23,3.89,0,0.68,0.51,0.04,0.14,27.89,0.11,1.69,5.24,9.47,1.02,0.4
A3Z physicality,8479353,20242025,Brett Howden,71342,5,-0.21,-4.37,43.02,0.48,FALSE,TRUE,,blockedShotsPer60; defensiveRetrievalsPer60; botchedRetrievalsPer60,0,0,0.63,0.3,-0.72,-4.64,-0.12,-0.03,42.53,FALSE,253.65,257.03,20,0.25,,entryTargets,FALSE,A3Z tracked games; five on five,Wings; centers excluded,Defensemen; centers excluded,TRUE,74,201,12,24,19,7,19,3,32,26,6,1,30,55,9,3,6,11,9,18,14,6,4,2,27,42,31,2,4,25,17,5,0,3,1,41,41,1,26,1,3,5.91,4.02,1.18,0,0.71,0.24,0.02,0.12,28.79,0.04,2.84,5.68,7.1,0.71,0.17
A3Z physicality,8479365,20242025,Trent Frederic,47751,5,0.87,-4.08,79.89,0.48,FALSE,TRUE,,blockedShotsPer60; defensiveRetrievalsPer60; entryDenialShare,0,0,1.93,1.69,-0.69,-5.54,-0.38,-0.23,79.41,FALSE,159.35,161.9,14,0.24,typedShotsOnNet,entryTargets,FALSE,A3Z tracked games; five on five,Wings; centers excluded,Defensemen; centers excluded,TRUE,75,221,7,26,9,2,10,5,14,13,10,5,13,27,6,2,1,10,2,8,6,12,1,1,19,23,24,4,3,40,9,4,1,1,0,29,29,3,18,0,2,15.06,3.39,1.51,0.38,0.38,0,0.1,0.11,24.6,0,2.64,9.79,4.89,1.88,0.5
A3Z physicality,8479525,20242025,Ross Colton,52780,5,0.55,-5.61,71.51,0,FALSE,TRUE,,defensiveRetrievalsPer60; botchedRetrievalsPer60; entryDenialShare,0,0,0.69,0.77,-0.23,-6.5,0.09,0.12,71.51,FALSE,261.92,267.47,22,0.36,,entryTargets,FALSE,A3Z tracked games; five on five,Wings; centers excluded,Defensemen; centers excluded,TRUE,72,194,9,41,12,7,7,4,23,13,8,2,16,42,4,5,10,3,2,7,16,28,3,2,22,35,53,5,6,52,24,9,0,2,2,58,58,4,36,4,3,11.91,5.5,2.06,0,0.46,0.46,0.07,0.08,22.8,0.11,2.06,9.39,3.67,0.92,0.25
A3Z physicality,8479987,20242025,Morgan Geekie,78172,5,-0.06,-3.21,49.16,0.48,FALSE,TRUE,,blockedShotsPer60; defensiveRetrievalsPer60,0,0,0.26,0.21,-0.03,-3.25,-0.3,-0.16,48.68,FALSE,240.6,244.25,17,0.22,,entryTargets,FALSE,A3Z tracked games; five on five,Wings; centers excluded,Defensemen; centers excluded,TRUE,75,212,12,31,14,8,21,9,36,24,9,1,36,57,9,4,12,7,11,21,15,15,2,1,22,42,44,5,8,22,21,6,0,3,2,49,49,9,26,1,2,5.49,5.24,1.5,0,0.75,0.5,0.18,0.08,24.6,0.04,2.99,7.73,8.98,2.24,0.11
A3Z physicality,8479992,20242025,Michael Rasmussen,61961,5,0.59,-3.51,72.63,0.48,FALSE,TRUE,,defensiveRetrievalsPer60; botchedRetrievalsPer60; entryDenialShare,0,0,0.48,0.91,0.72,-4.03,-0.61,-0.39,72.14,FALSE,215.5,217.07,20,0.26,,entryTargets,FALSE,A3Z tracked games; five on five,Wings; centers excluded,Defensemen; centers excluded,TRUE,78,222,18,15,14,5,17,5,33,23,6,3,31,51,9,3,10,11,3,22,11,10,4,1,18,26,22,3,3,34,26,17,1,0,2,29,29,4,21,2,4,9.47,7.24,4.73,0.28,0,0.56,0.14,0.19,16.4,0.1,5.01,4.18,8.63,1.39,0.5
A3Z physicality,8480003,20242025,Jesper Boqvist,61991,5,0.66,-3.68,73.74,0.48,FALSE,TRUE,,blockedShotsPer60; defensiveRetrievalsPer60; botchedRetrievalsPer60,0,0,1.11,-0.19,-0.5,-3.58,0.05,0.09,73.26,FALSE,219.12,225.75,20,0.26,typedShotsOnNet,entryTargets,FALSE,A3Z tracked games; five on five,Wings; centers excluded,Defensemen; centers excluded,TRUE,73,191,9,26,10,5,18,5,36,22,7,1,33,56,7,5,14,11,4,17,19,9,3,3,22,32,23,2,3,42,28,3,0,3,1,27,27,4,15,0,1,11.5,7.67,0.82,0,0.82,0.27,0.15,0.07,22.47,0,2.46,7.12,9.04,1.37,0.14
A3Z physicality,8480012,20242025,Elias Pettersson,71656,5,-0.62,-2.28,27.37,0.97,FALSE,TRUE,,defensiveRetrievalsPer60; botchedRetrievalsPer60; entryDenialShare,0,0,-0.73,0.5,-0.01,-2.94,0.12,0.15,26.41,FALSE,431.82,437,31,0.48,,,FALSE,A3Z tracked games; five on five,Wings; centers excluded,Defensemen; centers excluded,TRUE,74,176,19,50,22,19,45,9,74,45,27,9,86,141,13,11,29,10,21,41,33,18,2,7,50,88,49,7,6,32,35,27,0,1,8,58,58,7,33,2,8,4.45,4.86,3.75,0,0.14,1.11,0.12,0.24,21,0.06,2.64,6.95,11.95,1.25,0.33
A3Z physicality,8480829,20242025,Jesperi Kotkaniemi,65797,5,0.52,-5.07,70.39,0,FALSE,TRUE,,defensiveRetrievalsPer60; botchedRetrievalsPer60; entryDenialShare,0,0,0.84,-1.18,-0.02,-3.73,-0.3,-0.16,70.39,FALSE,308.2,319.37,26,0.33,,entryTargets,FALSE,A3Z tracked games; five on five,Wings; centers excluded,Defensemen; centers excluded,TRUE,75,212,15,33,25,22,22,6,51,27,10,5,50,87,11,9,24,7,10,30,21,10,2,3,45,72,32,2,2,16,48,12,1,2,0,47,47,5,33,3,2,3.11,9.34,2.34,0.19,0.39,0,0.11,0.06,23.02,0.09,2.92,6.42,9.73,1.17,0.5
A3Z physicality,8480835,20242025,Jack Drury,55813,5,0.13,-3.68,56.42,0.48,FALSE,TRUE,,blockedShotsPer60; entryDenialShare,0,0,0.69,-1.3,-0.8,-2.61,0.24,0.23,55.94,FALSE,235.15,239,23,0.32,,entryTargets,FALSE,A3Z tracked games; five on five,Wings; centers excluded,Defensemen; centers excluded,TRUE,71,186,8,30,18,9,27,7,35,18,18,9,50,65,7,4,17,7,5,24,11,19,3,2,31,44,33,3,3,13,31,7,0,2,0,41,41,2,24,1,3,3.32,7.91,1.79,0,0.51,0,0.05,0.12,31.62,0.04,2.04,7.65,12.76,1.79,0.5
A3Z physicality,8480845,20242025,Rasmus Kupari,36318,5,-0.48,-3.6,32.4,0.48,FALSE,TRUE,,defensiveRetrievalsPer60; botchedRetrievalsPer60; entryDenialShare,0,0,-0.01,0.65,-0.35,-4.22,-0.12,-0.03,31.92,FALSE,181.3,183.82,21,0.36,typedShotsOnNet,entryTargets,FALSE,A3Z tracked games; five on five,Wings; centers excluded,Defensemen; centers excluded,TRUE,74,201,5,26,4,4,17,4,22,13,5,1,23,39,5,1,9,7,4,11,11,7,0,0,14,22,27,1,1,27,14,9,0,0,2,29,29,5,17,1,0,8.94,4.63,2.98,0,0,0.66,0.17,0,28.3,0.06,1.65,8.6,7.61,1.32,0.2
A3Z physicality,8481068,20242025,Yegor Sharangovich,72963,5,-1.83,-5.88,1.12,0,TRUE,TRUE,hitsPer60,blockedShotsPer60; defensiveRetrievalsPer60; botchedRetrievalsPer60; entryDenialShare,0,0,-0.63,-2.28,-1.13,-3.61,-0.07,0,1.12,FALSE,202.33,202.22,17,0.23,typedShotsOnNet,entryTargets,FALSE,A3Z tracked games; five on five,Wings; centers excluded,Defensemen; centers excluded,TRUE,74,196,8,22,7,7,26,4,42,34,8,4,34,63,11,2,8,13,11,20,22,7,2,0,14,26,21,1,2,1,16,4,0,0,0,22,22,0,15,0,3,0.3,4.74,1.19,0,0,0,0,0.2,29.71,0,2.37,6.52,10.08,1.19,0.5
A3Z physicality,8481237,20242025,Kyle MacLean,48417,5,0.71,-4.06,76.54,0.48,FALSE,TRUE,,blockedShotsPer60; defensiveRetrievalsPer60; botchedRetrievalsPer60; entryDenialShare,0,0,-0.06,0.34,0.71,-4.5,0.06,0.1,76.05,FALSE,183.58,185.82,20,0.25,typedShotsOnNet,entryTargets,FALSE,A3Z tracked games; five on five,Wings; centers excluded,Defensemen; centers excluded,TRUE,73,190,9,18,11,5,10,2,30,16,4,2,25,40,3,3,14,8,3,17,13,2,0,0,9,17,13,0,3,24,12,5,0,0,2,23,23,6,18,2,2,7.84,3.92,1.63,0,0,0.65,0.26,0.11,29.02,0.11,2.94,5.88,8.17,0.65,0.5
A3Z physicality,8481477,20242025,Nico Sturm,38736,5,2.96,-0.23,99.44,35.75,TRUE,TRUE,blockedShotsPer60; backhandShare,entryDenialShare,0,0,1.49,1.74,1.74,-1.83,-0.27,-0.14,63.69,FALSE,160.3,161.07,19,0.31,typedShotsOnNet,entryTargets,FALSE,A3Z tracked games; five on five,Wings; centers excluded,Defensemen; centers excluded,TRUE,75,209,9,14,9,2,17,7,32,17,17,6,39,55,6,8,15,9,4,21,11,9,0,1,17,26,20,3,2,33,14,17,0,3,0,22,22,5,13,5,1,12.35,5.24,6.36,0,1.12,0,0.23,0.08,18.57,0.38,3.37,5.24,14.6,2.62,0.35
A3Z physicality,8481556,20242025,John Beecher,52807,5,-0.53,-4.32,29.61,0.48,FALSE,TRUE,,defensiveRetrievalsPer60; botchedRetrievalsPer60; entryDenialShare,0,0,0.02,0.65,-0.17,-4.75,-0.37,-0.22,29.13,FALSE,150.97,154,16,0.21,locatedAttempts; typedShotsOnNet,entryTargets,FALSE,A3Z tracked games; five on five,Wings; centers excluded,Defensemen; centers excluded,TRUE,75,220,4,16,5,3,12,0,18,15,1,0,17,34,3,2,3,9,2,9,9,6,0,0,11,15,14,0,1,19,16,9,0,1,2,18,18,3,13,1,0,7.55,6.36,3.58,0,0.4,0.79,0.17,0,23.68,0.08,1.59,6.36,6.76,0,0
A3Z physicality,8482145,20242025,Mavrik Bourque,55556,5,-0.63,-4.67,27.37,0.48,FALSE,TRUE,,defensiveRetrievalsPer60; botchedRetrievalsPer60; entryDenialShare,0,0,-0.42,-1.09,-0.44,-3.8,0.23,0.22,26.89,FALSE,282.03,284.15,25,0.34,,entryTargets,FALSE,A3Z tracked games; five on five,Wings; centers excluded,Defensemen; centers excluded,TRUE,71,187,12,27,16,7,27,4,45,28,10,3,45,74,9,3,17,12,9,26,19,17,1,1,23,51,38,3,4,14,40,11,0,1,3,43,43,5,29,1,2,2.98,8.51,2.34,0,0.21,0.64,0.12,0.07,27.73,0.03,2.55,5.74,9.57,0.85,0.3
A3Z physicality,8482149,20242025,Cole Perfetti,74720,5,-0.09,-4,49.16,0.48,FALSE,TRUE,,defensiveRetrievalsPer60; botchedRetrievalsPer60; entryDenialShare,0,0,-0.17,0.82,-0.17,-5.05,0.25,0.24,48.68,FALSE,310.28,312.82,24,0.29,,entryTargets,FALSE,A3Z tracked games; five on five,Wings; centers excluded,Defensemen; centers excluded,TRUE,71,185,13,33,21,20,15,4,50,32,7,4,35,69,9,1,18,12,9,28,22,10,4,4,36,59,38,2,2,20,16,12,0,3,3,45,45,4,26,3,2,3.87,3.09,2.32,0,0.58,0.58,0.09,0.08,32.25,0.12,2.51,6.38,6.77,0.77,0.57
A3Z physicality,8482665,20242025,Matty Beniers,91944,5,-1.49,-2.87,6.7,0.48,FALSE,TRUE,,botchedRetrievalsPer60; entryDenialShare,0,0,-1.29,-0.41,-0.28,-2.57,0.07,0.11,6.22,FALSE,421.7,422.18,29,0.35,,,FALSE,A3Z tracked games; five on five,Wings; centers excluded,Defensemen; centers excluded,TRUE,74,181,13,35,12,9,70,10,78,66,27,8,91,127,7,3,12,26,22,49,29,15,3,1,43,69,49,2,5,12,37,27,0,0,7,60,60,8,40,2,7,1.71,5.26,3.84,0,0,1,0.13,0.17,28.12,0.05,1.85,4.98,12.95,1.42,0.3
A3Z physicality,8482768,20242025,Fedor Svechkov,40201,5,-0.46,-3.13,33.52,0.48,FALSE,TRUE,,defensiveRetrievalsPer60; entryDenialShare,0,0,-0.59,-0.89,-0.03,-2.41,0.16,0.17,33.04,FALSE,156.58,157.73,14,0.27,typedShotsOnNet,entryTargets,FALSE,A3Z tracked games; five on five,Wings; centers excluded,Defensemen; centers excluded,TRUE,72,187,7,22,12,6,21,7,26,20,11,4,32,47,5,3,6,6,8,16,10,10,5,0,21,29,23,1,3,5,12,5,0,0,1,24,24,3,16,2,0,1.92,4.6,1.92,0,0,0.38,0.12,0,29.79,0.12,2.68,8.43,12.26,2.68,0.36
A3Z physicality,8483431,20242025,Logan Cooley,80376,5,0.4,-5,65.36,0.48,FALSE,TRUE,,blockedShotsPer60; defensiveRetrievalsPer60; botchedRetrievalsPer60; entryDenialShare,0,0,0.45,-0.49,-0.17,-4.66,0.12,0.14,64.88,FALSE,190.02,192.48,15,0.2,,entryTargets,FALSE,A3Z tracked games; five on five,Wings; centers excluded,Defensemen; centers excluded,TRUE,72,191,4,21,7,7,16,2,29,22,3,1,24,49,3,2,7,7,5,10,19,9,4,5,28,47,31,2,2,14,20,3,0,3,1,35,35,5,26,2,4,4.42,6.32,0.95,0,0.95,0.32,0.14,0.15,24.7,0.08,1.26,6.63,7.58,0.63,0.33
A3Z physicality,8483447,20242025,Conor Geekie,38455,5,-0.78,-2.91,22.91,0.48,FALSE,TRUE,,defensiveRetrievalsPer60; botchedRetrievalsPer60; entryDenialShare,0,0,-0.08,0.39,-0.33,-3.08,-0.37,-0.21,22.42,FALSE,256.25,257.7,23,0.44,,entryTargets,FALSE,A3Z tracked games; five on five,Wings; centers excluded,Defensemen; centers excluded,TRUE,76,212,11,28,8,7,27,6,32,21,11,5,49,68,5,5,11,12,3,21,11,11,2,2,14,33,41,3,4,39,36,14,0,2,5,47,47,5,26,1,5,9.13,8.43,3.28,0,0.47,1.17,0.11,0.19,26.42,0.04,2.58,6.56,11.47,1.4,0.45
A3Z physicality,8483468,20242025,Jiri Kulich,55029,5,-0.84,-3.45,21.23,0.48,TRUE,TRUE,dumpInRecoveriesPer60,blockedShotsPer60; defensiveRetrievalsPer60; botchedRetrievalsPer60; entryDenialShare,0,0,0.26,0.61,-1.13,-4.13,0.03,0.08,20.75,FALSE,209.48,211.18,17,0.27,,entryTargets,FALSE,A3Z tracked games; five on five,Wings; centers excluded,Defensemen; centers excluded,TRUE,73,193,2,27,9,3,19,4,26,22,10,2,28,44,7,2,4,9,7,16,10,9,0,0,15,27,29,1,3,15,10,6,0,2,1,37,37,2,24,1,1,4.3,2.86,1.72,0,0.57,0.29,0.05,0.04,30.81,0.04,0.57,7.73,8.02,1.15,0.2
A3Z physicality,8484144,20242025,Connor Bedard,99805,5,-1.35,-2.9,7.26,0.48,FALSE,TRUE,,defensiveRetrievalsPer60; botchedRetrievalsPer60,0,0,-0.61,0.58,-1.01,-3.72,0.28,0.25,6.78,FALSE,574.38,578.63,36,0.44,,entryTargets,FALSE,A3Z tracked games; five on five,Wings; centers excluded,Defensemen; centers excluded,TRUE,70,190,14,51,28,26,59,11,81,71,12,2,86,136,21,8,10,29,24,48,33,22,4,10,76,120,90,5,1,20,21,18,0,5,6,94,94,4,66,2,4,2.09,2.19,1.88,0,0.52,0.63,0.04,0.06,30.22,0.03,1.46,5.33,8.98,1.15,0.17
