specification,model,referencePopulation,eventScope,season,seasonId,rank,playerId,player,positionCode,listedSize,outerFold,trackedMinutes,sourceTrackedMinutes,trackedGames,trackedGameShare,xS,expectedXSGivenS,rawResidual,meanSizePrediction,outsideTrainingRange,outsideFeatures,imputedFeatures,isCenterComparison,CSAx,referencePercentile,directContribution,indirectContribution,frameAdjustment,sparseDenominators,heightInches,weightPounds,dumpInRecoveries,forecheckPressures,forecheckAssists,cycleAssists,retrievalExits,botchedRetrievals,successfulExits,possessionExits,entryTargets,entryDenials,defensiveRetrievals,defensiveTouches,failedExits,missedPasses,clearedExits,carriedExits,passedExits,rushedExits,secondTouchExits,forecheckCycleShots,behindNetAssists,highDangerAssists,primaryShotAssists,shotAssists,sourceShots,sourceRebounds,sourceDeflections,hits,hitsReceived,blockedShots,fights,contactPenaltiesTaken,contactPenaltiesDrawn,unblockedAttempts,locatedAttempts,netFrontAttempts,typedShotsOnNet,backhandShots,deflectionShots,hitsPer60,hitsReceivedPer60,blockedShotsPer60,fightsPer60,contactPenaltiesTakenPer60,contactPenaltiesDrawnPer60,netFrontAttemptShare,deflectionShare,medianShotDistance,backhandShare,dumpInRecoveriesPer60,forecheckPressuresPer60,defensiveRetrievalsPer60,botchedRetrievalsPer60,entryDenialShare,scoreCaution,minutes
A3Z physicality,Defensemen,Defensemen,A3Z tracked games; five on five,2021–22,20212022,1,8475462,Radko Gudas,D,-0.36,1,504.58,511.78,33,0.43,1.24,-0.02,1.26,0.06,FALSE,,0,FALSE,3.23,99.77,2.53,0.46,0.24,,72,208,0,3,15,10,78,26,75,53,229,37,183,216,21,28,22,3,40,95,19,53,0,1,33,59,78,1,0,142,45,40,1,7,2,54,54,0,34,0,1,16.89,5.35,4.76,0.12,0.83,0.24,0,0.03,54.2,0,0,0.36,21.76,3.09,0.16,,1387.2
A3Z physicality,Defensemen,Defensemen,A3Z tracked games; five on five,2021–22,20212022,2,8475177,Calvin de Haan,D,-0.67,4,358.35,358.6,22,0.32,0.98,-0.15,1.13,0,TRUE,blockedShotsPer60,0,FALSE,2.91,99.3,2.77,-0.28,0.41,,73,192,0,3,8,9,55,20,32,18,141,11,114,139,16,11,14,1,12,37,21,29,0,1,17,36,63,1,0,47,21,57,0,3,0,53,53,0,39,3,1,7.87,3.52,9.54,0,0.5,0,0,0.03,52.77,0.08,0,0.5,19.09,3.35,0.08,,1308
A3Z physicality,Defensemen,Defensemen,A3Z tracked games; five on five,2021–22,20212022,3,8474697,Mark Borowiecki,D,-0.01,4,259.95,260.87,24,0.42,1.09,-0.01,1.1,0,TRUE,hitsPer60,0,FALSE,2.82,98.84,3.12,-0.34,0.04,,74,204,1,7,9,3,25,20,19,13,78,12,65,80,3,9,6,1,7,18,9,19,0,0,12,22,39,0,0,85,32,25,3,4,2,29,29,1,17,3,0,19.62,7.39,5.77,0.69,0.92,0.46,0.03,0,45.1,0.18,0.23,1.62,15,4.62,0.15,,747.25
A3Z physicality,Defensemen,Defensemen,A3Z tracked games; five on five,2021–22,20212022,4,8478467,Nicolas Meloche,D,0.2,2,241.7,245.23,16,0.32,1.02,0.01,1.01,-0.02,FALSE,,0,FALSE,2.59,98.37,2.24,0.42,-0.07,,75,203,0,2,8,5,39,16,24,17,108,15,89,106,12,9,7,0,11,30,10,14,0,0,12,18,28,0,0,50,26,20,0,4,0,14,14,0,10,0,0,12.41,6.45,4.96,0,0.99,0,0,0,55.22,0,0,0.5,22.09,3.97,0.14,,843.78
A3Z physicality,Defensemen,Defensemen,A3Z tracked games; five on five,2021–22,20212022,5,8479388,Riley Stillman,D,0.09,4,216.22,218.28,16,0.31,0.87,0.02,0.85,0,FALSE,,0,FALSE,2.19,97.91,2.4,-0.19,-0.02,,74,207,0,1,9,3,24,17,31,20,92,7,70,86,15,6,11,2,13,44,9,13,1,1,12,22,27,0,1,41,25,24,0,2,1,20,20,0,14,0,1,11.38,6.94,6.66,0,0.55,0.28,0,0.07,51.72,0,0,0.28,19.42,4.72,0.08,,783.25
A3Z physicality,Defensemen,Defensemen,A3Z tracked games; five on five,2021–22,20212022,6,8479458,Nikita Zaitsev,D,-0.43,1,275.9,282.43,18,0.29,0.77,-0.03,0.8,0.06,FALSE,,0,FALSE,2.06,97.44,1.74,0.05,0.27,,74,192,0,2,4,4,35,26,19,17,103,10,89,110,9,13,2,2,8,18,10,25,0,1,11,17,39,0,0,33,30,17,0,5,0,31,31,0,20,0,0,7.18,6.52,3.7,0,1.09,0,0,0,54.59,0,0,0.43,19.35,5.65,0.1,,1177.38
A3Z physicality,Defensemen,Defensemen,A3Z tracked games; five on five,2021–22,20212022,7,8479578,Casey Fitzgerald,D,-1.3,1,150.25,154.43,11,0.31,0.57,-0.19,0.76,0.06,TRUE,fightsPer60; botchedRetrievalsPer60,0,FALSE,1.95,96.98,0.18,1.11,0.67,,71,188,1,4,7,4,22,23,16,13,64,10,63,82,8,7,3,2,6,15,8,10,1,0,18,28,18,1,0,23,20,6,2,0,1,14,14,0,10,0,0,9.18,7.99,2.4,0.8,0,0.4,0,0,52.14,0,0.4,1.6,25.16,9.18,0.16,,607.5
A3Z physicality,Defensemen,Defensemen,A3Z tracked games; five on five,2021–22,20212022,8,8474568,Luke Schenn,D,0.71,5,287.93,291.7,19,0.29,0.9,0.14,0.75,0.02,FALSE,,0,FALSE,1.94,96.51,2.16,0.08,-0.31,,74,225,0,4,11,3,36,22,53,38,108,10,99,148,10,17,15,2,16,44,30,17,0,0,20,48,36,0,0,79,26,15,1,1,0,23,23,0,17,0,0,16.46,5.42,3.13,0.21,0.21,0,0,0,58.19,0,0,0.83,20.63,4.58,0.09,,1135.85
A3Z physicality,Defensemen,Defensemen,A3Z tracked games; five on five,2021–22,20212022,9,8474090,Brendan Smith,D,-0.15,5,198.22,200.22,16,0.36,0.66,-0.02,0.67,0.02,FALSE,,0,FALSE,1.74,96.05,1.25,0.39,0.1,,74,200,0,8,9,6,29,7,26,16,59,10,66,81,3,17,10,0,13,27,11,19,0,0,18,28,33,0,1,23,21,9,0,4,1,22,22,0,13,0,0,6.96,6.36,2.72,0,1.21,0.3,0,0,57.03,0,0,2.42,19.98,2.12,0.17,,626.32
A3Z physicality,Defensemen,Defensemen,A3Z tracked games; five on five,2021–22,20212022,10,8482245,Artem Zub,D,0.13,1,469.48,477.68,25,0.31,0.72,0.06,0.65,0.06,FALSE,,0,FALSE,1.68,95.58,0.97,0.69,0.02,,75,201,2,6,12,7,67,38,67,43,169,27,181,232,15,26,24,0,25,61,36,29,0,0,27,53,49,1,1,47,40,39,0,5,1,31,31,0,21,1,2,6.01,5.11,4.98,0,0.64,0.13,0,0.1,54.64,0.05,0.26,0.77,23.13,4.86,0.16,,1704.23
A3Z physicality,Defensemen,Defensemen,A3Z tracked games; five on five,2021–22,20212022,11,8477346,MacKenzie Weegar,D,-0.43,5,576.18,581.72,32,0.4,0.56,-0.07,0.63,0.02,FALSE,,0,FALSE,1.63,95.12,0.38,1.02,0.23,,72,206,0,3,28,19,127,21,131,89,265,48,238,282,23,21,42,10,58,157,34,62,1,2,70,132,122,0,0,60,56,36,0,1,1,96,96,1,76,2,0,6.25,5.83,3.75,0,0.1,0.1,0.01,0,49.2,0.03,0,0.31,24.78,2.19,0.18,,1869.8
A3Z physicality,Defensemen,Defensemen,A3Z tracked games; five on five,2021–22,20212022,12,8476923,Damon Severson,D,-0.01,5,492.58,497.75,28,0.35,0.62,0.01,0.61,0.02,FALSE,,0,FALSE,1.57,94.65,0.45,1.1,0.03,,74,204,1,5,28,6,111,27,84,71,166,26,215,268,17,29,13,1,45,80,28,35,0,1,48,93,73,1,1,28,43,21,1,5,0,54,54,0,38,1,0,3.41,5.24,2.56,0.12,0.61,0,0,0,43.29,0.03,0.12,0.61,26.19,3.29,0.16,,1888.38
A3Z physicality,Defensemen,Defensemen,A3Z tracked games; five on five,2021–22,20212022,13,8481122,Simon Benoit,D,0.68,1,201.78,202.57,15,0.28,0.74,0.16,0.58,0.06,FALSE,,0,FALSE,1.5,93.72,1.74,-0.01,-0.24,,76,210,0,3,6,1,24,18,18,10,89,7,68,77,6,8,8,1,6,23,8,13,0,0,9,13,21,1,0,50,31,12,0,1,0,17,17,0,13,0,0,14.87,9.22,3.57,0,0.3,0,0,0,50.8,0,0,0.89,20.22,5.35,0.08,,746.9
A3Z physicality,Defensemen,Defensemen,A3Z tracked games; five on five,2021–22,20212022,14,8474567,Zach Bogosian,D,1.16,1,244.73,244.48,16,0.33,0.81,0.25,0.56,0.06,FALSE,,0,FALSE,1.46,93.26,1.8,0.11,-0.46,,75,231,0,3,10,12,33,15,29,18,104,10,88,118,10,10,11,0,5,29,17,15,0,0,16,34,34,1,0,43,18,10,0,2,0,24,24,2,21,1,0,10.54,4.41,2.45,0,0.49,0,0.08,0,48.84,0.05,0,0.74,21.57,3.68,0.1,,737.4
A3Z physicality,Defensemen,Defensemen,A3Z tracked games; five on five,2021–22,20212022,15,8477365,Connor Clifton,D,-0.78,4,317.97,320.52,22,0.37,0.35,-0.18,0.53,0,TRUE,hitsReceivedPer60,0,FALSE,1.36,92.79,1.11,-0.22,0.47,,72,196,4,0,13,8,54,17,55,32,120,4,117,149,13,16,23,1,21,63,22,28,1,0,22,35,50,1,0,50,67,22,1,4,3,41,41,1,27,2,1,9.43,12.64,4.15,0.19,0.75,0.57,0.02,0.04,51,0.07,0.75,0,22.08,3.21,0.03,,963.85
A3Z physicality,Defensemen,Defensemen,A3Z tracked games; five on five,2021–22,20212022,16,8475825,Jani Hakanpää,D,1.93,2,420.05,427.93,30,0.38,0.73,0.22,0.51,-0.02,FALSE,,0,FALSE,1.32,92.33,1.61,0.32,-0.61,,79,225,2,8,7,7,55,29,51,31,158,20,151,184,17,22,20,2,18,60,23,31,1,0,16,36,51,1,0,88,70,35,0,2,0,34,34,0,24,0,0,12.57,10,5,0,0.29,0,0,0,56.22,0,0.29,1.14,21.57,4.14,0.13,,1296.67
A3Z physicality,Defensemen,Defensemen,A3Z tracked games; five on five,2021–22,20212022,17,8476792,Torey Krug,D,-1.58,1,418.7,424.05,25,0.39,0.26,-0.24,0.5,0.06,FALSE,,0,FALSE,1.29,91.86,0.55,-0.05,0.79,,69,194,0,3,16,16,81,15,65,52,171,18,142,177,15,19,13,3,37,65,24,37,0,1,36,85,73,1,3,21,21,23,0,9,2,57,57,2,32,0,0,3.01,3.01,3.3,0,1.29,0.29,0.04,0,50.92,0,0,0.43,20.35,2.15,0.11,,1315.82
A3Z physicality,Defensemen,Defensemen,A3Z tracked games; five on five,2021–22,20212022,18,8479945,Gavin Bayreuther,D,0.19,4,187.68,191.27,15,0.35,0.53,0.04,0.49,0,FALSE,,0,FALSE,1.26,91.4,0.83,0.51,-0.08,,74,210,0,3,4,2,30,12,22,13,75,8,76,91,10,14,9,0,6,30,9,11,0,0,7,13,25,0,0,18,21,15,0,2,1,20,20,1,16,1,0,5.75,6.71,4.8,0,0.64,0.32,0.05,0,53.32,0.06,0,0.96,24.3,3.84,0.11,,561.42
A3Z physicality,Defensemen,Defensemen,A3Z tracked games; five on five,2021–22,20212022,19,8476473,Connor Murphy,D,0.75,3,285.33,287.55,16,0.28,0.55,0.07,0.48,-0.06,FALSE,,0,FALSE,1.25,90.93,1.5,0.05,-0.31,,76,212,0,2,6,1,33,20,47,37,124,11,101,141,16,18,10,1,17,39,28,22,0,0,14,32,38,0,0,41,41,30,1,6,1,25,25,0,19,0,0,8.62,8.62,6.31,0.21,1.26,0.21,0,0,52.17,0,0,0.42,21.24,4.21,0.09,,1240.47
A3Z physicality,Defensemen,Defensemen,A3Z tracked games; five on five,2021–22,20212022,20,8480873,Rasmus Sandin,D,-1.26,1,390.37,395.5,26,0.51,0.29,-0.18,0.48,0.06,FALSE,,0,FALSE,1.23,90.47,0.4,0.18,0.65,,71,189,3,9,18,17,71,24,54,39,127,15,136,169,13,7,15,5,22,57,19,22,0,1,43,80,40,1,0,45,51,19,0,1,0,29,29,0,19,2,1,6.92,7.84,2.92,0,0.15,0,0,0.05,49.98,0.11,0.46,1.38,20.9,3.69,0.12,,864.93
A3Z physicality,Defensemen,Defensemen,A3Z tracked games; five on five,2021–22,20212022,21,8480145,Neal Pionk,D,-0.98,1,493.33,502.43,30,0.39,0.34,-0.13,0.48,0.06,FALSE,,0,FALSE,1.23,90,0.43,0.28,0.52,,72,190,1,6,26,17,101,27,90,67,210,18,201,256,17,26,23,7,39,87,35,30,1,1,51,99,70,0,1,58,50,25,0,4,4,54,54,1,34,1,0,7.05,6.08,3.04,0,0.49,0.49,0.02,0,52.46,0.03,0.12,0.73,24.45,3.28,0.09,,1627.7
A3Z physicality,Defensemen,Defensemen,A3Z tracked games; five on five,2021–22,20212022,22,8478136,Jacob Middleton,D,0.75,4,270.9,273.57,17,0.26,0.62,0.16,0.46,0,FALSE,,0,FALSE,1.19,89.53,1.56,0.03,-0.4,,75,219,0,2,2,3,34,18,38,23,129,11,95,116,12,14,15,3,16,47,12,10,0,1,11,27,26,0,0,40,20,22,3,3,1,19,19,0,13,0,0,8.86,4.43,4.87,0.66,0.66,0.22,0,0,52.01,0,0,0.44,21.04,3.99,0.09,,1233.17
A3Z physicality,Defensemen,Defensemen,A3Z tracked games; five on five,2021–22,20212022,23,8473507,Jeff Petry,D,0.37,5,309.35,315,19,0.28,0.54,0.08,0.46,0.02,FALSE,,0,FALSE,1.18,89.07,0.45,0.87,-0.15,,75,208,0,4,11,12,48,23,51,32,133,19,124,147,6,20,19,5,19,58,16,31,0,0,28,51,40,1,0,41,23,22,0,1,2,24,24,0,16,0,1,7.95,4.46,4.27,0,0.19,0.39,0,0.06,59.3,0,0,0.78,24.05,4.46,0.14,,1504
A3Z physicality,Defensemen,Defensemen,A3Z tracked games; five on five,2021–22,20212022,24,8474031,Kevin Shattenkirk,D,-0.54,4,386.68,395.3,25,0.3,0.31,-0.12,0.44,0,FALSE,,0,FALSE,1.13,88.6,0.39,0.41,0.34,,72,203,0,3,12,6,56,18,68,43,149,24,136,187,23,17,25,4,18,70,35,25,0,0,30,48,49,1,2,22,30,27,0,5,1,48,48,0,33,1,2,3.41,4.65,4.19,0,0.78,0.16,0,0.06,47.84,0.03,0,0.47,21.1,2.79,0.16,,1756.2
A3Z physicality,Defensemen,Defensemen,A3Z tracked games; five on five,2021–22,20212022,25,8476967,Brett Kulak,D,-0.67,2,323.48,329.85,21,0.28,0.33,-0.1,0.43,-0.02,TRUE,entryDenialShare,0,FALSE,1.11,88.14,0.35,0.56,0.2,,73,192,1,11,8,4,34,22,41,28,120,25,97,121,12,9,13,5,14,45,18,24,0,0,15,29,44,0,1,35,35,21,0,3,4,27,27,0,21,1,0,6.49,6.49,3.9,0,0.56,0.74,0,0,53.15,0.05,0.19,2.04,17.99,4.08,0.21,,1313.85
A3Z physicality,Defensemen,Defensemen,A3Z tracked games; five on five,2021–22,20212022,26,8476312,Josh Manson,D,0.71,5,389.15,392.4,24,0.36,0.56,0.14,0.42,0.02,FALSE,,0,FALSE,1.08,87.67,0.83,0.55,-0.31,,75,218,1,3,9,11,55,20,54,37,163,30,126,168,23,18,17,4,18,62,22,22,1,0,31,53,52,2,1,54,34,24,0,5,4,38,38,1,29,1,2,8.33,5.24,3.7,0,0.77,0.62,0.03,0.07,53.08,0.03,0.15,0.46,19.43,3.08,0.18,,1271.5
A3Z physicality,Defensemen,Defensemen,A3Z tracked games; five on five,2021–22,20212022,27,8478407,Vince Dunn,D,-0.64,4,438.1,446.58,26,0.36,0.26,-0.15,0.41,0,FALSE,,0,FALSE,1.06,87.21,0.24,0.42,0.39,,72,200,2,5,21,14,79,27,75,60,178,21,167,211,18,31,15,6,34,75,27,38,0,2,41,86,74,0,1,31,32,29,0,4,2,55,55,0,38,1,1,4.25,4.38,3.97,0,0.55,0.27,0,0.03,46.62,0.03,0.27,0.68,22.87,3.7,0.12,,1509.32
A3Z physicality,Defensemen,Defensemen,A3Z tracked games; five on five,2021–22,20212022,28,8476331,Dylan DeMelo,D,-0.6,1,422.38,427.42,30,0.39,0.34,-0.07,0.4,0.06,FALSE,,0,FALSE,1.05,86.74,1.13,-0.43,0.35,,73,194,0,7,15,13,69,20,62,52,171,12,127,173,14,16,10,0,27,47,31,32,0,1,30,66,55,0,2,47,31,27,0,6,2,38,38,0,29,0,1,6.68,4.4,3.84,0,0.85,0.28,0,0.03,55.47,0,0,0.99,18.04,2.84,0.07,,1405.93
A3Z physicality,Defensemen,Defensemen,A3Z tracked games; five on five,2021–22,20212022,29,8480434,Sean Durzi,D,-0.53,5,367.5,370.65,25,0.39,0.3,-0.09,0.38,0.02,FALSE,,0,FALSE,0.99,86.28,-0.17,0.89,0.27,,73,196,1,4,12,7,66,30,61,45,102,12,158,190,23,18,16,5,21,72,24,33,0,0,30,53,60,0,0,30,40,44,1,7,5,32,32,0,27,2,0,4.9,6.53,7.18,0.16,1.14,0.82,0,0,55.29,0.07,0.16,0.65,25.8,4.9,0.12,,1254.05
A3Z physicality,Defensemen,Defensemen,A3Z tracked games; five on five,2021–22,20212022,30,8477369,Carson Soucy,D,0.72,2,280.55,282.62,19,0.3,0.44,0.07,0.37,-0.02,FALSE,,0,FALSE,0.95,85.81,1.26,-0.07,-0.23,,76,211,4,3,10,5,39,15,37,26,96,11,85,111,7,10,11,2,15,36,17,22,0,0,17,40,44,3,0,33,28,15,0,4,0,32,32,0,26,2,1,7.06,5.99,3.21,0,0.86,0,0,0.04,46.15,0.08,0.86,0.64,18.18,3.21,0.11,,1130.23
A3Z physicality,Defensemen,Defensemen,A3Z tracked games; five on five,2021–22,20212022,31,8480950,Ilya Lyubushkin,D,0.06,5,298.17,299.88,20,0.26,0.39,0.02,0.37,0.02,FALSE,,0,FALSE,0.95,85.35,0.49,0.46,-0,,74,206,1,3,9,7,43,23,41,30,129,15,110,131,11,14,11,2,20,47,15,14,0,2,22,45,22,0,0,47,36,12,0,2,3,19,19,0,13,1,0,9.46,7.24,2.41,0,0.4,0.6,0,0,51.74,0.08,0.2,0.6,22.14,4.63,0.12,,1344.23
A3Z physicality,Defensemen,Defensemen,A3Z tracked games; five on five,2021–22,20212022,32,8479325,Charlie McAvoy,D,-0.02,4,514.78,516.58,29,0.37,0.34,-0.01,0.35,0,FALSE,,0,FALSE,0.91,84.88,0.23,0.64,0.04,,73,211,1,7,16,18,110,24,106,94,187,30,199,236,12,30,12,14,61,100,26,27,0,3,68,120,81,2,0,52,71,33,2,5,4,63,63,1,46,2,1,6.06,8.28,3.85,0.23,0.58,0.47,0.02,0.02,44.01,0.04,0.12,0.82,23.19,2.8,0.16,,1921.73
A3Z physicality,Defensemen,Defensemen,A3Z tracked games; five on five,2021–22,20212022,33,8471274,Alex Goligoski,D,-1.81,1,496.42,507.08,33,0.46,0.07,-0.28,0.35,0.06,FALSE,,0,FALSE,0.91,84.42,0.36,-0.35,0.9,,71,173,0,3,12,15,65,23,67,49,173,16,144,190,14,18,18,8,19,54,39,30,0,1,39,75,66,1,1,29,28,30,0,5,1,41,41,0,29,0,0,3.51,3.38,3.63,0,0.6,0.12,0,0,52.55,0,0,0.36,17.4,2.78,0.09,,1363.07
A3Z physicality,Defensemen,Defensemen,A3Z tracked games; five on five,2021–22,20212022,34,8480727,Zach Whitecloud,D,0.19,5,373.45,378.67,23,0.39,0.4,0.05,0.35,0.02,FALSE,,0,FALSE,0.91,83.95,0.6,0.37,-0.07,,74,210,3,2,15,13,63,22,55,30,153,15,148,181,15,22,25,0,18,66,24,46,0,0,27,48,77,0,1,39,77,39,0,2,0,54,54,0,35,1,0,6.27,12.37,6.27,0,0.32,0,0,0,52.26,0.03,0.48,0.32,23.78,3.53,0.1,,1108.87
A3Z physicality,Defensemen,Defensemen,A3Z tracked games; five on five,2021–22,20212022,35,8479983,Mario Ferraro,D,-0.88,2,388.45,392.27,21,0.33,0.22,-0.12,0.35,-0.02,FALSE,,0,FALSE,0.9,83.49,0.58,0.05,0.27,,71,200,3,1,19,6,55,34,41,27,165,12,137,168,13,18,14,3,11,40,22,16,0,0,29,58,32,1,1,45,44,42,0,1,1,19,19,0,11,1,1,6.95,6.8,6.49,0,0.15,0.15,0,0.09,46.57,0.09,0.46,0.15,21.16,5.25,0.07,,1449.2
A3Z physicality,Defensemen,Defensemen,A3Z tracked games; five on five,2021–22,20212022,36,8474563,Drew Doughty,D,-0.05,1,345.35,349.5,18,0.46,0.37,0.03,0.33,0.06,TRUE,defensiveRetrievalsPer60,0,FALSE,0.87,83.02,-0.32,1.09,0.1,,73,210,0,2,11,11,96,25,59,41,111,13,177,200,14,13,18,4,27,66,20,26,0,1,30,70,60,2,1,25,36,14,0,2,2,42,42,0,32,1,0,4.34,6.25,2.43,0,0.35,0.35,0,0,54.16,0.03,0,0.35,30.75,4.34,0.12,,1003.83
A3Z physicality,Defensemen,Defensemen,A3Z tracked games; five on five,2021–22,20212022,37,8474612,Travis Hamonic,D,-0.64,3,208.57,210.88,13,0.3,0.18,-0.14,0.32,-0.06,FALSE,,0,FALSE,0.83,82.56,0.94,-0.32,0.22,,73,193,0,0,11,7,21,13,13,10,89,7,63,77,12,10,3,1,5,17,6,33,0,0,10,19,53,1,1,17,19,22,0,3,1,42,42,0,32,0,1,4.89,5.47,6.33,0,0.86,0.29,0,0.03,55.76,0,0,0,18.12,3.74,0.08,,810.37
A3Z physicality,Defensemen,Defensemen,A3Z tracked games; five on five,2021–22,20212022,38,8477969,Marcus Pettersson,D,-0.32,5,429.77,432.87,31,0.43,0.27,-0.05,0.32,0.02,FALSE,,0,FALSE,0.83,82.09,0.16,0.5,0.17,,77,174,3,6,16,8,74,25,64,47,193,28,153,186,16,17,17,1,30,70,24,49,1,0,29,62,67,0,0,49,76,32,0,1,1,59,59,0,38,0,0,6.84,10.61,4.47,0,0.14,0.14,0,0,54.12,0,0.42,0.84,21.36,3.49,0.15,,1127.17
A3Z physicality,Defensemen,Defensemen,A3Z tracked games; five on five,2021–22,20212022,39,8477498,Darnell Nurse,D,0.85,3,720.12,731.65,37,0.52,0.4,0.08,0.32,-0.06,FALSE,,0,FALSE,0.83,81.63,1.08,0.1,-0.35,,76,215,1,7,27,21,108,45,99,79,258,29,239,286,22,29,20,17,44,103,32,91,0,0,60,105,166,3,1,105,26,48,0,5,2,124,124,3,86,6,1,8.75,2.17,4,0,0.42,0.17,0.02,0.01,48.17,0.07,0.08,0.58,19.91,3.75,0.11,,1778.45
A3Z physicality,Defensemen,Defensemen,A3Z tracked games; five on five,2021–22,20212022,40,8478859,Niko Mikkola,D,0.96,5,287.32,294.77,18,0.33,0.51,0.19,0.32,0.02,FALSE,,0,FALSE,0.83,81.16,1.49,-0.23,-0.43,,78,204,1,3,5,3,34,12,27,23,107,15,78,105,13,13,4,3,12,28,12,25,0,1,9,27,40,0,1,41,37,29,0,8,2,31,31,0,22,0,0,8.56,7.73,6.06,0,1.67,0.42,0,0,48.09,0,0.21,0.63,16.29,2.51,0.14,,916.8
A3Z physicality,Defensemen,Defensemen,A3Z tracked games; five on five,2021–22,20212022,41,8475188,Brayden McNabb,D,0.85,5,486.97,493.15,30,0.43,0.48,0.17,0.31,0.02,FALSE,,0,FALSE,0.81,80.7,0.81,0.38,-0.37,,76,215,0,3,21,11,72,33,69,41,190,26,165,214,22,19,28,1,25,79,32,44,0,0,36,70,80,2,0,83,66,59,0,3,3,60,60,0,35,1,0,10.23,8.13,7.27,0,0.37,0.37,0,0,52.6,0.03,0,0.37,20.33,4.07,0.14,,1359.3
A3Z physicality,Defensemen,Defensemen,A3Z tracked games; five on five,2021–22,20212022,42,8477462,Robert Hagg,D,0.19,2,228.37,229.17,17,0.27,0.32,0.01,0.31,-0.02,FALSE,,0,FALSE,0.8,80.23,1.46,-0.59,-0.07,,74,210,0,3,2,2,14,14,15,9,101,7,55,68,11,11,6,1,5,22,8,21,0,0,8,16,40,0,0,36,19,25,0,5,4,33,33,0,19,0,0,9.46,4.99,6.57,0,1.31,1.05,0,0,51.31,0,0,0.79,14.45,3.68,0.07,,1025.23
A3Z physicality,Defensemen,Defensemen,A3Z tracked games; five on five,2021–22,20212022,43,8474013,Ian Cole,D,0.88,1,463.87,470.27,33,0.44,0.5,0.2,0.31,0.06,TRUE,contactPenaltiesTakenPer60,0,FALSE,0.79,79.77,1.28,-0.16,-0.33,,73,237,0,7,17,10,52,22,48,23,159,18,140,162,13,26,25,2,17,70,11,48,0,1,25,52,81,1,0,42,51,36,0,13,2,54,54,0,35,0,0,5.43,6.6,4.66,0,1.68,0.26,0,0,54.58,0,0,0.91,18.11,2.85,0.11,,1286.4
A3Z physicality,Defensemen,Defensemen,A3Z tracked games; five on five,2021–22,20212022,44,8476885,Jacob Trouba,D,0.51,1,614.35,628.32,35,0.43,0.43,0.13,0.3,0.06,FALSE,,0,FALSE,0.79,79.3,0.7,0.24,-0.16,,75,212,0,10,19,16,99,35,92,67,209,24,225,283,27,37,25,6,37,99,38,67,0,2,46,85,118,0,0,74,43,54,1,7,9,86,86,2,62,0,2,7.23,4.2,5.27,0.1,0.68,0.88,0.02,0.03,52.39,0,0,0.98,21.97,3.42,0.11,,1816.93
A3Z physicality,Defensemen,Defensemen,A3Z tracked games; five on five,2021–22,20212022,45,8471303,Alexander Edler,D,0.68,4,251.95,256.42,17,0.41,0.45,0.15,0.3,0,FALSE,,0,FALSE,0.78,78.84,1.78,-0.64,-0.36,,76,210,0,3,9,3,27,13,35,24,90,9,65,91,8,11,11,0,13,30,21,20,0,0,19,35,39,0,0,32,35,24,0,2,0,35,35,0,23,0,1,7.62,8.33,5.72,0,0.48,0,0,0.04,56.36,0,0,0.71,15.48,3.1,0.1,,756.97
A3Z physicality,Defensemen,Defensemen,A3Z tracked games; five on five,2021–22,20212022,46,8478882,Vladislav Gavrikov,D,0.44,3,411.2,421.87,23,0.29,0.32,0.02,0.3,-0.06,FALSE,,0,FALSE,0.78,78.37,0.44,0.53,-0.19,,75,210,1,13,7,14,57,24,60,44,129,24,129,171,22,20,16,2,23,64,25,31,0,2,27,47,43,1,1,35,17,24,0,4,3,37,37,1,28,1,3,5.11,2.48,3.5,0,0.58,0.44,0.03,0.11,49.58,0.04,0.15,1.9,18.82,3.5,0.19,,1782.97
A3Z physicality,Defensemen,Defensemen,A3Z tracked games; five on five,2021–22,20212022,47,8477335,Kyle Burroughs,D,-0.88,1,189.08,190.78,14,0.33,0.18,-0.12,0.3,0.06,FALSE,,0,FALSE,0.78,77.91,0.86,-0.56,0.48,,72,193,0,3,8,5,21,12,17,11,58,3,54,65,8,5,6,2,6,22,5,19,0,1,17,24,25,0,0,51,22,20,0,0,1,18,18,0,14,0,0,16.18,6.98,6.35,0,0,0.32,0,0,55.84,0,0,0.95,17.14,3.81,0.05,,543.33
A3Z physicality,Defensemen,Defensemen,A3Z tracked games; five on five,2021–22,20212022,48,8480796,Martin Fehervary,D,0.37,5,506.4,515.03,30,0.38,0.35,0.08,0.27,0.02,FALSE,,0,FALSE,0.71,77.44,1.35,-0.49,-0.15,,74,215,1,9,22,18,59,23,44,31,239,29,129,161,20,12,13,4,17,52,22,24,0,1,45,79,55,1,2,76,83,36,0,3,0,41,41,1,29,1,1,9,9.83,4.27,0,0.36,0,0.02,0.03,49.66,0.03,0.12,1.07,15.28,2.73,0.12,,1552.58
A3Z physicality,Defensemen,Defensemen,A3Z tracked games; five on five,2021–22,20212022,49,8479410,Mikhail Sergachev,D,0.51,3,593.15,596.47,35,0.45,0.29,0.03,0.26,-0.06,FALSE,,0,FALSE,0.67,76.98,0.82,0.07,-0.21,,75,212,1,6,23,24,94,34,99,86,176,18,208,272,21,32,13,8,47,82,41,53,0,2,69,116,109,1,0,58,46,35,0,7,2,70,70,1,53,0,1,5.87,4.65,3.54,0,0.71,0.2,0.01,0.02,50.09,0,0.1,0.61,21.04,3.44,0.1,,1752.57
A3Z physicality,Defensemen,Defensemen,A3Z tracked games; five on five,2021–22,20212022,50,8477384,Joshua Brown,D,1.27,2,260.77,263.28,21,0.4,0.4,0.14,0.26,-0.02,FALSE,,0,FALSE,0.67,76.51,0.85,0.22,-0.41,,77,220,0,2,8,6,20,26,31,21,115,13,83,111,9,8,10,2,5,33,16,17,0,0,19,24,21,0,0,46,28,9,1,3,1,21,21,0,14,0,0,10.58,6.44,2.07,0.23,0.69,0.23,0,0,54.13,0,0,0.46,19.1,5.98,0.11,,739.27
A3Z physicality,Defensemen,Defensemen,A3Z tracked games; five on five,2021–22,20212022,51,8476525,Colin Miller,D,-0.4,4,180.83,185.38,12,0.32,0.16,-0.09,0.25,0,FALSE,,0,FALSE,0.66,76.05,0.23,0.17,0.26,,73,200,0,0,6,3,24,14,22,14,79,9,62,73,3,4,8,3,10,26,6,16,0,1,13,20,21,0,0,16,10,11,0,1,1,17,17,0,9,0,0,5.31,3.32,3.65,0,0.33,0.33,0,0,54.59,0,0,0,20.57,4.65,0.11,,721.32
A3Z physicality,Defensemen,Defensemen,A3Z tracked games; five on five,2021–22,20212022,52,8480073,Erik Brannstrom,D,-1.64,3,253.67,258.02,17,0.32,-0.04,-0.29,0.25,-0.06,FALSE,,0,FALSE,0.65,75.58,-0.51,0.55,0.6,,70,185,0,0,5,5,28,20,31,21,98,14,91,114,12,14,10,3,12,36,11,20,0,0,20,30,31,0,0,10,23,11,0,2,1,21,21,0,18,0,0,2.37,5.44,2.6,0,0.47,0.24,0,0,54.42,0,0,0,21.52,4.73,0.14,,1047.57
A3Z physicality,Defensemen,Defensemen,A3Z tracked games; five on five,2021–22,20212022,53,8476457,Adam Larsson,D,0.33,2,527.63,539.62,29,0.35,0.27,0.03,0.25,-0.02,FALSE,,0,FALSE,0.65,75.12,0.84,-0.08,-0.11,,75,207,0,4,25,11,73,27,82,54,222,21,176,218,17,24,28,5,34,93,29,48,0,3,43,82,79,0,0,62,34,32,0,7,3,55,55,1,36,1,0,7.05,3.87,3.64,0,0.8,0.34,0.02,0,54.71,0.03,0,0.45,20.01,3.07,0.09,,1826.75
A3Z physicality,Defensemen,Defensemen,A3Z tracked games; five on five,2021–22,20212022,54,8475171,Oliver Ekman-Larsson,D,-0.5,1,423.28,426.95,25,0.32,0.19,-0.05,0.24,0.06,FALSE,,0,FALSE,0.61,74.65,0.28,0.04,0.3,,74,190,0,4,14,5,49,34,43,27,155,17,134,177,21,20,16,2,13,45,26,34,0,0,26,49,70,0,0,42,36,17,0,4,4,51,51,0,37,1,0,5.95,5.1,2.41,0,0.57,0.57,0,0,52.2,0.03,0,0.57,18.99,4.82,0.11,,1763.35
A3Z physicality,Defensemen,Defensemen,A3Z tracked games; five on five,2021–22,20212022,55,8479639,Dylan Coghlan,D,0.02,1,325.57,327.67,27,0.46,0.28,0.05,0.23,0.06,FALSE,,0,FALSE,0.61,74.19,0.63,-0.09,0.06,,74,205,1,4,10,5,48,17,52,37,144,14,107,138,11,13,15,6,20,52,23,35,0,1,19,51,52,1,0,32,34,24,0,4,2,43,43,0,27,0,0,5.9,6.27,4.42,0,0.74,0.37,0,0,54.71,0,0.18,0.74,19.72,3.13,0.1,,837.82
A3Z physicality,Defensemen,Defensemen,A3Z tracked games; five on five,2021–22,20212022,56,8477034,Jaycob Megna,D,1.31,4,202.8,204.55,12,0.27,0.51,0.29,0.22,0,FALSE,,0,FALSE,0.59,73.72,0.94,0.36,-0.72,,78,214,0,1,6,5,30,21,19,11,76,7,77,89,9,7,8,1,6,22,14,13,0,0,11,23,18,1,0,17,18,23,0,2,1,11,11,0,9,0,1,5.03,5.33,6.8,0,0.59,0.3,0,0.11,52.39,0,0,0.3,22.78,6.21,0.09,,841.3
A3Z physicality,Defensemen,Defensemen,A3Z tracked games; five on five,2021–22,20212022,57,8479398,Samuel Girard,D,-2.16,5,646.93,663.85,36,0.54,-0.17,-0.38,0.22,0.02,FALSE,,0,FALSE,0.57,73.26,-0.82,0.36,1.04,,70,170,1,9,17,28,139,40,140,114,227,15,282,337,21,39,26,23,65,146,35,31,1,2,101,171,82,0,0,29,36,42,0,2,3,59,59,1,44,2,1,2.69,3.34,3.9,0,0.19,0.28,0.02,0.02,56.32,0.05,0.09,0.83,26.15,3.71,0.07,,1450.23
A3Z physicality,Defensemen,Defensemen,A3Z tracked games; five on five,2021–22,20212022,58,8479523,Lucas Carlsson,D,-0.98,3,197.53,198.52,18,0.45,0.03,-0.19,0.22,-0.06,FALSE,,0,FALSE,0.57,72.79,0.58,-0.36,0.35,,72,190,0,4,6,4,24,6,25,19,66,10,45,62,6,4,6,1,11,24,13,10,0,0,12,21,21,1,0,15,25,11,0,2,0,16,16,0,12,0,0,4.56,7.59,3.34,0,0.61,0,0,0,53.18,0,0,1.21,13.67,1.82,0.15,,508.45
A3Z physicality,Defensemen,Defensemen,A3Z tracked games; five on five,2021–22,20212022,59,8476931,Jake McCabe,D,-0.05,3,424.37,431.78,25,0.33,0.17,-0.05,0.22,-0.06,FALSE,,0,FALSE,0.57,72.33,0.24,0.34,-0,,73,210,2,6,10,8,64,26,61,46,136,15,166,191,22,25,15,4,26,79,16,22,0,2,34,53,51,1,1,49,52,56,0,1,2,39,39,0,31,0,0,6.93,7.35,7.92,0,0.14,0.28,0,0,50.29,0,0.28,0.85,23.47,3.68,0.11,,1523.05
A3Z physicality,Defensemen,Defensemen,A3Z tracked games; five on five,2021–22,20212022,60,8474818,Jordie Benn,D,-0.12,5,212.8,216.3,16,0.41,0.2,-0.01,0.21,0.02,FALSE,,0,FALSE,0.55,71.86,0.79,-0.32,0.08,,74,201,0,2,7,7,38,11,29,18,96,4,80,103,14,13,11,1,12,34,15,14,0,0,12,23,20,0,0,19,19,20,0,1,0,20,20,0,11,0,0,5.36,5.36,5.64,0,0.28,0,0,0,57.92,0,0,0.56,22.56,3.1,0.04,,584.2
A3Z physicality,Defensemen,Defensemen,A3Z tracked games; five on five,2021–22,20212022,61,8475790,Erik Gudbranson,D,1.34,3,465.57,473.4,32,0.41,0.36,0.16,0.2,-0.06,FALSE,,0,FALSE,0.53,71.4,0.87,0.19,-0.53,,77,222,0,3,24,9,58,28,54,35,154,19,156,190,28,22,19,3,22,68,25,55,0,0,43,68,89,0,0,53,52,19,0,6,1,68,68,0,48,0,1,6.83,6.7,2.45,0,0.77,0.13,0,0.02,53.77,0,0,0.39,20.1,3.61,0.12,,1414.87
A3Z physicality,Defensemen,Defensemen,A3Z tracked games; five on five,2021–22,20212022,62,8481014,Alexander Romanov,D,0.29,2,351.83,358.77,22,0.28,0.22,0.02,0.2,-0.02,FALSE,,0,FALSE,0.53,70.93,0.59,0.04,-0.1,,73,220,0,4,11,6,37,21,32,24,155,22,99,125,18,12,8,3,15,37,17,35,0,1,26,39,51,0,0,47,56,26,0,1,1,44,44,0,32,0,0,8.02,9.55,4.43,0,0.17,0.17,0,0,53.02,0,0,0.68,16.88,3.58,0.14,,1611.15
A3Z physicality,Defensemen,Defensemen,A3Z tracked games; five on five,2021–22,20212022,63,8473446,Erik Johnson,D,1.2,1,520.27,531.47,39,0.51,0.45,0.26,0.2,0.06,FALSE,,0,FALSE,0.52,70.47,0.88,0.11,-0.47,,76,225,1,5,15,13,74,29,83,63,185,19,185,223,25,32,20,10,35,97,23,45,0,1,45,78,103,0,1,64,43,43,0,3,1,73,73,1,60,2,2,7.38,4.96,4.96,0,0.35,0.12,0.01,0.03,51.79,0.03,0.12,0.58,21.34,3.34,0.1,,1330.38
A3Z physicality,Defensemen,Defensemen,A3Z tracked games; five on five,2021–22,20212022,64,8476854,Hampus Lindholm,D,0.92,2,421.65,425.68,23,0.32,0.29,0.1,0.2,-0.02,FALSE,,0,FALSE,0.52,70,0.01,0.81,-0.3,,76,217,3,4,22,13,70,37,60,43,140,24,165,195,17,15,17,9,20,72,17,37,1,2,34,73,67,0,0,24,30,17,0,5,1,55,55,1,42,1,2,3.42,4.27,2.42,0,0.71,0.14,0.02,0.05,48.76,0.02,0.43,0.57,23.48,5.27,0.17,,1597.85
A3Z physicality,Defensemen,Defensemen,A3Z tracked games; five on five,2021–22,20212022,65,8477499,Rasmus Ristolainen,D,0.61,5,476.78,483.87,27,0.41,0.32,0.12,0.19,0.02,FALSE,,0,FALSE,0.5,69.53,0.64,0.12,-0.26,,76,208,0,5,15,9,50,36,69,30,184,12,185,218,18,22,39,3,16,98,25,48,0,0,15,36,75,3,1,87,76,37,0,2,3,52,52,3,36,3,0,10.95,9.56,4.66,0,0.25,0.38,0.06,0,52.68,0.08,0,0.63,23.28,4.53,0.07,,1415.08
A3Z physicality,Defensemen,Defensemen,A3Z tracked games; five on five,2021–22,20212022,66,8479369,Andrew Peeke,D,0.57,5,396.65,404.97,23,0.28,0.31,0.12,0.19,0.02,FALSE,,0,FALSE,0.5,69.07,0.98,-0.24,-0.24,,75,214,0,4,11,3,43,27,40,23,163,15,121,149,17,18,17,1,13,51,19,28,0,0,19,34,40,0,0,49,26,35,0,5,3,30,30,0,20,0,0,7.41,3.93,5.29,0,0.76,0.45,0,0,51.5,0,0,0.61,18.3,4.08,0.09,,1761.08
A3Z physicality,Defensemen,Defensemen,A3Z tracked games; five on five,2021–22,20212022,67,8480807,Mattias Samuelsson,D,1.34,3,183.9,186.57,11,0.26,0.34,0.16,0.18,-0.06,FALSE,,0,FALSE,0.48,68.6,0.5,0.51,-0.53,,76,229,0,4,4,2,24,17,18,15,81,10,67,80,5,9,3,1,9,21,5,5,0,1,11,21,12,0,0,27,21,12,0,1,1,8,8,0,6,0,0,8.81,6.85,3.92,0,0.33,0.33,0,0,62.2,0,0,1.31,21.86,5.55,0.12,,839.65
A3Z physicality,Defensemen,Defensemen,A3Z tracked games; five on five,2021–22,20212022,68,8478399,Jonas Siegenthaler,D,0.47,1,458.22,464.4,26,0.37,0.3,0.13,0.18,0.06,FALSE,,0,FALSE,0.47,68.14,0.02,0.59,-0.14,,74,218,0,4,9,3,67,42,67,46,229,32,174,228,19,19,21,2,22,64,36,36,0,0,18,44,56,0,0,38,50,39,1,3,3,36,36,0,25,1,0,4.98,6.55,5.11,0.13,0.39,0.39,0,0,52.72,0.04,0,0.52,22.78,5.5,0.14,,1439.08
A3Z physicality,Defensemen,Defensemen,A3Z tracked games; five on five,2021–22,20212022,69,8478911,Matt Roy,D,0.54,4,432.43,438.42,26,0.39,0.28,0.12,0.16,0,FALSE,,0,FALSE,0.42,67.67,0.55,0.15,-0.28,,74,220,0,1,9,7,75,29,56,34,154,16,152,181,14,11,22,4,19,63,23,41,0,0,33,69,67,2,1,42,55,37,0,3,2,67,67,3,49,4,1,5.83,7.63,5.13,0,0.42,0.28,0.04,0.02,53.76,0.08,0,0.14,21.09,4.02,0.1,,1405.9
A3Z physicality,Defensemen,Defensemen,A3Z tracked games; five on five,2021–22,20212022,70,8478452,Caleb Jones,D,-0.95,5,262.58,265.48,17,0.33,-0.01,-0.16,0.15,0.02,FALSE,,0,FALSE,0.4,67.21,-0.36,0.3,0.47,,73,184,0,2,6,6,34,12,39,30,119,19,84,108,11,13,9,6,12,38,15,7,0,2,21,33,19,0,0,24,28,15,0,0,1,16,16,0,12,1,0,5.48,6.4,3.43,0,0,0.23,0,0,51.31,0.08,0,0.46,19.19,2.74,0.16,,852.93
A3Z physicality,Defensemen,Defensemen,A3Z tracked games; five on five,2021–22,20212022,71,8475200,Dmitry Orlov,D,-0.37,2,546.1,562.62,30,0.39,0.08,-0.06,0.14,-0.02,FALSE,,0,FALSE,0.38,66.74,0.32,-0.05,0.1,,71,215,2,9,23,24,78,25,89,63,221,28,165,210,14,16,26,17,26,87,36,42,1,4,53,100,78,0,0,44,32,34,0,7,4,60,60,0,42,4,0,4.83,3.52,3.74,0,0.77,0.44,0,0,51.87,0.1,0.22,0.99,18.13,2.75,0.13,,1593.17
A3Z physicality,Defensemen,Defensemen,A3Z tracked games; five on five,2021–22,20212022,72,8474207,Nick Holden,D,0.68,4,415.35,424.02,25,0.33,0.29,0.15,0.14,0,FALSE,,0,FALSE,0.37,66.28,0.4,0.33,-0.36,,76,210,0,4,14,8,58,29,51,31,167,24,143,179,16,22,20,1,18,60,23,38,0,0,21,41,53,0,0,40,42,28,0,1,0,40,40,0,28,0,3,5.78,6.07,4.04,0,0.14,0,0,0.11,52.68,0,0,0.58,20.66,4.19,0.14,,1508.5
A3Z physicality,Defensemen,Defensemen,A3Z tracked games; five on five,2021–22,20212022,73,8477215,Danny DeKeyser,D,-0.49,2,276.15,279.48,18,0.31,0.04,-0.07,0.12,-0.02,FALSE,,0,FALSE,0.32,65.81,0.37,-0.2,0.14,,75,183,0,0,7,6,29,21,32,23,102,8,82,101,13,6,9,1,17,41,10,14,1,1,17,27,28,1,0,12,14,24,0,4,0,18,18,0,14,0,0,2.61,3.04,5.21,0,0.87,0,0,0,49.27,0,0,0,17.82,4.56,0.08,,1091.75
A3Z physicality,Defensemen,Defensemen,A3Z tracked games; five on five,2021–22,20212022,74,8475279,Ben Chiarot,D,0.85,5,418.3,424.43,24,0.32,0.29,0.17,0.12,0.02,FALSE,,0,FALSE,0.31,65.35,1.18,-0.49,-0.37,,75,222,1,3,17,7,62,19,52,35,160,10,137,173,14,15,17,5,18,59,21,37,0,0,22,54,53,1,0,39,39,31,0,7,1,36,36,0,30,1,0,5.59,5.59,4.45,0,1,0.14,0,0,50.04,0.03,0.14,0.43,19.65,2.73,0.06,,1691.15
A3Z physicality,Defensemen,Defensemen,A3Z tracked games; five on five,2021–22,20212022,75,8475753,Justin Faulk,D,-0.36,4,513.67,520.65,28,0.37,0.03,-0.09,0.11,0,FALSE,,0,FALSE,0.31,64.88,0.5,-0.43,0.24,,72,208,3,7,24,19,75,23,85,68,189,17,151,186,12,17,17,14,34,84,27,46,0,3,37,96,96,0,0,55,18,28,0,1,1,77,77,0,60,4,1,6.42,2.1,3.27,0,0.12,0.12,0,0.02,50.01,0.07,0.35,0.82,17.64,2.69,0.09,,1762.67
A3Z physicality,Defensemen,Defensemen,A3Z tracked games; five on five,2021–22,20212022,76,8476462,Dougie Hamilton,D,1.86,2,364.53,367.78,22,0.35,0.32,0.21,0.11,-0.02,FALSE,,0,FALSE,0.29,64.42,0.86,0.02,-0.59,,78,230,1,4,10,2,56,16,54,41,145,18,119,149,13,22,13,1,28,57,19,38,0,2,21,52,83,0,1,35,14,27,0,5,1,73,73,1,51,1,0,5.76,2.3,4.44,0,0.82,0.16,0.01,0,49.68,0.02,0.16,0.66,19.59,2.63,0.12,,1315.87
A3Z physicality,Defensemen,Defensemen,A3Z tracked games; five on five,2021–22,20212022,77,8470966,Mark Giordano,D,-0.57,1,434.7,435.43,28,0.37,0.05,-0.06,0.11,0.06,FALSE,,0,FALSE,0.29,63.95,-0.42,0.38,0.33,,72,202,0,3,20,20,63,20,66,54,159,26,152,216,15,25,12,0,28,50,36,53,0,0,39,79,81,0,0,21,57,39,0,4,2,56,56,0,33,0,0,2.9,7.87,5.38,0,0.55,0.28,0,0,56.15,0,0,0.41,20.98,2.76,0.16,,1566
A3Z physicality,Defensemen,Defensemen,A3Z tracked games; five on five,2021–22,20212022,78,8481542,Moritz Seider,D,0.19,1,457.35,459.88,27,0.33,0.18,0.08,0.1,0.06,FALSE,,0,FALSE,0.27,63.49,0.14,0.14,-0.01,,74,210,0,7,17,5,89,25,71,59,155,15,169,209,22,17,12,11,30,72,27,35,0,2,34,66,64,0,0,36,41,37,0,4,3,46,46,0,36,0,1,4.72,5.38,4.85,0,0.52,0.39,0,0.03,51.52,0,0,0.92,22.17,3.28,0.1,,1889.37
A3Z physicality,Defensemen,Defensemen,A3Z tracked games; five on five,2021–22,20212022,79,8482655,J.J. Moser,D,-0.74,2,189.77,193.98,12,0.28,-0.01,-0.1,0.09,-0.02,FALSE,,0,FALSE,0.25,63.02,0.17,-0.13,0.22,,74,183,0,1,6,4,19,12,19,13,87,5,69,85,12,16,6,4,4,28,5,11,0,0,10,19,20,0,0,8,19,9,0,3,0,19,19,0,10,2,0,2.53,6.01,2.85,0,0.95,0,0,0,51.42,0.2,0,0.32,21.82,3.79,0.06,,803.78
A3Z physicality,Defensemen,Defensemen,A3Z tracked games; five on five,2021–22,20212022,80,8475324,Nick Jensen,D,-0.57,2,513.53,523.1,31,0.41,0,-0.08,0.09,-0.02,FALSE,,0,FALSE,0.23,62.56,-0.26,0.33,0.17,,72,202,4,6,19,16,97,38,86,57,190,19,204,249,18,22,29,18,27,97,29,46,0,0,44,76,85,0,1,43,80,32,0,2,5,59,59,2,30,1,0,5.02,9.35,3.74,0,0.23,0.58,0.03,0,53.85,0.03,0.47,0.7,23.83,4.44,0.1,,1470.25
A3Z physicality,Defensemen,Defensemen,A3Z tracked games; five on five,2021–22,20212022,81,8476856,Mathew Dumba,D,-0.95,1,416.77,425.03,24,0.42,-0.04,-0.13,0.08,0.06,TRUE,botchedRetrievalsPer60,0,FALSE,0.23,62.09,0.28,-0.56,0.51,,72,191,0,7,17,7,62,9,72,53,156,15,113,154,8,17,19,3,29,62,33,38,1,1,33,61,66,3,1,41,21,29,1,2,3,50,50,3,40,3,1,5.9,3.02,4.17,0.14,0.29,0.43,0.06,0.03,54.16,0.07,0,1.01,16.27,1.3,0.1,,1317
A3Z physicality,Defensemen,Defensemen,A3Z tracked games; five on five,2021–22,20212022,82,8476875,Mike Matheson,D,-0.29,2,478.68,485.25,29,0.39,0.03,-0.05,0.08,-0.02,FALSE,,0,FALSE,0.21,61.63,-0.25,0.38,0.08,,74,196,0,8,22,10,71,27,76,56,191,30,165,205,19,24,20,12,29,80,28,50,2,1,37,75,96,2,0,38,38,28,0,2,3,69,69,1,45,2,0,4.76,4.76,3.51,0,0.25,0.38,0.01,0,52.5,0.04,0,1,20.68,3.38,0.16,,1391.13
A3Z physicality,Defensemen,Defensemen,A3Z tracked games; five on five,2021–22,20212022,83,8477435,Ryan Graves,D,1.44,3,456.33,462.28,26,0.35,0.24,0.17,0.07,-0.06,FALSE,,0,FALSE,0.2,61.16,0.25,0.52,-0.57,,77,225,0,1,9,7,64,40,61,38,186,23,170,212,21,19,23,2,19,73,30,42,0,1,21,54,67,0,0,35,53,40,0,4,3,52,52,1,35,2,0,4.6,6.97,5.26,0,0.53,0.39,0.02,0,50.05,0.06,0,0.13,22.35,5.26,0.12,,1554.15
A3Z physicality,Defensemen,Defensemen,A3Z tracked games; five on five,2021–22,20212022,84,8478062,Dysin Mayo,D,-0.98,5,287.43,291.52,17,0.25,-0.1,-0.17,0.07,0.02,FALSE,,0,FALSE,0.2,60.7,0.49,-0.78,0.49,,72,190,0,3,5,3,24,18,30,19,118,7,79,106,10,11,11,2,7,35,14,15,0,0,10,19,30,0,0,27,19,21,0,0,0,24,24,0,18,1,0,5.64,3.97,4.38,0,0,0,0,0,53.1,0.06,0,0.63,16.49,3.76,0.06,,1401.37
A3Z physicality,Defensemen,Defensemen,A3Z tracked games; five on five,2021–22,20212022,85,8478416,Erik Cernak,D,1.37,2,392.05,401.3,25,0.45,0.22,0.15,0.07,-0.02,FALSE,,0,FALSE,0.2,60.23,0.84,-0.21,-0.44,,76,230,0,6,22,18,49,19,48,34,131,15,109,139,9,14,14,4,21,47,20,41,0,4,32,71,80,0,0,78,45,15,0,4,6,63,63,1,41,0,0,11.94,6.89,2.3,0,0.61,0.92,0.02,0,50.29,0,0,0.92,16.68,2.91,0.11,,1053.42
A3Z physicality,Defensemen,Defensemen,A3Z tracked games; five on five,2021–22,20212022,86,8479324,Ryan Lindgren,D,-0.85,2,546.38,553.13,33,0.42,-0.06,-0.12,0.06,-0.02,FALSE,,0,FALSE,0.17,59.77,0.13,-0.22,0.25,,72,194,1,4,17,17,83,31,73,45,232,13,193,228,19,21,28,6,27,87,27,20,1,0,46,96,47,0,2,39,54,49,0,3,2,33,33,3,25,2,2,4.28,5.93,5.38,0,0.33,0.22,0.09,0.08,51.08,0.08,0.11,0.44,21.19,3.4,0.06,,1567.83
A3Z physicality,Defensemen,Defensemen,A3Z tracked games; five on five,2021–22,20212022,87,8474166,Alec Martinez,D,-0.05,2,223.52,223.67,13,0.5,0.04,-0.02,0.06,-0.02,FALSE,,0,FALSE,0.17,59.3,0.4,-0.24,0.01,,73,210,1,1,4,2,36,13,27,16,77,5,74,91,7,4,11,0,10,32,10,19,0,0,17,29,34,1,0,14,22,29,0,1,0,24,24,0,17,2,0,3.76,5.91,7.78,0,0.27,0,0,0,47.8,0.12,0.27,0.27,19.86,3.49,0.06,,508.05
A3Z physicality,Defensemen,Defensemen,A3Z tracked games; five on five,2021–22,20212022,88,8474162,Jake Muzzin,D,1.02,4,383.45,390.42,23,0.49,0.28,0.22,0.06,0,FALSE,,0,FALSE,0.16,58.84,0.51,0.21,-0.55,,75,227,1,10,27,5,52,31,60,45,138,17,130,168,15,16,15,6,27,60,26,39,1,2,33,69,64,0,0,52,55,23,0,1,1,47,47,1,35,0,0,8.14,8.61,3.6,0,0.16,0.16,0.02,0,45.97,0,0.16,1.56,20.34,4.85,0.12,,974.2
A3Z physicality,Defensemen,Defensemen,A3Z tracked games; five on five,2021–22,20212022,89,8475227,Chris Wideman,D,-1.82,3,223.38,224.18,20,0.31,-0.26,-0.31,0.05,-0.06,FALSE,,0,FALSE,0.15,58.37,0.18,-0.68,0.66,,70,180,0,1,3,0,23,14,19,11,63,4,57,75,10,9,8,0,5,20,12,16,0,1,8,14,23,0,0,14,33,10,0,2,0,19,19,0,13,0,0,3.76,8.86,2.69,0,0.54,0,0,0,52.33,0,0,0.27,15.31,3.76,0.06,,952.07
A3Z physicality,Defensemen,Defensemen,A3Z tracked games; five on five,2021–22,20212022,90,8477504,Josh Morrissey,D,-0.81,2,598.13,604.6,33,0.42,-0.06,-0.11,0.05,-0.02,FALSE,,0,FALSE,0.15,57.91,0.04,-0.13,0.24,,72,195,1,12,31,19,94,27,74,59,245,25,192,234,12,22,15,11,27,66,29,48,0,3,75,115,107,0,0,65,35,31,0,4,7,77,77,0,50,2,1,6.52,3.51,3.11,0,0.4,0.7,0,0.02,50.22,0.04,0.1,1.2,19.26,2.71,0.1,,1869.03
A3Z physicality,Defensemen,Defensemen,A3Z tracked games; five on five,2021–22,20212022,91,8474716,Jared Spurgeon,D,-2.54,1,381.58,384,28,0.43,-0.36,-0.41,0.05,0.06,TRUE,weight,0,FALSE,0.14,56.98,-0.76,-0.33,1.23,,69,166,0,9,17,11,67,11,53,41,131,16,106,150,10,8,12,2,24,44,24,29,0,1,34,68,66,2,3,20,30,24,0,0,0,49,49,1,36,3,1,3.14,4.72,3.77,0,0,0,0.02,0.03,40.31,0.08,0,1.42,16.67,1.73,0.12,,1374.75
A3Z physicality,Defensemen,Defensemen,A3Z tracked games; five on five,2021–22,20212022,92,8474056,P.K. Subban,D,-0.29,2,449.83,456.92,28,0.36,-0.01,-0.05,0.04,-0.02,FALSE,,0,FALSE,0.12,56.51,-0.23,0.27,0.08,,72,210,2,1,28,8,71,27,70,40,156,15,185,227,28,23,30,3,22,98,25,46,0,0,51,82,80,1,0,32,31,28,0,2,2,61,61,0,47,0,0,4.27,4.13,3.73,0,0.27,0.27,0,0,52.24,0,0.27,0.13,24.68,3.6,0.1,,1408.8
A3Z physicality,Defensemen,Defensemen,A3Z tracked games; five on five,2021–22,20212022,93,8476422,Mike Reilly,D,-0.46,2,401.48,408.52,25,0.36,-0.03,-0.07,0.04,-0.02,FALSE,,0,FALSE,0.11,56.05,0.03,-0.06,0.13,,74,191,1,0,15,17,78,17,73,61,155,15,141,173,19,10,12,6,38,74,24,28,1,3,49,72,69,0,0,29,31,10,0,3,0,59,59,0,40,0,0,4.33,4.63,1.49,0,0.45,0,0,0,51.01,0,0.15,0,21.07,2.54,0.1,,1327.02
A3Z physicality,Defensemen,Defensemen,A3Z tracked games; five on five,2021–22,20212022,94,8476917,Adam Pelech,D,0.51,2,600.18,609.75,35,0.45,0.08,0.05,0.03,-0.02,FALSE,,0,FALSE,0.1,55.58,-0,0.27,-0.17,,75,212,1,4,36,17,103,43,92,63,229,22,235,288,20,38,29,15,33,100,32,56,0,0,50,96,91,2,0,36,50,47,0,5,3,53,53,1,43,0,1,3.6,5,4.7,0,0.5,0.3,0.02,0.02,51.01,0,0.1,0.4,23.49,4.3,0.1,,1659.92
A3Z physicality,Defensemen,Defensemen,A3Z tracked games; five on five,2021–22,20212022,95,8475906,John Klingberg,D,-0.67,3,544.15,548.98,31,0.42,-0.11,-0.14,0.03,-0.06,FALSE,,0,FALSE,0.1,55.12,-0.26,0.13,0.23,,74,185,2,6,27,21,116,36,106,77,172,10,242,290,25,30,29,14,44,124,29,42,0,2,72,112,97,1,0,26,66,36,0,6,5,69,69,0,42,0,0,2.87,7.28,3.97,0,0.66,0.55,0,0,48.3,0,0.22,0.66,26.68,3.97,0.06,,1643.47
A3Z physicality,Defensemen,Defensemen,A3Z tracked games; five on five,2021–22,20212022,96,8471735,Keith Yandle,D,-0.67,1,365.12,365.8,32,0.42,-0.05,-0.08,0.02,0.06,FALSE,,0,FALSE,0.08,54.65,-0.06,-0.24,0.38,,73,192,0,1,10,7,40,28,44,31,145,13,106,144,23,14,13,2,17,45,27,34,0,0,34,54,53,0,0,15,9,9,0,2,0,43,43,0,29,0,0,2.46,1.48,1.48,0,0.33,0,0,0,56.65,0,0,0.16,17.42,4.6,0.09,,1076.38
A3Z physicality,Defensemen,Defensemen,A3Z tracked games; five on five,2021–22,20212022,97,8471686,Marc Staal,D,0.61,2,316.83,323,23,0.32,0.08,0.06,0.02,-0.02,FALSE,,0,FALSE,0.07,54.19,0.15,0.13,-0.2,,76,208,1,6,16,9,37,25,28,21,117,14,98,118,9,4,7,2,10,29,13,24,0,0,19,33,41,1,0,25,22,12,0,3,1,31,31,1,23,0,0,4.73,4.17,2.27,0,0.57,0.19,0.03,0,45.8,0,0.19,1.14,18.56,4.73,0.12,,1236.97
A3Z physicality,Defensemen,Defensemen,A3Z tracked games; five on five,2021–22,20212022,98,8475762,Derek Forbort,D,0.89,4,435.67,439.55,29,0.38,0.21,0.19,0.02,0,FALSE,,0,FALSE,0.05,53.72,0.18,0.35,-0.48,,76,216,0,2,10,4,54,33,45,35,146,22,148,187,21,25,10,2,16,46,26,24,1,1,24,43,45,0,0,37,57,16,0,5,2,37,37,1,26,0,0,5.1,7.85,2.2,0,0.69,0.28,0.03,0,52.63,0,0,0.28,20.38,4.54,0.15,,1376.23
A3Z physicality,Defensemen,Defensemen,A3Z tracked games; five on five,2021–22,20212022,99,8476906,Shayne Gostisbehere,D,-1.47,3,340.32,344.27,20,0.24,-0.25,-0.26,0.01,-0.06,FALSE,,0,FALSE,0.05,53.26,-0.54,0.05,0.53,,71,183,1,6,8,9,60,24,62,48,110,4,161,191,22,21,14,8,27,80,14,22,0,2,25,51,43,0,0,14,19,27,0,2,3,41,41,1,27,2,0,2.47,3.35,4.76,0,0.35,0.53,0.02,0,46.52,0.07,0.18,1.06,28.39,4.23,0.04,,1819.62
A3Z physicality,Defensemen,Defensemen,A3Z tracked games; five on five,2021–22,20212022,100,8478851,Alexandre Carrier,D,-1.78,4,459.38,464.33,29,0.38,-0.39,-0.4,0.01,0,FALSE,,0,FALSE,0.04,52.79,-0.39,-0.61,1.05,,71,174,1,5,19,15,48,21,51,38,156,21,111,141,9,12,13,2,20,53,17,28,0,2,36,65,43,1,0,28,67,27,0,6,4,39,39,2,25,2,2,3.66,8.75,3.53,0,0.78,0.52,0.05,0.08,50.12,0.08,0.13,0.65,14.5,2.74,0.13,,1615.55
A3Z physicality,Defensemen,Defensemen,A3Z tracked games; five on five,2021–22,20212022,101,8479378,Logan Stanley,D,2.14,3,321.43,325.3,25,0.43,0.28,0.27,0.01,-0.06,FALSE,,0,FALSE,0.04,52.33,0.75,0.12,-0.83,,79,231,0,4,9,8,46,19,44,32,151,15,117,159,19,19,12,4,15,46,19,34,0,2,18,37,64,0,0,43,38,34,0,1,0,49,49,0,33,0,0,8.03,7.09,6.35,0,0.19,0,0,0,53.49,0,0,0.75,21.84,3.55,0.1,,907.42
A3Z physicality,Defensemen,Defensemen,A3Z tracked games; five on five,2021–22,20212022,102,8478468,Jeremy Lauzon,D,0.95,2,445.83,454.42,31,0.47,0.11,0.1,0,-0.02,FALSE,,0,FALSE,0.02,51.86,0.67,-0.34,-0.31,,75,225,0,2,8,7,34,16,40,25,150,20,109,151,25,18,15,4,8,45,26,28,0,0,26,48,66,1,0,85,46,24,3,3,1,46,46,1,32,1,0,11.44,6.19,3.23,0.4,0.4,0.13,0.02,0,54.57,0.03,0,0.27,14.67,2.15,0.13,,1166.32
A3Z physicality,Defensemen,Defensemen,A3Z tracked games; five on five,2021–22,20212022,103,8475179,Dmitry Kulikov,D,0.02,3,543.4,550.13,35,0.44,-0.04,-0.04,-0,-0.06,FALSE,,0,FALSE,0.01,51.4,0.58,-0.54,-0.03,,73,212,0,7,17,12,78,21,76,60,198,16,157,211,12,25,16,5,31,65,34,28,1,1,45,87,62,1,1,51,61,38,0,6,3,44,44,2,27,3,0,5.63,6.74,4.2,0,0.66,0.33,0.05,0,43.21,0.11,0,0.77,17.34,2.32,0.08,,1455.68
A3Z physicality,Defensemen,Defensemen,A3Z tracked games; five on five,2021–22,20212022,104,8476429,Scott Mayfield,D,0.85,3,516.65,525.53,31,0.51,0.08,0.08,-0,-0.06,FALSE,,0,FALSE,0.01,50.93,0.51,-0.15,-0.35,,76,215,0,2,25,3,65,21,67,43,221,22,172,224,26,37,24,1,28,77,32,61,0,2,42,68,90,0,0,38,24,36,0,3,0,58,58,0,35,2,0,4.41,2.79,4.18,0,0.35,0,0,0,55.38,0.06,0,0.23,19.97,2.44,0.1,,1205.82
A3Z physicality,Defensemen,Defensemen,A3Z tracked games; five on five,2021–22,20212022,105,8478451,Ethan Bear,D,-0.23,2,344.18,349.73,25,0.43,-0.05,-0.04,-0.01,-0.02,FALSE,,0,FALSE,-0,50.47,-0.32,0.26,0.06,,71,219,2,12,20,15,58,16,51,34,116,18,115,139,13,10,17,2,25,62,17,40,2,2,39,66,68,1,0,22,45,11,0,2,1,55,55,1,42,0,0,3.84,7.84,1.92,0,0.35,0.17,0.02,0,55.04,0,0.35,2.09,20.05,2.79,0.16,,932.65
A3Z physicality,Defensemen,Defensemen,A3Z tracked games; five on five,2021–22,20212022,106,8482073,Braden Schneider,D,0.3,4,268.72,271.33,18,0.42,0.05,0.06,-0.01,0,FALSE,,0,FALSE,-0.01,50,-0.13,0.26,-0.14,,75,206,1,1,7,4,39,17,38,26,109,10,102,129,12,17,12,0,15,43,17,12,0,0,22,42,24,0,0,31,38,12,0,0,0,19,19,0,11,0,0,6.92,8.48,2.68,0,0,0,0,0,45.65,0,0.22,0.22,22.77,3.8,0.09,,665.48
A3Z physicality,Defensemen,Defensemen,A3Z tracked games; five on five,2021–22,20212022,107,8475718,Justin Holl,D,0.13,5,492.87,499.5,30,0.43,0.02,0.04,-0.01,0.02,FALSE,,0,FALSE,-0.01,49.53,0,0.02,-0.04,,76,194,1,15,25,18,72,37,77,55,158,16,160,216,18,20,22,6,25,73,37,36,1,0,40,78,50,2,0,45,71,32,0,4,3,34,34,1,22,1,0,5.48,8.64,3.9,0,0.49,0.37,0.03,0,51.18,0.05,0.12,1.83,19.48,4.5,0.1,,1394.37
A3Z physicality,Defensemen,Defensemen,A3Z tracked games; five on five,2021–22,20212022,108,8481524,Bowen Byram,D,-0.22,5,265.47,269.83,16,0.53,-0.04,-0.03,-0.01,0.02,FALSE,,0,FALSE,-0.01,49.07,0.41,-0.55,0.13,,73,205,2,3,6,14,43,13,30,27,105,8,79,93,10,7,3,8,12,33,8,17,0,2,29,45,48,1,0,22,33,15,0,3,1,35,35,0,24,1,1,4.97,7.46,3.39,0,0.68,0.23,0,0.04,45.18,0.04,0.45,0.68,17.86,2.94,0.08,,564.23
A3Z physicality,Defensemen,Defensemen,A3Z tracked games; five on five,2021–22,20212022,109,8480803,Evan Bouchard,D,-0.18,1,580.85,591.97,38,0.47,-0,0.01,-0.01,0.06,FALSE,,0,FALSE,-0.02,48.6,0.09,-0.27,0.16,,75,192,2,5,26,17,79,28,99,74,210,22,169,230,20,17,25,6,42,90,45,68,0,1,55,97,127,0,0,37,37,45,0,6,4,91,91,0,65,2,0,3.82,3.82,4.65,0,0.62,0.41,0,0,53.16,0.03,0.21,0.52,17.46,2.89,0.1,,1604.2
A3Z physicality,Defensemen,Defensemen,A3Z tracked games; five on five,2021–22,20212022,110,8480184,Gustav Lindström,D,-0.36,5,230.98,233.2,17,0.27,-0.07,-0.05,-0.01,0.02,FALSE,,0,FALSE,-0.02,48.14,-0.15,-0.07,0.19,,74,194,1,2,7,9,34,14,31,24,89,9,75,94,7,8,7,0,18,32,10,15,0,0,15,29,20,1,0,16,16,18,0,1,1,14,14,0,12,0,0,4.16,4.16,4.68,0,0.26,0.26,0,0,57.98,0,0.26,0.52,19.48,3.64,0.1,,1015.28
A3Z physicality,Defensemen,Defensemen,A3Z tracked games; five on five,2021–22,20212022,111,8476874,Olli Maatta,D,0.09,4,397.6,404.17,26,0.39,-0.01,0.02,-0.03,0,FALSE,,0,FALSE,-0.05,47.67,-0.67,0.64,-0.02,,74,207,3,8,8,6,65,30,53,40,160,23,154,190,18,23,13,4,22,55,25,23,0,2,23,53,44,0,0,20,48,33,0,1,0,32,32,1,22,0,0,3.02,7.24,4.98,0,0.15,0,0.03,0,51.9,0,0.45,1.21,23.24,4.53,0.14,,1206.68
A3Z physicality,Defensemen,Defensemen,A3Z tracked games; five on five,2021–22,20212022,112,8480069,Cale Makar,D,-1.09,1,716.77,721.82,38,0.49,-0.19,-0.15,-0.03,0.06,FALSE,,0,FALSE,-0.07,47.21,-0.45,-0.19,0.57,,72,187,1,6,36,33,137,18,124,111,247,29,223,281,13,28,13,20,62,104,42,67,1,4,121,208,168,4,1,38,36,42,0,3,3,105,105,1,85,2,1,3.18,3.01,3.52,0,0.25,0.25,0.01,0.01,50.8,0.02,0.08,0.5,18.67,1.51,0.12,,1976.43
A3Z physicality,Defensemen,Defensemen,A3Z tracked games; five on five,2021–22,20212022,113,8479345,Jakob Chychrun,D,0.37,2,234.82,236.07,13,0.28,-0,0.03,-0.03,-0.02,FALSE,,0,FALSE,-0.07,46.74,-0.05,0.1,-0.12,,74,215,1,1,6,5,36,15,46,29,70,5,94,118,13,12,17,6,12,54,16,23,0,0,18,32,52,0,0,15,19,13,0,2,1,36,36,0,20,0,0,3.83,4.85,3.32,0,0.51,0.26,0,0,50.38,0,0.26,0.26,24.02,3.83,0.07,,1080.75
A3Z physicality,Defensemen,Defensemen,A3Z tracked games; five on five,2021–22,20212022,114,8480839,Rasmus Dahlin,D,0.23,4,422.22,431.43,23,0.29,0.01,0.05,-0.04,0,FALSE,,0,FALSE,-0.08,46.28,-0.41,0.44,-0.1,,75,204,0,1,14,13,69,39,83,60,154,10,178,225,12,26,23,13,27,73,41,25,2,2,49,86,60,0,0,32,29,23,0,3,5,39,39,0,33,2,0,4.55,4.12,3.27,0,0.43,0.71,0,0,56.04,0.06,0,0.14,25.3,5.54,0.06,,1921.15
A3Z physicality,Defensemen,Defensemen,A3Z tracked games; five on five,2021–22,20212022,115,8479998,Mikey Anderson,D,-0.81,4,409.2,417.07,23,0.4,-0.23,-0.19,-0.04,0,FALSE,,0,FALSE,-0.09,45.81,0.24,-0.81,0.49,,72,195,0,5,12,8,56,11,54,39,151,19,95,145,8,10,15,3,12,35,36,27,0,1,25,59,40,0,0,50,52,23,0,2,3,25,25,0,17,1,0,7.33,7.62,3.37,0,0.29,0.44,0,0,53.04,0.06,0,0.73,13.93,1.61,0.13,,1146.63
A3Z physicality,Defensemen,Defensemen,A3Z tracked games; five on five,2021–22,20212022,116,8474618,Marco Scandella,D,0.51,3,358.58,362.63,24,0.34,-0.01,0.03,-0.04,-0.06,FALSE,,0,FALSE,-0.09,45.35,0.54,-0.41,-0.21,,75,212,0,0,20,8,39,17,38,25,138,15,91,121,12,7,13,2,11,39,20,24,0,0,25,47,41,0,1,35,24,18,0,2,0,30,30,1,21,0,1,5.86,4.02,3.01,0,0.33,0,0.03,0.05,45.99,0,0,0,15.23,2.84,0.11,,1269.5
A3Z physicality,Defensemen,Defensemen,A3Z tracked games; five on five,2021–22,20212022,117,8477244,Chad Ruhwedel,D,-1.26,5,444.18,445.67,33,0.42,-0.26,-0.22,-0.04,0.02,FALSE,,0,FALSE,-0.09,44.42,0.01,-0.72,0.62,,71,189,1,6,38,20,42,17,50,34,129,11,121,153,15,28,16,4,21,62,18,59,0,1,41,74,77,1,0,48,36,24,0,2,4,61,61,0,45,0,0,6.48,4.86,3.24,0,0.27,0.54,0,0,53.71,0,0.14,0.81,16.34,2.3,0.09,,1195.78
A3Z physicality,Defensemen,Defensemen,A3Z tracked games; five on five,2021–22,20212022,118,8470281,Duncan Keith,D,-0.67,3,504.9,511.02,30,0.47,-0.18,-0.14,-0.04,-0.06,FALSE,,0,FALSE,-0.09,43.95,-0.18,-0.15,0.23,,73,192,0,6,20,14,68,27,57,38,218,21,161,208,22,26,19,0,21,69,19,52,0,2,46,78,79,1,0,13,21,48,0,4,1,52,52,1,32,0,1,1.54,2.5,5.7,0,0.48,0.12,0.02,0.03,51.86,0,0,0.71,19.13,3.21,0.1,,1262.52
A3Z physicality,Defensemen,Defensemen,A3Z tracked games; five on five,2021–22,20212022,119,8477507,Nikita Zadorov,D,2.96,1,450.03,460.47,29,0.39,0.53,0.57,-0.04,0.06,TRUE,weight,0,FALSE,-0.1,43.49,0.91,0.27,-1.28,,79,255,1,5,11,10,73,23,68,51,172,23,160,188,13,24,17,6,32,74,22,40,0,2,37,67,67,0,0,66,34,15,0,3,2,64,64,0,43,2,1,8.8,4.53,2,0,0.4,0.27,0,0.02,53.46,0.05,0.13,0.67,21.33,3.07,0.13,,1251.35
A3Z physicality,Defensemen,Defensemen,A3Z tracked games; five on five,2021–22,20212022,120,8476902,Esa Lindell,D,0.68,3,502.48,509.37,29,0.38,0,0.06,-0.06,-0.06,FALSE,,0,FALSE,-0.13,43.02,-0.34,0.49,-0.28,,75,217,0,6,7,8,68,29,94,52,179,26,186,244,27,24,42,2,29,119,43,31,0,3,27,52,60,0,2,36,46,45,0,1,2,41,41,0,38,2,2,4.3,5.49,5.37,0,0.12,0.24,0,0.05,52.84,0.05,0,0.72,22.21,3.46,0.15,,1675.43
A3Z physicality,Defensemen,Defensemen,A3Z tracked games; five on five,2021–22,20212022,121,8476467,Jamieson Oleksiak,D,2.86,3,407.75,411.27,25,0.35,0.32,0.38,-0.06,-0.06,FALSE,,0,FALSE,-0.13,42.56,0.53,0.44,-1.1,,79,252,1,7,18,16,68,24,55,43,152,19,160,194,21,28,12,4,24,68,17,20,0,1,27,62,36,0,0,57,25,21,2,3,1,28,28,1,23,2,0,8.39,3.68,3.09,0.29,0.44,0.15,0.04,0,49.62,0.09,0.15,1.03,23.54,3.53,0.12,,1391.97
A3Z physicality,Defensemen,Defensemen,A3Z tracked games; five on five,2021–22,20212022,122,8476372,Nick Seeler,D,-0.01,1,273.95,275.88,22,0.51,-0.02,0.04,-0.06,0.06,FALSE,,0,FALSE,-0.14,42.09,-0.04,-0.18,0.08,,75,197,1,3,6,2,37,16,19,9,83,9,81,96,14,5,10,0,4,29,9,20,0,0,9,19,33,0,1,37,41,30,1,1,4,26,26,0,15,0,0,8.1,8.98,6.57,0.22,0.22,0.88,0,0,55.4,0,0.22,0.66,17.74,3.5,0.11,,562.37
A3Z physicality,Defensemen,Defensemen,A3Z tracked games; five on five,2021–22,20212022,123,8470613,Brent Burns,D,1.55,4,475.2,478.68,24,0.29,0.28,0.34,-0.06,0,FALSE,,0,FALSE,-0.14,41.63,-0.01,0.72,-0.85,,77,228,0,8,15,8,95,29,96,68,209,27,199,261,25,23,28,4,44,94,45,52,0,1,44,76,94,1,0,18,16,38,0,5,1,62,62,0,41,1,1,2.27,2.02,4.8,0,0.63,0.13,0,0.02,56.22,0.02,0,1.01,25.13,3.66,0.13,,2144.03
A3Z physicality,Defensemen,Defensemen,A3Z tracked games; five on five,2021–22,20212022,124,8478396,Noah Hanifin,D,0.3,5,507.35,512.17,32,0.4,0.01,0.07,-0.06,0.02,FALSE,,0,FALSE,-0.14,41.16,-0.19,0.17,-0.12,,75,206,0,2,14,7,79,27,75,55,222,30,164,217,20,21,20,6,27,71,37,62,0,0,31,65,105,2,1,28,36,22,0,2,1,87,87,3,54,2,1,3.31,4.26,2.6,0,0.24,0.12,0.03,0.02,52.33,0.04,0,0.24,19.39,3.19,0.14,,1725.52
A3Z physicality,Defensemen,Defensemen,A3Z tracked games; five on five,2021–22,20212022,125,8477938,Haydn Fleury,D,0.58,1,231.27,236.53,16,0.44,0.08,0.14,-0.07,0.06,FALSE,,0,FALSE,-0.15,40.7,-0.17,0.2,-0.19,,76,207,0,5,2,5,39,11,45,36,84,6,96,124,16,17,9,8,16,51,13,26,0,0,11,21,49,0,0,27,21,26,0,0,1,34,34,1,22,0,1,7,5.45,6.75,0,0,0.26,0.03,0.05,55.64,0,0,1.3,24.91,2.85,0.07,,586.17
A3Z physicality,Defensemen,Defensemen,A3Z tracked games; five on five,2021–22,20212022,126,8478038,Devon Toews,D,-0.71,5,633.57,645.83,33,0.5,-0.18,-0.12,-0.07,0.02,TRUE,hitsReceivedPer60,0,FALSE,-0.16,40.23,-0.69,0.18,0.36,,73,191,1,16,31,46,108,22,120,89,194,29,207,268,11,25,31,8,52,107,53,37,1,4,112,216,111,1,4,22,15,30,0,2,2,96,96,3,72,2,0,2.08,1.42,2.84,0,0.19,0.19,0.03,0,52.01,0.03,0.09,1.52,19.6,2.08,0.15,,1674.37
A3Z physicality,Defensemen,Defensemen,A3Z tracked games; five on five,2021–22,20212022,127,8475246,Kevin Connauton,D,0.02,5,180.88,180.62,16,0.41,-0.05,0.02,-0.07,0.02,FALSE,,0,FALSE,-0.16,39.77,0.97,-1.14,0.02,,74,205,0,3,4,2,16,5,15,9,73,3,51,58,11,9,6,2,4,23,7,12,0,0,6,14,22,0,0,22,31,12,0,1,0,10,10,0,7,0,0,7.3,10.28,3.98,0,0.33,0,0,0,51.98,0,0,1,16.92,1.66,0.04,,509.98
A3Z physicality,Defensemen,Defensemen,A3Z tracked games; five on five,2021–22,20212022,128,8474574,Tyler Myers,D,2.31,1,486.48,493.43,27,0.33,0.39,0.45,-0.07,0.06,FALSE,,0,FALSE,-0.16,39.3,0.67,0.15,-0.98,,80,229,1,7,20,12,55,35,52,33,193,26,154,202,22,25,19,2,17,59,26,27,0,3,51,80,64,0,0,47,45,36,0,5,2,52,52,1,38,2,1,5.8,5.55,4.44,0,0.62,0.25,0.02,0.03,49.46,0.05,0.12,0.86,18.99,4.32,0.13,,1802.22
A3Z physicality,Defensemen,Defensemen,A3Z tracked games; five on five,2021–22,20212022,129,8476869,Brady Skjei,D,0.44,3,599,612.02,35,0.43,-0.06,0.02,-0.08,-0.06,FALSE,,0,FALSE,-0.19,38.84,-0.25,0.25,-0.19,,75,210,0,22,26,16,91,18,105,65,248,42,195,231,30,14,40,11,38,143,26,60,0,2,59,99,123,6,0,39,48,24,0,4,3,99,99,3,76,3,2,3.91,4.81,2.4,0,0.4,0.3,0.03,0.03,51.08,0.04,0,2.2,19.53,1.8,0.17,,1733.67
A3Z physicality,Defensemen,Defensemen,A3Z tracked games; five on five,2021–22,20212022,130,8480883,Ty Smith,D,-1.57,4,381.22,383.98,25,0.38,-0.44,-0.36,-0.08,0,FALSE,,0,FALSE,-0.2,38.37,-1.17,0.04,0.93,,71,180,0,3,12,11,43,34,39,28,161,11,137,168,24,26,11,3,16,52,14,28,0,1,39,67,46,0,0,19,29,28,0,1,2,31,31,0,24,1,0,2.99,4.56,4.41,0,0.16,0.31,0,0,52.24,0.04,0,0.47,21.56,5.35,0.07,,1154.72
A3Z physicality,Defensemen,Defensemen,A3Z tracked games; five on five,2021–22,20212022,131,8475167,Victor Hedman,D,2.58,2,621.55,630.55,35,0.43,0.2,0.3,-0.1,-0.02,FALSE,,0,FALSE,-0.23,37.91,0.07,0.51,-0.82,,79,244,2,14,25,26,110,44,112,83,168,23,243,329,28,34,29,10,41,102,59,59,0,3,84,131,136,1,0,40,38,43,0,5,2,100,100,2,69,0,1,3.86,3.67,4.15,0,0.48,0.19,0.02,0.01,51.61,0,0.19,1.35,23.46,4.25,0.14,,2056.2
A3Z physicality,Defensemen,Defensemen,A3Z tracked games; five on five,2021–22,20212022,132,8474145,Robert Bortuzzo,D,0.54,5,288.45,291.07,26,0.36,-0,0.11,-0.11,0.02,FALSE,,0,FALSE,-0.27,37.44,0.53,-0.57,-0.23,,76,206,0,3,7,9,31,12,50,25,100,9,82,111,9,8,25,2,10,54,28,10,0,0,14,31,27,0,0,41,27,22,1,2,2,23,23,1,15,0,0,8.53,5.62,4.58,0.21,0.42,0.42,0.04,0,45.88,0,0,0.62,17.06,2.5,0.09,,1002.75
A3Z physicality,Defensemen,Defensemen,A3Z tracked games; five on five,2021–22,20212022,133,8480817,K'Andre Miller,D,0.92,3,602.83,615.4,35,0.43,-0.03,0.09,-0.12,-0.06,FALSE,,0,FALSE,-0.3,36.98,0.11,-0.04,-0.37,,77,210,1,6,28,20,86,21,96,57,222,29,190,233,9,22,39,9,29,103,39,34,1,2,47,90,67,1,0,48,35,27,0,3,1,42,42,2,35,0,2,4.78,3.48,2.69,0,0.3,0.1,0.05,0.06,52.94,0,0.1,0.6,18.91,2.09,0.13,,1689.85
A3Z physicality,Defensemen,Defensemen,A3Z tracked games; five on five,2021–22,20212022,134,8475690,Chris Tanev,D,0.09,3,546.93,558.58,33,0.4,-0.17,-0.03,-0.14,-0.06,FALSE,,0,FALSE,-0.34,36.51,-0.8,0.52,-0.06,,75,200,2,4,31,19,122,39,99,75,205,19,250,296,21,37,24,6,54,107,32,26,1,1,57,110,54,0,1,18,78,44,0,2,1,39,39,0,27,0,1,1.97,8.56,4.83,0,0.22,0.11,0,0.04,53.54,0,0.22,0.44,27.43,4.28,0.09,,1677.63
A3Z physicality,Defensemen,Defensemen,A3Z tracked games; five on five,2021–22,20212022,135,8474027,Justin Braun,D,0.02,4,541.58,550.2,33,0.48,-0.14,0,-0.14,0,FALSE,,0,FALSE,-0.34,36.05,0.22,-0.57,0.02,,74,205,1,4,18,4,60,16,75,45,213,23,146,193,16,23,30,3,27,89,28,56,1,0,30,51,77,0,0,38,43,41,0,5,3,56,56,0,38,0,0,4.21,4.76,4.54,0,0.55,0.33,0,0,57.52,0,0.11,0.44,16.17,1.77,0.11,,1348.7
A3Z physicality,Defensemen,Defensemen,A3Z tracked games; five on five,2021–22,20212022,136,8479348,Kale Clague,D,-0.98,3,151.08,150.58,12,0.33,-0.33,-0.19,-0.14,-0.06,TRUE,entryDenialShare,0,FALSE,-0.35,35.58,0.3,-0.99,0.35,,72,190,0,0,1,0,18,7,16,8,52,1,46,56,9,3,8,2,4,21,9,2,0,0,6,12,10,0,0,4,20,10,0,3,0,9,9,0,6,0,0,1.59,7.94,3.97,0,1.19,0,0,0,51.55,0,0,0,18.27,2.78,0.02,,602.55
A3Z physicality,Defensemen,Defensemen,A3Z tracked games; five on five,2021–22,20212022,137,8478500,Ivan Provorov,D,0.43,1,537.67,544.98,30,0.38,-0.02,0.12,-0.14,0.06,FALSE,,0,FALSE,-0.35,35.12,-0.89,0.66,-0.12,,73,224,2,3,11,10,109,39,91,63,231,23,242,277,23,23,28,7,47,115,23,36,0,0,35,68,66,1,2,23,52,47,0,2,2,48,48,0,36,4,1,2.57,5.8,5.24,0,0.22,0.22,0,0.03,51.18,0.11,0.22,0.33,27.01,4.35,0.1,,1966.33
A3Z physicality,Defensemen,Defensemen,A3Z tracked games; five on five,2021–22,20212022,138,8480172,Jan Rutta,D,0.23,4,491.1,494.25,33,0.43,-0.11,0.05,-0.16,0,FALSE,,0,FALSE,-0.38,34.65,-0.2,-0.08,-0.1,,75,204,0,7,15,13,71,29,54,35,195,17,165,207,15,24,19,4,22,60,21,42,0,0,36,77,84,0,1,38,68,26,0,5,4,54,54,1,35,0,2,4.64,8.31,3.18,0,0.61,0.49,0.02,0.06,52.33,0,0,0.86,20.16,3.54,0.09,,1245.43
A3Z physicality,Defensemen,Defensemen,A3Z tracked games; five on five,2021–22,20212022,139,8475796,Mark Pysyk,D,-0.22,3,307.07,313.25,20,0.29,-0.23,-0.08,-0.16,-0.06,FALSE,,0,FALSE,-0.39,34.19,-0.6,0.16,0.06,,73,205,1,4,10,13,51,18,37,31,117,13,108,135,13,9,6,3,19,41,9,20,0,0,23,45,34,0,0,11,18,19,0,2,2,33,33,0,22,0,0,2.15,3.52,3.71,0,0.39,0.39,0,0,56.04,0,0.2,0.78,21.1,3.52,0.11,,1211.55
A3Z physicality,Defensemen,Defensemen,A3Z tracked games; five on five,2021–22,20212022,140,8480847,Ryan Merkley,D,-1.12,1,172.38,173.2,13,0.33,-0.32,-0.16,-0.16,0.06,FALSE,,0,FALSE,-0.4,33.72,-1.07,0.09,0.59,,72,186,1,2,5,1,31,10,26,23,72,6,64,86,11,10,3,7,8,23,12,8,0,0,14,20,22,0,1,4,8,9,0,2,2,16,16,0,10,0,0,1.39,2.78,3.13,0,0.7,0.7,0,0,55.13,0,0.35,0.7,22.28,3.48,0.08,,599.73
A3Z physicality,Defensemen,Defensemen,A3Z tracked games; five on five,2021–22,20212022,141,8474673,TJ Brodie,D,-0.6,1,631.2,639.58,36,0.44,-0.24,-0.07,-0.17,0.06,FALSE,,0,FALSE,-0.43,33.26,-1.22,0.44,0.35,,74,187,0,4,23,26,126,39,105,77,250,25,262,318,24,37,28,11,37,112,35,31,1,1,58,105,57,2,2,18,64,45,0,5,5,42,42,2,30,2,1,1.71,6.08,4.28,0,0.48,0.48,0.05,0.03,49.98,0.07,0,0.38,24.9,3.71,0.1,,1747.53
A3Z physicality,Defensemen,Defensemen,A3Z tracked games; five on five,2021–22,20212022,142,8472382,Andy Greene,D,-1.23,3,435.53,439.17,29,0.42,-0.4,-0.22,-0.18,-0.06,FALSE,,0,FALSE,-0.44,32.79,-0.96,0.08,0.44,,71,190,0,4,18,6,55,32,43,29,180,16,155,192,18,26,14,2,17,49,18,24,0,0,31,49,33,0,0,11,38,45,0,1,1,28,28,1,18,0,0,1.52,5.23,6.2,0,0.14,0.14,0.04,0,54.87,0,0,0.55,21.35,4.41,0.09,,1201.38
A3Z physicality,Defensemen,Defensemen,A3Z tracked games; five on five,2021–22,20212022,143,8479984,Cal Foote,D,1.41,3,276.58,278.13,23,0.41,-0.01,0.17,-0.18,-0.06,FALSE,,0,FALSE,-0.44,32.33,0.79,-0.68,-0.56,,77,224,1,5,14,12,34,18,30,22,93,4,81,108,15,7,8,1,14,33,14,20,0,0,27,53,40,1,0,33,38,26,0,3,2,28,28,0,21,0,0,7.16,8.24,5.64,0,0.65,0.43,0,0,51.15,0,0.22,1.08,17.57,3.9,0.04,,735.05
A3Z physicality,Defensemen,Defensemen,A3Z tracked games; five on five,2021–22,20212022,144,8471724,Kris Letang,D,-0.67,3,582.32,583.52,31,0.4,-0.33,-0.14,-0.18,-0.06,FALSE,,0,FALSE,-0.46,31.86,-0.15,-0.54,0.23,,72,199,1,3,28,15,95,16,103,68,221,14,200,253,21,30,35,8,38,104,49,55,2,1,55,112,108,0,0,60,44,33,1,2,3,82,82,2,64,2,1,6.18,4.53,3.4,0.1,0.21,0.31,0.02,0.02,51.75,0.03,0.1,0.31,20.61,1.65,0.06,,2010.63
A3Z physicality,Defensemen,Defensemen,A3Z tracked games; five on five,2021–22,20212022,145,8477506,Ryan Pulock,D,0.26,5,417.5,419.95,25,0.45,-0.13,0.06,-0.19,0.02,FALSE,,0,FALSE,-0.48,31.4,0.1,-0.48,-0.1,,73,219,1,7,12,11,53,22,55,42,170,12,130,169,16,21,13,4,25,60,20,51,0,1,28,52,78,0,0,37,41,47,0,1,1,63,63,0,49,1,0,5.32,5.89,6.75,0,0.14,0.14,0,0,53.31,0.02,0.14,1.01,18.68,3.16,0.07,,1183.57
A3Z physicality,Defensemen,Defensemen,A3Z tracked games; five on five,2021–22,20212022,146,8478443,Brandon Carlo,D,1.51,3,463.72,470.27,29,0.37,-0.02,0.18,-0.2,-0.06,FALSE,,0,FALSE,-0.51,30.93,-0.05,0.14,-0.59,,77,227,1,3,12,7,78,26,67,40,178,17,177,219,19,27,27,8,19,75,31,37,0,0,27,50,61,0,0,56,82,38,1,2,3,62,62,0,44,1,0,7.25,10.61,4.92,0.13,0.26,0.39,0,0,54.15,0.02,0.13,0.39,22.9,3.36,0.1,,1556.72
A3Z physicality,Defensemen,Defensemen,A3Z tracked games; five on five,2021–22,20212022,147,8477986,Brandon Montour,D,-0.67,1,449.35,459.17,33,0.41,-0.29,-0.08,-0.21,0.06,FALSE,,0,FALSE,-0.52,30.47,-0.25,-0.65,0.38,,72,199,1,3,15,16,47,16,59,39,151,12,117,140,11,15,20,7,21,67,23,53,0,0,34,69,91,2,0,23,51,17,0,5,2,68,68,0,47,1,0,3.07,6.81,2.27,0,0.67,0.27,0,0,46.01,0.02,0.13,0.4,15.62,2.14,0.08,,1449.85
A3Z physicality,Defensemen,Defensemen,A3Z tracked games; five on five,2021–22,20212022,148,8478469,Thomas Chabot,D,-0.4,5,437.6,443.13,20,0.34,-0.27,-0.06,-0.21,0.02,TRUE,contactPenaltiesDrawnPer60,0,FALSE,-0.53,30,-1.37,0.63,0.21,,73,200,1,1,21,13,71,28,91,70,169,22,170,225,20,25,21,16,33,83,41,34,1,0,54,94,89,1,0,21,38,33,0,4,8,75,75,2,53,2,1,2.88,5.21,4.52,0,0.55,1.1,0.03,0.02,45.88,0.04,0.14,0.14,23.31,3.84,0.13,,1545.33
A3Z physicality,Defensemen,Defensemen,A3Z tracked games; five on five,2021–22,20212022,149,8480043,Timothy Liljegren,D,-0.4,2,402.78,406.83,27,0.44,-0.28,-0.06,-0.21,-0.02,FALSE,,0,FALSE,-0.53,29.53,-0.55,-0.09,0.11,,73,200,0,6,14,12,45,29,57,44,125,13,116,162,14,16,13,5,17,43,37,35,0,1,28,62,57,3,0,33,64,15,0,1,3,42,42,1,33,1,0,4.92,9.53,2.23,0,0.15,0.45,0.02,0,50.72,0.03,0,0.89,17.28,4.32,0.1,,1000.42
A3Z physicality,Defensemen,Defensemen,A3Z tracked games; five on five,2021–22,20212022,150,8475455,Brenden Dillon,D,1.2,3,557.18,561.53,34,0.43,-0.08,0.13,-0.21,-0.06,FALSE,,0,FALSE,-0.53,29.07,0.86,-0.92,-0.48,,76,225,0,11,20,18,54,27,62,38,220,13,132,192,15,13,24,3,17,52,42,45,0,0,46,80,76,0,0,86,35,43,0,4,4,56,56,0,36,0,0,9.26,3.77,4.63,0,0.43,0.43,0,0,56.15,0,0,1.18,14.21,2.91,0.06,,1487.78
A3Z physicality,Defensemen,Defensemen,A3Z tracked games; five on five,2021–22,20212022,151,8480871,Adam Boqvist,D,-0.81,2,235.85,240.77,17,0.33,-0.33,-0.11,-0.22,-0.02,FALSE,,0,FALSE,-0.54,28.6,-0.67,-0.1,0.24,,72,195,0,2,12,7,18,19,25,17,96,10,65,90,15,7,8,2,5,28,13,8,0,1,19,36,29,2,1,12,18,12,0,2,3,25,25,2,17,0,0,3.05,4.58,3.05,0,0.51,0.76,0.08,0,38.01,0,0,0.51,16.54,4.83,0.1,,886.38
A3Z physicality,Defensemen,Defensemen,A3Z tracked games; five on five,2021–22,20212022,152,8465009,Zdeno Chara,D,3.28,2,550.68,552.28,34,0.47,0.17,0.39,-0.22,-0.02,TRUE,height,0,FALSE,-0.55,28.14,0.51,-0.02,-1.03,,81,250,0,1,14,6,52,43,53,29,242,21,178,227,26,33,24,1,14,64,32,44,0,0,24,46,68,2,0,55,19,35,1,4,0,50,50,2,36,1,0,5.99,2.07,3.81,0.11,0.44,0,0.04,0,57.09,0.03,0,0.11,19.39,4.69,0.09,,1348.68
A3Z physicality,Defensemen,Defensemen,A3Z tracked games; five on five,2021–22,20212022,153,8477495,Seth Jones,D,0.78,3,517.83,521.6,26,0.33,-0.15,0.07,-0.22,-0.06,FALSE,,0,FALSE,-0.56,27.67,-0.3,0.06,-0.32,,76,213,2,7,11,16,85,32,83,68,203,20,181,228,32,19,15,15,31,90,31,33,2,0,45,82,79,0,1,28,48,37,0,2,1,58,58,1,43,2,0,3.24,5.56,4.29,0,0.23,0.12,0.02,0,47.92,0.05,0.23,0.81,20.97,3.71,0.1,,2044.73
A3Z physicality,Defensemen,Defensemen,A3Z tracked games; five on five,2021–22,20212022,154,8478013,Jake Walman,D,0.22,4,208.95,212.47,19,0.37,-0.18,0.05,-0.23,0,FALSE,,0,FALSE,-0.57,27.21,-0.54,0.07,-0.1,,73,218,1,4,10,5,29,17,28,24,71,7,71,84,8,11,4,8,12,28,9,28,0,0,15,28,53,0,2,12,9,17,0,0,0,41,41,1,26,0,1,3.45,2.58,4.88,0,0,0,0.02,0.04,41.98,0,0.29,1.15,20.39,4.88,0.1,,715.22
A3Z physicality,Defensemen,Defensemen,A3Z tracked games; five on five,2021–22,20212022,155,8471709,Marc-Edouard Vlasic,D,-0.22,4,303.57,308.28,21,0.28,-0.28,-0.05,-0.23,0,FALSE,,0,FALSE,-0.57,26.74,-1.16,0.43,0.16,,73,205,1,2,6,5,49,26,30,21,124,13,117,137,10,13,9,0,10,36,13,19,0,0,14,26,30,0,0,15,25,24,0,1,2,24,24,0,12,0,0,2.96,4.94,4.74,0,0.2,0.4,0,0,54.12,0,0.2,0.4,23.13,5.14,0.1,,1141.15
A3Z physicality,Defensemen,Defensemen,A3Z tracked games; five on five,2021–22,20212022,156,8475218,Mattias Ekholm,D,1.44,2,503.13,509.45,29,0.38,-0.08,0.16,-0.24,-0.02,FALSE,,0,FALSE,-0.59,26.28,-0.54,0.4,-0.46,,77,225,0,7,20,9,108,22,112,75,183,20,228,272,16,24,37,10,50,129,33,41,1,1,33,70,70,1,0,30,35,26,0,3,4,61,61,2,40,0,2,3.58,4.17,3.1,0,0.36,0.48,0.03,0.05,52.01,0,0,0.83,27.19,2.62,0.11,,1784.35
A3Z physicality,Defensemen,Defensemen,A3Z tracked games; five on five,2021–22,20212022,157,8478430,Oliver Kylington,D,-1.23,3,486.35,495.55,31,0.42,-0.49,-0.22,-0.27,-0.06,FALSE,,0,FALSE,-0.67,25.81,-0.69,-0.42,0.44,,72,183,3,4,15,12,101,16,96,87,198,15,162,219,18,17,9,21,38,73,43,51,1,1,40,87,85,0,1,21,35,26,0,2,2,61,61,2,42,1,0,2.59,4.32,3.21,0,0.25,0.25,0.03,0,51.48,0.02,0.37,0.49,19.99,1.97,0.08,,1325.92
A3Z physicality,Defensemen,Defensemen,A3Z tracked games; five on five,2021–22,20212022,158,8479402,Jake Bean,D,-0.71,2,281.57,289.93,15,0.22,-0.37,-0.1,-0.27,-0.02,FALSE,,0,FALSE,-0.68,25.35,-0.41,-0.48,0.21,,73,191,0,5,10,6,28,22,38,32,92,5,75,100,12,12,6,6,14,35,17,23,0,0,20,32,42,0,0,12,18,12,0,3,1,33,33,0,21,0,0,2.56,3.84,2.56,0,0.64,0.21,0,0,51,0,0,1.07,15.98,4.69,0.05,,1378.07
A3Z physicality,Defensemen,Defensemen,A3Z tracked games; five on five,2021–22,20212022,159,8474565,Alex Pietrangelo,D,0.61,4,664.8,668.12,36,0.45,-0.14,0.13,-0.27,0,FALSE,,0,FALSE,-0.69,24.88,-1.03,0.67,-0.32,,75,215,3,6,30,23,119,47,142,96,237,33,264,338,20,28,46,10,57,140,61,77,1,3,74,138,138,1,0,28,82,57,0,3,2,100,100,0,76,2,0,2.53,7.4,5.14,0,0.27,0.18,0,0,50.88,0.03,0.27,0.54,23.83,4.24,0.14,,1971.9
A3Z physicality,Defensemen,Defensemen,A3Z tracked games; five on five,2021–22,20212022,160,8480036,Miro Heiskanen,D,-0.26,3,454.02,457.13,24,0.34,-0.36,-0.08,-0.28,-0.06,FALSE,,0,FALSE,-0.7,24.42,-1.19,0.42,0.07,,74,197,6,7,19,10,104,10,106,75,201,32,182,210,16,11,31,15,51,127,18,25,0,3,49,102,73,3,0,20,41,25,0,0,1,53,53,0,41,0,0,2.64,5.42,3.3,0,0,0.13,0,0,45.65,0,0.79,0.93,24.05,1.32,0.16,,1742.1
A3Z physicality,Defensemen,Defensemen,A3Z tracked games; five on five,2021–22,20212022,161,8474600,Roman Josi,D,-0.36,1,570.02,575.9,29,0.36,-0.31,-0.02,-0.29,0.06,FALSE,,0,FALSE,-0.72,23.95,-0.94,-0.02,0.24,,73,201,5,12,30,22,89,20,94,68,165,21,184,250,16,24,26,12,28,83,48,60,1,5,84,129,121,1,1,31,56,32,0,2,4,87,87,2,66,2,1,3.26,5.89,3.37,0,0.21,0.42,0.02,0.02,48.1,0.03,0.53,1.26,19.37,2.11,0.13,,2044.35
A3Z physicality,Defensemen,Defensemen,A3Z tracked games; five on five,2021–22,20212022,162,8474602,Justin Schultz,D,-0.5,5,381.37,390.48,27,0.36,-0.37,-0.08,-0.29,0.02,FALSE,,0,FALSE,-0.74,23.49,-1.03,0.04,0.26,,74,190,2,4,24,11,55,20,71,43,149,18,123,167,18,11,28,5,20,74,36,31,1,1,38,74,50,0,0,15,36,32,0,1,1,35,35,1,23,0,0,2.36,5.66,5.03,0,0.16,0.16,0.03,0,46.87,0,0.31,0.63,19.35,3.15,0.12,,1252.08
A3Z physicality,Defensemen,Defensemen,A3Z tracked games; five on five,2021–22,20212022,163,8480222,Sebastian Aho,D,-1.82,2,191.88,194.27,12,0.33,-0.53,-0.24,-0.3,-0.02,FALSE,,0,FALSE,-0.74,23.02,-1.43,0.14,0.56,,70,180,0,0,8,6,26,12,25,23,78,8,69,83,9,12,2,3,11,24,10,10,1,1,21,34,17,0,0,8,20,15,0,0,2,16,16,0,9,1,0,2.5,6.25,4.69,0,0,0.63,0,0,51.24,0.11,0,0,21.58,3.75,0.1,,592.38
A3Z physicality,Defensemen,Defensemen,A3Z tracked games; five on five,2021–22,20212022,164,8479425,Filip Hronek,D,-0.98,1,408.25,415.48,24,0.31,-0.43,-0.13,-0.3,0.06,FALSE,,0,FALSE,-0.75,22.56,-1.17,-0.1,0.52,,72,190,0,2,15,8,52,22,70,51,187,14,143,190,15,29,19,9,22,71,28,30,0,2,22,55,58,0,0,15,23,23,0,1,2,45,45,0,28,0,0,2.2,3.38,3.38,0,0.15,0.29,0,0,54.56,0,0,0.29,21.02,3.23,0.07,,1718.1
A3Z physicality,Defensemen,Defensemen,A3Z tracked games; five on five,2021–22,20212022,165,8477018,Ben Hutton,D,0.4,3,379.07,381.87,26,0.45,-0.28,0.02,-0.3,-0.06,FALSE,,0,FALSE,-0.75,22.09,-0.73,0.15,-0.18,,75,209,1,4,10,7,55,25,60,33,144,12,149,184,15,18,27,8,16,81,17,33,0,0,25,40,61,1,0,22,74,27,2,2,1,42,42,0,30,0,0,3.48,11.71,4.27,0.32,0.32,0.16,0,0,56.64,0,0.16,0.63,23.58,3.96,0.08,,896.98
A3Z physicality,Defensemen,Defensemen,A3Z tracked games; five on five,2021–22,20212022,166,8480196,Jacob Bryson,D,-2.16,5,312.38,318.03,20,0.27,-0.71,-0.38,-0.33,0.02,FALSE,,0,FALSE,-0.82,21.63,-1.54,-0.32,1.04,,69,177,2,3,13,7,39,31,29,23,109,5,103,120,5,12,6,3,14,31,8,3,0,0,17,35,12,0,0,15,31,21,0,0,2,12,12,0,9,0,0,2.88,5.95,4.03,0,0,0.38,0,0,48.11,0,0.38,0.58,19.78,5.95,0.05,,1338.37
A3Z physicality,Defensemen,Defensemen,A3Z tracked games; five on five,2021–22,20212022,167,8475233,David Savard,D,0.81,5,268.52,275.42,16,0.26,-0.17,0.16,-0.33,0.02,FALSE,,0,FALSE,-0.83,21.16,0.02,-0.49,-0.35,,73,235,0,2,7,2,23,18,30,17,110,9,76,100,10,11,13,1,7,34,17,14,0,0,10,25,25,0,0,27,20,27,0,2,3,12,12,0,7,0,0,6.03,4.47,6.03,0,0.45,0.67,0,0,50.46,0,0,0.45,16.98,4.02,0.08,,1289.02
A3Z physicality,Defensemen,Defensemen,A3Z tracked games; five on five,2021–22,20212022,168,8476879,Cody Ceci,D,0.44,4,668.67,671.65,38,0.49,-0.24,0.09,-0.33,0,FALSE,,0,FALSE,-0.83,20.7,0.16,-0.77,-0.22,,75,210,0,8,21,12,70,32,76,57,205,19,167,221,20,24,19,11,25,76,35,45,0,0,43,76,73,1,0,50,76,43,0,3,0,59,59,0,47,0,1,4.49,6.82,3.86,0,0.27,0,0,0.02,54.45,0,0,0.72,14.99,2.87,0.09,,1629.92
A3Z physicality,Defensemen,Defensemen,A3Z tracked games; five on five,2021–22,20212022,169,8477220,Nate Schmidt,D,-0.74,3,567.9,574.7,34,0.44,-0.49,-0.15,-0.34,-0.06,FALSE,,0,FALSE,-0.84,20.23,-0.97,-0.13,0.26,,72,197,0,7,30,29,85,36,77,55,225,18,193,241,20,29,22,4,35,85,27,44,1,0,68,121,87,0,0,16,31,41,0,2,3,69,69,0,41,2,0,1.69,3.28,4.33,0,0.21,0.32,0,0,54.08,0.05,0,0.74,20.39,3.8,0.08,,1556.17
A3Z physicality,Defensemen,Defensemen,A3Z tracked games; five on five,2021–22,20212022,170,8474578,Erik Karlsson,D,-1.16,1,198.87,200.35,11,0.22,-0.5,-0.17,-0.34,0.06,FALSE,,0,FALSE,-0.84,19.77,-1.72,0.28,0.6,,72,185,0,1,8,5,38,14,42,33,66,3,88,115,16,13,9,10,11,43,16,22,1,0,28,44,44,1,0,3,13,10,0,1,1,29,29,0,22,1,0,0.91,3.92,3.02,0,0.3,0.3,0,0,46.1,0.05,0,0.3,26.55,4.22,0.05,,1173.52
A3Z physicality,Defensemen,Defensemen,A3Z tracked games; five on five,2021–22,20212022,171,8471677,Jack Johnson,D,0.71,4,533.7,538.38,38,0.51,-0.18,0.15,-0.34,0,FALSE,,0,FALSE,-0.85,19.3,0.03,-0.5,-0.38,,74,225,0,1,15,18,57,31,49,35,202,21,144,184,16,26,14,2,21,60,17,32,0,0,42,65,61,1,0,47,39,28,0,3,3,38,38,0,26,2,0,5.28,4.38,3.15,0,0.34,0.34,0,0,54.58,0.08,0,0.11,16.19,3.49,0.1,,1239.37
A3Z physicality,Defensemen,Defensemen,A3Z tracked games; five on five,2021–22,20212022,172,8479323,Adam Fox,D,-1.4,1,585.87,591.3,34,0.44,-0.55,-0.21,-0.34,0.06,FALSE,,0,FALSE,-0.86,18.84,-1.89,0.31,0.71,,71,185,2,11,33,38,106,15,114,83,188,35,196,249,11,23,31,9,47,113,39,32,0,5,91,155,73,4,0,13,47,55,0,2,6,68,68,1,56,4,3,1.33,4.81,5.63,0,0.2,0.61,0.01,0.05,42.11,0.07,0.2,1.13,20.07,1.54,0.19,,1864.75
A3Z physicality,Defensemen,Defensemen,A3Z tracked games; five on five,2021–22,20212022,173,8475208,Brian Dumoulin,D,0.85,1,595.32,599.72,32,0.42,-0.15,0.19,-0.35,0.06,FALSE,,0,FALSE,-0.87,18.37,-0.84,0.29,-0.32,,76,215,0,7,22,21,105,34,93,61,253,34,211,255,15,18,32,3,38,104,32,45,1,1,50,97,79,1,0,28,65,53,0,2,2,65,65,0,38,1,0,2.82,6.55,5.34,0,0.2,0.2,0,0,53.01,0.03,0,0.71,21.27,3.43,0.13,,1658.17
A3Z physicality,Defensemen,Defensemen,A3Z tracked games; five on five,2021–22,20212022,174,8476850,Ryan Murray,D,-0.19,2,242.05,245.13,20,0.54,-0.39,-0.04,-0.35,-0.02,FALSE,,0,FALSE,-0.88,17.91,-0.66,-0.28,0.05,,73,206,0,2,6,10,27,12,29,20,87,8,71,76,4,11,9,1,15,38,4,9,0,0,27,35,22,1,0,13,14,19,0,0,0,15,15,1,12,0,0,3.22,3.47,4.71,0,0,0,0.07,0,54.63,0,0,0.5,17.6,2.97,0.09,,521.23
A3Z physicality,Defensemen,Defensemen,A3Z tracked games; five on five,2021–22,20212022,175,8479371,Dante Fabbro,D,-0.64,3,422.92,430.23,25,0.38,-0.49,-0.14,-0.35,-0.06,FALSE,,0,FALSE,-0.89,17.44,-1.24,0.13,0.22,,72,200,3,10,20,11,87,16,76,56,176,22,151,188,20,10,20,1,38,86,25,40,0,0,47,91,56,0,0,21,58,31,0,0,2,43,43,1,29,0,2,2.98,8.23,4.4,0,0,0.28,0.02,0.07,52.8,0,0.43,1.42,21.42,2.27,0.12,,1257.45
A3Z physicality,Defensemen,Defensemen,A3Z tracked games; five on five,2021–22,20212022,176,8474151,Ryan McDonagh,D,0.16,3,500.48,507.35,29,0.41,-0.37,-0.02,-0.36,-0.06,FALSE,,0,FALSE,-0.89,16.98,-0.55,-0.26,-0.08,,73,216,0,5,25,16,84,20,95,72,178,14,176,241,21,25,23,6,34,85,46,39,0,1,46,86,78,2,0,35,24,44,0,0,2,61,61,1,42,0,0,4.2,2.88,5.27,0,0,0.24,0.02,0,50.54,0,0,0.6,21.1,2.4,0.08,,1593.5
A3Z physicality,Defensemen,Defensemen,A3Z tracked games; five on five,2021–22,20212022,177,8475750,Jon Merrill,D,0.23,5,476.9,481.58,33,0.48,-0.31,0.05,-0.36,0.02,FALSE,,0,FALSE,-0.9,16.51,-0.64,-0.17,-0.08,,75,204,1,3,15,14,88,23,66,44,186,14,169,210,16,17,22,3,21,64,34,32,1,1,32,69,52,0,1,23,73,42,0,1,0,41,41,0,33,0,0,2.89,9.18,5.28,0,0.13,0,0,0,53.85,0,0.13,0.38,21.26,2.89,0.08,,1180.78
A3Z physicality,Defensemen,Defensemen,A3Z tracked games; five on five,2021–22,20212022,178,8475747,Patrik Nemeth,D,1.37,3,361.57,366.02,26,0.41,-0.2,0.16,-0.36,-0.06,TRUE,entryDenialShare,0,FALSE,-0.91,16.05,0.38,-0.75,-0.54,,76,230,2,3,14,5,43,20,32,16,121,4,113,129,11,14,16,0,10,46,12,28,0,0,19,29,44,0,0,28,64,38,0,2,0,32,32,2,20,0,0,4.65,10.62,6.31,0,0.33,0,0.06,0,50.81,0,0.33,0.5,18.75,3.32,0.03,,1047.97
A3Z physicality,Defensemen,Defensemen,A3Z tracked games; five on five,2021–22,20212022,179,8476853,Morgan Rielly,D,0.26,4,652.65,651.5,36,0.44,-0.33,0.05,-0.38,0,FALSE,,0,FALSE,-0.96,15.58,-0.67,-0.17,-0.12,,73,219,4,5,31,21,113,23,130,111,217,18,221,310,22,35,19,20,47,100,64,58,0,3,74,137,113,2,2,28,57,34,0,6,2,102,102,2,79,2,2,2.57,5.24,3.13,0,0.55,0.18,0.02,0.03,46.53,0.03,0.37,0.46,20.32,2.11,0.08,,1946.52
A3Z physicality,Defensemen,Defensemen,A3Z tracked games; five on five,2021–22,20212022,180,8480800,Quinn Hughes,D,-1.82,5,473.92,476.52,25,0.33,-0.7,-0.32,-0.38,0.02,TRUE,hitsPer60,0,FALSE,-0.96,15.12,-2.05,0.21,0.88,,70,180,1,3,22,38,112,25,98,77,162,10,203,258,16,21,21,12,42,94,38,35,0,3,86,139,77,1,0,4,31,19,0,1,0,41,41,0,31,0,0,0.51,3.92,2.41,0,0.13,0,0,0,55.97,0,0.13,0.38,25.7,3.17,0.06,,1919.12
A3Z physicality,Defensemen,Defensemen,A3Z tracked games; five on five,2021–22,20212022,181,8476779,Brad Hunt,D,-2.16,5,218.05,221.77,16,0.32,-0.81,-0.38,-0.43,0.02,FALSE,,0,FALSE,-1.08,14.65,-1.12,-1,1.04,,69,177,0,2,6,5,16,9,21,9,87,5,58,71,11,6,12,0,6,34,7,15,0,0,15,25,29,0,0,8,26,13,0,0,0,20,20,0,18,2,0,2.2,7.15,3.58,0,0,0,0,0,56.65,0.11,0,0.55,15.96,2.48,0.06,,762.65
A3Z physicality,Defensemen,Defensemen,A3Z tracked games; five on five,2021–22,20212022,182,8479980,Nicolas Hague,D,2.38,5,399,400.42,24,0.46,0.01,0.45,-0.44,0.02,FALSE,,0,FALSE,-1.1,14.19,-0.15,0.13,-1.09,,78,245,0,3,14,10,61,24,58,30,151,14,146,185,19,16,28,1,15,79,20,57,0,1,26,66,108,3,0,33,65,30,0,3,2,72,72,1,50,0,0,4.96,9.77,4.51,0,0.45,0.3,0.01,0,51.58,0,0,0.45,21.95,3.61,0.09,,970.38
A3Z physicality,Defensemen,Defensemen,A3Z tracked games; five on five,2021–22,20212022,183,8477447,Shea Theodore,D,-0.26,2,648.63,651.98,34,0.44,-0.49,-0.05,-0.44,-0.02,FALSE,,0,FALSE,-1.11,13.72,-1.31,0.13,0.07,,74,197,2,8,27,22,114,39,130,95,262,25,242,318,29,25,35,9,54,127,51,76,0,4,73,134,151,4,1,16,62,45,0,2,3,107,107,3,77,3,0,1.48,5.74,4.16,0,0.19,0.28,0.03,0,53.6,0.04,0.19,0.74,22.39,3.61,0.1,,1804.45
A3Z physicality,Defensemen,Defensemen,A3Z tracked games; five on five,2021–22,20212022,184,8476891,Matt Grzelcyk,D,-1.82,2,451.98,458.42,29,0.4,-0.69,-0.24,-0.46,-0.02,FALSE,,0,FALSE,-1.15,13.26,-1.95,0.24,0.56,,70,180,2,5,12,15,76,27,70,60,151,19,160,195,15,23,10,4,38,71,20,43,2,2,42,77,74,1,0,10,23,25,0,0,2,57,57,0,42,1,0,1.33,3.05,3.32,0,0,0.27,0,0,52.77,0.02,0.27,0.66,21.24,3.58,0.13,,1367.08
A3Z physicality,Defensemen,Defensemen,A3Z tracked games; five on five,2021–22,20212022,185,8477359,Tucker Poolman,D,-0.19,5,189.62,191.35,13,0.32,-0.48,-0.02,-0.46,0.02,FALSE,,0,FALSE,-1.15,12.79,-0.77,-0.49,0.11,,74,199,0,2,9,7,28,11,33,19,57,2,67,88,7,10,14,4,9,30,22,12,0,1,16,25,25,0,0,14,17,21,0,0,1,19,19,0,14,0,0,4.43,5.38,6.64,0,0,0.32,0,0,46.32,0,0,0.63,21.2,3.48,0.04,,680.05
A3Z physicality,Defensemen,Defensemen,A3Z tracked games; five on five,2021–22,20212022,186,8475197,Tyson Barrie,D,-0.99,1,526.3,530.32,35,0.48,-0.6,-0.13,-0.46,0.06,FALSE,,0,FALSE,-1.17,12.33,-0.78,-0.91,0.52,,71,197,1,4,26,17,52,27,60,42,191,7,132,175,29,13,18,1,26,67,28,44,0,0,44,83,86,0,0,15,51,34,0,4,1,62,62,0,46,3,1,1.71,5.81,3.88,0,0.46,0.11,0,0.02,49.54,0.07,0.11,0.46,15.05,3.08,0.04,,1384.27
A3Z physicality,Defensemen,Defensemen,A3Z tracked games; five on five,2021–22,20212022,187,8471873,Anton Stralman,D,-1.12,2,334.1,339.18,19,0.26,-0.62,-0.15,-0.47,-0.02,FALSE,,0,FALSE,-1.18,11.86,-0.81,-0.72,0.34,,71,193,0,2,9,9,36,14,46,36,123,6,90,117,12,13,10,2,22,49,13,18,0,1,20,48,36,1,0,18,25,18,0,0,0,29,29,2,23,1,1,3.23,4.49,3.23,0,0,0,0.07,0.04,50.54,0.04,0,0.36,16.16,2.51,0.05,,1579.07
A3Z physicality,Defensemen,Defensemen,A3Z tracked games; five on five,2021–22,20212022,188,8476463,Jonas Brodin,D,-0.29,4,575,581.25,33,0.45,-0.55,-0.07,-0.48,0,FALSE,,0,FALSE,-1.21,11.4,-1.48,0.08,0.19,,74,196,3,5,17,11,89,37,85,54,250,26,197,239,8,17,31,11,26,84,40,33,1,2,43,84,63,0,0,12,48,43,0,4,1,50,50,1,40,1,0,1.25,5.01,4.49,0,0.42,0.1,0.02,0,55.51,0.03,0.31,0.52,20.56,3.86,0.1,,1711.03
A3Z physicality,Defensemen,Defensemen,A3Z tracked games; five on five,2021–22,20212022,189,8477488,Brett Pesce,D,0.3,1,489.52,500.33,29,0.41,-0.4,0.09,-0.49,0.06,TRUE,botchedRetrievalsPer60,0,FALSE,-1.24,10.93,-0.69,-0.48,-0.06,,75,206,1,7,21,6,56,8,72,41,165,27,109,140,6,9,31,8,18,77,30,62,0,4,39,68,102,1,0,14,27,41,0,3,1,63,63,1,50,0,0,1.72,3.31,5.03,0,0.37,0.12,0.02,0,56.65,0,0.12,0.86,13.36,0.98,0.16,,1519.05
A3Z physicality,Defensemen,Defensemen,A3Z tracked games; five on five,2021–22,20212022,190,8476988,Matthew Benning,D,0.29,5,325.47,326.4,23,0.35,-0.44,0.07,-0.5,0.02,FALSE,,0,FALSE,-1.27,10.47,-0.57,-0.59,-0.11,,73,220,1,4,12,6,39,11,31,21,118,9,100,115,10,20,10,1,15,42,7,30,0,0,12,28,36,0,0,35,30,15,0,0,3,24,24,0,21,0,0,6.45,5.53,2.77,0,0,0.55,0,0,49.65,0,0.18,0.74,18.44,2.03,0.08,,1061.92
A3Z physicality,Defensemen,Defensemen,A3Z tracked games; five on five,2021–22,20212022,191,8477851,Jordan Oesterle,D,-1.29,2,203.33,203.17,12,0.27,-0.69,-0.17,-0.52,-0.02,FALSE,,0,FALSE,-1.3,10,-1.96,0.26,0.39,,72,181,0,1,11,4,27,13,28,17,69,8,75,100,17,10,11,3,11,37,8,12,0,0,22,37,24,0,0,3,19,9,0,0,0,16,16,0,15,1,0,0.89,5.61,2.66,0,0,0,0,0,51.54,0.07,0,0.3,22.13,3.84,0.12,,822.92
A3Z physicality,Defensemen,Defensemen,A3Z tracked games; five on five,2021–22,20212022,192,8477205,Andrej Sustr,D,1.65,3,154.93,153.8,13,0.34,-0.32,0.2,-0.53,-0.06,TRUE,blockedShotsPer60; entryDenialShare,0,FALSE,-1.33,9.53,0.29,-0.97,-0.65,,79,217,0,4,2,0,10,11,8,6,48,1,42,57,10,5,2,0,1,13,5,9,0,0,4,7,15,0,0,10,20,1,0,3,0,10,10,0,7,2,0,3.87,7.75,0.39,0,1.16,0,0,0,43.34,0.29,0,1.55,16.27,4.26,0.02,,559.48
A3Z physicality,Defensemen,Defensemen,A3Z tracked games; five on five,2021–22,20212022,193,8475764,Cam Fowler,D,0.3,2,429.17,436.32,24,0.32,-0.5,0.02,-0.53,-0.02,FALSE,,0,FALSE,-1.33,9.07,-1.53,0.3,-0.1,,74,213,1,2,16,13,70,30,72,43,158,15,174,201,11,18,29,3,28,86,24,29,1,1,37,76,52,0,0,9,25,24,0,1,1,33,33,1,26,1,0,1.26,3.5,3.36,0,0.14,0.14,0.03,0,46.49,0.04,0.14,0.28,24.33,4.19,0.09,,1855.63
A3Z physicality,Defensemen,Defensemen,A3Z tracked games; five on five,2021–22,20212022,194,8474590,John Carlson,D,0.78,2,521.52,526.68,31,0.4,-0.45,0.08,-0.53,-0.02,FALSE,,0,FALSE,-1.34,8.6,-1.06,-0.02,-0.25,,75,220,3,12,31,24,83,24,94,62,167,15,191,251,29,25,32,4,37,97,46,51,0,6,53,105,98,1,1,19,34,31,0,2,3,77,77,1,55,2,2,2.19,3.91,3.57,0,0.23,0.35,0.01,0.04,50.61,0.04,0.35,1.38,21.97,2.76,0.09,,1857.25
A3Z physicality,Defensemen,Defensemen,A3Z tracked games; five on five,2021–22,20212022,195,8476958,Jaccob Slavin,D,0.33,5,594.42,604.67,34,0.43,-0.46,0.07,-0.53,0.02,FALSE,,0,FALSE,-1.34,8.14,-1.59,0.38,-0.13,,75,207,0,12,33,21,94,23,134,81,256,38,210,263,16,27,53,7,46,155,43,60,0,2,68,127,104,0,0,14,46,38,0,2,2,79,79,2,56,2,0,1.41,4.64,3.84,0,0.2,0.2,0.03,0,52.5,0.04,0,1.21,21.2,2.32,0.15,,1858.87
A3Z physicality,Defensemen,Defensemen,A3Z tracked games; five on five,2021–22,20212022,196,8478055,Gustav Forsling,D,-0.43,1,535.72,545.92,31,0.44,-0.58,-0.04,-0.55,0.06,FALSE,,0,FALSE,-1.39,7.67,-1.33,-0.33,0.27,,73,199,1,10,25,10,71,17,73,57,216,30,139,168,12,23,16,5,39,76,21,75,0,1,30,71,119,2,0,18,47,25,0,2,3,70,70,0,53,0,0,2.02,5.26,2.8,0,0.22,0.34,0,0,51.34,0,0.11,1.12,15.57,1.9,0.14,,1506.87
A3Z physicality,Defensemen,Defensemen,A3Z tracked games; five on five,2021–22,20212022,197,8478397,Rasmus Andersson,D,-0.33,1,526.48,532.28,33,0.4,-0.57,-0.02,-0.55,0.06,FALSE,,0,FALSE,-1.4,7.21,-1.29,-0.33,0.22,,73,202,3,5,43,20,79,28,63,42,177,14,160,194,14,16,21,4,23,64,31,31,2,4,66,107,53,0,1,15,31,41,0,3,5,48,48,1,34,0,0,1.71,3.53,4.67,0,0.34,0.57,0.02,0,52.33,0,0.34,0.57,18.23,3.19,0.08,,1859.32
A3Z physicality,Defensemen,Defensemen,A3Z tracked games; five on five,2021–22,20212022,198,8480035,Henri Jokiharju,D,-0.47,4,283.25,290.12,16,0.27,-0.68,-0.11,-0.58,0,FALSE,,0,FALSE,-1.46,6.74,-1.38,-0.37,0.3,,72,205,0,2,10,1,41,16,28,25,105,8,87,113,13,9,3,0,14,30,11,11,0,0,25,42,27,0,0,12,13,17,0,1,2,19,19,0,15,0,0,2.54,2.75,3.6,0,0.21,0.42,0,0,56.82,0,0,0.42,18.43,3.39,0.08,,1312.77
A3Z physicality,Defensemen,Defensemen,A3Z tracked games; five on five,2021–22,20212022,199,8477845,Trevor van Riemsdyk,D,0.44,5,372.98,379.58,26,0.36,-0.49,0.09,-0.58,0.02,FALSE,,0,FALSE,-1.48,6.28,-0.87,-0.43,-0.18,,75,210,1,3,16,10,50,14,46,31,159,14,116,142,11,19,15,7,16,52,16,29,0,0,29,52,49,0,0,13,30,41,0,2,1,36,36,1,26,2,0,2.09,4.83,6.6,0,0.32,0.16,0.03,0,46.11,0.08,0.16,0.48,18.66,2.25,0.09,,1257.7
A3Z physicality,Defensemen,Defensemen,A3Z tracked games; five on five,2021–22,20212022,200,8478460,Zach Werenski,D,0.33,4,343.47,347.4,18,0.26,-0.53,0.07,-0.59,0,FALSE,,0,FALSE,-1.5,5.81,-1.71,0.37,-0.16,,74,214,2,6,13,6,71,14,66,54,124,12,138,161,14,22,12,7,31,69,18,30,2,2,31,69,68,1,0,10,17,20,0,1,1,54,54,0,38,5,1,1.75,2.97,3.49,0,0.17,0.17,0,0.03,43.1,0.13,0.35,1.05,24.11,2.45,0.1,,1744.8
A3Z physicality,Defensemen,Defensemen,A3Z tracked games; five on five,2021–22,20212022,201,8477932,Aaron Ekblad,D,1.03,4,426.2,428.23,25,0.41,-0.38,0.23,-0.6,0,FALSE,,0,FALSE,-1.52,5.35,-0.65,-0.31,-0.56,,76,220,0,4,13,8,60,14,60,48,165,27,112,155,15,15,12,6,23,52,30,46,0,1,52,90,88,3,0,20,20,23,0,3,2,66,66,0,54,2,1,2.82,2.82,3.24,0,0.42,0.28,0,0.02,46.91,0.04,0,0.56,15.77,1.97,0.16,,1520.2
A3Z physicality,Defensemen,Defensemen,A3Z tracked games; five on five,2021–22,20212022,202,8481600,Tobias Bjornfot,D,-0.64,2,402.67,406.12,28,0.4,-0.71,-0.09,-0.61,-0.02,TRUE,defensiveRetrievalsPer60,0,FALSE,-1.55,4.88,-0.9,-0.84,0.19,,72,200,0,1,9,3,45,20,35,28,142,8,89,118,11,6,7,5,12,29,20,18,2,1,20,33,34,0,0,21,55,16,0,0,0,34,34,2,23,1,1,3.13,8.2,2.38,0,0,0,0.06,0.04,51.32,0.04,0,0.15,13.26,2.98,0.06,,1173.4
A3Z physicality,Defensemen,Defensemen,A3Z tracked games; five on five,2021–22,20212022,203,8480865,Noah Dobson,D,0.34,5,600.22,602.22,35,0.44,-0.54,0.07,-0.62,0.02,FALSE,,0,FALSE,-1.56,4.42,-1.72,0.29,-0.13,,76,200,4,5,28,13,119,32,115,89,249,11,280,340,40,41,26,15,56,141,28,82,0,7,45,80,126,0,0,35,56,64,0,1,10,80,80,0,60,3,1,3.5,5.6,6.4,0,0.1,1,0,0.02,52.92,0.05,0.4,0.5,27.99,3.2,0.04,,1716.87
A3Z physicality,Defensemen,Defensemen,A3Z tracked games; five on five,2021–22,20212022,204,8478507,John Marino,D,-0.4,4,523.1,533.68,33,0.41,-0.72,-0.09,-0.63,0,FALSE,,0,FALSE,-1.58,3.95,-1.72,-0.12,0.26,,73,200,2,7,29,21,82,16,85,57,196,23,167,218,15,23,28,7,32,85,37,28,1,3,65,96,44,0,0,26,52,23,0,2,5,40,40,1,28,1,0,2.98,5.96,2.64,0,0.23,0.57,0.03,0,45.18,0.04,0.23,0.8,19.16,1.84,0.12,,1671.58
A3Z physicality,Defensemen,Defensemen,A3Z tracked games; five on five,2021–22,20212022,205,8478408,Travis Dermott,D,-0.64,4,366.87,369.27,26,0.43,-0.78,-0.15,-0.64,0,FALSE,,0,FALSE,-1.61,3.49,-1.49,-0.51,0.39,,72,200,0,7,16,14,52,23,52,38,98,9,101,134,8,7,14,2,22,42,27,15,0,1,32,58,31,0,0,24,31,14,0,1,4,29,29,1,20,1,1,3.93,5.07,2.29,0,0.16,0.65,0.03,0.05,56.04,0.05,0,1.14,16.52,3.76,0.09,,920.12
A3Z physicality,Defensemen,Defensemen,A3Z tracked games; five on five,2021–22,20212022,206,8477950,Tony DeAngelo,D,-0.98,4,458.25,461,29,0.45,-0.88,-0.22,-0.65,0,FALSE,,0,FALSE,-1.65,3.02,-1.24,-1,0.59,,72,190,1,4,28,26,40,12,45,26,157,16,104,128,17,12,19,1,16,57,20,41,1,4,56,99,74,0,1,19,34,30,0,3,4,55,55,0,45,2,0,2.49,4.45,3.93,0,0.39,0.52,0,0,50.01,0.04,0.13,0.52,13.62,1.57,0.1,,1267.75
A3Z physicality,Defensemen,Defensemen,A3Z tracked games; five on five,2021–22,20212022,207,8476892,Colton Parayko,D,1.79,5,547.72,559.85,28,0.35,-0.33,0.34,-0.67,0.02,FALSE,,0,FALSE,-1.7,2.56,-1.05,0.17,-0.81,,78,228,0,9,10,13,92,36,103,64,242,17,217,261,28,23,39,21,30,124,36,25,3,2,27,81,57,0,0,22,32,44,0,4,5,55,55,0,39,1,1,2.41,3.51,4.82,0,0.44,0.55,0,0.03,52.5,0.03,0,0.99,23.77,3.94,0.07,,1884.97
A3Z physicality,Defensemen,Defensemen,A3Z tracked games; five on five,2021–22,20212022,208,8482142,Jamie Drysdale,D,-1.4,5,410.23,406.75,25,0.31,-0.96,-0.24,-0.71,0.02,FALSE,,0,FALSE,-1.8,2.09,-2.43,-0.05,0.68,,71,185,1,3,13,15,56,21,54,42,145,20,119,157,16,16,12,11,17,52,27,28,0,1,23,51,60,3,0,12,27,20,0,0,5,52,52,0,37,2,1,1.76,3.95,2.93,0,0,0.73,0,0.03,48.15,0.05,0.15,0.44,17.4,3.07,0.14,,1610.27
A3Z physicality,Defensemen,Defensemen,A3Z tracked games; five on five,2021–22,20212022,209,8475181,Nick Leddy,D,-0.47,4,500.97,509.38,28,0.37,-1.02,-0.11,-0.91,0,FALSE,,0,FALSE,-2.31,1.63,-1.75,-0.85,0.3,,72,205,0,2,19,18,67,17,79,62,150,9,135,181,19,23,17,20,25,73,33,24,1,0,48,87,37,0,0,12,19,21,0,3,2,28,28,0,19,2,0,1.44,2.28,2.52,0,0.36,0.24,0,0,48.53,0.11,0,0.24,16.17,2.04,0.06,,1606.07
A3Z physicality,Defensemen,Defensemen,A3Z tracked games; five on five,2021–22,20212022,210,8476979,Erik Gustafsson,D,-0.98,4,259.87,263.9,19,0.32,-1.25,-0.22,-1.03,0,FALSE,,0,FALSE,-2.61,1.16,-2.49,-0.71,0.59,,72,190,0,2,4,9,34,15,30,24,97,4,76,94,10,9,6,2,16,31,12,13,1,0,26,46,32,0,0,8,27,17,0,0,1,25,25,0,17,1,0,1.85,6.23,3.93,0,0,0.23,0,0,54.08,0.06,0,0.46,17.55,3.46,0.04,,956.87
A3Z physicality,Defensemen,Defensemen,A3Z tracked games; five on five,2021–22,20212022,211,8470600,Ryan Suter,D,-0.36,4,580.18,589.35,31,0.38,-1.13,-0.09,-1.05,0,FALSE,,0,FALSE,-2.66,0.7,-1.93,-0.97,0.24,,73,201,1,4,21,13,66,16,71,50,232,19,141,188,21,18,21,3,28,81,25,38,0,2,46,80,62,1,0,12,28,21,0,2,0,50,50,0,30,0,0,1.24,2.9,2.17,0,0.21,0,0,0,51.87,0,0.1,0.41,14.58,1.65,0.08,,1939.75
A3Z physicality,Defensemen,Defensemen,A3Z tracked games; five on five,2021–22,20212022,212,8477948,Travis Sanheim,D,1.09,4,572.43,576.95,31,0.39,-0.88,0.24,-1.12,0,FALSE,,0,FALSE,-2.84,0.23,-2.16,-0.08,-0.6,,76,222,2,3,39,25,94,33,86,67,236,23,188,241,30,21,19,9,43,96,24,43,1,4,60,101,76,0,1,12,69,34,0,4,3,54,54,1,38,1,2,1.26,7.23,3.56,0,0.42,0.31,0.02,0.05,46.36,0.03,0.21,0.31,19.71,3.46,0.1,,1837.6
A3Z physicality,Defensemen,Defensemen,A3Z tracked games; five on five,2022–23,20222023,1,8476885,Jacob Trouba,D,0.45,1,471.77,483.45,28,0.34,1.11,0.06,1.05,0.02,TRUE,fightsPer60,0,FALSE,3.99,99.75,3.3,0.81,-0.13,,75,212,1,9,17,12,70,47,73,45,165,17,156,245,38,28,28,4,24,77,31,54,0,1,29,68,88,1,0,71,31,59,5,4,1,70,70,3,53,0,1,9.03,3.94,7.5,0.64,0.51,0.13,0.04,0.02,54.77,0,0.13,1.14,19.84,5.98,0.1,,1738.07
A3Z physicality,Defensemen,Defensemen,A3Z tracked games; five on five,2022–23,20222023,2,8475462,Radko Gudas,D,-0.42,4,287.93,293.13,21,0.29,0.65,-0.01,0.67,0.02,TRUE,contactPenaltiesTakenPer60,0,FALSE,2.54,99.26,2.04,0.36,0.14,,72,208,1,3,12,4,37,17,51,28,108,19,96,138,15,21,23,1,17,55,21,39,0,0,23,42,55,1,0,79,36,23,1,9,1,41,41,1,24,0,1,16.46,7.5,4.79,0.21,1.88,0.21,0.02,0.04,57.31,0,0.21,0.63,20,3.54,0.18,,1249.98
A3Z physicality,Defensemen,Defensemen,A3Z tracked games; five on five,2022–23,20222023,3,8476875,Mike Matheson,D,-0.34,1,186.25,187.4,10,0.21,0.61,-0.01,0.63,0.02,FALSE,,0,FALSE,2.39,98.77,1.21,1.03,0.16,,74,196,0,0,5,4,29,18,32,28,76,10,59,90,9,11,4,10,8,19,14,14,0,0,11,27,31,0,0,15,9,11,0,0,0,18,18,0,14,0,0,4.83,2.9,3.54,0,0,0,0,0,46.46,0,0,0,19.01,5.8,0.13,,1173.68
A3Z physicality,Defensemen,Defensemen,A3Z tracked games; five on five,2022–23,20222023,4,8482964,Arber Xhekaj,D,1.66,3,213.83,216.98,15,0.29,0.69,0.09,0.6,-0.01,FALSE,,0,FALSE,2.29,98.28,2.1,0.53,-0.34,,76,240,0,3,4,3,28,22,24,23,91,7,51,99,6,8,1,3,8,15,14,22,0,0,15,32,37,0,0,46,16,15,2,2,0,28,28,0,20,0,0,12.91,4.49,4.21,0.56,0.56,0,0,0,55.76,0,0,0.84,14.31,6.17,0.08,,778.8
A3Z physicality,Defensemen,Defensemen,A3Z tracked games; five on five,2022–23,20222023,5,8480160,Radim Simek,D,-0.56,5,184.23,187.87,14,0.32,0.45,-0.14,0.58,-0.08,TRUE,blockedShotsPer60,0,FALSE,2.23,97.78,1.62,0.37,0.25,,72,204,1,7,13,7,37,9,50,37,65,7,76,108,11,14,13,3,23,50,14,11,0,0,20,34,21,2,0,27,21,30,1,2,1,16,16,1,13,0,0,8.79,6.84,9.77,0.33,0.65,0.33,0.06,0,42.9,0,0.33,2.28,24.75,2.93,0.11,,643.43
A3Z physicality,Defensemen,Defensemen,A3Z tracked games; five on five,2022–23,20222023,6,8477365,Connor Clifton,D,-0.83,5,365.72,376.03,23,0.29,0.31,-0.18,0.48,-0.08,FALSE,,0,FALSE,1.85,97.29,1.32,0.13,0.4,,72,196,2,3,19,11,64,27,46,38,142,11,115,180,16,14,8,8,17,39,23,22,0,1,35,59,48,2,0,56,47,37,1,4,2,40,40,1,30,1,0,9.19,7.71,6.07,0.16,0.66,0.33,0.03,0,48.51,0.03,0.33,0.49,18.87,4.43,0.08,,1392.75
A3Z physicality,Defensemen,Defensemen,A3Z tracked games; five on five,2022–23,20222023,7,8474568,Luke Schenn,D,0.65,2,335.73,339.95,23,0.33,0.54,0.07,0.47,0.04,TRUE,hitsPer60,0,FALSE,1.81,96.8,2.05,-0.15,-0.09,,74,225,0,6,13,9,38,15,49,37,144,16,92,157,16,16,12,0,12,37,30,36,0,0,27,44,50,1,0,96,22,37,2,4,1,32,32,1,21,1,0,17.16,3.93,6.61,0.36,0.71,0.18,0.03,0,59.59,0.05,0,1.07,16.44,2.68,0.11,,1144.83
A3Z physicality,Defensemen,Defensemen,A3Z tracked games; five on five,2022–23,20222023,8,8479388,Riley Stillman,D,0.04,5,211.53,213.2,15,0.3,0.41,-0.05,0.46,-0.08,FALSE,,0,FALSE,1.77,96.31,2.8,-0.96,-0.07,,74,207,0,1,10,7,21,6,24,15,83,7,48,69,9,5,9,2,5,29,10,22,1,0,13,22,26,0,0,38,14,11,1,1,2,13,13,0,8,0,0,10.78,3.97,3.12,0.28,0.28,0.57,0,0,53.6,0,0,0.28,13.61,1.7,0.08,,732.13
A3Z physicality,Defensemen,Defensemen,A3Z tracked games; five on five,2022–23,20222023,9,8479425,Filip Hronek,D,-1.04,5,263.3,267.23,16,0.25,0.25,-0.21,0.45,-0.08,FALSE,,0,FALSE,1.73,95.81,0.98,0.24,0.51,,72,190,0,2,7,9,30,17,41,26,97,11,76,121,10,16,15,7,7,39,22,16,0,1,17,33,34,1,0,29,16,10,0,3,1,37,37,1,24,0,1,6.61,3.65,2.28,0,0.68,0.23,0.03,0.04,51.4,0,0,0.46,17.32,3.87,0.11,,1388.78
A3Z physicality,Defensemen,Defensemen,A3Z tracked games; five on five,2022–23,20222023,10,8481072,Tim Berni,D,-0.97,4,185.65,188.03,12,0.2,0.35,-0.06,0.41,0.02,FALSE,,0,FALSE,1.55,95.32,1.37,-0.13,0.31,,72,192,0,0,3,3,33,10,27,18,91,8,62,86,11,7,9,5,5,21,11,9,1,0,9,19,15,1,0,30,14,14,0,3,0,15,15,1,11,1,0,9.7,4.52,4.52,0,0.97,0,0.07,0,44.28,0.09,0,0,20.04,3.23,0.09,,1000.9
A3Z physicality,Defensemen,Defensemen,A3Z tracked games; five on five,2022–23,20222023,11,8481122,Simon Benoit,D,0.63,1,296.37,301.6,20,0.26,0.46,0.08,0.39,0.02,FALSE,,0,FALSE,1.48,94.83,2.18,-0.51,-0.19,,76,210,2,4,5,3,28,19,15,10,141,7,59,98,19,11,5,3,2,8,10,17,0,0,8,19,28,0,0,61,21,23,1,1,3,23,23,0,15,0,0,12.35,4.25,4.66,0.2,0.2,0.61,0,0,48.27,0,0.4,0.81,11.94,3.85,0.05,,1509.23
A3Z physicality,Defensemen,Defensemen,A3Z tracked games; five on five,2022–23,20222023,12,8480817,K'Andre Miller,D,0.88,1,496.45,507.78,27,0.34,0.48,0.1,0.38,0.02,FALSE,,0,FALSE,1.46,94.33,1.13,0.61,-0.27,,77,210,2,8,31,12,87,36,67,46,221,29,151,219,24,17,21,11,20,70,28,39,0,1,46,83,71,0,1,59,34,30,0,4,1,57,57,1,39,3,2,7.13,4.11,3.63,0,0.48,0.12,0.02,0.05,47.89,0.08,0.24,0.97,18.25,4.35,0.13,,1734.22
A3Z physicality,Defensemen,Defensemen,A3Z tracked games; five on five,2022–23,20222023,13,8476917,Adam Pelech,D,0.45,1,337.08,342.17,20,0.33,0.43,0.06,0.37,0.02,FALSE,,0,FALSE,1.43,93.84,0.64,0.92,-0.13,,75,212,0,8,13,6,61,35,54,36,124,13,122,189,15,28,18,6,13,47,31,26,1,0,20,37,51,1,0,30,30,24,0,4,0,33,33,1,21,1,1,5.34,5.34,4.27,0,0.71,0,0.03,0.05,53.24,0.05,0,1.42,21.72,6.23,0.1,,1320.77
A3Z physicality,Defensemen,Defensemen,A3Z tracked games; five on five,2022–23,20222023,14,8475906,John Klingberg,D,-0.72,4,391.85,394.65,24,0.36,0.33,-0.04,0.37,0.02,TRUE,botchedRetrievalsPer60,0,FALSE,1.41,93.35,0.37,0.81,0.23,,74,185,0,2,16,9,67,41,58,53,137,5,117,185,23,21,5,9,26,50,25,22,1,4,34,64,44,1,1,30,39,27,0,4,0,33,33,1,18,1,0,4.59,5.97,4.13,0,0.61,0,0.03,0,52.35,0.06,0,0.31,17.92,6.28,0.04,,1381.83
A3Z physicality,Defensemen,Defensemen,A3Z tracked games; five on five,2022–23,20222023,15,8473507,Jeff Petry,D,0.32,1,307.82,312.23,19,0.31,0.41,0.05,0.36,0.02,FALSE,,0,FALSE,1.37,92.86,1.55,-0.1,-0.08,,75,208,0,3,23,11,39,20,44,36,143,11,86,150,22,17,8,7,12,39,24,33,0,0,35,64,52,0,0,47,33,28,0,2,0,44,44,0,29,1,0,9.16,6.43,5.46,0,0.39,0,0,0,53.74,0.03,0,0.58,16.76,3.9,0.08,,1362.93
A3Z physicality,Defensemen,Defensemen,A3Z tracked games; five on five,2022–23,20222023,16,8475200,Dmitry Orlov,D,-0.43,1,330.83,337.55,19,0.29,0.32,-0.02,0.34,0.02,FALSE,,0,FALSE,1.31,92.36,1.49,-0.37,0.19,,71,215,0,3,23,17,61,15,55,52,137,12,86,121,8,7,3,13,25,42,21,23,0,2,52,83,41,0,0,38,13,20,0,0,1,34,34,0,27,4,0,6.89,2.36,3.63,0,0,0.18,0,0,47.46,0.15,0,0.54,15.6,2.72,0.09,,1488
A3Z physicality,Defensemen,Defensemen,A3Z tracked games; five on five,2022–23,20222023,17,8479998,Mikey Anderson,D,-0.87,1,461.72,469.55,26,0.34,0.27,-0.06,0.33,0.02,FALSE,,0,FALSE,1.28,91.87,0.78,0.16,0.34,,72,195,0,3,18,13,56,27,52,43,225,28,82,182,19,5,9,7,5,19,45,32,0,0,31,64,65,1,2,55,52,28,0,4,1,49,49,1,31,1,1,7.15,6.76,3.64,0,0.52,0.13,0.02,0.03,47.71,0.03,0,0.39,10.66,3.51,0.12,,1667.82
A3Z physicality,Defensemen,Defensemen,A3Z tracked games; five on five,2022–23,20222023,18,8471724,Kris Letang,D,-0.73,1,390.48,391.67,20,0.31,0.28,-0.05,0.33,0.02,FALSE,,0,FALSE,1.26,91.38,0.72,0.25,0.29,,72,199,1,3,22,9,79,26,71,55,160,15,168,236,22,34,16,7,26,76,27,38,1,4,37,84,67,0,0,43,36,28,0,0,2,53,53,2,36,1,3,6.61,5.53,4.3,0,0,0.31,0.04,0.08,50.21,0.03,0.15,0.46,25.81,4,0.09,,1590.88
A3Z physicality,Defensemen,Defensemen,A3Z tracked games; five on five,2022–23,20222023,19,8474145,Robert Bortuzzo,D,0.49,4,159.15,160.95,16,0.37,0.38,0.06,0.32,0.02,FALSE,,0,FALSE,1.22,90.89,1.6,-0.24,-0.14,,76,206,0,3,3,0,13,9,15,9,51,6,37,58,14,4,6,2,5,21,9,14,0,0,8,12,18,0,0,24,9,12,1,1,1,13,13,0,9,0,0,9.05,3.39,4.52,0.38,0.38,0.38,0,0,34.06,0,0,1.13,13.95,3.39,0.12,,540.37
A3Z physicality,Defensemen,Defensemen,A3Z tracked games; five on five,2022–23,20222023,20,8477335,Kyle Burroughs,D,-0.94,3,196.68,199.18,12,0.25,0.26,-0.05,0.31,-0.01,TRUE,hitsReceivedPer60,0,FALSE,1.2,90.39,0.99,0.03,0.18,,72,193,0,2,5,6,24,13,27,19,67,4,58,94,12,9,8,1,7,19,17,15,1,0,11,22,22,0,0,37,39,19,0,1,1,18,18,0,15,0,0,11.29,11.9,5.8,0,0.31,0.31,0,0,49.82,0,0,0.61,17.69,3.97,0.06,,833.43
A3Z physicality,Defensemen,Defensemen,A3Z tracked games; five on five,2022–23,20222023,21,8475762,Derek Forbort,D,0.84,3,259.13,263.98,18,0.33,0.35,0.04,0.31,-0.01,FALSE,,0,FALSE,1.19,89.9,0.86,0.51,-0.18,,76,216,1,1,5,3,43,22,39,35,116,17,71,130,8,12,4,2,16,24,22,20,0,0,13,34,29,0,0,28,25,21,1,1,0,18,18,0,13,0,0,6.48,5.79,4.86,0.23,0.23,0,0,0,58.3,0,0.23,0.23,16.44,5.09,0.15,,957.53
A3Z physicality,Defensemen,Defensemen,A3Z tracked games; five on five,2022–23,20222023,22,8475625,Matt Irwin,D,-0.2,3,185.02,184.83,15,0.25,0.3,-0.01,0.31,-0.01,FALSE,,0,FALSE,1.18,89.41,1.3,-0.15,0.03,,74,200,0,0,4,4,30,8,30,19,93,7,70,102,16,12,11,3,8,32,11,16,0,0,12,15,30,0,0,33,29,20,0,1,0,27,27,0,24,2,0,10.7,9.4,6.49,0,0.32,0,0,0,54.13,0.08,0,0,22.7,2.59,0.08,,795.32
A3Z physicality,Defensemen,Defensemen,A3Z tracked games; five on five,2022–23,20222023,23,8480950,Ilya Lyubushkin,D,0,4,265.3,269.45,20,0.29,0.31,0.02,0.29,0.02,FALSE,,0,FALSE,1.11,88.92,0.31,0.79,0.01,,74,206,0,5,5,5,45,25,25,22,89,9,72,111,8,10,3,2,10,23,11,14,0,1,22,39,18,1,0,34,29,21,0,4,2,14,14,0,11,0,0,7.69,6.56,4.75,0,0.9,0.45,0,0,51.34,0,0,1.13,16.28,5.65,0.1,,1020.6
A3Z physicality,Defensemen,Defensemen,A3Z tracked games; five on five,2022–23,20222023,24,8480058,Pierre-Olivier Joseph,D,-0.72,3,303.58,309.7,23,0.31,0.24,-0.04,0.28,-0.01,FALSE,,0,FALSE,1.08,88.42,0.45,0.49,0.14,,74,185,1,7,14,11,44,25,44,35,99,11,94,152,19,12,9,8,16,45,19,32,0,0,33,54,52,0,0,31,19,14,0,2,1,34,34,0,25,0,0,6.13,3.76,2.77,0,0.4,0.2,0,0,55.73,0,0.2,1.38,18.58,4.94,0.11,,1143.68
A3Z physicality,Defensemen,Defensemen,A3Z tracked games; five on five,2022–23,20222023,25,8476441,Joel Edmundson,D,1.22,5,200.2,204.72,13,0.21,0.39,0.11,0.28,-0.08,FALSE,,0,FALSE,1.07,87.93,1.24,0.55,-0.71,,77,220,0,2,6,3,30,18,19,14,83,8,62,88,13,12,5,2,7,20,8,15,1,0,6,30,23,0,0,23,11,19,0,0,0,21,21,0,13,1,0,6.89,3.3,5.69,0,0,0,0,0,60.03,0.08,0,0.6,18.58,5.39,0.1,,1193.5
A3Z physicality,Defensemen,Defensemen,A3Z tracked games; five on five,2022–23,20222023,26,8471686,Marc Staal,D,0.56,1,386.6,392.13,25,0.3,0.35,0.07,0.28,0.02,FALSE,,0,FALSE,1.07,87.44,0.64,0.59,-0.16,,76,208,0,5,11,3,40,29,28,17,151,20,92,131,17,15,11,2,9,36,8,17,0,0,20,36,34,1,0,38,32,27,0,2,1,21,21,0,11,0,0,5.9,4.97,4.19,0,0.31,0.16,0,0,46.69,0,0,0.78,14.28,4.5,0.13,,1491.88
A3Z physicality,Defensemen,Defensemen,A3Z tracked games; five on five,2022–23,20222023,27,8476473,Connor Murphy,D,0.7,2,449.27,458.58,28,0.35,0.34,0.07,0.28,0.04,FALSE,,0,FALSE,1.06,86.95,0.92,0.24,-0.1,,76,212,0,9,8,7,73,35,61,43,215,13,174,247,30,26,18,3,19,63,27,30,0,0,19,42,44,0,0,62,35,45,0,7,0,26,26,1,18,0,0,8.28,4.67,6.01,0,0.93,0,0.04,0,57.4,0,0,1.2,23.24,4.67,0.06,,1551.2
A3Z physicality,Defensemen,Defensemen,A3Z tracked games; five on five,2022–23,20222023,28,8478468,Jeremy Lauzon,D,0.9,5,298.82,302.65,22,0.33,0.34,0.07,0.27,-0.08,TRUE,defensiveRetrievalsPer60,0,FALSE,1.05,86.45,1.92,-0.34,-0.54,,75,225,0,4,6,1,28,17,22,19,113,14,51,86,12,9,3,1,10,20,10,30,0,0,8,16,46,2,0,75,24,16,0,5,4,36,36,2,22,1,0,15.06,4.82,3.21,0,1,0.8,0.06,0,48.01,0.05,0,0.8,10.24,3.41,0.12,,1128.4
A3Z physicality,Defensemen,Defensemen,A3Z tracked games; five on five,2022–23,20222023,29,8481542,Moritz Seider,D,0.14,5,339.15,342.05,21,0.26,0.23,-0.04,0.27,-0.08,FALSE,,0,FALSE,1.05,85.96,1.31,-0.14,-0.13,,74,210,1,2,15,10,57,12,56,40,125,14,111,157,14,14,16,7,17,53,25,19,0,1,29,47,32,0,0,51,22,25,0,4,1,28,28,0,19,0,0,9.02,3.89,4.42,0,0.71,0.18,0,0,50.43,0,0.18,0.35,19.64,2.12,0.11,,1898.2
A3Z physicality,Defensemen,Defensemen,A3Z tracked games; five on five,2022–23,20222023,30,8480873,Rasmus Sandin,D,-1.32,4,445.77,454.45,29,0.41,0.17,-0.09,0.26,0.02,FALSE,,0,FALSE,1,85.47,0.41,0.17,0.42,,71,189,1,8,19,23,102,26,89,73,159,17,163,232,15,14,16,10,35,71,39,18,0,2,45,104,49,1,0,59,62,25,0,3,3,37,37,0,34,1,0,7.94,8.35,3.36,0,0.4,0.4,0,0,45.8,0.03,0.13,1.08,21.94,3.5,0.11,,1372.2
A3Z physicality,Defensemen,Defensemen,A3Z tracked games; five on five,2022–23,20222023,31,8475825,Jani Hakanpää,D,1.88,2,414,423.08,27,0.33,0.37,0.12,0.25,0.04,FALSE,,0,FALSE,0.97,84.98,0.95,0.31,-0.29,,79,225,0,10,17,4,52,43,51,33,175,17,104,183,24,21,18,3,20,51,24,44,0,0,19,36,61,0,0,68,54,22,1,10,2,35,35,0,21,0,0,9.86,7.83,3.19,0.14,1.45,0.29,0,0,52.55,0,0,1.45,15.07,6.23,0.1,,1585.13
A3Z physicality,Defensemen,Defensemen,A3Z tracked games; five on five,2022–23,20222023,32,8480192,Johnathan Kovacevic,D,1.32,5,294.73,300.17,20,0.26,0.38,0.13,0.25,-0.08,FALSE,,0,FALSE,0.97,84.48,0.98,0.76,-0.77,,77,223,1,3,10,7,52,18,59,40,103,13,123,171,24,21,19,4,24,61,24,23,0,0,15,40,43,1,0,28,25,18,1,2,3,40,40,2,29,0,1,5.7,5.09,3.66,0.2,0.41,0.61,0.05,0.03,44.99,0,0.2,0.61,25.04,3.66,0.13,,1341.3
A3Z physicality,Defensemen,Defensemen,A3Z tracked games; five on five,2022–23,20222023,33,8476931,Jake McCabe,D,-0.11,3,393.53,398.43,24,0.32,0.24,-0.01,0.25,-0.01,FALSE,,0,FALSE,0.95,83.99,0.69,0.25,0.01,,73,210,2,6,15,8,47,29,56,41,170,14,119,195,17,26,15,4,15,44,28,21,0,0,33,64,48,1,1,47,32,33,0,2,1,42,42,0,29,0,2,7.17,4.88,5.03,0,0.3,0.15,0,0.07,52.12,0,0.3,0.91,18.14,4.42,0.08,,1480.1
A3Z physicality,Defensemen,Defensemen,A3Z tracked games; five on five,2022–23,20222023,34,8477369,Carson Soucy,D,0.67,2,425.57,433.27,30,0.38,0.31,0.07,0.25,0.04,FALSE,,0,FALSE,0.95,83.5,0.75,0.29,-0.09,,76,211,1,9,19,11,84,27,64,46,183,27,150,215,19,15,18,4,27,58,25,45,0,0,26,52,66,0,0,49,42,30,0,9,0,49,49,0,33,0,0,6.91,5.92,4.23,0,1.27,0,0,0,53.24,0,0.14,1.27,21.15,3.81,0.15,,1270.77
A3Z physicality,Defensemen,Defensemen,A3Z tracked games; five on five,2022–23,20222023,35,8482245,Artem Zub,D,0.08,1,343.12,351.93,20,0.38,0.27,0.02,0.24,0.02,FALSE,,0,FALSE,0.93,83,0.84,0.08,0.01,,75,201,0,5,13,10,41,22,33,28,130,13,80,128,13,17,5,0,14,27,18,24,0,1,16,46,28,1,0,42,35,18,0,3,1,19,19,0,8,1,0,7.34,6.12,3.15,0,0.52,0.17,0,0,57.58,0.12,0,0.87,13.99,3.85,0.1,,1073.42
A3Z physicality,Defensemen,Defensemen,A3Z tracked games; five on five,2022–23,20222023,36,8477969,Marcus Pettersson,D,-0.36,2,441.42,447.15,25,0.37,0.26,0.02,0.24,0.04,FALSE,,0,FALSE,0.92,82.51,0.9,-0.05,0.08,,77,174,0,12,28,20,67,26,68,48,184,11,143,226,19,31,20,8,18,57,37,46,1,2,42,84,72,0,0,46,60,38,1,2,0,50,50,0,34,1,0,6.25,8.16,5.17,0.14,0.27,0,0,0,51.92,0.03,0,1.63,19.44,3.53,0.06,,1399.7
A3Z physicality,Defensemen,Defensemen,A3Z tracked games; five on five,2022–23,20222023,37,8482073,Braden Schneider,D,0.25,4,401.98,408.3,28,0.35,0.28,0.04,0.24,0.02,FALSE,,0,FALSE,0.91,82.02,0.34,0.63,-0.07,,75,206,0,5,13,6,56,36,54,35,177,9,135,200,35,19,19,6,13,63,29,24,0,2,20,45,42,0,0,47,73,35,0,0,0,33,33,0,25,0,1,7.02,10.9,5.22,0,0,0,0,0.04,46.23,0,0,0.75,20.15,5.37,0.05,,1273.45
A3Z physicality,Defensemen,Defensemen,A3Z tracked games; five on five,2022–23,20222023,38,8474716,Jared Spurgeon,D,-2.6,1,409.53,418.72,26,0.33,0.01,-0.22,0.23,0.02,TRUE,weight,0,FALSE,0.88,81.53,-0.16,0.09,0.95,,69,166,0,2,22,12,42,10,55,35,125,24,83,139,15,9,20,3,11,44,35,38,1,2,38,79,67,2,1,24,31,41,0,1,1,52,52,3,38,3,2,3.52,4.54,6.01,0,0.15,0.15,0.06,0.05,39.48,0.08,0,0.29,12.16,1.47,0.19,,1723.15
A3Z physicality,Defensemen,Defensemen,A3Z tracked games; five on five,2022–23,20222023,39,8478396,Noah Hanifin,D,0.25,1,463.4,466.85,28,0.35,0.27,0.04,0.23,0.02,FALSE,,0,FALSE,0.87,81.03,0.51,0.41,-0.05,,75,206,2,5,20,13,78,33,69,56,207,23,151,219,24,25,13,3,29,64,26,43,1,0,41,74,77,3,0,37,27,30,0,3,1,65,65,3,44,4,1,4.79,3.5,3.88,0,0.39,0.13,0.05,0.02,50.77,0.09,0.26,0.65,19.55,4.27,0.11,,1833.98
A3Z physicality,Defensemen,Defensemen,A3Z tracked games; five on five,2022–23,20222023,40,8480049,Dylan Samberg,D,0.84,1,196.22,197.58,15,0.24,0.31,0.1,0.22,0.02,FALSE,,0,FALSE,0.83,80.54,0.95,0.14,-0.26,,76,216,0,3,10,7,24,12,25,18,68,7,61,86,15,12,7,2,7,26,11,14,0,2,21,30,23,0,0,20,21,12,0,1,0,12,12,0,8,0,0,6.12,6.42,3.67,0,0.31,0,0,0,59.21,0,0,0.92,18.65,3.67,0.1,,940.33
A3Z physicality,Defensemen,Defensemen,A3Z tracked games; five on five,2022–23,20222023,41,8475179,Dmitry Kulikov,D,-0.04,1,395.23,402.07,25,0.37,0.23,0.01,0.22,0.02,FALSE,,0,FALSE,0.83,80.05,0.93,-0.15,0.05,,73,212,0,6,14,12,48,34,52,44,162,7,100,166,22,17,8,7,19,43,24,25,0,2,28,46,45,1,0,37,24,29,0,0,1,36,36,1,31,3,0,5.62,3.64,4.4,0,0,0.15,0.03,0,45.88,0.1,0,0.91,15.18,5.16,0.04,,1304.77
A3Z physicality,Defensemen,Defensemen,A3Z tracked games; five on five,2022–23,20222023,42,8474567,Zach Bogosian,D,1.11,4,170.8,172.08,13,0.28,0.32,0.11,0.21,0.02,TRUE,entryDenialShare,0,FALSE,0.82,79.56,1.89,-0.74,-0.33,,75,231,0,4,11,7,20,9,27,20,59,1,45,69,12,0,7,9,4,28,13,18,0,0,17,33,31,0,0,35,16,6,0,1,0,20,20,0,16,0,0,12.3,5.62,2.11,0,0.35,0,0,0,50.58,0,0,1.41,15.81,3.16,0.02,,688.85
A3Z physicality,Defensemen,Defensemen,A3Z tracked games; five on five,2022–23,20222023,43,8476331,Dylan DeMelo,D,-0.66,1,310.72,316.62,20,0.27,0.17,-0.04,0.21,0.02,FALSE,,0,FALSE,0.81,79.06,0.55,-0.01,0.27,,73,194,1,4,16,10,40,19,36,29,142,13,87,140,8,19,7,2,9,24,23,23,0,0,28,47,37,0,0,36,21,23,0,3,2,30,30,1,20,2,0,6.95,4.06,4.44,0,0.58,0.39,0.03,0,51.42,0.1,0.19,0.77,16.8,3.67,0.09,,1467.07
A3Z physicality,Defensemen,Defensemen,A3Z tracked games; five on five,2022–23,20222023,44,8479458,Nikita Zaitsev,D,-0.48,2,208.1,211.5,15,0.33,0.22,0.02,0.2,0.04,FALSE,,0,FALSE,0.78,78.57,0.75,-0.06,0.1,,74,192,0,0,5,3,28,13,20,9,84,3,71,96,13,14,11,1,5,25,9,8,0,0,9,15,12,0,0,38,25,15,0,1,1,9,9,0,3,0,0,10.96,7.21,4.32,0,0.29,0.29,0,0,55.44,0,0,0,20.47,3.75,0.04,,757.33
A3Z physicality,Defensemen,Defensemen,A3Z tracked games; five on five,2022–23,20222023,45,8477346,MacKenzie Weegar,D,-0.49,2,478.87,490.45,29,0.36,0.22,0.02,0.2,0.04,FALSE,,0,FALSE,0.78,78.08,0.32,0.36,0.1,,72,206,1,9,17,13,94,31,99,76,191,30,178,267,32,27,23,13,32,75,49,40,0,0,46,96,81,1,0,57,44,27,0,2,2,64,64,0,43,1,0,7.14,5.51,3.38,0,0.25,0.25,0,0,49.42,0.02,0.13,1.13,22.3,3.88,0.16,,1708.98
A3Z physicality,Defensemen,Defensemen,A3Z tracked games; five on five,2022–23,20222023,46,8475797,Jarred Tinordi,D,1.78,3,218.62,222.23,15,0.34,0.28,0.09,0.19,-0.01,FALSE,,0,FALSE,0.74,77.59,1.22,-0.12,-0.36,,78,229,0,3,3,4,25,12,25,20,82,10,59,91,9,12,5,1,10,26,9,10,0,0,3,13,18,0,0,50,22,16,0,2,3,15,15,0,10,0,0,13.72,6.04,4.39,0,0.55,0.82,0,0,60.8,0,0,0.82,16.19,3.29,0.12,,724.13
A3Z physicality,Defensemen,Defensemen,A3Z tracked games; five on five,2022–23,20222023,47,8480796,Martin Fehervary,D,0.31,3,327.77,333.75,20,0.3,0.21,0.02,0.19,-0.01,FALSE,,0,FALSE,0.73,77.09,1.14,-0.34,-0.07,,74,215,2,2,9,8,37,19,35,31,134,14,66,114,16,10,4,7,12,31,20,15,1,2,22,36,40,1,3,72,51,21,0,2,3,32,32,1,25,2,2,13.18,9.34,3.84,0,0.37,0.55,0.03,0.08,47.3,0.08,0.37,0.37,12.08,3.48,0.1,,1340.02
A3Z physicality,Defensemen,Defensemen,A3Z tracked games; five on five,2022–23,20222023,48,8475753,Justin Faulk,D,-0.42,3,485.57,492.55,26,0.32,0.17,-0.02,0.19,-0.01,FALSE,,0,FALSE,0.73,76.6,0.41,0.24,0.08,,72,208,2,2,27,10,87,36,87,65,215,12,156,227,23,22,22,8,36,80,32,42,0,3,44,78,81,1,0,42,19,44,0,3,1,66,66,2,48,3,0,5.19,2.35,5.44,0,0.37,0.12,0.03,0,45.55,0.06,0.25,0.25,19.28,4.45,0.06,,1916.93
A3Z physicality,Defensemen,Defensemen,A3Z tracked games; five on five,2022–23,20222023,49,8477499,Rasmus Ristolainen,D,0.56,5,290.47,295.75,19,0.26,0.2,0.02,0.18,-0.08,FALSE,,0,FALSE,0.7,76.11,0.22,0.84,-0.36,,76,208,1,3,6,4,41,28,41,25,109,10,109,155,25,22,16,4,11,47,24,18,2,0,12,22,29,0,0,34,43,36,0,0,1,20,20,0,16,0,0,7.02,8.88,7.44,0,0,0.21,0,0,54.73,0,0.21,0.62,22.52,5.78,0.09,,1407.78
A3Z physicality,Defensemen,Defensemen,A3Z tracked games; five on five,2022–23,20222023,50,8475188,Brayden McNabb,D,0.8,1,476.62,481.38,28,0.34,0.27,0.09,0.18,0.02,FALSE,,0,FALSE,0.69,75.62,0.54,0.4,-0.25,,76,215,0,2,26,14,81,33,46,33,236,27,150,211,20,16,13,0,16,42,24,41,0,1,43,65,63,0,1,57,47,44,0,4,2,37,37,0,28,0,1,7.18,5.92,5.54,0,0.5,0.25,0,0.04,54.13,0,0,0.25,18.88,4.15,0.11,,1627.18
A3Z physicality,Defensemen,Defensemen,A3Z tracked games; five on five,2022–23,20222023,51,8481014,Alexander Romanov,D,0.24,2,444.33,450.52,27,0.36,0.23,0.05,0.18,0.04,FALSE,,0,FALSE,0.69,75.12,0.58,0.13,-0.02,,73,220,0,4,17,5,51,34,54,44,195,23,113,201,38,22,10,9,14,48,31,50,0,2,32,59,77,2,0,61,55,35,1,1,3,44,44,0,33,0,0,8.24,7.43,4.73,0.14,0.14,0.41,0,0,54.66,0,0,0.54,15.26,4.59,0.12,,1478.17
A3Z physicality,Defensemen,Defensemen,A3Z tracked games; five on five,2022–23,20222023,52,8480803,Evan Bouchard,D,-0.23,5,464.53,473.68,32,0.39,0.08,-0.09,0.18,-0.08,FALSE,,0,FALSE,0.68,74.63,0.41,0.2,0.07,,75,192,1,4,27,14,67,22,86,62,145,17,161,257,22,41,24,8,19,74,48,49,0,0,60,109,89,0,1,39,42,21,0,4,1,67,67,1,53,1,0,5.04,5.42,2.71,0,0.52,0.13,0.01,0,55.08,0.02,0.13,0.52,20.8,2.84,0.12,,1518.35
A3Z physicality,Defensemen,Defensemen,A3Z tracked games; five on five,2022–23,20222023,53,8476470,Nathan Beaulieu,D,-0.2,2,164.92,164.32,13,0.25,0.2,0.03,0.17,0.04,FALSE,,0,FALSE,0.65,74.14,0.6,0.01,0.05,,74,200,0,1,8,1,14,13,14,8,72,3,48,71,14,9,6,0,4,23,4,13,0,0,10,14,20,0,0,17,12,16,0,1,0,16,16,0,12,0,0,6.18,4.37,5.82,0,0.36,0,0,0,52.74,0,0,0.36,17.46,4.73,0.04,,792.13
A3Z physicality,Defensemen,Defensemen,A3Z tracked games; five on five,2022–23,20222023,54,8474031,Kevin Shattenkirk,D,-0.59,2,315.65,322.33,22,0.29,0.18,0.01,0.17,0.04,FALSE,,0,FALSE,0.65,73.65,0.31,0.23,0.11,,72,203,0,0,11,1,41,22,49,31,123,14,107,162,20,27,18,2,17,58,18,27,1,2,17,39,44,0,0,23,24,21,0,8,0,48,48,2,35,0,1,4.37,4.56,3.99,0,1.52,0,0.04,0.03,54.85,0,0,0,20.34,4.18,0.11,,1447.75
A3Z physicality,Defensemen,Defensemen,A3Z tracked games; five on five,2022–23,20222023,55,8476457,Adam Larsson,D,0.28,4,580.72,588.2,30,0.37,0.21,0.05,0.17,0.02,FALSE,,0,FALSE,0.65,73.15,1.13,-0.41,-0.08,,75,207,1,7,24,20,70,29,62,42,280,32,141,206,24,15,20,4,21,59,31,52,0,1,44,87,87,1,1,76,35,40,0,4,0,70,70,1,46,1,0,7.85,3.62,4.13,0,0.41,0,0.01,0,55.76,0.02,0.1,0.72,14.57,3,0.11,,1938.47
A3Z physicality,Defensemen,Defensemen,A3Z tracked games; five on five,2022–23,20222023,56,8476874,Olli Maatta,D,0.04,3,307.83,312.3,19,0.24,0.17,0,0.16,-0.01,FALSE,,0,FALSE,0.64,72.66,0.07,0.58,-0.01,,74,207,0,5,11,8,60,26,39,33,141,14,103,154,15,15,6,4,20,36,16,17,0,0,20,44,24,0,0,24,31,27,0,0,1,19,19,0,14,0,0,4.68,6.04,5.26,0,0,0.19,0,0,54.74,0,0,0.97,20.08,5.07,0.1,,1459.15
A3Z physicality,Defensemen,Defensemen,A3Z tracked games; five on five,2022–23,20222023,57,8478500,Ivan Provorov,D,0.37,2,420.05,429.77,23,0.28,0.21,0.05,0.15,0.04,FALSE,,0,FALSE,0.6,72.17,0.24,0.41,-0.04,,73,224,0,7,9,10,83,38,64,51,174,17,149,226,25,28,13,11,24,64,25,24,0,0,31,70,48,1,0,30,35,30,0,1,0,45,45,2,29,3,1,4.29,5,4.29,0,0.14,0,0.04,0.03,48.66,0.1,0,1,21.28,5.43,0.1,,1887.87
A3Z physicality,Defensemen,Defensemen,A3Z tracked games; five on five,2022–23,20222023,58,8478840,William Borgen,D,0.01,1,422.5,428.65,30,0.37,0.17,0.02,0.15,0.02,FALSE,,0,FALSE,0.58,71.67,1,-0.45,0.03,,75,199,1,6,12,12,54,17,62,48,155,14,106,178,20,17,14,9,18,43,36,27,0,1,26,51,40,0,1,62,46,21,0,3,2,30,30,0,22,0,1,8.8,6.53,2.98,0,0.43,0.28,0,0.05,55.14,0,0.14,0.85,15.05,2.41,0.09,,1341.5
A3Z physicality,Defensemen,Defensemen,A3Z tracked games; five on five,2022–23,20222023,59,8479984,Cal Foote,D,1.36,3,164.5,166.75,12,0.24,0.21,0.07,0.14,-0.01,FALSE,,0,FALSE,0.53,70.69,0.08,0.74,-0.28,,77,224,0,3,5,5,26,17,16,13,63,8,43,68,6,8,3,0,6,13,7,9,0,1,15,25,15,0,0,14,28,14,1,3,1,10,10,0,10,0,0,5.11,10.21,5.11,0.36,1.09,0.36,0,0,41.44,0,0,1.09,15.68,6.2,0.13,,756.12
A3Z physicality,Defensemen,Defensemen,A3Z tracked games; five on five,2022–23,20222023,60,8475208,Brian Dumoulin,D,0.8,3,409.63,414.55,25,0.3,0.18,0.04,0.14,-0.01,FALSE,,0,FALSE,0.53,70.2,0.03,0.67,-0.17,,76,215,0,3,23,11,68,36,55,46,172,13,150,234,26,29,9,5,20,50,32,23,0,2,34,58,41,1,0,37,49,37,0,1,3,27,27,0,13,0,0,5.42,7.18,5.42,0,0.15,0.44,0,0,51.87,0,0,0.44,21.97,5.27,0.08,,1692.55
A3Z physicality,Defensemen,Defensemen,A3Z tracked games; five on five,2022–23,20222023,61,8478452,Caleb Jones,D,-1,2,413.23,422.62,26,0.36,0.13,-0.01,0.13,0.04,FALSE,,0,FALSE,0.52,69.7,0.12,0.21,0.18,,73,184,0,6,10,5,52,27,51,31,191,27,129,191,31,22,20,6,16,50,29,21,0,0,22,41,46,0,0,40,38,38,0,6,2,37,37,2,24,1,1,5.81,5.52,5.52,0,0.87,0.29,0.05,0.04,55.08,0.04,0,0.87,18.73,3.92,0.14,,1402.3
A3Z physicality,Defensemen,Defensemen,A3Z tracked games; five on five,2022–23,20222023,62,8480145,Neal Pionk,D,-1.04,2,408.35,412.85,23,0.28,0.12,-0.01,0.13,0.04,FALSE,,0,FALSE,0.51,69.21,0.3,0.02,0.19,,72,190,0,2,12,8,64,22,62,49,172,18,131,194,21,28,13,8,22,54,30,28,1,0,30,63,49,2,0,48,31,36,0,7,2,49,49,0,39,2,1,7.05,4.55,5.29,0,1.03,0.29,0,0.03,57.04,0.05,0,0.29,19.25,3.23,0.1,,1799.15
A3Z physicality,Defensemen,Defensemen,A3Z tracked games; five on five,2022–23,20222023,63,8480727,Zach Whitecloud,D,0.14,2,276.17,279.42,19,0.32,0.17,0.04,0.12,0.04,TRUE,entryDenialShare,0,FALSE,0.48,68.72,0.04,0.45,-0.01,,74,210,1,4,9,7,46,20,48,41,94,19,89,139,18,11,7,5,19,39,21,27,0,1,19,34,42,0,0,27,49,25,0,3,2,30,30,3,19,1,0,5.87,10.65,5.43,0,0.65,0.43,0.1,0,51.36,0.05,0.22,0.87,19.34,4.35,0.2,,1009.58
A3Z physicality,Defensemen,Defensemen,A3Z tracked games; five on five,2022–23,20222023,64,8477506,Ryan Pulock,D,0.2,4,442.87,455.52,27,0.33,0.16,0.04,0.12,0.02,FALSE,,0,FALSE,0.47,68.23,0.57,-0.05,-0.05,,73,219,0,2,14,10,52,28,62,43,155,11,133,195,22,28,19,5,21,73,21,41,0,1,28,55,68,1,0,44,32,37,0,1,0,54,54,0,36,1,1,5.96,4.34,5.01,0,0.14,0,0,0.03,52.51,0.03,0,0.27,18.02,3.79,0.07,,1714.22
A3Z physicality,Defensemen,Defensemen,A3Z tracked games; five on five,2022–23,20222023,65,8474090,Brendan Smith,D,-0.2,3,326.55,332.25,25,0.42,0.1,-0.01,0.11,-0.01,FALSE,,0,FALSE,0.44,67.73,0.2,0.21,0.03,,74,200,0,4,9,6,58,20,49,39,139,14,115,178,25,20,10,1,21,44,25,21,0,0,16,38,50,2,0,38,36,25,0,6,4,36,36,1,26,0,1,6.98,6.61,4.59,0,1.1,0.73,0.03,0.04,52.73,0,0,0.73,21.13,3.67,0.1,,933.2
A3Z physicality,Defensemen,Defensemen,A3Z tracked games; five on five,2022–23,20222023,66,8474207,Nick Holden,D,0.63,4,229.88,232.52,18,0.28,0.19,0.07,0.11,0.02,FALSE,,0,FALSE,0.44,67.24,0.68,-0.05,-0.19,,76,210,0,1,7,5,23,15,22,16,79,8,55,90,13,10,6,0,9,20,10,25,1,0,9,19,37,1,1,23,19,16,0,1,0,27,27,0,18,1,0,6,4.96,4.18,0,0.26,0,0,0,51.01,0.06,0,0.26,14.36,3.92,0.1,,1085.97
A3Z physicality,Defensemen,Defensemen,A3Z tracked games; five on five,2022–23,20222023,67,8475177,Calvin de Haan,D,-0.72,1,244.1,251.33,20,0.38,0.06,-0.05,0.11,0.02,FALSE,,0,FALSE,0.42,66.75,0.48,-0.35,0.29,,73,192,0,3,14,5,26,8,30,12,114,13,63,92,10,13,18,3,4,38,10,38,0,2,16,28,50,0,0,21,24,19,0,3,0,36,36,2,22,0,0,5.16,5.9,4.67,0,0.74,0,0.06,0,51.04,0,0,0.74,15.49,1.97,0.11,,717.25
A3Z physicality,Defensemen,Defensemen,A3Z tracked games; five on five,2022–23,20222023,68,8476429,Scott Mayfield,D,0.8,2,448.07,455.27,27,0.33,0.18,0.07,0.11,0.04,FALSE,,0,FALSE,0.41,66.26,0.19,0.34,-0.11,,76,215,0,3,11,4,53,32,55,35,169,26,148,212,35,25,20,4,19,78,18,49,0,1,21,43,69,0,0,39,37,40,0,2,1,42,42,0,33,0,1,5.22,4.95,5.36,0,0.27,0.13,0,0.03,54.96,0,0,0.4,19.82,4.29,0.15,,1724.37
A3Z physicality,Defensemen,Defensemen,A3Z tracked games; five on five,2022–23,20222023,69,8479983,Mario Ferraro,D,-0.94,2,355.4,362.5,21,0.29,0.1,-0,0.1,0.04,FALSE,,0,FALSE,0.4,65.76,0.36,-0.13,0.17,,71,200,0,2,13,4,59,19,48,35,176,12,106,150,14,13,13,9,17,49,20,23,1,1,25,42,35,2,1,29,36,28,0,0,0,25,25,0,15,0,1,4.9,6.08,4.73,0,0,0,0,0.07,50.29,0,0,0.34,17.9,3.21,0.07,,1555.43
A3Z physicality,Defensemen,Defensemen,A3Z tracked games; five on five,2022–23,20222023,70,8479372,Josh Mahura,D,-0.94,1,326.77,330.9,25,0.3,0.03,-0.07,0.1,0.02,FALSE,,0,FALSE,0.39,65.27,0.15,-0.12,0.36,,72,193,2,5,15,5,42,15,42,27,121,13,94,135,17,14,15,4,12,50,17,32,0,2,27,40,52,1,0,33,41,21,0,5,1,34,34,0,23,0,0,6.06,7.53,3.86,0,0.92,0.18,0,0,53.27,0,0.37,0.92,17.26,2.75,0.11,,1151.27
A3Z physicality,Defensemen,Defensemen,A3Z tracked games; five on five,2022–23,20222023,71,8480807,Mattias Samuelsson,D,1.28,1,281.83,287.68,16,0.29,0.23,0.14,0.09,0.02,FALSE,,0,FALSE,0.36,64.78,0.12,0.66,-0.42,,76,229,0,3,10,7,38,20,30,26,116,17,70,108,6,7,4,1,14,26,13,22,0,0,17,29,41,1,0,23,29,20,0,1,1,33,33,0,24,0,0,4.9,6.17,4.26,0,0.21,0.21,0,0,56.32,0,0,0.64,14.9,4.26,0.15,,1219.68
A3Z physicality,Defensemen,Defensemen,A3Z tracked games; five on five,2022–23,20222023,72,8477384,Joshua Brown,D,1.22,2,225.17,229.68,18,0.26,0.18,0.09,0.09,0.04,FALSE,,0,FALSE,0.35,64.29,0.68,-0.14,-0.18,,77,220,0,0,0,1,12,14,18,15,78,9,45,81,11,14,3,2,5,13,11,11,0,0,6,21,21,0,0,48,19,22,0,1,2,21,21,0,11,0,0,12.79,5.06,5.86,0,0.27,0.53,0,0,56.08,0,0,0,11.99,3.73,0.12,,1071.85
A3Z physicality,Defensemen,Defensemen,A3Z tracked games; five on five,2022–23,20222023,73,8474612,Travis Hamonic,D,-0.69,2,388.4,393.55,26,0.35,0.09,0.01,0.09,0.04,FALSE,,0,FALSE,0.34,63.79,0.36,-0.15,0.13,,73,193,0,2,11,6,57,18,37,29,184,19,107,162,27,20,8,1,15,34,20,51,0,0,17,43,83,2,1,41,35,29,0,4,1,65,65,2,57,0,1,6.33,5.41,4.48,0,0.62,0.15,0.03,0.02,54.01,0,0,0.31,16.53,2.78,0.1,,1392.02
A3Z physicality,Defensemen,Defensemen,A3Z tracked games; five on five,2022–23,20222023,74,8475718,Justin Holl,D,0.08,4,478.83,488.75,29,0.36,0.11,0.03,0.09,0.02,FALSE,,0,FALSE,0.33,63.3,0.27,0.08,-0.02,,76,194,2,8,13,8,87,33,77,65,200,12,149,234,21,19,12,7,28,60,39,22,0,0,31,74,31,3,0,58,81,45,1,5,3,23,23,1,21,2,0,7.27,10.15,5.64,0.13,0.63,0.38,0.04,0,40.31,0.1,0.25,1,18.67,4.14,0.06,,1619.32
A3Z physicality,Defensemen,Defensemen,A3Z tracked games; five on five,2022–23,20222023,75,8480043,Timothy Liljegren,D,-0.45,2,303.83,312.85,20,0.3,0.1,0.02,0.08,0.04,FALSE,,0,FALSE,0.32,62.81,0.36,-0.12,0.09,,73,200,1,7,5,11,53,18,56,45,99,6,87,155,17,8,11,8,15,37,32,16,0,0,20,46,33,1,0,22,51,29,0,4,0,25,25,0,17,0,1,4.34,10.07,5.73,0,0.79,0,0,0.06,50.16,0,0.2,1.38,17.18,3.55,0.06,,1199.87
A3Z physicality,Defensemen,Defensemen,A3Z tracked games; five on five,2022–23,20222023,76,8478407,Vince Dunn,D,-0.7,4,564.82,567.22,30,0.37,0.05,-0.03,0.08,0.02,FALSE,,0,FALSE,0.32,62.32,0.15,-0.06,0.22,,72,200,0,5,30,19,103,28,96,70,231,29,194,288,38,37,26,2,37,91,39,32,0,3,62,113,66,0,1,38,34,27,0,3,2,50,50,0,35,1,2,4.04,3.61,2.87,0,0.32,0.21,0,0.06,49.61,0.03,0,0.53,20.61,2.97,0.13,,1917.22
A3Z physicality,Defensemen,Defensemen,A3Z tracked games; five on five,2022–23,20222023,77,8476902,Esa Lindell,D,0.63,1,414.62,420.92,27,0.33,0.15,0.08,0.07,0.02,FALSE,,0,FALSE,0.29,61.82,0.27,0.2,-0.19,,75,217,0,5,11,6,70,16,74,35,156,23,159,224,26,26,39,5,18,95,26,39,0,0,23,47,55,2,2,30,47,31,0,2,0,43,43,1,29,0,2,4.34,6.8,4.49,0,0.29,0,0.02,0.07,45.8,0,0,0.72,23.01,2.32,0.15,,1633.18
A3Z physicality,Defensemen,Defensemen,A3Z tracked games; five on five,2022–23,20222023,78,8473446,Erik Johnson,D,1.15,2,331.17,335.52,23,0.37,0.16,0.09,0.07,0.04,FALSE,,0,FALSE,0.28,61.33,0.64,-0.19,-0.17,,76,225,0,2,12,7,46,16,46,26,121,6,108,151,17,18,20,7,9,49,17,25,0,0,22,38,45,1,1,35,34,29,0,2,0,39,39,1,29,0,2,6.34,6.16,5.25,0,0.36,0,0.03,0.07,53.54,0,0,0.36,19.57,2.9,0.05,,1087.03
A3Z physicality,Defensemen,Defensemen,A3Z tracked games; five on five,2022–23,20222023,79,8476372,Nick Seeler,D,-0.06,5,282.27,284.77,22,0.29,0,-0.07,0.07,-0.08,FALSE,,0,FALSE,0.27,60.84,0.63,-0.34,-0.02,,75,197,1,3,8,6,26,17,21,12,121,10,68,97,12,15,9,0,7,25,9,19,0,0,19,24,26,0,0,34,30,42,1,2,4,17,17,0,14,0,0,7.23,6.38,8.93,0.21,0.43,0.85,0,0,56.08,0,0.21,0.64,14.45,3.61,0.08,,1115.7
A3Z physicality,Defensemen,Defensemen,A3Z tracked games; five on five,2022–23,20222023,80,8482655,J.J. Moser,D,-0.79,3,292.42,294.8,20,0.24,0.02,-0.04,0.07,-0.01,FALSE,,0,FALSE,0.26,60.34,-0.45,0.57,0.15,,74,183,1,4,11,7,50,21,46,33,94,11,117,181,25,24,13,5,16,50,19,15,0,0,17,35,22,0,0,15,28,19,0,1,1,21,21,0,14,2,0,3.08,5.75,3.9,0,0.21,0.21,0,0,50.36,0.14,0.21,0.82,24.01,4.31,0.12,,1726.15
A3Z physicality,Defensemen,Defensemen,A3Z tracked games; five on five,2022–23,20222023,81,8477504,Josh Morrissey,D,-0.87,1,405.33,410.4,22,0.28,0,-0.06,0.06,0.02,FALSE,,0,FALSE,0.26,59.85,0.7,-0.79,0.34,,72,195,0,10,18,18,59,18,56,47,154,8,105,148,11,14,9,9,23,55,18,29,0,4,42,78,65,2,2,26,16,25,0,2,0,50,50,2,36,2,0,3.85,2.37,3.7,0,0.3,0,0.04,0,46.06,0.06,0,1.48,15.54,2.66,0.05,,1890.03
A3Z physicality,Defensemen,Defensemen,A3Z tracked games; five on five,2022–23,20222023,82,8471303,Alexander Edler,D,0.63,3,276.88,281.48,22,0.34,0.1,0.03,0.06,-0.01,FALSE,,0,FALSE,0.25,59.36,0.63,-0.24,-0.13,,76,210,0,2,12,6,28,17,23,17,105,13,55,102,16,5,6,0,5,19,18,32,0,0,16,35,40,0,0,30,32,31,0,5,0,24,24,0,15,0,0,6.5,6.93,6.72,0,1.08,0,0,0,58.36,0,0,0.43,11.92,3.68,0.12,,945.57
A3Z physicality,Defensemen,Defensemen,A3Z tracked games; five on five,2022–23,20222023,83,8476467,Jamieson Oleksiak,D,2.81,3,429.6,436.8,28,0.37,0.21,0.15,0.06,-0.01,FALSE,,0,FALSE,0.25,58.87,0.71,0.12,-0.57,,79,252,1,10,21,13,79,24,66,48,171,19,150,217,17,27,18,2,23,58,33,23,2,1,34,72,46,0,2,44,42,28,1,2,0,33,33,1,21,0,2,6.15,5.87,3.91,0.14,0.28,0,0.03,0.1,50.16,0,0.14,1.4,20.95,3.35,0.11,,1443.85
A3Z physicality,Defensemen,Defensemen,A3Z tracked games; five on five,2022–23,20222023,84,8478443,Brandon Carlo,D,1.46,3,314.08,316.33,22,0.29,0.14,0.08,0.06,-0.01,FALSE,,0,FALSE,0.24,58.37,0.59,-0.05,-0.3,,77,227,0,6,8,4,45,17,35,25,100,9,101,141,13,20,10,6,14,38,14,19,0,0,12,38,37,0,0,33,32,20,0,6,0,34,34,1,23,0,1,6.3,6.11,3.82,0,1.15,0,0.03,0.04,49.62,0,0,1.15,19.29,3.25,0.09,,1412.3
A3Z physicality,Defensemen,Defensemen,A3Z tracked games; five on five,2022–23,20222023,85,8482087,Kaiden Guhle,D,0.11,4,212.68,219.73,13,0.3,0.09,0.03,0.06,0.02,FALSE,,0,FALSE,0.24,57.88,0.43,-0.17,-0.03,,75,202,0,0,6,5,30,13,31,24,82,5,63,110,11,13,7,4,8,26,19,11,0,0,14,35,27,1,0,20,16,21,0,1,0,19,19,0,14,0,0,5.64,4.51,5.92,0,0.28,0,0,0,41.62,0,0,0,17.77,3.67,0.06,,902.7
A3Z physicality,Defensemen,Defensemen,A3Z tracked games; five on five,2022–23,20222023,86,8477495,Seth Jones,D,0.73,2,445.02,448.4,25,0.35,0.13,0.07,0.06,0.04,FALSE,,0,FALSE,0.24,57.39,-0.01,0.35,-0.1,,76,213,1,7,15,17,68,36,65,48,186,22,152,221,26,22,17,11,19,60,27,40,2,0,37,73,64,0,2,39,33,30,0,1,2,50,50,3,36,1,2,5.26,4.45,4.04,0,0.13,0.27,0.06,0.06,50.16,0.03,0.13,0.94,20.49,4.85,0.12,,1760.48
A3Z physicality,Defensemen,Defensemen,A3Z tracked games; five on five,2022–23,20222023,87,8476856,Mathew Dumba,D,-1,5,463.48,469.6,26,0.33,-0.15,-0.2,0.06,-0.08,FALSE,,0,FALSE,0.23,56.9,0.2,-0.46,0.49,,72,191,0,5,18,12,42,16,45,27,144,17,110,166,20,21,18,11,5,46,23,37,2,0,35,65,66,0,2,27,18,31,1,4,3,42,42,0,25,0,1,3.5,2.33,4.01,0.13,0.52,0.39,0,0.04,50.01,0,0,0.65,14.24,2.07,0.12,,1680.93
A3Z physicality,Defensemen,Defensemen,A3Z tracked games; five on five,2022–23,20222023,88,8477462,Robert Hagg,D,0.14,4,174.23,175.95,12,0.32,0.08,0.03,0.05,0.02,FALSE,,0,FALSE,0.2,56.4,0.84,-0.61,-0.03,,74,210,0,3,7,2,18,10,13,10,65,2,42,61,10,8,3,0,6,14,4,12,0,1,9,13,25,0,0,33,17,9,0,1,2,23,23,0,13,0,0,11.36,5.85,3.1,0,0.34,0.69,0,0,51.92,0,0,1.03,14.46,3.44,0.03,,589.78
A3Z physicality,Defensemen,Defensemen,A3Z tracked games; five on five,2022–23,20222023,89,8479371,Dante Fabbro,D,-0.7,5,344.45,351.45,24,0.3,-0.12,-0.16,0.04,-0.08,FALSE,,0,FALSE,0.16,55.91,-0.06,-0.11,0.33,,72,200,1,12,21,8,70,15,65,52,140,10,141,185,18,30,13,6,29,61,23,37,0,0,38,70,63,0,0,32,57,22,0,4,1,54,54,1,42,2,0,5.57,9.93,3.83,0,0.7,0.17,0.02,0,52.5,0.05,0.17,2.09,24.56,2.61,0.07,,1378.35
A3Z physicality,Defensemen,Defensemen,A3Z tracked games; five on five,2022–23,20222023,90,8479398,Samuel Girard,D,-2.22,5,437.88,448.4,26,0.34,-0.34,-0.38,0.03,-0.08,FALSE,,0,FALSE,0.14,55.42,-1.2,0.18,1.15,,70,170,1,8,18,25,73,26,70,54,162,17,139,202,20,27,16,13,27,74,18,31,0,2,62,97,62,2,0,19,40,35,0,2,3,48,48,0,34,1,0,2.6,5.48,4.8,0,0.27,0.41,0,0,56.14,0.03,0.14,1.1,19.05,3.56,0.1,,1633.62
A3Z physicality,Defensemen,Defensemen,A3Z tracked games; five on five,2022–23,20222023,91,8478911,Matt Roy,D,0.48,2,384.5,390.7,26,0.32,0.09,0.06,0.03,0.04,FALSE,,0,FALSE,0.12,54.93,0.14,0.04,-0.06,,74,220,1,4,23,7,70,31,42,34,114,5,114,186,21,14,8,3,13,33,26,39,0,0,37,70,73,0,3,31,56,39,0,2,1,60,60,2,43,2,2,4.84,8.74,6.09,0,0.31,0.16,0.03,0.05,52.08,0.05,0.16,0.62,17.79,4.84,0.04,,1539.62
A3Z physicality,Defensemen,Defensemen,A3Z tracked games; five on five,2022–23,20222023,92,8481524,Bowen Byram,D,-0.28,3,236.55,240.72,13,0.31,0.01,-0.02,0.02,-0.01,FALSE,,0,FALSE,0.1,54.43,0.16,-0.11,0.05,,73,205,0,3,10,18,40,12,31,23,83,10,71,102,10,9,8,6,9,26,16,12,0,1,28,51,24,0,1,19,36,12,0,2,0,19,19,1,11,0,0,4.82,9.13,3.04,0,0.51,0,0.05,0,42.19,0,0,0.76,18.01,3.04,0.12,,918.87
A3Z physicality,Defensemen,Defensemen,A3Z tracked games; five on five,2022–23,20222023,93,8479325,Charlie McAvoy,D,-0.07,2,238.38,243.37,15,0.22,0.05,0.03,0.02,0.04,FALSE,,0,FALSE,0.08,53.94,0.02,0.04,0.03,,73,211,1,5,9,10,58,10,44,36,93,10,93,130,6,15,8,4,17,37,19,10,2,4,34,61,33,0,0,19,28,25,0,4,1,21,21,0,17,0,0,4.78,7.05,6.29,0,1.01,0.25,0,0,50.99,0,0.25,1.26,23.41,2.52,0.11,,1494.3
A3Z physicality,Defensemen,Defensemen,A3Z tracked games; five on five,2022–23,20222023,94,8475790,Erik Gudbranson,D,1.29,5,367.42,375.67,21,0.3,0.13,0.12,0.01,-0.08,FALSE,,0,FALSE,0.04,53.45,0.2,0.6,-0.75,,77,222,1,1,10,10,54,34,40,24,117,8,144,198,31,33,16,1,13,53,19,25,1,0,22,44,44,0,0,31,40,33,0,3,0,42,42,0,30,0,0,5.06,6.53,5.39,0,0.49,0,0,0,55,0,0.16,0.16,23.52,5.55,0.07,,1490.93
A3Z physicality,Defensemen,Defensemen,A3Z tracked games; five on five,2022–23,20222023,95,8478882,Vladislav Gavrikov,D,0.39,2,364.97,373.7,21,0.29,0.06,0.05,0.01,0.04,FALSE,,0,FALSE,0.04,52.96,0.11,-0.02,-0.05,,75,210,0,5,14,12,49,17,42,28,120,17,104,145,21,14,14,1,18,49,19,19,0,1,31,58,38,1,1,23,16,27,0,2,0,33,33,3,22,2,1,3.78,2.63,4.44,0,0.33,0,0.09,0.05,43.05,0.09,0,0.82,17.1,2.79,0.14,,1581.93
A3Z physicality,Defensemen,Defensemen,A3Z tracked games; five on five,2022–23,20222023,96,8479369,Andrew Peeke,D,0.52,4,364.33,371.55,21,0.26,0.07,0.06,0,0.02,FALSE,,0,FALSE,0.01,52.46,0.1,0.07,-0.15,,75,214,0,3,8,7,42,26,44,30,130,9,99,154,29,18,14,4,10,32,30,22,0,0,19,38,36,0,0,53,34,50,0,3,3,24,24,0,18,0,0,8.73,5.6,8.23,0,0.49,0.49,0,0,55.71,0,0,0.49,16.3,4.28,0.07,,1699.75
A3Z physicality,Defensemen,Defensemen,A3Z tracked games; five on five,2022–23,20222023,97,8474013,Ian Cole,D,0.82,5,362.53,370.42,22,0.28,0.06,0.06,-0,-0.08,FALSE,,0,FALSE,0,51.97,0.14,0.37,-0.5,,73,237,0,4,9,5,63,22,51,39,120,14,120,192,14,20,12,3,16,39,27,27,0,0,28,53,46,0,0,32,49,27,0,7,0,38,38,0,29,0,0,5.3,8.11,4.47,0,1.16,0,0,0,52.08,0,0,0.66,19.86,3.64,0.12,,1512.13
A3Z physicality,Defensemen,Defensemen,A3Z tracked games; five on five,2022–23,20222023,98,8480172,Jan Rutta,D,0.18,4,327,332.97,23,0.41,0.03,0.04,-0.01,0.02,FALSE,,0,FALSE,-0.01,51.48,-0.23,0.27,-0.05,,75,204,0,12,8,5,43,23,31,23,141,14,98,154,15,25,8,3,8,28,18,38,0,1,15,36,50,0,0,26,47,16,0,3,3,39,39,0,28,0,0,4.77,8.62,2.94,0,0.55,0.55,0,0,54.15,0,0,2.2,17.98,4.22,0.1,,958.73
A3Z physicality,Defensemen,Defensemen,A3Z tracked games; five on five,2022–23,20222023,99,8470966,Mark Giordano,D,-0.63,2,463.45,472.18,30,0.38,0,0.01,-0.01,0.04,FALSE,,0,FALSE,-0.02,50.99,-0.11,-0.03,0.12,,72,202,3,6,18,15,63,28,61,49,153,14,131,224,17,29,12,1,18,35,40,37,0,0,36,84,70,1,0,20,63,51,0,3,0,57,57,0,41,0,0,2.59,8.16,6.6,0,0.39,0,0,0,53.23,0,0.39,0.78,16.96,3.62,0.09,,1478.13
A3Z physicality,Defensemen,Defensemen,A3Z tracked games; five on five,2022–23,20222023,100,8474563,Drew Doughty,D,-0.11,1,421.87,430.03,23,0.28,-0,0.01,-0.01,0.02,FALSE,,0,FALSE,-0.02,50.49,-0.3,0.21,0.07,,73,210,0,3,17,10,105,38,67,57,126,7,172,250,21,18,10,10,23,55,30,25,0,2,47,95,43,0,0,21,43,21,0,0,1,35,35,1,23,0,0,2.99,6.12,2.99,0,0,0.14,0.03,0,54.57,0,0,0.43,24.46,5.4,0.06,,2124.55
A3Z physicality,Defensemen,Defensemen,A3Z tracked games; five on five,2022–23,20222023,101,8478859,Niko Mikkola,D,0.92,5,431.65,435.87,29,0.36,0.06,0.07,-0.01,-0.08,FALSE,,0,FALSE,-0.04,50,0.49,0.03,-0.55,,78,204,0,3,1,6,57,31,51,30,191,16,121,180,23,18,21,5,11,51,30,20,0,0,14,33,40,1,0,54,59,36,0,7,1,34,34,1,21,0,0,7.51,8.2,5,0,0.97,0.14,0.03,0,49.32,0,0,0.42,16.82,4.31,0.08,,1411.93
A3Z physicality,Defensemen,Defensemen,A3Z tracked games; five on five,2022–23,20222023,102,8477498,Darnell Nurse,D,0.8,2,575.38,591.8,32,0.39,0.05,0.07,-0.02,0.04,FALSE,,0,FALSE,-0.06,49.51,0.2,-0.15,-0.11,,76,215,1,8,18,15,80,29,64,44,213,17,165,222,21,35,20,16,19,66,27,66,0,1,38,79,118,1,1,49,31,40,0,6,1,87,87,0,67,1,0,5.11,3.23,4.17,0,0.63,0.1,0,0,49.58,0.01,0.1,0.83,17.21,3.02,0.08,,1926.65
A3Z physicality,Defensemen,Defensemen,A3Z tracked games; five on five,2022–23,20222023,103,8476525,Colin Miller,D,-0.45,2,404.08,406.6,26,0.33,-0,0.02,-0.02,0.04,FALSE,,0,FALSE,-0.07,49.01,-0.2,0.04,0.09,,73,200,0,4,18,8,65,22,62,38,178,19,132,205,20,26,24,4,14,57,36,35,0,0,29,54,58,0,0,34,38,22,0,2,3,32,32,0,20,0,0,5.05,5.64,3.27,0,0.3,0.45,0,0,58.52,0,0,0.59,19.6,3.27,0.11,,1325
A3Z physicality,Defensemen,Defensemen,A3Z tracked games; five on five,2022–23,20222023,104,8479442,Troy Stecher,D,-1.74,2,283.13,288.33,21,0.26,-0.06,-0.04,-0.02,0.04,FALSE,,0,FALSE,-0.08,48.52,-0.39,0.01,0.3,,70,184,0,5,8,7,30,19,29,22,104,10,75,116,12,22,7,8,7,26,12,26,0,1,18,30,42,1,0,14,32,20,0,2,1,28,28,0,24,0,0,2.97,6.78,4.24,0,0.42,0.21,0,0,52.49,0,0,1.06,15.89,4.03,0.1,,1325.9
A3Z physicality,Defensemen,Defensemen,A3Z tracked games; five on five,2022–23,20222023,105,8474151,Ryan McDonagh,D,0.1,3,372.1,382.68,22,0.31,-0.02,0,-0.03,-0.01,FALSE,,0,FALSE,-0.09,48.03,-0.44,0.38,-0.03,,73,216,0,7,24,6,48,31,48,29,155,14,105,163,18,17,19,0,13,49,21,20,0,3,37,57,34,0,2,18,14,37,0,2,2,29,29,0,18,0,1,2.9,2.26,5.97,0,0.32,0.32,0,0.06,53.08,0,0,1.13,16.93,5,0.09,,1528.57
A3Z physicality,Defensemen,Defensemen,A3Z tracked games; five on five,2022–23,20222023,106,8478469,Thomas Chabot,D,-0.45,2,471.72,482.23,24,0.35,-0.01,0.02,-0.03,0.04,FALSE,,0,FALSE,-0.09,47.54,-0.49,0.31,0.09,,73,200,1,0,22,12,86,40,61,43,197,17,164,241,26,24,18,9,18,62,25,43,0,0,42,79,69,2,0,25,47,43,0,8,3,59,59,0,41,3,0,3.18,5.98,5.47,0,1.02,0.38,0,0,51.48,0.07,0.13,0,20.86,5.09,0.09,,1698.12
A3Z physicality,Defensemen,Defensemen,A3Z tracked games; five on five,2022–23,20222023,107,8476979,Erik Gustafsson,D,-1.04,4,319.88,325.88,20,0.29,-0.09,-0.06,-0.03,0.02,FALSE,,0,FALSE,-0.1,47.04,-0.63,0.2,0.33,,72,190,0,3,17,11,44,22,52,42,134,13,94,159,17,15,10,2,19,46,24,20,1,3,32,54,46,0,0,16,31,19,0,1,2,36,36,1,17,1,0,3,5.81,3.56,0,0.19,0.38,0.03,0,48.75,0.06,0,0.56,17.63,4.13,0.1,,1384.1
A3Z physicality,Defensemen,Defensemen,A3Z tracked games; five on five,2022–23,20222023,108,8476923,Damon Severson,D,-0.07,2,478.72,490.07,30,0.37,0,0.03,-0.03,0.04,FALSE,,0,FALSE,-0.11,46.55,-0.69,0.55,0.03,,74,204,0,12,38,22,93,48,79,66,201,20,186,280,36,31,13,3,35,70,33,37,0,6,77,134,64,0,0,14,30,38,0,2,1,49,49,1,37,1,0,1.75,3.76,4.76,0,0.25,0.13,0.02,0,53.15,0.03,0,1.5,23.31,6.02,0.1,,1616.35
A3Z physicality,Defensemen,Defensemen,A3Z tracked games; five on five,2022–23,20222023,109,8477034,Jaycob Megna,D,1.26,1,325.72,329.2,19,0.35,0.1,0.13,-0.04,0.02,FALSE,,0,FALSE,-0.13,46.06,0.62,-0.34,-0.41,,78,214,0,5,12,6,39,12,38,26,116,12,96,150,20,12,12,1,12,33,19,19,0,1,24,43,31,2,1,30,21,20,0,2,1,26,26,2,20,0,1,5.53,3.87,3.68,0,0.37,0.18,0.08,0.05,48.83,0,0,0.92,17.68,2.21,0.1,,1018.77
A3Z physicality,Defensemen,Defensemen,A3Z tracked games; five on five,2022–23,20222023,110,8478970,Jalen Chatfield,D,-0.14,3,354.37,364.03,28,0.36,-0.04,-0.01,-0.04,-0.01,FALSE,,0,FALSE,-0.13,45.57,0.01,-0.16,0.02,,73,209,0,4,17,11,49,19,43,26,127,10,105,137,14,20,17,3,15,54,12,31,0,0,23,37,54,0,0,24,50,25,0,1,0,43,43,2,33,0,0,4.06,8.47,4.23,0,0.17,0,0.05,0,47.85,0,0,0.68,17.78,3.22,0.08,,1101.73
A3Z physicality,Defensemen,Defensemen,A3Z tracked games; five on five,2022–23,20222023,111,8476988,Matthew Benning,D,0.24,1,385.23,389.13,25,0.32,0,0.04,-0.04,0.02,FALSE,,0,FALSE,-0.13,45.07,-0.38,0.3,-0.05,,73,220,2,3,25,11,53,33,56,38,173,14,109,189,28,20,18,3,20,50,23,26,0,1,28,59,39,1,0,25,40,26,0,1,2,24,24,0,15,1,1,3.89,6.23,4.05,0,0.16,0.31,0,0.07,52.96,0.07,0.31,0.47,16.98,5.14,0.08,,1522.95
A3Z physicality,Defensemen,Defensemen,A3Z tracked games; five on five,2022–23,20222023,112,8475690,Chris Tanev,D,0.04,1,411.43,422.17,26,0.4,-0.02,0.02,-0.04,0.02,FALSE,,0,FALSE,-0.15,44.58,-0.58,0.41,0.02,,75,200,0,1,23,9,105,30,81,69,179,18,166,232,16,17,12,6,42,62,34,24,0,2,49,86,42,0,0,19,47,32,0,4,0,29,29,0,21,0,0,2.77,6.85,4.67,0,0.58,0,0,0,50.8,0,0,0.15,24.21,4.37,0.1,,1307.82
A3Z physicality,Defensemen,Defensemen,A3Z tracked games; five on five,2022–23,20222023,113,8479410,Mikhail Sergachev,D,0.45,3,405.08,412.45,23,0.29,-0.02,0.02,-0.05,-0.01,FALSE,,0,FALSE,-0.16,44.09,-0.42,0.35,-0.1,,75,212,1,3,22,16,68,28,72,62,147,23,125,212,20,17,10,10,23,52,38,38,0,2,59,108,70,1,0,19,46,23,0,7,0,47,47,1,34,0,0,2.81,6.81,3.41,0,1.04,0,0.02,0,50.04,0,0.15,0.44,18.51,4.15,0.16,,1881.07
A3Z physicality,Defensemen,Defensemen,A3Z tracked games; five on five,2022–23,20222023,114,8476906,Shayne Gostisbehere,D,-1.52,4,375.82,380.05,22,0.29,-0.16,-0.1,-0.05,0.02,FALSE,,0,FALSE,-0.19,43.6,-0.74,0.07,0.48,,71,183,1,9,18,18,63,21,49,35,155,19,124,181,22,23,14,4,22,47,16,24,1,5,53,91,60,1,1,17,19,24,0,2,4,42,42,1,34,2,2,2.71,3.03,3.83,0,0.32,0.64,0.02,0.06,55.61,0.06,0.16,1.44,19.8,3.35,0.12,,1561.25
A3Z physicality,Defensemen,Defensemen,A3Z tracked games; five on five,2022–23,20222023,115,8470600,Ryan Suter,D,-0.42,4,437.08,445.98,27,0.33,-0.07,-0.01,-0.06,0.02,FALSE,,0,FALSE,-0.22,43.1,-0.31,-0.05,0.14,,73,201,1,3,15,1,69,26,58,38,199,18,133,197,23,24,20,4,21,61,28,36,1,1,34,58,59,1,1,21,10,33,0,4,2,46,46,0,29,0,1,2.88,1.37,4.53,0,0.55,0.27,0,0.03,54.82,0,0.14,0.41,18.26,3.57,0.09,,1671.12
A3Z physicality,Defensemen,Defensemen,A3Z tracked games; five on five,2022–23,20222023,116,8471709,Marc-Edouard Vlasic,D,-0.28,5,344.33,350.2,24,0.31,-0.17,-0.1,-0.07,-0.08,FALSE,,0,FALSE,-0.24,42.61,-0.57,0.23,0.1,,73,205,0,4,14,8,46,23,30,18,142,16,96,137,19,17,12,3,10,34,12,21,0,0,24,47,40,1,1,12,22,19,0,1,0,34,34,1,22,3,3,2.09,3.83,3.31,0,0.17,0,0.03,0.14,51.21,0.14,0,0.7,16.73,4.01,0.11,,1362.7
A3Z physicality,Defensemen,Defensemen,A3Z tracked games; five on five,2022–23,20222023,117,8478851,Alexandre Carrier,D,-1.83,3,241.02,246.4,18,0.42,-0.17,-0.1,-0.07,-0.01,FALSE,,0,FALSE,-0.25,42.12,-0.05,-0.56,0.36,,71,174,0,3,8,5,28,10,21,17,92,9,57,86,9,8,4,1,9,17,10,17,0,0,12,27,35,2,1,24,31,18,0,4,3,25,25,1,19,1,0,5.97,7.72,4.48,0,1,0.75,0.04,0,44.29,0.05,0,0.75,14.19,2.49,0.1,,769.2
A3Z physicality,Defensemen,Defensemen,A3Z tracked games; five on five,2022–23,20222023,118,8480887,Jordan Harris,D,-1.07,3,341.27,349.98,20,0.31,-0.13,-0.06,-0.07,-0.01,FALSE,,0,FALSE,-0.26,41.63,-0.26,-0.2,0.21,,72,189,1,9,12,12,38,21,42,33,139,9,84,135,10,19,9,3,16,33,21,24,0,1,29,48,37,0,0,18,43,25,0,2,0,28,28,0,19,0,0,3.16,7.56,4.4,0,0.35,0,0,0,52.05,0,0.18,1.58,14.77,3.69,0.06,,1212.4
A3Z physicality,Defensemen,Defensemen,A3Z tracked games; five on five,2022–23,20222023,119,8476853,Morgan Rielly,D,0.2,4,423.1,430.4,25,0.38,-0.03,0.04,-0.07,0.02,FALSE,,0,FALSE,-0.27,41.13,-0.21,-0,-0.05,,73,219,2,2,25,21,68,29,58,51,140,11,110,179,15,17,7,6,28,44,24,23,0,2,60,99,49,3,1,25,44,25,0,1,1,47,47,1,33,1,0,3.55,6.24,3.55,0,0.14,0.14,0.02,0,45.49,0.03,0.28,0.28,15.6,4.11,0.08,,1410.77
A3Z physicality,Defensemen,Defensemen,A3Z tracked games; five on five,2022–23,20222023,120,8474027,Justin Braun,D,-0.03,1,195.3,197.37,16,0.31,-0.06,0.01,-0.08,0.02,FALSE,,0,FALSE,-0.28,40.64,-0.65,0.33,0.05,,74,205,0,0,2,0,15,14,14,9,71,8,44,67,9,9,5,0,3,19,8,17,0,0,8,19,28,0,0,15,18,12,0,3,2,25,25,0,15,0,0,4.61,5.53,3.69,0,0.92,0.61,0,0,58.83,0,0,0,13.52,4.3,0.11,,764.12
A3Z physicality,Defensemen,Defensemen,A3Z tracked games; five on five,2022–23,20222023,121,8480222,Sebastian Aho,D,-1.87,3,342.32,352,24,0.34,-0.18,-0.1,-0.08,-0.01,FALSE,,0,FALSE,-0.28,40.15,-1.11,0.47,0.37,,70,180,0,3,18,11,56,29,61,44,160,7,118,194,15,25,17,9,18,58,27,25,1,1,34,60,46,2,0,13,29,26,0,2,6,39,39,0,23,0,1,2.28,5.08,4.56,0,0.35,1.05,0,0.04,53.24,0,0,0.53,20.68,5.08,0.04,,1190.7
A3Z physicality,Defensemen,Defensemen,A3Z tracked games; five on five,2022–23,20222023,122,8480336,Sean Walker,D,-1.25,3,238.72,242.95,19,0.27,-0.15,-0.07,-0.08,-0.01,FALSE,,0,FALSE,-0.29,39.66,-0.68,0.14,0.24,,71,191,0,3,6,4,40,15,43,36,68,8,73,121,16,6,7,6,15,40,20,16,0,0,20,28,35,0,0,14,27,22,0,5,3,33,33,0,26,0,0,3.52,6.79,5.53,0,1.26,0.75,0,0,49.37,0,0,0.75,18.35,3.77,0.12,,1037.95
A3Z physicality,Defensemen,Defensemen,A3Z tracked games; five on five,2022–23,20222023,123,8480839,Rasmus Dahlin,D,0.18,2,399.62,401.97,21,0.27,-0.04,0.05,-0.08,0.04,FALSE,,0,FALSE,-0.3,39.16,-0.45,0.16,-0.01,,75,204,0,7,21,14,84,27,89,71,153,11,151,229,18,18,18,9,34,79,36,26,1,1,46,101,76,2,1,21,30,35,0,5,2,58,58,3,43,2,2,3.15,4.5,5.26,0,0.75,0.3,0.05,0.05,50.37,0.05,0,1.05,22.67,4.05,0.07,,2012.07
A3Z physicality,Defensemen,Defensemen,A3Z tracked games; five on five,2022–23,20222023,124,8476892,Colton Parayko,D,1.74,4,508.9,521.12,26,0.33,0.08,0.16,-0.08,0.02,FALSE,,0,FALSE,-0.3,38.67,0.03,0.2,-0.53,,78,228,1,5,11,16,105,32,110,77,207,20,177,257,26,17,33,28,27,97,41,45,0,0,23,61,75,0,0,43,53,45,0,2,1,57,57,0,38,2,0,5.07,6.25,5.31,0,0.24,0.12,0,0,49.65,0.05,0.12,0.59,20.87,3.77,0.1,,1817.22
A3Z physicality,Defensemen,Defensemen,A3Z tracked games; five on five,2022–23,20222023,125,8475324,Nick Jensen,D,-0.63,1,371.57,378.27,22,0.29,-0.13,-0.04,-0.09,0.02,FALSE,,0,FALSE,-0.35,38.18,-0.87,0.26,0.26,,72,202,4,7,16,12,80,27,71,58,130,11,162,226,25,34,13,14,28,78,24,34,0,2,24,62,59,1,2,23,59,30,0,1,2,45,45,2,31,2,1,3.71,9.53,4.84,0,0.16,0.32,0.04,0.03,48.6,0.06,0.65,1.13,26.16,4.36,0.08,,1587.48
A3Z physicality,Defensemen,Defensemen,A3Z tracked games; five on five,2022–23,20222023,126,8480434,Sean Durzi,D,-0.59,1,311.95,319.1,22,0.31,-0.13,-0.04,-0.1,0.02,FALSE,,0,FALSE,-0.36,37.68,-0.86,0.25,0.24,,73,196,0,2,12,7,42,17,35,25,121,16,83,133,16,5,10,3,8,38,18,22,0,2,20,44,41,1,0,17,41,29,1,3,3,38,38,0,23,0,0,3.27,7.89,5.58,0.19,0.58,0.58,0,0,47.65,0,0,0.38,15.96,3.27,0.13,,1424.55
A3Z physicality,Defensemen,Defensemen,A3Z tracked games; five on five,2022–23,20222023,127,8479976,Juuso Välimäki,D,-0.17,5,231.88,234.33,17,0.22,-0.18,-0.08,-0.1,-0.08,FALSE,,0,FALSE,-0.36,37.19,-0.9,0.49,0.04,,74,201,1,4,6,4,31,23,17,14,92,8,66,101,12,10,3,2,8,19,7,10,0,0,10,28,25,1,0,10,38,11,0,3,0,21,21,1,17,0,0,2.59,9.83,2.85,0,0.78,0,0.05,0,43.86,0,0.26,1.04,17.08,5.95,0.09,,1417.67
A3Z physicality,Defensemen,Defensemen,A3Z tracked games; five on five,2022–23,20222023,128,8478136,Jacob Middleton,D,0.69,5,433.65,439.2,27,0.34,-0.06,0.04,-0.1,-0.08,FALSE,,0,FALSE,-0.36,36.7,0.33,-0.27,-0.43,,75,219,1,8,14,6,57,26,63,36,206,15,123,187,22,20,27,6,13,62,28,28,1,0,17,38,51,1,0,29,21,33,0,2,0,38,38,0,26,0,0,4.01,2.91,4.57,0,0.28,0,0,0,53.8,0,0.14,1.11,17.02,3.6,0.07,,1504.1
A3Z physicality,Defensemen,Defensemen,A3Z tracked games; five on five,2022–23,20222023,129,8475197,Tyson Barrie,D,-1.04,2,460,465.58,31,0.36,-0.11,-0.01,-0.1,0.04,FALSE,,0,FALSE,-0.37,36.21,-0.31,-0.25,0.19,,71,197,0,6,26,21,36,25,44,31,194,18,98,154,27,19,13,0,12,47,22,38,0,1,42,79,62,1,0,23,40,27,0,1,1,49,49,1,39,2,0,3,5.22,3.52,0,0.13,0.13,0.02,0,55.32,0.05,0,0.78,12.78,3.26,0.09,,1681.17
A3Z physicality,Defensemen,Defensemen,A3Z tracked games; five on five,2022–23,20222023,130,8478399,Jonas Siegenthaler,D,0.41,1,529.33,535.92,31,0.39,-0.05,0.06,-0.1,0.02,FALSE,,0,FALSE,-0.37,35.71,-0.86,0.6,-0.11,,74,218,0,5,18,11,83,41,77,50,225,27,170,260,37,27,27,1,25,72,36,39,0,0,42,80,66,0,0,30,66,39,0,6,2,51,51,0,27,0,0,3.4,7.48,4.42,0,0.68,0.23,0,0,52.63,0,0,0.57,19.27,4.65,0.12,,1612.32
A3Z physicality,Defensemen,Defensemen,A3Z tracked games; five on five,2022–23,20222023,131,8479439,Jacob MacDonald,D,-0.56,5,192.37,195.07,20,0.34,-0.24,-0.14,-0.1,-0.08,FALSE,,0,FALSE,-0.38,35.22,-0.02,-0.61,0.25,,72,204,2,10,2,2,30,7,24,19,56,5,50,74,8,6,5,5,10,28,5,15,1,0,15,24,32,4,1,23,25,15,0,2,3,25,25,1,19,4,2,7.17,7.8,4.68,0,0.62,0.94,0.04,0.11,33.24,0.21,0.62,3.12,15.6,2.18,0.09,,698.28
A3Z physicality,Defensemen,Defensemen,A3Z tracked games; five on five,2022–23,20222023,132,8477986,Brandon Montour,D,-0.73,2,442.45,449.28,25,0.31,-0.1,0.01,-0.1,0.04,FALSE,,0,FALSE,-0.38,34.73,0.02,-0.53,0.14,,72,199,1,6,13,8,53,11,55,38,157,9,119,168,25,21,17,3,17,54,29,46,1,0,30,69,85,6,0,33,27,27,0,2,1,71,71,5,51,3,1,4.48,3.66,3.66,0,0.27,0.14,0.07,0.02,46.49,0.06,0.14,0.81,16.14,1.49,0.06,,1930.1
A3Z physicality,Defensemen,Defensemen,A3Z tracked games; five on five,2022–23,20222023,133,8478055,Gustav Forsling,D,-0.48,1,453.2,462.6,25,0.3,-0.13,-0.03,-0.1,0.02,FALSE,,0,FALSE,-0.38,34.24,-0.51,-0.08,0.21,,73,199,0,8,15,5,50,21,65,45,180,20,130,192,19,31,20,7,18,59,35,61,0,0,35,64,89,1,0,18,26,12,0,5,1,65,65,0,48,0,1,2.38,3.44,1.59,0,0.66,0.13,0,0.02,53.01,0,0,1.06,17.21,2.78,0.11,,1921.73
A3Z physicality,Defensemen,Defensemen,A3Z tracked games; five on five,2022–23,20222023,134,8475455,Brenden Dillon,D,1.15,4,385.1,389.32,23,0.28,0.01,0.12,-0.11,0.02,FALSE,,0,FALSE,-0.39,33.74,1.06,-1.11,-0.35,,76,225,1,5,17,10,46,13,31,24,167,15,81,127,19,6,7,7,8,27,18,38,0,0,32,55,62,0,0,59,23,25,0,2,1,38,38,0,28,0,0,9.19,3.58,3.9,0,0.31,0.16,0,0,54.17,0,0.16,0.78,12.62,2.03,0.09,,1606.25
A3Z physicality,Defensemen,Defensemen,A3Z tracked games; five on five,2022–23,20222023,135,8479324,Ryan Lindgren,D,-0.9,2,383.25,386.18,23,0.37,-0.11,-0,-0.11,0.04,FALSE,,0,FALSE,-0.41,33.25,-0.28,-0.3,0.16,,72,194,1,2,18,21,64,17,56,40,150,9,106,160,10,8,16,5,17,45,29,36,0,1,41,80,53,0,0,19,44,34,0,5,1,41,41,3,31,0,0,2.97,6.89,5.32,0,0.78,0.16,0.07,0,50.7,0,0.16,0.31,16.59,2.66,0.06,,1186.92
A3Z physicality,Defensemen,Defensemen,A3Z tracked games; five on five,2022–23,20222023,136,8480196,Jacob Bryson,D,-2.22,4,267.18,275.28,19,0.32,-0.28,-0.16,-0.12,0.02,FALSE,,0,FALSE,-0.45,32.76,-0.94,-0.21,0.7,,69,177,0,3,6,6,33,18,34,32,106,8,57,96,9,6,2,5,13,19,19,9,0,0,12,36,19,0,0,10,28,21,0,1,1,18,18,0,12,0,0,2.25,6.29,4.72,0,0.22,0.22,0,0,52.58,0,0,0.67,12.8,4.04,0.08,,860.58
A3Z physicality,Defensemen,Defensemen,A3Z tracked games; five on five,2022–23,20222023,137,8474565,Alex Pietrangelo,D,0.56,4,454.62,456.12,26,0.36,-0.06,0.07,-0.13,0.02,FALSE,,0,FALSE,-0.46,32.27,-0.43,0.13,-0.16,,75,215,1,1,27,14,96,28,85,67,167,14,161,230,18,24,18,2,43,74,35,36,0,4,43,96,72,1,0,25,52,47,0,0,0,56,56,1,41,4,0,3.3,6.86,6.2,0,0,0,0.02,0,53.99,0.1,0.13,0.13,21.25,3.7,0.08,,1750.63
A3Z physicality,Defensemen,Defensemen,A3Z tracked games; five on five,2022–23,20222023,138,8480069,Cale Makar,D,-1.14,1,396.53,400.75,22,0.37,-0.22,-0.09,-0.13,0.02,FALSE,,0,FALSE,-0.47,31.77,-0.81,-0.1,0.44,,72,187,1,8,19,29,87,18,95,81,146,15,146,209,16,23,14,9,42,80,33,40,0,6,65,126,93,0,0,23,16,23,0,3,7,58,58,1,41,1,0,3.48,2.42,3.48,0,0.45,1.06,0.02,0,41.5,0.02,0.15,1.21,22.09,2.72,0.1,,1582.82
A3Z physicality,Defensemen,Defensemen,A3Z tracked games; five on five,2022–23,20222023,139,8474574,Tyler Myers,D,2.27,1,379.2,384.87,21,0.27,0.09,0.23,-0.13,0.02,TRUE,height,0,FALSE,-0.5,31.28,0.5,-0.24,-0.76,,80,229,0,9,6,3,53,29,48,33,152,7,113,180,25,25,15,3,13,35,28,37,0,0,14,31,55,0,0,24,15,27,0,4,0,43,43,0,32,0,0,3.8,2.37,4.27,0,0.63,0,0,0,50.61,0,0,1.42,17.88,4.59,0.05,,1630.7
A3Z physicality,Defensemen,Defensemen,A3Z tracked games; five on five,2022–23,20222023,140,8480860,Kevin Bahl,D,1.81,5,158.33,158.6,14,0.33,0.06,0.2,-0.14,-0.08,FALSE,,0,FALSE,-0.53,30.79,0.48,0.03,-1.03,,78,230,0,3,9,5,28,13,15,12,77,5,46,67,6,10,3,0,7,10,8,9,0,0,10,18,19,0,0,14,13,12,0,2,0,18,18,0,10,0,0,5.31,4.93,4.55,0,0.76,0,0,0,55.66,0,0,1.14,17.43,4.93,0.06,,588.85
A3Z physicality,Defensemen,Defensemen,A3Z tracked games; five on five,2022–23,20222023,141,8480073,Erik Brannstrom,D,-1.7,5,319.18,323.05,25,0.34,-0.45,-0.3,-0.14,-0.08,FALSE,,0,FALSE,-0.53,30.3,-1.33,-0.08,0.87,,70,185,0,2,17,6,32,16,34,23,121,14,85,130,14,22,11,7,6,34,17,34,0,2,25,40,50,0,0,13,28,25,0,1,3,36,36,0,22,0,0,2.44,5.26,4.7,0,0.19,0.56,0,0,50.2,0,0,0.38,15.98,3.01,0.12,,1192.4
A3Z physicality,Defensemen,Defensemen,A3Z tracked games; five on five,2022–23,20222023,142,8474628,Michael Stone,D,0.39,3,250.18,255.57,22,0.46,-0.12,0.02,-0.14,-0.01,FALSE,,0,FALSE,-0.54,29.8,-0.07,-0.38,-0.08,,75,210,0,1,9,3,23,14,19,14,107,7,57,81,7,15,5,1,9,22,5,37,0,0,10,20,55,0,0,22,28,25,0,6,2,46,46,0,34,1,0,5.28,6.72,6,0,1.44,0.48,0,0,55.47,0.03,0,0.24,13.67,3.36,0.07,,639.03
A3Z physicality,Defensemen,Defensemen,A3Z tracked games; five on five,2022–23,20222023,143,8478507,John Marino,D,-0.45,4,421.33,429.97,25,0.39,-0.16,-0.01,-0.14,0.02,FALSE,,0,FALSE,-0.54,29.31,-0.63,-0.05,0.15,,73,200,1,6,24,19,91,18,83,72,181,30,153,233,20,23,11,6,32,58,41,25,2,0,51,98,41,3,0,19,40,24,0,1,2,34,34,0,23,1,1,2.71,5.7,3.42,0,0.14,0.28,0,0.04,54.23,0.04,0.14,0.85,21.79,2.56,0.17,,1348.53
A3Z physicality,Defensemen,Defensemen,A3Z tracked games; five on five,2022–23,20222023,144,8475279,Ben Chiarot,D,0.8,4,321.88,326.45,19,0.25,-0.06,0.09,-0.15,0.02,FALSE,,0,FALSE,-0.54,28.82,-0.13,-0.17,-0.24,,75,222,1,1,11,10,45,20,29,16,133,8,93,128,11,16,13,2,11,36,9,27,0,0,23,39,48,0,0,26,23,37,0,2,1,47,47,0,30,3,0,4.85,4.29,6.9,0,0.37,0.19,0,0,51.88,0.1,0.19,0.19,17.34,3.73,0.06,,1566.18
A3Z physicality,Defensemen,Defensemen,A3Z tracked games; five on five,2022–23,20222023,145,8477950,Tony DeAngelo,D,-1.04,4,397.12,399.58,23,0.33,-0.21,-0.06,-0.15,0.02,FALSE,,0,FALSE,-0.55,28.33,-0.71,-0.17,0.33,,72,190,0,1,22,12,68,25,64,54,132,8,111,171,21,9,10,4,26,51,33,23,0,4,48,78,56,1,0,17,16,27,0,1,3,51,51,1,36,2,0,2.57,2.42,4.08,0,0.15,0.45,0.02,0,51.09,0.06,0,0.15,16.77,3.78,0.06,,1544.1
A3Z physicality,Defensemen,Defensemen,A3Z tracked games; five on five,2022–23,20222023,146,8476967,Brett Kulak,D,-0.72,3,455.37,463.23,32,0.39,-0.19,-0.04,-0.15,-0.01,FALSE,,0,FALSE,-0.57,27.83,0.04,-0.75,0.14,,73,192,1,8,14,10,66,11,78,56,159,15,137,200,22,17,22,7,23,62,43,45,0,0,22,62,72,1,0,35,40,25,1,5,2,62,62,1,49,4,0,4.61,5.27,3.29,0.13,0.66,0.26,0.02,0,53.83,0.08,0.13,1.05,18.05,1.45,0.09,,1435.77
A3Z physicality,Defensemen,Defensemen,A3Z tracked games; five on five,2022–23,20222023,147,8475764,Cam Fowler,D,0.24,4,399.65,405.42,23,0.28,-0.11,0.04,-0.15,0.02,TRUE,hitsPer60,0,FALSE,-0.57,27.34,-1.23,0.72,-0.07,,74,213,0,3,23,7,61,36,51,44,167,16,116,192,15,20,7,2,22,34,27,19,1,1,51,77,44,0,0,4,23,21,0,0,0,38,38,0,25,0,0,0.6,3.45,3.15,0,0,0,0,0,50.6,0,0,0.45,17.42,5.4,0.1,,1982.22
A3Z physicality,Defensemen,Defensemen,A3Z tracked games; five on five,2022–23,20222023,148,8479345,Jakob Chychrun,D,0.31,5,297.58,302.62,17,0.35,-0.18,-0.01,-0.16,-0.08,FALSE,,0,FALSE,-0.6,26.85,-0.89,0.5,-0.22,,74,215,0,7,9,12,49,20,51,41,99,14,84,144,15,9,10,10,14,34,29,25,0,0,34,70,69,0,3,16,19,28,0,3,2,55,55,0,32,0,1,3.23,3.83,5.65,0,0.6,0.4,0,0.03,45.01,0,0,1.41,16.94,4.03,0.14,,1089.78
A3Z physicality,Defensemen,Defensemen,A3Z tracked games; five on five,2022–23,20222023,149,8475218,Mattias Ekholm,D,1.39,4,419.53,429.83,26,0.33,-0.05,0.14,-0.19,0.02,FALSE,,0,FALSE,-0.7,26.35,-0.3,0.02,-0.42,,77,225,3,7,24,18,65,24,88,57,160,15,144,232,21,27,31,3,29,75,45,43,1,1,55,94,73,2,0,23,34,27,0,0,1,56,56,0,36,0,0,3.29,4.86,3.86,0,0,0.14,0,0,53.24,0,0.43,1,20.59,3.43,0.09,,1674.68
A3Z physicality,Defensemen,Defensemen,A3Z tracked games; five on five,2022–23,20222023,150,8480157,Calle Rosen,D,-0.86,5,231.17,234.95,17,0.35,-0.38,-0.18,-0.19,-0.08,FALSE,,0,FALSE,-0.72,25.86,-1.52,0.39,0.42,,73,188,0,6,6,9,40,20,29,24,83,8,65,103,15,12,5,0,14,24,14,22,0,1,16,33,39,0,0,5,16,13,0,0,1,28,28,0,19,1,0,1.3,4.15,3.37,0,0,0.26,0,0,46.14,0.05,0,1.56,16.87,5.19,0.1,,764.47
A3Z physicality,Defensemen,Defensemen,A3Z tracked games; five on five,2022–23,20222023,151,8480865,Noah Dobson,D,0.29,1,380.72,383.82,26,0.33,-0.15,0.04,-0.2,0.02,FALSE,,0,FALSE,-0.73,25.37,-0.97,0.3,-0.07,,76,200,1,3,24,7,73,36,52,40,137,8,149,209,19,29,12,9,24,63,14,62,1,3,37,65,91,0,1,16,37,41,0,2,1,59,59,0,38,1,1,2.52,5.83,6.46,0,0.32,0.16,0,0.03,54.13,0.03,0.16,0.47,23.48,5.67,0.06,,1589.82
A3Z physicality,Defensemen,Defensemen,A3Z tracked games; five on five,2022–23,20222023,152,8480884,Calen Addison,D,-1.87,2,246.87,249.83,20,0.32,-0.24,-0.04,-0.2,0.04,FALSE,,0,FALSE,-0.74,24.88,-0.63,-0.43,0.32,,71,173,0,0,17,9,28,11,25,20,73,3,60,101,17,12,5,2,9,25,12,18,0,2,24,48,32,0,0,5,28,15,0,3,0,25,25,1,17,0,0,1.22,6.81,3.65,0,0.73,0,0.04,0,56.86,0,0,0,14.58,2.67,0.04,,999.43
A3Z physicality,Defensemen,Defensemen,A3Z tracked games; five on five,2022–23,20222023,153,8471274,Alex Goligoski,D,-1.87,1,234.92,238.75,16,0.35,-0.35,-0.16,-0.2,0.02,FALSE,,0,FALSE,-0.74,24.38,-0.7,-0.73,0.69,,71,173,0,3,6,5,30,12,27,22,85,4,57,82,10,7,5,2,11,27,13,16,0,1,16,31,30,3,0,7,10,19,0,3,0,23,23,1,18,0,1,1.79,2.55,4.85,0,0.77,0,0.04,0.06,56.65,0,0,0.77,14.56,3.06,0.05,,812.67
A3Z physicality,Defensemen,Defensemen,A3Z tracked games; five on five,2022–23,20222023,154,8477507,Nikita Zadorov,D,2.91,4,437.13,445.83,29,0.35,0.06,0.26,-0.2,0.02,TRUE,weight,0,FALSE,-0.74,23.89,0.7,-0.55,-0.89,,79,255,1,6,10,7,73,18,68,58,183,16,138,196,14,31,10,12,28,52,30,40,1,0,28,55,62,2,1,56,30,22,0,11,4,56,56,2,42,3,1,7.69,4.12,3.02,0,1.51,0.55,0.04,0.02,50.77,0.07,0.14,0.82,18.94,2.47,0.09,,1532.23
A3Z physicality,Defensemen,Defensemen,A3Z tracked games; five on five,2022–23,20222023,155,8478416,Erik Cernak,D,1.32,4,371.05,381.5,23,0.33,-0.07,0.13,-0.2,0.02,FALSE,,0,FALSE,-0.75,23.4,0.62,-0.97,-0.4,,76,230,0,8,18,14,40,11,36,28,138,21,79,132,15,11,8,1,11,29,21,25,0,0,24,56,51,0,0,57,45,23,1,1,6,36,36,0,25,0,0,9.22,7.28,3.72,0.16,0.16,0.97,0,0,51.55,0,0,1.29,12.77,1.78,0.15,,1346.82
A3Z physicality,Defensemen,Defensemen,A3Z tracked games; five on five,2022–23,20222023,156,8476779,Brad Hunt,D,-2.22,4,158.38,159.53,16,0.34,-0.36,-0.16,-0.2,0.02,TRUE,blockedShotsPer60,0,FALSE,-0.75,22.91,-0.29,-1.16,0.7,,69,177,0,3,9,5,14,7,15,11,51,1,33,50,5,10,4,2,4,15,8,12,0,1,16,26,23,0,0,3,17,2,0,2,0,20,20,0,14,0,0,1.14,6.44,0.76,0,0.76,0,0,0,53.72,0,0,1.14,12.5,2.65,0.02,,527.07
A3Z physicality,Defensemen,Defensemen,A3Z tracked games; five on five,2022–23,20222023,157,8480800,Quinn Hughes,D,-1.87,4,424.57,427.83,23,0.29,-0.33,-0.13,-0.2,0.02,TRUE,hitsPer60; defensiveRetrievalsPer60,0,FALSE,-0.75,22.41,-2,0.66,0.59,,70,180,0,4,28,20,102,30,92,73,165,16,187,272,22,28,19,12,32,78,37,27,2,2,53,106,58,0,0,3,23,26,0,1,3,34,34,0,25,0,1,0.42,3.25,3.67,0,0.14,0.42,0,0.04,52.13,0,0,0.57,26.43,4.24,0.1,,2001.57
A3Z physicality,Defensemen,Defensemen,A3Z tracked games; five on five,2022–23,20222023,158,8478451,Ethan Bear,D,-0.29,5,248.72,251,17,0.28,-0.3,-0.1,-0.2,-0.08,FALSE,,0,FALSE,-0.77,21.92,-0.45,-0.42,0.1,,71,219,0,10,9,11,37,19,39,25,65,2,75,120,12,11,14,3,11,35,20,18,0,1,16,31,37,0,0,16,27,12,0,1,2,20,20,0,14,0,0,3.86,6.51,2.89,0,0.24,0.48,0,0,49.05,0,0,2.41,18.09,4.58,0.03,,1130.15
A3Z physicality,Defensemen,Defensemen,A3Z tracked games; five on five,2022–23,20222023,159,8480035,Henri Jokiharju,D,-0.52,1,254.3,263.32,15,0.25,-0.24,-0.03,-0.21,0.02,FALSE,,0,FALSE,-0.77,21.43,-0.21,-0.78,0.22,,72,205,0,6,11,9,32,9,40,31,74,5,66,116,12,12,9,4,12,29,21,21,0,2,25,41,32,0,0,17,22,14,0,2,1,24,24,1,19,0,0,4.01,5.19,3.3,0,0.47,0.24,0.04,0,48.69,0,0,1.42,15.57,2.12,0.07,,1261.47
A3Z physicality,Defensemen,Defensemen,A3Z tracked games; five on five,2022–23,20222023,160,8481546,Cam York,D,-0.9,4,208.77,213.17,13,0.24,-0.27,-0.05,-0.22,0.02,FALSE,,0,FALSE,-0.82,20.94,-0.98,-0.13,0.29,,72,194,1,4,4,4,20,14,23,12,79,7,46,66,10,3,11,2,3,22,12,11,1,0,12,22,19,0,0,10,18,16,0,2,3,13,13,0,6,0,0,2.87,5.17,4.6,0,0.57,0.86,0,0,49.65,0,0.29,1.15,13.22,4.02,0.09,,1060.87
A3Z physicality,Defensemen,Defensemen,A3Z tracked games; five on five,2022–23,20222023,161,8476869,Brady Skjei,D,0.39,3,495.33,506.77,29,0.36,-0.2,0.02,-0.22,-0.01,FALSE,,0,FALSE,-0.82,20.44,-0.38,-0.36,-0.08,,75,210,0,8,16,9,64,20,75,45,190,27,135,180,17,22,30,7,28,94,22,55,0,2,27,51,108,0,0,24,28,19,0,4,1,81,81,2,61,2,1,2.91,3.39,2.3,0,0.48,0.12,0.02,0.02,54.13,0.03,0,0.97,16.35,2.42,0.14,,1766.48
A3Z physicality,Defensemen,Defensemen,A3Z tracked games; five on five,2022–23,20222023,162,8471677,Jack Johnson,D,0.65,5,450.77,455.6,29,0.35,-0.19,0.03,-0.22,-0.08,FALSE,,0,FALSE,-0.83,19.95,0.06,-0.48,-0.41,,74,225,0,2,8,8,43,31,50,35,184,9,118,208,33,23,15,3,17,50,28,29,0,0,22,33,44,0,0,40,24,41,0,2,4,33,33,0,25,1,0,5.32,3.19,5.46,0,0.27,0.53,0,0,55.01,0.04,0,0.27,15.71,4.13,0.05,,1588.88
A3Z physicality,Defensemen,Defensemen,A3Z tracked games; five on five,2022–23,20222023,163,8479323,Adam Fox,D,-1.46,2,483.4,484.62,28,0.34,-0.25,-0.03,-0.22,0.04,TRUE,entryDenialShare,0,FALSE,-0.84,19.46,-1.08,-0.01,0.26,,71,185,2,13,48,31,99,16,72,57,149,29,144,204,11,9,15,6,27,50,42,38,2,6,99,170,64,2,0,7,36,27,0,3,1,49,49,3,32,3,1,0.87,4.47,3.35,0,0.37,0.12,0.06,0.03,35.44,0.09,0.25,1.61,17.87,1.99,0.19,,1998.97
A3Z physicality,Defensemen,Defensemen,A3Z tracked games; five on five,2022–23,20222023,164,8474602,Justin Schultz,D,-0.55,4,422.45,426.2,28,0.38,-0.25,-0.02,-0.22,0.02,FALSE,,0,FALSE,-0.84,18.97,-0.43,-0.59,0.18,,74,190,1,8,24,11,51,18,53,34,161,17,111,180,19,16,19,4,11,47,27,32,0,1,37,75,60,2,0,14,38,17,0,6,1,42,42,2,29,1,0,1.99,5.4,2.41,0,0.85,0.14,0.05,0,51.89,0.03,0.14,1.14,15.77,2.56,0.11,,1298.63
A3Z physicality,Defensemen,Defensemen,A3Z tracked games; five on five,2022–23,20222023,165,8477435,Ryan Graves,D,1.39,3,493.63,501.35,29,0.37,-0.15,0.07,-0.23,-0.01,FALSE,,0,FALSE,-0.85,18.47,-0.66,0.1,-0.29,,77,225,1,5,13,10,83,29,70,54,198,23,157,231,28,19,16,3,26,56,35,56,0,0,30,75,87,0,0,23,46,47,0,2,3,60,60,1,45,0,0,2.8,5.59,5.71,0,0.24,0.36,0.02,0,51.91,0,0.12,0.61,19.08,3.52,0.12,,1555.93
A3Z physicality,Defensemen,Defensemen,A3Z tracked games; five on five,2022–23,20222023,166,8480036,Miro Heiskanen,D,-0.31,1,495.22,500.87,26,0.33,-0.24,-0.01,-0.23,0.02,FALSE,,0,FALSE,-0.85,17.98,-1.37,0.38,0.14,,74,197,1,9,21,11,101,27,92,74,233,32,170,254,26,16,18,9,36,86,33,48,1,2,46,87,87,0,0,17,55,25,0,4,2,57,57,2,43,2,0,2.06,6.66,3.03,0,0.48,0.24,0.04,0,46.14,0.05,0.12,1.09,20.6,3.27,0.14,,2013.8
A3Z physicality,Defensemen,Defensemen,A3Z tracked games; five on five,2022–23,20222023,167,8476792,Torey Krug,D,-1.64,1,277.68,278.4,18,0.29,-0.36,-0.13,-0.23,0.02,FALSE,,0,FALSE,-0.86,17.49,-1.21,-0.27,0.61,,69,194,0,4,14,12,37,20,38,34,106,6,61,108,12,6,4,2,16,30,17,30,0,1,28,56,46,3,0,8,14,24,0,2,1,48,48,2,36,0,1,1.73,3.03,5.19,0,0.43,0.22,0.04,0.03,47.96,0,0,0.86,13.18,4.32,0.06,,1170.77
A3Z physicality,Defensemen,Defensemen,A3Z tracked games; five on five,2022–23,20222023,168,8477220,Nate Schmidt,D,-0.8,2,328.97,336.98,21,0.3,-0.23,0,-0.23,0.04,FALSE,,0,FALSE,-0.86,17,-0.89,-0.12,0.15,,72,197,0,3,11,5,53,15,47,38,131,15,92,145,16,6,9,5,21,45,22,34,0,3,25,45,64,0,0,9,11,16,0,0,1,41,41,0,26,1,0,1.64,2.01,2.92,0,0,0.18,0,0,49.65,0.04,0,0.55,16.78,2.74,0.11,,1311.18
A3Z physicality,Defensemen,Defensemen,A3Z tracked games; five on five,2022–23,20222023,169,8476891,Matt Grzelcyk,D,-1.87,3,328.92,334.82,21,0.28,-0.33,-0.1,-0.23,-0.01,FALSE,,0,FALSE,-0.87,16.5,-0.86,-0.38,0.37,,70,180,0,2,11,14,44,17,54,48,133,15,72,139,8,6,6,3,20,31,33,23,0,1,36,75,43,0,0,11,25,29,0,5,1,37,37,1,27,0,0,2.01,4.56,5.29,0,0.91,0.18,0.03,0,52.39,0,0,0.36,13.13,3.1,0.11,,1292.5
A3Z physicality,Defensemen,Defensemen,A3Z tracked games; five on five,2022–23,20222023,170,8476879,Cody Ceci,D,0.39,1,499.53,508.13,32,0.4,-0.18,0.05,-0.23,0.02,FALSE,,0,FALSE,-0.87,16.01,0.05,-0.83,-0.1,,75,210,0,9,18,7,52,20,54,39,186,11,111,172,18,26,15,3,20,55,23,30,0,1,28,60,55,1,0,41,51,29,0,3,2,47,47,3,36,2,1,4.92,6.13,3.48,0,0.36,0.24,0.06,0.03,52.77,0.06,0,1.08,13.33,2.4,0.06,,1610.75
A3Z physicality,Defensemen,Defensemen,A3Z tracked games; five on five,2022–23,20222023,171,8474578,Erik Karlsson,D,-1.21,3,497.85,501.95,25,0.3,-0.3,-0.06,-0.23,-0.01,FALSE,,0,FALSE,-0.88,15.52,-1.4,0.29,0.24,,72,185,1,3,45,20,102,31,111,90,164,16,188,291,23,28,21,24,36,91,48,54,0,7,99,151,105,0,2,8,30,29,0,0,2,63,63,0,46,2,2,0.96,3.62,3.5,0,0,0.24,0,0.04,48.05,0.04,0.12,0.36,22.66,3.74,0.1,,2100.43
A3Z physicality,Defensemen,Defensemen,A3Z tracked games; five on five,2022–23,20222023,172,8480878,Nils Lundkvist,D,-0.66,3,301.02,304.3,21,0.35,-0.28,-0.04,-0.24,-0.01,FALSE,,0,FALSE,-0.9,15.02,-0.55,-0.47,0.12,,73,194,0,6,9,10,44,11,54,36,105,8,94,145,19,15,18,6,9,46,35,26,1,0,22,51,54,1,0,12,35,24,0,3,0,40,40,0,29,1,0,2.39,6.98,4.78,0,0.6,0,0,0,46.85,0.03,0,1.2,18.74,2.19,0.08,,978.53
A3Z physicality,Defensemen,Defensemen,A3Z tracked games; five on five,2022–23,20222023,173,8474673,TJ Brodie,D,-0.65,3,402.12,410.52,23,0.4,-0.28,-0.04,-0.24,-0.01,FALSE,,0,FALSE,-0.92,14.53,-1.02,-0.02,0.12,,74,187,0,9,18,9,72,19,64,46,166,29,127,185,10,12,18,1,17,43,40,19,1,0,30,65,29,1,0,16,43,31,0,1,5,27,27,0,23,0,0,2.39,6.42,4.63,0,0.15,0.75,0,0,52.47,0,0,1.34,18.95,2.83,0.17,,1230.62
A3Z physicality,Defensemen,Defensemen,A3Z tracked games; five on five,2022–23,20222023,174,8475171,Oliver Ekman-Larsson,D,-0.55,2,342.02,345.9,21,0.39,-0.24,0.01,-0.25,0.04,FALSE,,0,FALSE,-0.94,14.04,-0.7,-0.35,0.11,,74,190,0,1,19,14,45,14,55,33,136,6,100,159,17,19,22,1,14,46,30,24,0,1,30,51,54,1,0,15,29,12,0,1,2,43,43,0,29,1,0,2.63,5.09,2.11,0,0.18,0.35,0,0,48.26,0.03,0,0.18,17.54,2.46,0.04,,1089.5
A3Z physicality,Defensemen,Defensemen,A3Z tracked games; five on five,2022–23,20222023,175,8476463,Jonas Brodin,D,-0.34,2,344.42,351.35,20,0.33,-0.23,0.02,-0.26,0.04,FALSE,,0,FALSE,-0.97,13.55,-1.01,-0.03,0.07,,74,196,1,4,13,12,34,25,29,18,148,9,94,139,17,17,11,2,6,33,14,24,1,0,20,51,38,0,0,11,35,29,0,3,3,33,33,0,25,1,0,1.92,6.1,5.05,0,0.52,0.52,0,0,59.03,0.04,0.17,0.7,16.38,4.36,0.06,,1371.85
A3Z physicality,Defensemen,Defensemen,A3Z tracked games; five on five,2022–23,20222023,176,8477845,Trevor van Riemsdyk,D,0.39,2,378.82,382.4,25,0.33,-0.22,0.05,-0.28,0.04,FALSE,,0,FALSE,-1.04,13.05,-0.89,-0.11,-0.05,,75,210,1,9,14,8,56,23,43,34,142,10,104,160,14,12,9,3,17,40,16,31,1,1,23,57,51,0,0,9,27,31,0,0,1,38,38,0,24,0,1,1.43,4.28,4.91,0,0,0.16,0,0.04,53.3,0,0.16,1.43,16.47,3.64,0.07,,1429.92
A3Z physicality,Defensemen,Defensemen,A3Z tracked games; five on five,2022–23,20222023,177,8478013,Jake Walman,D,0.17,2,223.4,226.63,14,0.22,-0.25,0.04,-0.29,0.04,FALSE,,0,FALSE,-1.09,12.56,-1.33,0.25,-0.01,,73,218,0,2,5,2,38,16,45,31,88,9,79,112,6,14,14,11,13,46,17,18,0,2,13,28,40,1,0,5,5,18,0,2,2,36,36,0,27,1,0,1.34,1.34,4.83,0,0.54,0.54,0,0,50.07,0.04,0,0.54,21.22,4.3,0.1,,1242.27
A3Z physicality,Defensemen,Defensemen,A3Z tracked games; five on five,2022–23,20222023,178,8475227,Chris Wideman,D,-1.87,2,165.92,167.62,15,0.33,-0.34,-0.04,-0.3,0.04,FALSE,,0,FALSE,-1.12,12.07,-1.14,-0.31,0.32,,70,180,0,1,7,5,18,9,15,13,57,1,48,72,11,12,2,0,5,13,10,4,0,1,15,32,16,0,0,3,25,24,0,4,1,15,15,0,11,0,0,1.08,9.04,8.68,0,1.45,0.36,0,0,54.59,0,0,0.36,17.36,3.25,0.02,,621.55
A3Z physicality,Defensemen,Defensemen,A3Z tracked games; five on five,2022–23,20222023,179,8478397,Rasmus Andersson,D,-0.38,3,437.12,439.53,26,0.33,-0.33,-0.02,-0.31,-0.01,FALSE,,0,FALSE,-1.16,11.58,-1.14,-0.09,0.07,,73,202,0,2,20,12,61,29,53,42,160,8,116,176,17,15,11,4,25,53,21,31,1,2,37,68,51,1,0,14,25,31,0,2,6,44,44,2,32,2,0,1.92,3.43,4.26,0,0.27,0.82,0.05,0,42.41,0.06,0,0.27,15.92,3.98,0.05,,1902.87
A3Z physicality,Defensemen,Defensemen,A3Z tracked games; five on five,2022–23,20222023,180,8482105,Jake Sanderson,D,-0.13,1,351.12,355.85,24,0.31,-0.33,0,-0.34,0.02,FALSE,,0,FALSE,-1.27,11.08,-1.92,0.56,0.08,,74,202,2,6,23,11,86,30,64,46,137,13,143,205,16,23,18,6,27,66,22,27,1,0,41,72,48,2,0,11,55,23,0,2,2,34,34,0,21,1,0,1.88,9.4,3.93,0,0.34,0.34,0,0,42.72,0.05,0.34,1.03,24.44,5.13,0.09,,1687.87
A3Z physicality,Defensemen,Defensemen,A3Z tracked games; five on five,2022–23,20222023,181,8480246,Nick Perbix,D,0.49,2,305.02,310.22,21,0.3,-0.28,0.06,-0.34,0.04,TRUE,contactPenaltiesDrawnPer60,0,FALSE,-1.28,10.59,-1.22,-0,-0.06,,76,206,0,7,12,11,58,18,42,36,111,9,97,157,15,18,6,4,17,37,21,40,0,1,34,59,67,2,1,11,55,17,0,1,6,54,54,1,46,1,1,2.16,10.82,3.34,0,0.2,1.18,0.02,0.02,51.1,0.02,0,1.38,19.08,3.54,0.08,,1062.35
A3Z physicality,Defensemen,Defensemen,A3Z tracked games; five on five,2022–23,20222023,182,8481598,Philip Broberg,D,0.63,5,182.93,187.8,16,0.35,-0.31,0.03,-0.34,-0.08,FALSE,,0,FALSE,-1.29,10.1,-0.87,-0.02,-0.39,,76,210,0,3,6,2,24,12,13,11,73,7,48,70,7,7,2,1,7,12,4,12,0,0,14,27,23,0,0,8,21,9,0,0,1,12,12,0,8,1,0,2.62,6.89,2.95,0,0,0.33,0,0,55.49,0.12,0,0.98,15.74,3.94,0.1,,579.77
A3Z physicality,Defensemen,Defensemen,A3Z tracked games; five on five,2022–23,20222023,183,8475233,David Savard,D,0.75,5,345.55,354.55,20,0.32,-0.3,0.05,-0.35,-0.08,FALSE,,0,FALSE,-1.3,9.61,-0.73,-0.11,-0.46,,73,235,0,1,10,7,51,22,52,42,133,10,104,170,17,14,10,0,16,32,31,12,0,0,26,54,23,0,1,17,15,44,0,1,1,19,19,0,14,1,0,2.95,2.6,7.64,0,0.17,0.17,0,0,59.94,0.07,0,0.17,18.06,3.82,0.08,,1388
A3Z physicality,Defensemen,Defensemen,A3Z tracked games; five on five,2022–23,20222023,184,8475181,Nick Leddy,D,-0.52,4,452.23,461.82,24,0.31,-0.38,-0.02,-0.36,0.02,FALSE,,0,FALSE,-1.34,9.11,-0.82,-0.69,0.17,,72,205,2,3,18,11,66,24,77,70,161,6,109,181,21,13,7,20,24,56,35,32,2,1,43,79,48,0,1,15,17,28,0,2,3,41,41,0,28,0,1,1.99,2.26,3.71,0,0.27,0.4,0,0.04,49.04,0,0.27,0.4,14.46,3.18,0.04,,1647.73
A3Z physicality,Defensemen,Defensemen,A3Z tracked games; five on five,2022–23,20222023,185,8470613,Brent Burns,D,1.5,2,475.88,485.82,29,0.35,-0.26,0.1,-0.36,0.04,FALSE,,0,FALSE,-1.35,8.62,-0.87,-0.25,-0.23,,77,228,2,18,25,9,62,16,62,40,145,19,122,165,8,34,22,6,23,69,15,97,0,0,45,71,133,1,0,11,11,22,0,7,1,99,99,1,67,4,0,1.39,1.39,2.77,0,0.88,0.13,0.01,0,58.31,0.06,0.25,2.27,15.38,2.02,0.13,,1903.65
A3Z physicality,Defensemen,Defensemen,A3Z tracked games; five on five,2022–23,20222023,186,8479980,Nicolas Hague,D,2.32,5,445.03,449.22,27,0.33,-0.09,0.27,-0.36,-0.08,FALSE,,0,FALSE,-1.35,8.13,-0.07,0.03,-1.31,,78,245,0,5,7,9,82,30,59,41,194,14,147,221,18,23,18,4,22,54,26,44,0,0,25,58,65,1,0,38,63,40,0,1,1,51,51,0,33,0,0,5.12,8.49,5.39,0,0.13,0.13,0,0,55.03,0,0,0.67,19.82,4.04,0.07,,1465.37
A3Z physicality,Defensemen,Defensemen,A3Z tracked games; five on five,2022–23,20222023,187,8478038,Devon Toews,D,-0.76,4,468.72,481.4,26,0.32,-0.41,-0.04,-0.37,0.02,FALSE,,0,FALSE,-1.4,7.64,-0.79,-0.85,0.24,,73,191,3,16,26,24,84,14,77,64,166,18,140,195,20,21,13,6,39,66,25,25,0,3,69,132,68,1,3,22,19,37,0,2,5,51,51,0,36,0,3,2.82,2.43,4.74,0,0.26,0.64,0,0.08,50.25,0,0.38,2.05,17.92,1.79,0.11,,2008.5
A3Z physicality,Defensemen,Defensemen,A3Z tracked games; five on five,2022–23,20222023,188,8474590,John Carlson,D,0.73,5,222.85,223.97,13,0.32,-0.34,0.04,-0.39,-0.08,FALSE,,0,FALSE,-1.46,7.14,-0.48,-0.53,-0.45,,75,220,1,2,6,6,39,6,42,34,76,7,71,99,12,9,8,1,19,39,20,27,0,2,12,33,52,0,1,17,20,29,0,1,1,45,45,0,29,0,1,4.58,5.38,7.81,0,0.27,0.27,0,0.03,48.37,0,0.27,0.54,19.12,1.62,0.09,,935.58
A3Z physicality,Defensemen,Defensemen,A3Z tracked games; five on five,2022–23,20222023,189,8477932,Aaron Ekblad,D,0.97,3,359.77,362.35,22,0.31,-0.34,0.05,-0.39,-0.01,TRUE,hitsReceivedPer60,0,FALSE,-1.47,6.65,-0.41,-0.86,-0.2,,76,220,0,4,12,7,40,8,54,33,127,21,85,113,10,14,21,2,21,59,15,38,1,0,15,32,66,1,0,18,8,13,0,4,2,51,51,1,39,0,1,3,1.33,2.17,0,0.67,0.33,0.02,0.03,50.09,0,0,0.67,14.18,1.33,0.17,,1660.98
A3Z physicality,Defensemen,Defensemen,A3Z tracked games; five on five,2022–23,20222023,190,8477851,Jordan Oesterle,D,-1.35,4,181.5,185.35,12,0.23,-0.48,-0.09,-0.39,0.02,FALSE,,0,FALSE,-1.48,6.16,-1.24,-0.66,0.43,,72,181,0,1,7,3,23,9,21,16,68,3,49,71,8,10,5,1,7,22,8,11,0,0,7,26,18,0,0,8,13,19,0,0,2,19,19,0,14,0,0,2.64,4.3,6.28,0,0,0.66,0,0,44.01,0,0,0.33,16.2,2.98,0.04,,814.1
A3Z physicality,Defensemen,Defensemen,A3Z tracked games; five on five,2022–23,20222023,191,8476854,Hampus Lindholm,D,0.87,3,423.98,429.48,25,0.31,-0.35,0.05,-0.39,-0.01,FALSE,,0,FALSE,-1.49,5.67,-0.89,-0.41,-0.18,,76,217,0,6,8,14,80,12,89,71,149,20,149,214,22,24,18,13,32,81,37,31,1,1,39,72,56,1,0,19,40,12,0,1,5,47,47,1,36,0,0,2.69,5.66,1.7,0,0.14,0.71,0.02,0,50.64,0,0,0.85,21.09,1.7,0.13,,1854.95
A3Z physicality,Defensemen,Defensemen,A3Z tracked games; five on five,2022–23,20222023,192,8474600,Roman Josi,D,-0.42,5,484.28,495.9,25,0.37,-0.52,-0.12,-0.4,-0.08,FALSE,,0,FALSE,-1.5,5.17,-1.38,-0.29,0.17,,73,201,3,5,26,25,76,18,76,61,183,21,132,203,16,22,15,9,32,53,35,48,0,3,73,120,111,1,0,21,41,45,0,4,4,79,79,2,63,8,0,2.6,5.08,5.58,0,0.5,0.5,0.03,0,46.75,0.13,0.37,0.62,16.35,2.23,0.11,,1686.2
A3Z physicality,Defensemen,Defensemen,A3Z tracked games; five on five,2022–23,20222023,193,8477948,Travis Sanheim,D,1.04,5,376.17,381.97,23,0.28,-0.33,0.09,-0.42,-0.08,FALSE,,0,FALSE,-1.58,4.68,-0.82,-0.14,-0.62,,76,222,1,6,8,6,47,22,45,33,146,15,93,151,17,14,12,4,18,41,21,23,0,0,26,45,37,1,2,21,33,33,0,3,2,36,36,1,23,1,2,3.35,5.26,5.26,0,0.48,0.32,0.03,0.09,46.15,0.04,0.16,0.96,14.83,3.51,0.1,,1652.62
A3Z physicality,Defensemen,Defensemen,A3Z tracked games; five on five,2022–23,20222023,194,8476462,Dougie Hamilton,D,1.81,5,538.52,545.6,31,0.38,-0.24,0.2,-0.44,-0.08,FALSE,,0,FALSE,-1.67,4.19,-1.02,0.38,-1.03,,78,230,3,9,25,13,99,32,66,52,182,23,171,242,22,27,14,5,25,60,30,85,0,1,56,103,146,2,0,22,36,34,0,5,3,113,113,0,86,6,0,2.45,4.01,3.79,0,0.56,0.33,0,0,49.41,0.07,0.33,1,19.05,3.57,0.13,,1785.5
A3Z physicality,Defensemen,Defensemen,A3Z tracked games; five on five,2022–23,20222023,195,8475747,Patrik Nemeth,D,1.32,5,220.28,223.35,17,0.23,-0.35,0.13,-0.47,-0.08,FALSE,,0,FALSE,-1.79,3.69,-0.14,-0.89,-0.77,,76,230,2,2,7,7,17,13,21,14,70,3,49,91,18,10,7,3,3,22,11,16,0,0,8,19,22,0,0,23,37,17,0,4,1,20,20,0,9,0,0,6.26,10.08,4.63,0,1.09,0.27,0,0,55.99,0,0.54,0.54,13.35,3.54,0.04,,1332.82
A3Z physicality,Defensemen,Defensemen,A3Z tracked games; five on five,2022–23,20222023,196,8474166,Alec Martinez,D,-0.11,1,419.07,423.87,25,0.32,-0.48,0.01,-0.49,0.02,FALSE,,0,FALSE,-1.84,3.2,-1.86,-0.06,0.07,,73,210,0,5,16,11,67,26,55,34,187,16,118,180,13,13,21,0,9,47,31,36,0,2,29,61,59,2,0,11,47,67,0,3,1,35,35,0,22,0,0,1.57,6.73,9.59,0,0.43,0.14,0,0,60.17,0,0,0.72,16.89,3.72,0.09,,1480.32
A3Z physicality,Defensemen,Defensemen,A3Z tracked games; five on five,2022–23,20222023,197,8477488,Brett Pesce,D,0.25,4,495.35,508.65,29,0.35,-0.51,0.04,-0.56,0.02,TRUE,botchedRetrievalsPer60,0,FALSE,-2.1,2.71,-0.97,-1.07,-0.07,,75,206,1,13,15,5,54,10,76,46,176,33,118,162,13,21,30,8,23,79,33,68,0,1,36,60,96,1,0,11,39,23,1,0,3,64,64,0,45,0,0,1.33,4.72,2.79,0.12,0,0.36,0,0,54.4,0,0.12,1.57,14.29,1.21,0.19,,1804.78
A3Z physicality,Defensemen,Defensemen,A3Z tracked games; five on five,2022–23,20222023,198,8477447,Shea Theodore,D,-0.31,1,344.22,345.05,19,0.35,-0.58,-0.01,-0.57,0.02,FALSE,,0,FALSE,-2.17,2.22,-1.79,-0.53,0.14,,74,197,0,2,12,13,66,12,71,52,141,12,115,168,14,17,19,8,23,57,36,36,0,0,33,72,71,0,0,7,19,26,0,2,2,52,52,1,40,0,1,1.22,3.31,4.53,0,0.35,0.35,0.02,0.03,46.57,0,0,0.35,20.05,2.09,0.09,,1178.82
A3Z physicality,Defensemen,Defensemen,A3Z tracked games; five on five,2022–23,20222023,199,8475750,Jon Merrill,D,0.18,1,321.52,325.17,23,0.32,-0.56,0.03,-0.6,0.02,FALSE,,0,FALSE,-2.25,1.72,-1.69,-0.53,-0.03,,75,204,0,7,13,6,48,19,46,28,160,7,108,143,16,16,18,3,19,55,14,18,1,0,17,37,35,0,2,15,40,31,0,4,3,23,23,0,13,1,0,2.8,7.46,5.79,0,0.75,0.56,0,0,48.37,0.08,0,1.31,20.15,3.55,0.04,,1105.62
A3Z physicality,Defensemen,Defensemen,A3Z tracked games; five on five,2022–23,20222023,200,8475167,Victor Hedman,D,2.54,5,394.17,397.08,22,0.29,-0.3,0.3,-0.6,-0.08,FALSE,,0,FALSE,-2.28,1.23,-0.7,-0.15,-1.43,,79,244,2,10,28,18,74,17,77,61,111,10,135,221,18,26,16,8,24,60,43,46,0,4,53,92,85,1,0,22,33,30,0,3,2,63,63,1,40,0,1,3.35,5.02,4.57,0,0.46,0.3,0.02,0.03,47.76,0,0.3,1.52,20.55,2.59,0.09,,1802.65
A3Z physicality,Defensemen,Defensemen,A3Z tracked games; five on five,2022–23,20222023,201,8482671,Owen Power,D,1.67,5,435.97,444.33,22,0.28,-0.44,0.18,-0.62,-0.08,FALSE,,0,FALSE,-2.35,0.74,-1.46,0.08,-0.96,,78,226,1,10,22,21,76,38,62,54,163,10,128,201,17,13,8,11,20,44,33,16,0,1,56,108,40,0,0,10,43,16,0,3,1,33,33,0,27,4,0,1.38,5.92,2.2,0,0.41,0.14,0,0,44.91,0.15,0.14,1.38,17.62,5.23,0.06,,1880.33
A3Z physicality,Defensemen,Defensemen,A3Z tracked games; five on five,2022–23,20222023,202,8476958,Jaccob Slavin,D,0.28,4,440.87,452.55,25,0.33,-0.58,0.05,-0.63,0.02,FALSE,,0,FALSE,-2.38,0.25,-1.48,-0.83,-0.08,,75,207,0,9,29,15,54,11,74,39,183,27,136,174,14,23,35,8,20,92,22,47,0,1,43,80,82,1,0,9,39,31,0,0,2,61,61,0,42,3,1,1.22,5.31,4.22,0,0,0.27,0,0.02,53.08,0.07,0,1.22,18.51,1.5,0.15,,1671.37
A3Z physicality,Defensemen,Defensemen,A3Z tracked games; five on five,2023–24,20232024,1,8478468,Jeremy Lauzon,D,0.96,1,343.45,345.3,23,0.29,1.36,0.11,1.26,0.03,TRUE,hitsPer60; fightsPer60,0,FALSE,4.17,99.75,5.48,-1.04,-0.27,,75,225,3,5,5,4,36,8,58,28,157,22,82,111,8,9,30,4,13,39,19,23,0,0,13,22,48,0,0,98,22,22,4,8,1,44,44,0,27,1,0,17.12,3.84,3.84,0.7,1.4,0.17,0,0,51.49,0.04,0.52,0.87,14.33,1.4,0.14,,1470.47
A3Z physicality,Defensemen,Defensemen,A3Z tracked games; five on five,2023–24,20232024,2,8481167,Brayden Pachal,D,-0.11,5,200.22,203.57,15,0.3,0.74,-0.03,0.77,-0.03,FALSE,,0,FALSE,2.54,99.26,2.36,0.19,0,,74,202,1,4,5,1,28,16,38,21,73,4,62,86,18,7,17,2,10,23,15,10,0,0,8,14,23,0,1,34,25,19,1,6,1,21,21,2,15,0,2,10.19,7.49,5.69,0.3,1.8,0.3,0.1,0.13,50.77,0,0.3,1.2,18.58,4.79,0.05,,733.83
A3Z physicality,Defensemen,Defensemen,A3Z tracked games; five on five,2023–24,20232024,3,8477346,MacKenzie Weegar,D,-0.48,2,389.37,395.3,23,0.28,0.63,-0.07,0.69,-0.01,FALSE,,0,FALSE,2.3,98.77,1.17,0.96,0.17,,72,206,0,8,11,11,90,22,99,64,153,24,168,223,33,13,35,9,30,65,34,35,1,1,41,69,80,0,0,52,25,37,0,5,1,74,74,0,54,4,0,8.01,3.85,5.7,0,0.77,0.15,0,0,51.7,0.07,0,1.23,25.89,3.39,0.16,,1880.28
A3Z physicality,Defensemen,Defensemen,A3Z tracked games; five on five,2023–24,20232024,4,8477365,Connor Clifton,D,-0.84,3,253.82,258.67,19,0.24,0.56,-0.1,0.67,0,TRUE,hitsReceivedPer60,0,FALSE,2.2,98.28,1.33,0.52,0.35,,72,196,0,2,4,3,39,24,45,30,93,9,83,127,19,11,15,6,11,25,20,10,0,0,15,28,20,0,0,46,48,19,1,3,1,25,25,0,19,0,0,10.87,11.35,4.49,0.24,0.71,0.24,0,0,53.76,0,0,0.47,19.62,5.67,0.1,,1307.92
A3Z physicality,Defensemen,Defensemen,A3Z tracked games; five on five,2023–24,20232024,5,8482964,Arber Xhekaj,D,1.76,4,190.33,192.93,14,0.32,0.84,0.18,0.65,0.01,TRUE,contactPenaltiesTakenPer60,0,FALSE,2.17,97.79,3.59,-0.82,-0.6,,76,240,0,3,7,5,25,15,29,25,64,3,41,60,7,6,4,1,12,15,14,11,0,0,19,30,24,0,0,36,13,9,2,6,4,19,19,0,13,0,0,11.35,4.1,2.84,0.63,1.89,1.26,0,0,51.88,0,0,0.95,12.92,4.73,0.05,,700.8
A3Z physicality,Defensemen,Defensemen,A3Z tracked games; five on five,2023–24,20232024,6,8478136,Jacob Middleton,D,0.75,1,293.12,296.08,19,0.24,0.73,0.09,0.65,0.03,FALSE,,0,FALSE,2.14,97.3,2.75,-0.41,-0.2,,75,219,0,5,6,8,35,15,51,34,139,10,83,120,17,14,17,10,8,27,24,11,0,2,16,33,23,1,0,41,20,27,2,3,1,24,24,1,20,2,0,8.39,4.09,5.53,0.41,0.61,0.2,0.04,0,53.58,0.1,0,1.02,16.99,3.07,0.07,,1584.67
A3Z physicality,Defensemen,Defensemen,A3Z tracked games; five on five,2023–24,20232024,7,8477971,Andreas Englund,D,0.32,4,263.75,268.5,23,0.28,0.67,0.04,0.63,0.01,FALSE,,0,FALSE,2.09,96.81,2.23,-0.02,-0.12,,76,200,1,6,3,7,28,24,33,17,106,10,69,102,19,9,16,4,4,16,17,6,0,0,10,30,15,0,0,47,29,16,2,1,1,14,14,0,12,1,0,10.69,6.6,3.64,0.45,0.23,0.23,0,0,48.94,0.08,0.23,1.36,15.7,5.46,0.09,,1084.23
A3Z physicality,Defensemen,Defensemen,A3Z tracked games; five on five,2023–24,20232024,8,8474090,Brendan Smith,D,-0.19,3,214.78,214.95,19,0.3,0.6,-0.02,0.62,0,TRUE,contactPenaltiesDrawnPer60,0,FALSE,2.05,96.32,1.48,0.51,0.05,,74,200,0,6,3,1,34,15,33,25,85,9,77,118,19,14,8,1,8,13,20,5,0,0,9,18,15,0,0,28,24,16,1,3,5,20,20,0,12,1,0,7.82,6.7,4.47,0.28,0.84,1.4,0,0,59.17,0.08,0,1.68,21.51,4.19,0.11,,1014.33
A3Z physicality,Defensemen,Defensemen,A3Z tracked games; five on five,2023–24,20232024,9,8481537,Nikita Okhotiuk,D,-0.62,2,187.85,189.67,12,0.23,0.52,-0.08,0.61,-0.01,FALSE,,0,FALSE,2,95.83,1.49,0.29,0.22,,73,195,1,1,4,3,27,17,25,14,78,7,60,79,15,12,11,3,8,18,7,9,0,0,10,16,13,1,0,37,11,18,0,3,1,12,12,0,2,0,0,11.82,3.51,5.75,0,0.96,0.32,0,0,53.9,0,0.32,0.32,19.16,5.43,0.09,,827.45
A3Z physicality,Defensemen,Defensemen,A3Z tracked games; five on five,2023–24,20232024,10,8476312,Josh Manson,D,0.71,4,327.87,331.55,23,0.3,0.67,0.08,0.6,0.01,FALSE,,0,FALSE,1.97,95.34,1.39,0.84,-0.25,,75,218,1,3,10,11,68,22,65,41,109,12,140,159,26,20,24,8,27,53,12,22,0,0,28,59,50,1,0,65,34,26,1,5,4,50,50,2,30,0,0,11.9,6.22,4.76,0.18,0.92,0.73,0.04,0,51.01,0,0.18,0.55,25.62,4.03,0.11,,1351.5
A3Z physicality,Defensemen,Defensemen,A3Z tracked games; five on five,2023–24,20232024,11,8475462,Radko Gudas,D,-0.41,3,238.3,246.9,15,0.23,0.5,-0.05,0.55,0,FALSE,,0,FALSE,1.82,94.85,1.08,0.59,0.15,,72,208,0,3,4,2,31,14,43,18,90,12,87,112,18,15,25,0,9,33,10,21,0,0,8,24,27,0,0,50,17,23,0,4,3,27,27,0,14,0,0,12.59,4.28,5.79,0,1.01,0.76,0,0,61.1,0,0,0.76,21.91,3.52,0.13,,1287.3
A3Z physicality,Defensemen,Defensemen,A3Z tracked games; five on five,2023–24,20232024,12,8474567,Zach Bogosian,D,1.18,4,225.78,231.13,16,0.25,0.67,0.12,0.55,0.01,FALSE,,0,FALSE,1.81,94.36,2.11,0.11,-0.41,,75,231,2,3,6,7,39,13,41,25,102,10,76,103,18,3,16,6,13,25,16,19,0,0,14,28,37,0,0,25,11,15,1,3,0,33,33,0,26,1,0,6.64,2.92,3.99,0.27,0.8,0,0,0,56.36,0.04,0.53,0.8,20.2,3.45,0.1,,1162.23
A3Z physicality,Defensemen,Defensemen,A3Z tracked games; five on five,2023–24,20232024,13,8480950,Ilya Lyubushkin,D,0.03,5,249.27,252.8,19,0.26,0.53,-0.02,0.55,-0.03,TRUE,botchedRetrievalsPer60,0,FALSE,1.81,93.87,0.95,0.9,-0.05,,74,206,0,1,6,5,44,31,39,30,117,6,91,121,19,12,9,1,14,22,17,4,0,0,8,29,17,2,0,49,30,19,1,1,2,12,12,1,11,1,2,11.79,7.22,4.57,0.24,0.24,0.48,0.08,0.18,43.61,0.09,0,0.24,21.9,7.46,0.05,,1267.23
A3Z physicality,Defensemen,Defensemen,A3Z tracked games; five on five,2023–24,20232024,14,8477335,Kyle Burroughs,D,-0.94,2,267.53,271.02,17,0.23,0.42,-0.11,0.53,-0.01,FALSE,,0,FALSE,1.76,93.38,1.2,0.23,0.33,,72,193,0,0,10,9,48,16,43,26,109,10,96,124,18,14,17,3,15,28,15,17,0,0,21,40,35,1,0,45,26,22,1,1,1,32,32,1,20,0,0,10.09,5.83,4.93,0.22,0.22,0.22,0.03,0,49.89,0,0,0,21.53,3.59,0.09,,1397.63
A3Z physicality,Defensemen,Defensemen,A3Z tracked games; five on five,2023–24,20232024,15,8471724,Kris Letang,D,-0.73,1,434.2,440.38,23,0.28,0.45,-0.05,0.5,0.03,FALSE,,0,FALSE,1.67,92.89,0.59,0.82,0.26,,72,199,0,3,14,13,86,32,93,53,190,18,198,245,26,33,40,5,31,66,27,28,0,3,47,88,53,1,1,29,33,35,0,6,1,55,55,1,41,4,0,4.01,4.56,4.84,0,0.83,0.14,0.02,0,56.85,0.1,0,0.41,27.36,4.42,0.09,,2024.45
A3Z physicality,Defensemen,Defensemen,A3Z tracked games; five on five,2023–24,20232024,16,8479980,Nicolas Hague,D,2.44,1,260.43,266.55,17,0.23,0.75,0.25,0.5,0.03,FALSE,,0,FALSE,1.66,92.4,1.96,0.43,-0.73,,78,245,1,5,7,4,53,20,43,24,132,6,101,131,15,12,19,1,12,26,17,17,0,1,17,25,33,0,0,26,38,21,2,5,3,28,28,0,16,0,0,5.99,8.75,4.84,0.46,1.15,0.69,0,0,55.43,0,0.23,1.15,23.27,4.61,0.05,,1354.33
A3Z physicality,Defensemen,Defensemen,A3Z tracked games; five on five,2023–24,20232024,17,8481122,Simon Benoit,D,0.68,4,217.75,219.95,14,0.22,0.57,0.07,0.49,0.01,FALSE,,0,FALSE,1.62,91.91,3.05,-1.18,-0.24,,76,210,0,5,1,5,23,9,20,11,89,4,51,74,16,7,9,2,4,13,7,9,0,1,6,15,17,1,0,53,28,19,2,2,1,16,16,0,12,0,0,14.6,7.72,5.24,0.55,0.55,0.28,0,0,49.89,0,0,1.38,14.05,2.48,0.04,,1102.6
A3Z physicality,Defensemen,Defensemen,A3Z tracked games; five on five,2023–24,20232024,18,8476525,Colin Miller,D,-0.44,3,156.4,157.13,11,0.24,0.42,-0.05,0.47,0,FALSE,,0,FALSE,1.56,91.42,0.83,0.57,0.17,,73,200,0,2,2,3,24,14,29,15,61,5,56,76,10,7,14,0,5,14,15,9,0,1,8,25,23,0,0,25,12,6,0,3,1,25,25,0,18,0,0,9.59,4.6,2.3,0,1.15,0.38,0,0,58.03,0,0,0.77,21.48,5.37,0.08,,722.43
A3Z physicality,Defensemen,Defensemen,A3Z tracked games; five on five,2023–24,20232024,19,8482105,Jake Sanderson,D,-0.11,3,386.43,392.67,25,0.32,0.45,-0.01,0.45,0,TRUE,defensiveRetrievalsPer60,0,FALSE,1.49,90.93,-0.03,1.5,0.02,,74,202,0,1,6,5,112,22,100,70,162,16,197,258,22,27,30,25,33,61,39,19,0,1,34,62,40,0,0,18,46,29,1,2,1,42,42,0,22,1,0,2.79,7.14,4.5,0.16,0.31,0.16,0,0,48.65,0.05,0,0.16,30.59,3.42,0.1,,1834.25
A3Z physicality,Defensemen,Defensemen,A3Z tracked games; five on five,2023–24,20232024,20,8474568,Luke Schenn,D,0.71,4,190.48,192.13,14,0.22,0.51,0.08,0.43,0.01,FALSE,,0,FALSE,1.43,90.44,1.99,-0.32,-0.25,,74,225,1,0,3,0,24,11,30,17,83,7,54,73,13,5,13,0,9,21,9,15,0,0,5,15,33,0,0,49,34,10,1,2,0,28,28,0,21,1,0,15.43,10.71,3.15,0.31,0.63,0,0,0,58.75,0.05,0.31,0,17.01,3.46,0.08,,956.62
A3Z physicality,Defensemen,Defensemen,A3Z tracked games; five on five,2023–24,20232024,21,8480879,Jacob Bernard-Docker,D,-0.58,3,326.78,329.62,22,0.31,0.35,-0.07,0.42,0,FALSE,,0,FALSE,1.38,89.95,0.37,0.78,0.23,,73,196,0,3,9,5,51,31,50,28,115,11,119,167,23,16,22,3,7,22,28,12,0,0,16,31,18,0,0,25,40,45,1,1,2,18,18,0,12,0,0,4.59,7.34,8.26,0.18,0.18,0.37,0,0,59.64,0,0,0.55,21.85,5.69,0.1,,1129.93
A3Z physicality,Defensemen,Defensemen,A3Z tracked games; five on five,2023–24,20232024,22,8480058,Pierre-Olivier Joseph,D,-0.72,1,171.4,173.98,13,0.25,0.37,-0.05,0.42,0.03,FALSE,,0,FALSE,1.38,89.46,1.22,-0.09,0.26,,74,185,0,0,2,4,27,10,20,12,79,8,54,77,12,8,8,0,7,12,8,6,0,0,5,14,17,0,0,10,5,15,0,2,0,15,15,0,9,0,0,3.5,1.75,5.25,0,0.7,0,0,0,60.03,0,0,0,18.9,3.5,0.1,,784.4
A3Z physicality,Defensemen,Defensemen,A3Z tracked games; five on five,2023–24,20232024,23,8480834,Ty Emberson,D,-0.94,4,186.95,192.27,11,0.37,0.33,-0.09,0.42,0.01,FALSE,,0,FALSE,1.38,88.97,0.75,0.32,0.31,,72,193,0,1,4,6,29,13,34,17,90,6,73,96,15,14,17,1,11,26,8,10,0,0,13,18,16,0,0,35,17,18,0,2,1,17,17,0,9,0,1,11.23,5.46,5.78,0,0.64,0.32,0,0.11,58.67,0,0,0.32,23.43,4.17,0.07,,556.48
A3Z physicality,Defensemen,Defensemen,A3Z tracked games; five on five,2023–24,20232024,24,8475797,Jarred Tinordi,D,1.87,5,211.7,214.9,16,0.31,0.59,0.18,0.41,-0.03,FALSE,,0,FALSE,1.34,88.48,1.97,0.08,-0.7,,78,229,0,3,2,2,17,12,29,14,88,10,60,85,15,13,15,1,4,17,12,12,0,0,6,11,15,0,0,43,19,24,1,1,0,15,15,0,11,0,0,12.19,5.38,6.8,0.28,0.28,0,0,0,61.29,0,0,0.85,17.01,3.4,0.11,,813.58
A3Z physicality,Defensemen,Defensemen,A3Z tracked games; five on five,2023–24,20232024,25,8474612,Travis Hamonic,D,-0.69,3,248.77,254.52,20,0.42,0.3,-0.08,0.38,0,FALSE,,0,FALSE,1.25,87.99,0.47,0.5,0.28,,73,193,0,0,4,3,43,28,25,12,119,7,85,121,27,7,13,2,5,16,9,12,0,0,8,22,24,0,0,22,24,34,0,5,1,26,26,0,17,0,0,5.31,5.79,8.2,0,1.21,0.24,0,0,63.92,0,0,0,20.5,6.75,0.06,,707.3
A3Z physicality,Defensemen,Defensemen,A3Z tracked games; five on five,2023–24,20232024,26,8480145,Neal Pionk,D,-1.05,1,479.73,484.22,29,0.35,0.27,-0.08,0.35,0.03,FALSE,,0,FALSE,1.17,87.5,0.32,0.49,0.36,,72,190,0,6,16,17,87,39,98,59,194,14,183,268,42,32,39,4,31,57,41,24,0,2,43,90,60,0,1,73,62,27,0,6,4,56,56,0,40,1,1,9.13,7.75,3.38,0,0.75,0.5,0,0.03,56.29,0.03,0,0.75,22.89,4.88,0.07,,1707.97
A3Z physicality,Defensemen,Defensemen,A3Z tracked games; five on five,2023–24,20232024,27,8477507,Nikita Zadorov,D,3.06,2,266.77,270.32,17,0.23,0.62,0.29,0.34,-0.01,TRUE,weight,0,FALSE,1.1,87.01,1.82,0.29,-1.01,,79,255,0,3,11,5,45,22,57,40,99,10,83,109,15,7,17,5,19,38,19,16,1,0,16,31,31,0,0,34,22,10,2,3,1,34,34,0,20,0,0,7.65,4.95,2.25,0.45,0.67,0.22,0,0,52.25,0,0,0.67,18.67,4.95,0.1,,1308.07
A3Z physicality,Defensemen,Defensemen,A3Z tracked games; five on five,2023–24,20232024,28,8479983,Mario Ferraro,D,-0.95,2,334.62,343.45,18,0.23,0.21,-0.11,0.32,-0.01,FALSE,,0,FALSE,1.06,86.52,0.99,-0.27,0.33,,71,200,0,4,7,4,37,16,51,31,129,11,95,130,20,9,20,9,10,32,19,19,0,1,15,31,39,0,0,26,21,40,0,3,0,35,35,1,26,1,0,4.66,3.77,7.17,0,0.54,0,0.03,0,56.36,0.04,0,0.72,17.03,2.87,0.09,,1783.82
A3Z physicality,Defensemen,Defensemen,A3Z tracked games; five on five,2023–24,20232024,29,8477810,Joel Hanley,D,-1.45,2,182.98,186.67,14,0.33,0.15,-0.16,0.32,-0.01,FALSE,,0,FALSE,1.05,86.03,0.15,0.4,0.5,,71,186,0,3,5,5,34,16,27,10,92,7,69,100,22,6,17,0,4,13,14,7,0,0,13,22,16,0,0,20,34,21,0,1,0,8,8,0,1,0,0,6.56,11.15,6.89,0,0.33,0,0,0,57.46,0,0,0.98,22.63,5.25,0.08,,583.6
A3Z physicality,Defensemen,Defensemen,A3Z tracked games; five on five,2023–24,20232024,30,8476473,Connor Murphy,D,0.75,2,338.03,346.15,21,0.46,0.37,0.06,0.31,-0.01,FALSE,,0,FALSE,1.03,85.54,1.2,0.08,-0.24,,76,212,1,5,11,4,52,19,49,23,164,14,116,157,23,20,26,1,10,25,24,18,0,0,17,33,31,0,0,50,39,38,1,3,2,28,28,0,19,0,0,8.87,6.92,6.74,0.18,0.53,0.35,0,0,57.85,0,0.18,0.89,20.59,3.37,0.09,,912.27
A3Z physicality,Defensemen,Defensemen,A3Z tracked games; five on five,2023–24,20232024,31,8477498,Darnell Nurse,D,0.86,3,553.08,562.48,32,0.4,0.42,0.13,0.29,0,FALSE,,0,FALSE,0.97,85.05,1.07,0.32,-0.42,,76,215,1,5,9,18,92,41,79,46,238,23,184,231,28,25,33,12,23,57,22,35,0,0,34,62,72,0,2,57,23,37,0,7,1,81,81,2,57,2,1,6.18,2.5,4.01,0,0.76,0.11,0.02,0.02,54.49,0.04,0.11,0.54,19.96,4.45,0.1,,1773.45
A3Z physicality,Defensemen,Defensemen,A3Z tracked games; five on five,2023–24,20232024,32,8476372,Nick Seeler,D,-0.04,1,327.43,337.73,23,0.32,0.29,0.01,0.28,0.03,TRUE,blockedShotsPer60,0,FALSE,0.93,84.56,1.6,-0.72,0.04,,75,197,0,8,5,7,42,15,28,19,131,10,78,90,11,8,9,0,13,21,7,16,2,0,17,25,27,1,0,46,26,50,1,6,2,27,27,0,19,0,0,8.43,4.76,9.16,0.18,1.1,0.37,0,0,57.08,0,0,1.47,14.29,2.75,0.08,,1203.33
A3Z physicality,Defensemen,Defensemen,A3Z tracked games; five on five,2023–24,20232024,33,8479576,Vincent Desharnais,D,1.98,5,399.33,402.42,31,0.4,0.47,0.19,0.28,-0.03,FALSE,,0,FALSE,0.91,84.07,1.8,-0.15,-0.74,,79,225,1,4,11,8,67,20,59,40,141,12,129,189,36,19,19,5,18,33,26,24,1,0,23,40,41,0,0,42,45,25,3,4,2,32,32,0,22,0,0,6.31,6.76,3.76,0.45,0.6,0.3,0,0,55.33,0,0.15,0.6,19.38,3.01,0.09,,1226.78
A3Z physicality,Defensemen,Defensemen,A3Z tracked games; five on five,2023–24,20232024,34,8476891,Matt Grzelcyk,D,-1.92,1,226.83,230.48,15,0.24,0.1,-0.16,0.27,0.03,FALSE,,0,FALSE,0.88,83.58,0.19,0.06,0.63,,70,180,0,1,4,7,48,12,56,42,87,7,83,120,12,12,14,3,19,31,25,8,1,0,10,31,22,1,0,8,17,17,0,2,0,26,26,1,15,0,0,2.12,4.5,4.5,0,0.53,0,0.04,0,50.62,0,0,0.26,21.95,3.17,0.08,,1108.65
A3Z physicality,Defensemen,Defensemen,A3Z tracked games; five on five,2023–24,20232024,35,8476931,Jake McCabe,D,-0.08,5,310.48,313.38,19,0.26,0.23,-0.03,0.26,-0.03,FALSE,,0,FALSE,0.85,83.09,0.17,0.69,-0.01,,73,210,1,4,6,3,60,29,55,39,100,9,105,143,18,7,16,6,18,32,23,7,0,1,20,44,24,0,0,39,56,22,0,4,1,23,23,0,15,0,0,7.54,10.82,4.25,0,0.77,0.19,0,0,42.64,0,0.19,0.77,20.29,5.6,0.09,,1507.93
A3Z physicality,Defensemen,Defensemen,A3Z tracked games; five on five,2023–24,20232024,36,8475279,Ben Chiarot,D,0.86,1,402.12,411.08,25,0.32,0.35,0.1,0.25,0.03,FALSE,,0,FALSE,0.83,82.6,0.86,0.21,-0.24,,75,222,2,4,10,7,65,29,46,22,179,10,142,188,35,14,24,8,9,35,11,20,0,0,21,32,37,0,0,43,50,37,0,6,0,36,36,1,25,2,0,6.42,7.46,5.52,0,0.9,0,0.03,0,58.06,0.08,0.3,0.6,21.19,4.33,0.06,,1522.88
A3Z physicality,Defensemen,Defensemen,A3Z tracked games; five on five,2023–24,20232024,37,8482087,Kaiden Guhle,D,0.14,2,238.78,244.18,15,0.21,0.25,-0,0.25,-0.01,FALSE,,0,FALSE,0.83,82.11,0.41,0.46,-0.03,,75,202,0,4,3,4,44,19,45,29,106,10,88,113,16,10,16,5,13,32,13,13,0,0,11,22,25,2,1,19,26,31,0,5,3,24,24,0,22,2,0,4.77,6.53,7.79,0,1.26,0.75,0,0,42.4,0.09,0,1.01,22.11,4.77,0.09,,1459.55
A3Z physicality,Defensemen,Defensemen,A3Z tracked games; five on five,2023–24,20232024,38,8478407,Vince Dunn,D,-0.69,1,367.33,372,20,0.34,0.19,-0.05,0.24,0.03,FALSE,,0,FALSE,0.78,81.62,0.53,-0,0.25,,72,200,0,0,14,13,67,21,68,49,162,7,130,192,28,14,19,5,19,36,32,25,0,1,39,66,47,1,0,17,31,24,1,6,4,44,44,1,27,1,0,2.78,5.06,3.92,0.16,0.98,0.65,0.02,0,49.84,0.04,0,0,21.23,3.43,0.04,,1362.13
A3Z physicality,Defensemen,Defensemen,A3Z tracked games; five on five,2023–24,20232024,39,8480807,Mattias Samuelsson,D,1.36,5,173.38,175.05,11,0.27,0.34,0.13,0.22,-0.03,FALSE,,0,FALSE,0.71,81.13,0.97,0.27,-0.52,,76,229,0,2,4,1,28,10,23,20,74,10,54,77,15,7,3,1,9,13,10,6,0,0,9,18,13,0,0,22,18,11,0,3,0,15,15,0,9,0,0,7.61,6.23,3.81,0,1.04,0,0,0,54.01,0,0,0.69,18.69,3.46,0.14,,840.5
A3Z physicality,Defensemen,Defensemen,A3Z tracked games; five on five,2023–24,20232024,40,8480073,Erik Brannstrom,D,-1.74,4,276.07,283.88,21,0.28,0.05,-0.17,0.22,0.01,FALSE,,0,FALSE,0.71,80.64,-0.99,1.12,0.57,,70,185,1,2,16,9,63,27,55,33,108,10,123,148,23,16,22,4,23,43,12,9,0,2,29,53,18,0,0,7,31,23,0,1,1,23,23,0,17,0,0,1.52,6.74,5,0,0.22,0.22,0,0,46.67,0,0.22,0.43,26.73,5.87,0.09,,1260.92
A3Z physicality,Defensemen,Defensemen,A3Z tracked games; five on five,2023–24,20232024,41,8475753,Justin Faulk,D,-0.41,2,299.73,304.55,17,0.28,0.14,-0.06,0.2,-0.01,TRUE,hitsReceivedPer60,0,FALSE,0.65,80.15,0.6,-0.1,0.15,,72,208,0,0,10,12,53,20,50,33,141,8,102,136,25,10,17,3,17,33,17,20,0,0,32,55,37,0,1,20,6,32,0,0,0,36,36,1,26,1,1,4,1.2,6.41,0,0,0,0.03,0.04,51.66,0.04,0,0,20.42,4,0.06,,1317.73
A3Z physicality,Defensemen,Defensemen,A3Z tracked games; five on five,2023–24,20232024,42,8478851,Alexandre Carrier,D,-1.88,5,307.8,313.82,20,0.27,-0.03,-0.22,0.19,-0.03,FALSE,,0,FALSE,0.62,79.66,-0.45,0.45,0.63,,71,174,0,1,11,8,62,18,49,31,127,19,110,133,10,22,18,5,18,35,14,23,0,1,30,48,38,2,1,21,56,36,0,4,4,35,35,1,26,3,1,4.09,10.92,7.02,0,0.78,0.78,0.03,0.04,50.99,0.12,0,0.19,21.44,3.51,0.15,,1372.42
A3Z physicality,Defensemen,Defensemen,A3Z tracked games; five on five,2023–24,20232024,43,8475718,Justin Holl,D,0.11,1,200.37,203.57,16,0.42,0.21,0.03,0.19,0.03,FALSE,,0,FALSE,0.61,79.17,0.5,0.12,-0,,76,194,0,2,3,2,27,18,23,14,92,4,60,81,18,7,9,2,5,12,11,5,0,0,13,21,13,0,1,22,29,11,0,4,1,9,9,0,6,0,1,6.59,8.68,3.29,0,1.2,0.3,0,0.17,43.93,0,0,0.6,17.97,5.39,0.04,,573.12
A3Z physicality,Defensemen,Defensemen,A3Z tracked games; five on five,2023–24,20232024,44,8483490,Pavel Mintyukov,D,-0.19,5,217.15,219.78,15,0.24,0.15,-0.04,0.19,-0.03,FALSE,,0,FALSE,0.61,78.68,0.48,0.11,0.03,,73,207,0,6,4,11,39,11,29,24,70,11,56,75,4,4,5,7,9,20,9,11,0,0,23,42,20,0,0,23,9,11,0,2,1,17,17,0,15,0,0,6.36,2.49,3.04,0,0.55,0.28,0,0,46.62,0,0,1.66,15.47,3.04,0.16,,1187.22
A3Z physicality,Defensemen,Defensemen,A3Z tracked games; five on five,2023–24,20232024,45,8476917,Adam Pelech,D,0.5,5,355.22,363.73,23,0.4,0.22,0.03,0.19,-0.03,FALSE,,0,FALSE,0.61,78.19,0.27,0.56,-0.22,,75,212,0,3,11,4,71,24,57,29,154,16,156,209,30,24,28,9,9,35,22,23,0,2,20,43,43,0,0,22,22,26,0,4,1,41,41,0,24,0,0,3.72,3.72,4.39,0,0.68,0.17,0,0,57.57,0,0,0.51,26.35,4.05,0.1,,1176.33
A3Z physicality,Defensemen,Defensemen,A3Z tracked games; five on five,2023–24,20232024,46,8478416,Erik Cernak,D,1.4,5,305.53,310.5,20,0.29,0.31,0.13,0.18,-0.03,FALSE,,0,FALSE,0.59,77.7,0.75,0.38,-0.54,,76,230,0,3,3,3,66,19,42,24,115,13,115,150,11,14,18,0,13,24,18,7,0,0,8,24,16,0,0,46,26,18,0,4,1,18,18,1,13,1,0,9.03,5.11,3.53,0,0.79,0.2,0.06,0,59,0.08,0,0.59,22.58,3.73,0.11,,1323.83
A3Z physicality,Defensemen,Defensemen,A3Z tracked games; five on five,2023–24,20232024,47,8476856,Mathew Dumba,D,-1.02,4,346.47,351.05,21,0.28,0.08,-0.1,0.18,0.01,FALSE,,0,FALSE,0.59,77.21,0.18,0.07,0.33,,72,191,1,4,7,4,42,21,52,28,141,18,101,135,26,17,24,0,19,38,14,21,0,0,14,24,41,1,1,48,29,27,0,1,2,40,40,0,27,1,1,8.31,5.02,4.68,0,0.17,0.35,0,0.04,48.57,0.04,0.17,0.69,17.49,3.64,0.13,,1499.68
A3Z physicality,Defensemen,Defensemen,A3Z tracked games; five on five,2023–24,20232024,48,8478840,William Borgen,D,0.03,1,434.1,439.53,27,0.33,0.2,0.02,0.18,0.03,FALSE,,0,FALSE,0.59,76.72,0.95,-0.38,0.02,,75,199,0,5,13,9,57,25,89,55,171,6,122,191,31,14,34,6,23,46,43,26,0,1,27,40,54,0,1,64,45,25,0,5,1,44,44,1,25,2,0,8.85,6.22,3.46,0,0.69,0.14,0.02,0,60.31,0.08,0,0.69,16.86,3.46,0.04,,1442.2
A3Z physicality,Defensemen,Defensemen,A3Z tracked games; five on five,2023–24,20232024,49,8479410,Mikhail Sergachev,D,0.5,3,196.67,201.15,11,0.32,0.25,0.08,0.18,0,FALSE,,0,FALSE,0.58,76.23,0.62,0.21,-0.26,,75,212,1,5,3,7,31,9,31,22,70,12,61,86,14,8,9,3,9,20,11,10,0,2,17,31,23,0,0,10,6,10,0,2,0,21,21,0,12,0,0,3.05,1.83,3.05,0,0.61,0,0,0,52.39,0,0.31,1.53,18.61,2.75,0.17,,766.9
A3Z physicality,Defensemen,Defensemen,A3Z tracked games; five on five,2023–24,20232024,50,8477018,Ben Hutton,D,0.39,2,163.58,167.02,12,0.29,0.19,0.02,0.17,-0.01,FALSE,,0,FALSE,0.56,75.74,-0.01,0.68,-0.12,,75,209,0,1,5,2,28,13,24,12,70,11,52,68,13,4,12,1,4,15,9,10,0,0,6,13,18,0,0,4,18,15,1,1,2,19,19,0,16,0,0,1.47,6.6,5.5,0.37,0.37,0.73,0,0,55,0,0,0.37,19.07,4.77,0.16,,666.57
A3Z physicality,Defensemen,Defensemen,A3Z tracked games; five on five,2023–24,20232024,51,8478454,Noah Juulsen,D,-0.15,2,194.6,198.03,15,0.28,0.13,-0.03,0.17,-0.01,FALSE,,0,FALSE,0.54,75.25,0.08,0.4,0.06,,74,201,0,2,5,2,35,11,46,28,76,7,79,104,17,11,18,3,13,28,18,8,0,0,10,24,14,0,0,39,33,17,0,1,1,14,14,0,6,0,0,12.02,10.17,5.24,0,0.31,0.31,0,0,59.36,0,0,0.62,24.36,3.39,0.09,,804.3
A3Z physicality,Defensemen,Defensemen,A3Z tracked games; five on five,2023–24,20232024,52,8473507,Jeff Petry,D,0.35,1,389.78,395.82,25,0.34,0.2,0.05,0.15,0.03,FALSE,,0,FALSE,0.5,74.75,0.55,0.04,-0.08,,75,208,0,3,6,7,56,23,57,36,148,11,135,177,26,18,21,4,19,36,21,21,0,1,17,37,34,0,0,42,33,43,0,4,1,37,37,0,24,0,0,6.47,5.08,6.62,0,0.62,0.15,0,0,55.01,0,0,0.46,20.78,3.54,0.07,,1372.05
A3Z physicality,Defensemen,Defensemen,A3Z tracked games; five on five,2023–24,20232024,53,8481178,Egor Zamula,D,0.07,5,290.4,297.38,21,0.32,0.14,-0.01,0.15,-0.03,FALSE,,0,FALSE,0.49,74.26,-0.25,0.8,-0.06,,75,200,0,3,8,8,49,22,41,25,129,22,96,120,20,10,16,2,16,31,10,17,0,1,26,45,24,0,0,15,25,25,0,2,1,27,27,0,17,0,0,3.1,5.17,5.17,0,0.41,0.21,0,0,51.86,0,0,0.62,19.83,4.55,0.17,,1059.78
A3Z physicality,Defensemen,Defensemen,A3Z tracked games; five on five,2023–24,20232024,54,8481542,Moritz Seider,D,0.17,5,460.4,467.63,28,0.34,0.14,-0,0.14,-0.03,FALSE,,0,FALSE,0.46,73.77,0.48,0.08,-0.1,,74,210,0,5,9,14,76,20,87,32,187,27,162,209,23,17,55,5,16,55,32,24,0,1,40,63,47,0,0,47,19,57,0,4,5,56,56,0,40,0,0,6.13,2.48,7.43,0,0.52,0.65,0,0,51.34,0,0,0.65,21.11,2.61,0.14,,1833.48
A3Z physicality,Defensemen,Defensemen,A3Z tracked games; five on five,2023–24,20232024,55,8477220,Nate Schmidt,D,-0.8,3,333.9,340.65,24,0.38,0.04,-0.1,0.14,0,FALSE,,0,FALSE,0.44,73.28,0.46,-0.35,0.33,,72,197,0,3,10,10,58,18,58,46,120,11,94,145,17,6,12,2,20,30,28,14,0,1,24,47,35,0,0,22,17,32,0,2,0,36,36,1,24,1,0,3.95,3.05,5.75,0,0.36,0,0.03,0,55.34,0.04,0,0.54,16.89,3.23,0.09,,1059.43
A3Z physicality,Defensemen,Defensemen,A3Z tracked games; five on five,2023–24,20232024,56,8476457,Adam Larsson,D,0.32,1,468.78,480.2,27,0.33,0.18,0.05,0.13,0.03,FALSE,,0,FALSE,0.43,72.79,1.29,-0.79,-0.07,,75,207,1,4,12,13,67,19,76,50,191,10,116,189,22,10,26,6,17,34,42,30,0,0,30,59,60,1,0,54,27,39,0,7,1,55,55,0,41,0,0,6.91,3.46,4.99,0,0.9,0.13,0,0,50.45,0,0.13,0.51,14.85,2.43,0.05,,1858.55
A3Z physicality,Defensemen,Defensemen,A3Z tracked games; five on five,2023–24,20232024,57,8480800,Quinn Hughes,D,-1.92,1,442.05,444.28,23,0.28,-0.04,-0.16,0.12,0.03,TRUE,blockedShotsPer60,0,FALSE,0.4,72.3,-0.63,0.4,0.63,,70,180,0,9,5,30,112,26,130,98,144,16,180,256,22,14,32,29,40,80,50,29,0,2,57,105,83,1,0,8,27,12,0,0,0,62,62,1,45,1,0,1.09,3.66,1.63,0,0,0,0.02,0,45.1,0.02,0,1.22,24.43,3.53,0.11,,2024.17
A3Z physicality,Defensemen,Defensemen,A3Z tracked games; five on five,2023–24,20232024,58,8475455,Brenden Dillon,D,1.22,4,446.23,449.02,28,0.36,0.25,0.13,0.12,0.01,FALSE,,0,FALSE,0.39,71.81,1.59,-0.78,-0.42,,76,225,0,5,16,16,54,24,48,28,166,9,115,167,30,8,20,2,7,24,24,26,0,0,25,62,46,0,2,74,40,35,1,6,0,43,43,0,30,0,1,9.95,5.38,4.71,0.13,0.81,0,0,0.03,56.89,0,0,0.67,15.46,3.23,0.05,,1443.08
A3Z physicality,Defensemen,Defensemen,A3Z tracked games; five on five,2023–24,20232024,59,8480336,Sean Walker,D,-1.27,2,384.42,395.78,25,0.31,-0.03,-0.15,0.11,-0.01,FALSE,,0,FALSE,0.36,71.32,-0.58,0.5,0.44,,71,191,0,8,9,14,66,15,84,46,132,20,144,190,28,22,38,9,22,53,31,24,0,2,27,59,54,0,0,21,46,29,0,2,1,64,64,2,48,3,0,3.28,7.18,4.53,0,0.31,0.16,0.03,0,46.23,0.06,0,1.25,22.48,2.34,0.15,,1557.77
A3Z physicality,Defensemen,Defensemen,A3Z tracked games; five on five,2023–24,20232024,60,8475762,Derek Forbort,D,0.9,3,150.97,151.28,11,0.31,0.24,0.13,0.11,0,FALSE,,0,FALSE,0.36,70.83,-0.2,1,-0.44,,76,216,0,1,1,2,27,13,24,13,63,3,69,90,14,11,11,0,5,14,10,10,0,0,4,12,13,0,0,17,17,18,0,2,3,9,9,0,5,0,0,6.76,6.76,7.15,0,0.79,1.19,0,0,61.47,0,0,0.4,27.42,5.17,0.05,,622.78
A3Z physicality,Defensemen,Defensemen,A3Z tracked games; five on five,2023–24,20232024,61,8475188,Brayden McNabb,D,0.86,3,370.47,376.4,23,0.28,0.24,0.13,0.11,0,FALSE,,0,FALSE,0.36,70.34,0.32,0.46,-0.42,,76,215,0,2,5,11,73,18,46,28,189,25,137,178,30,10,18,3,8,21,25,19,0,0,21,56,38,1,0,31,27,51,0,4,2,32,32,0,26,1,0,5.02,4.37,8.26,0,0.65,0.32,0,0,52.8,0.04,0,0.32,22.19,2.92,0.13,,1587.03
A3Z physicality,Defensemen,Defensemen,A3Z tracked games; five on five,2023–24,20232024,62,8471709,Marc-Edouard Vlasic,D,-0.26,1,170.78,173.6,12,0.21,0.1,-0.01,0.11,0.03,FALSE,,0,FALSE,0.35,69.85,-0.09,0.33,0.11,,73,205,0,0,4,4,21,19,19,13,57,5,49,72,10,4,6,0,2,8,11,9,1,1,9,19,19,0,0,6,10,12,0,2,1,21,21,0,13,1,0,2.11,3.51,4.22,0,0.7,0.35,0,0,54.23,0.08,0,0,17.21,6.68,0.09,,928
A3Z physicality,Defensemen,Defensemen,A3Z tracked games; five on five,2023–24,20232024,63,8482858,Ryker Evans,D,-0.87,1,155.47,158.02,9,0.25,0.04,-0.07,0.11,0.03,TRUE,entryDenialShare,0,FALSE,0.35,69.36,0.04,0,0.3,,72,195,0,0,4,6,31,11,27,20,61,1,51,72,6,7,7,3,7,12,15,9,1,0,10,22,17,0,0,10,22,6,0,1,0,17,17,0,11,0,0,3.86,8.49,2.32,0,0.39,0,0,0,56.4,0,0,0,19.68,4.25,0.02,,690.43
A3Z physicality,Defensemen,Defensemen,A3Z tracked games; five on five,2023–24,20232024,64,8473446,Erik Johnson,D,1.22,2,212.3,216.37,18,0.27,0.21,0.1,0.11,-0.01,FALSE,,0,FALSE,0.34,68.87,0.19,0.54,-0.4,,76,225,0,2,1,1,32,24,45,25,82,7,75,101,18,14,20,6,11,28,17,12,0,0,3,8,25,0,0,41,22,21,0,0,1,19,19,1,13,0,0,11.59,6.22,5.93,0,0,0.28,0.05,0,48.76,0,0,0.57,21.2,6.78,0.09,,969.72
A3Z physicality,Defensemen,Defensemen,A3Z tracked games; five on five,2023–24,20232024,65,8475825,Jani Hakanpää,D,1.98,2,391.95,396.57,27,0.42,0.28,0.18,0.1,-0.01,FALSE,,0,FALSE,0.33,68.38,0.69,0.29,-0.65,,79,225,0,4,7,5,70,35,56,30,199,13,146,189,27,11,26,0,13,33,23,32,0,0,9,26,45,0,0,65,65,36,0,6,1,36,36,0,20,0,0,9.95,9.95,5.51,0,0.92,0.15,0,0,55.65,0,0,0.61,22.35,5.36,0.07,,1193.37
A3Z physicality,Defensemen,Defensemen,A3Z tracked games; five on five,2023–24,20232024,66,8474013,Ian Cole,D,0.89,3,375.2,383.95,23,0.29,0.22,0.13,0.09,0,FALSE,,0,FALSE,0.3,67.89,0.84,-0.11,-0.43,,73,237,1,3,9,16,50,22,56,22,135,10,123,158,18,14,34,3,9,37,19,22,0,3,31,56,35,0,0,24,39,36,1,5,1,30,30,0,21,1,0,3.84,6.24,5.76,0.16,0.8,0.16,0,0,59.03,0.05,0.16,0.48,19.67,3.52,0.07,,1457.77
A3Z physicality,Defensemen,Defensemen,A3Z tracked games; five on five,2023–24,20232024,67,8479425,Filip Hronek,D,-1.05,1,439.38,444.58,23,0.28,0,-0.08,0.09,0.03,FALSE,,0,FALSE,0.28,67.4,0.34,-0.42,0.36,,72,190,1,4,9,17,63,21,65,34,183,10,130,200,33,11,31,3,8,28,37,9,0,1,40,78,51,0,0,31,17,22,0,2,2,48,48,0,29,0,0,4.23,2.32,3,0,0.27,0.27,0,0,54.43,0,0.14,0.55,17.75,2.87,0.05,,1898.75
A3Z physicality,Defensemen,Defensemen,A3Z tracked games; five on five,2023–24,20232024,68,8475177,Calvin de Haan,D,-0.73,5,296.4,300.75,21,0.36,-0.01,-0.1,0.09,-0.03,FALSE,,0,FALSE,0.28,66.91,0.19,-0.13,0.22,,73,192,0,4,5,6,44,17,59,27,103,6,101,139,18,9,32,5,10,36,23,14,0,0,14,30,30,0,0,25,28,22,0,4,2,27,27,0,18,1,0,5.06,5.67,4.45,0,0.81,0.4,0,0,55.54,0.06,0,0.81,20.45,3.44,0.06,,980.9
A3Z physicality,Defensemen,Defensemen,A3Z tracked games; five on five,2023–24,20232024,69,8476422,Mike Reilly,D,-0.51,2,272.03,274.35,18,0.3,0.02,-0.07,0.09,-0.01,FALSE,,0,FALSE,0.27,66.42,-0.15,0.24,0.18,,74,191,1,1,6,3,51,21,54,35,109,8,99,128,20,10,19,14,11,36,18,17,0,0,13,30,34,0,0,10,15,19,0,3,1,38,38,0,28,0,0,2.21,3.31,4.19,0,0.66,0.22,0,0,53.81,0,0.22,0.22,21.84,4.63,0.07,,1046.52
A3Z physicality,Defensemen,Defensemen,A3Z tracked games; five on five,2023–24,20232024,70,8474578,Erik Karlsson,D,-1.23,1,443.75,445.12,23,0.28,-0.01,-0.1,0.09,0.03,FALSE,,0,FALSE,0.27,65.93,-0.63,0.49,0.41,,72,185,1,4,23,25,111,26,105,86,168,13,193,249,24,23,19,25,34,73,32,40,1,6,62,111,75,0,0,11,35,24,0,2,1,70,70,1,47,0,0,1.49,4.73,3.25,0,0.27,0.14,0.01,0,56.07,0,0.14,0.54,26.1,3.52,0.08,,1990.02
A3Z physicality,Defensemen,Defensemen,A3Z tracked games; five on five,2023–24,20232024,71,8479976,Juuso Välimäki,D,-0.15,5,239.25,245.48,15,0.22,0.05,-0.04,0.09,-0.03,FALSE,,0,FALSE,0.27,65.44,-0.49,0.75,0.01,,74,201,0,4,4,3,42,24,42,27,99,7,90,119,24,8,15,2,15,30,12,8,0,0,12,28,18,0,2,10,27,20,0,1,0,23,23,1,11,0,0,2.51,6.77,5.02,0,0.25,0,0.04,0,39.81,0,0,1,22.57,6.02,0.07,,1298.38
A3Z physicality,Defensemen,Defensemen,A3Z tracked games; five on five,2023–24,20232024,72,8476885,Jacob Trouba,D,0.5,4,390.38,400.58,22,0.32,0.14,0.06,0.08,0.01,FALSE,,0,FALSE,0.27,64.95,0.61,-0.16,-0.18,,75,212,1,5,12,13,76,20,70,36,151,4,160,211,36,17,34,1,21,46,24,16,0,3,28,60,44,1,3,54,27,55,0,3,3,49,49,4,38,0,1,8.3,4.15,8.45,0,0.46,0.46,0.08,0.03,51.09,0,0.15,0.77,24.59,3.07,0.03,,1465.95
A3Z physicality,Defensemen,Defensemen,A3Z tracked games; five on five,2023–24,20232024,73,8481568,Alex Vlasic,D,1.44,1,381.3,387.33,24,0.32,0.23,0.15,0.08,0.03,FALSE,,0,FALSE,0.26,64.46,-0.11,0.79,-0.42,,78,217,0,7,7,11,77,25,76,45,177,19,178,227,24,28,31,7,21,55,21,20,1,1,30,55,30,0,0,17,31,33,1,2,3,31,31,1,24,0,0,2.68,4.88,5.19,0.16,0.31,0.47,0.03,0,44.82,0,0,1.1,28.01,3.93,0.11,,1632.38
A3Z physicality,Defensemen,Defensemen,A3Z tracked games; five on five,2023–24,20232024,74,8476979,Erik Gustafsson,D,-1.05,4,385.2,390.33,26,0.34,-0.02,-0.1,0.08,0.01,FALSE,,0,FALSE,0.25,63.97,0.16,-0.25,0.34,,72,190,0,1,14,24,55,21,66,34,141,13,112,174,21,13,32,3,11,30,36,12,0,1,44,70,34,0,0,23,37,16,1,3,3,37,37,1,22,1,0,3.58,5.76,2.49,0.16,0.47,0.47,0.03,0,56.61,0.05,0,0.16,17.45,3.27,0.09,,1321.78
A3Z physicality,Defensemen,Defensemen,A3Z tracked games; five on five,2023–24,20232024,75,8475200,Dmitry Orlov,D,-0.41,4,574.35,589.23,38,0.46,0.04,-0.04,0.07,0.01,FALSE,,0,FALSE,0.23,63.48,0.24,-0.14,0.13,,71,215,2,18,15,10,106,16,122,72,229,33,184,249,24,15,50,13,34,74,48,40,0,1,43,93,83,1,0,55,34,31,0,8,7,85,85,2,55,4,0,5.75,3.55,3.24,0,0.84,0.73,0.02,0,46.04,0.07,0.21,1.88,19.22,1.67,0.14,,1419.82
A3Z physicality,Defensemen,Defensemen,A3Z tracked games; five on five,2023–24,20232024,76,8478443,Brandon Carlo,D,1.54,3,329.52,334.07,20,0.26,0.29,0.22,0.07,0,FALSE,,0,FALSE,0.21,62.99,0.21,0.73,-0.73,,77,227,0,3,5,10,59,31,50,31,127,10,124,156,22,10,19,3,13,28,22,11,0,0,17,33,33,0,0,27,42,29,0,9,1,37,37,0,21,0,0,4.92,7.65,5.28,0,1.64,0.18,0,0,54.41,0,0,0.55,22.58,5.64,0.08,,1512.68
A3Z physicality,Defensemen,Defensemen,A3Z tracked games; five on five,2023–24,20232024,77,8477969,Marcus Pettersson,D,-0.36,5,423.92,434.45,23,0.28,0.01,-0.06,0.06,-0.03,FALSE,,0,FALSE,0.2,62.5,0.07,0.04,0.09,,77,174,0,5,18,14,69,26,55,34,217,17,137,193,16,16,21,2,14,30,25,30,0,0,36,76,51,1,0,21,55,34,1,3,1,43,43,0,24,0,0,2.97,7.78,4.81,0.14,0.42,0.14,0,0,58.86,0,0,0.71,19.39,3.68,0.08,,1859.02
A3Z physicality,Defensemen,Defensemen,A3Z tracked games; five on five,2023–24,20232024,78,8478911,Matt Roy,D,0.53,3,378.77,386.65,23,0.28,0.14,0.08,0.06,0,FALSE,,0,FALSE,0.19,62.01,0.05,0.42,-0.27,,74,220,0,7,6,7,74,40,48,34,123,5,138,183,31,15,14,3,15,24,24,25,0,0,22,42,66,0,1,49,39,38,0,2,2,65,65,2,40,2,2,7.76,6.18,6.02,0,0.32,0.32,0.03,0.05,56.57,0.05,0,1.11,21.86,6.34,0.04,,1692.48
A3Z physicality,Defensemen,Defensemen,A3Z tracked games; five on five,2023–24,20232024,79,8482111,Justin Barron,D,-0.26,1,158.15,160.82,10,0.21,0.05,-0.01,0.06,0.03,FALSE,,0,FALSE,0.18,61.52,0.16,-0.1,0.11,,74,198,0,2,3,0,27,9,24,18,62,4,52,69,13,4,6,5,7,14,10,7,0,0,10,18,14,1,0,15,11,10,0,1,1,13,13,0,9,0,0,5.69,4.17,3.79,0,0.38,0.38,0,0,38.9,0,0,0.76,19.73,3.41,0.06,,894.1
A3Z physicality,Defensemen,Defensemen,A3Z tracked games; five on five,2023–24,20232024,80,8479458,Nikita Zaitsev,D,-0.47,1,191.48,192.83,13,0.34,0.03,-0.03,0.05,0.03,TRUE,blockedShotsPer60,0,FALSE,0.16,61.03,0.39,-0.4,0.18,,74,192,0,0,2,2,16,9,22,9,85,3,59,72,11,12,13,0,5,16,6,7,0,0,5,8,15,0,0,30,22,33,0,1,0,18,18,0,10,0,0,9.4,6.89,10.34,0,0.31,0,0,0,58.54,0,0,0,18.49,2.82,0.04,,605.37
A3Z physicality,Defensemen,Defensemen,A3Z tracked games; five on five,2023–24,20232024,81,8482073,Braden Schneider,D,0.28,4,378.38,382.08,27,0.33,0.08,0.03,0.05,0.01,FALSE,,0,FALSE,0.15,60.54,-0.31,0.57,-0.11,,75,206,1,1,16,9,79,27,66,37,154,10,164,206,24,13,29,6,13,46,20,18,0,0,25,54,39,0,2,51,58,41,0,0,2,36,36,1,26,0,0,8.09,9.2,6.5,0,0,0.32,0.03,0,50.45,0,0.16,0.16,26.01,4.28,0.06,,1303.67
A3Z physicality,Defensemen,Defensemen,A3Z tracked games; five on five,2023–24,20232024,82,8470966,Mark Giordano,D,-0.62,4,291.05,297.2,21,0.46,-0.02,-0.06,0.04,0.01,FALSE,,0,FALSE,0.12,60.05,-0.34,0.26,0.2,,72,202,0,1,7,10,54,22,49,40,108,9,101,149,20,11,9,2,18,24,25,26,0,1,21,40,41,1,0,20,45,28,0,1,0,37,37,1,27,0,0,4.12,9.28,5.77,0,0.21,0,0.03,0,60.88,0,0,0.21,20.82,4.54,0.08,,764.38
A3Z physicality,Defensemen,Defensemen,A3Z tracked games; five on five,2023–24,20232024,83,8480839,Rasmus Dahlin,D,0.21,4,425.1,428.53,21,0.26,0.07,0.03,0.04,0.01,FALSE,,0,FALSE,0.12,59.56,0.12,0.08,-0.08,,75,204,4,3,13,21,84,22,109,62,141,5,185,235,23,26,47,7,36,78,31,21,0,2,39,69,47,0,0,39,44,31,0,5,2,56,56,0,39,0,0,5.5,6.21,4.38,0,0.71,0.28,0,0,54.9,0,0.56,0.42,26.11,3.11,0.04,,2059.22
A3Z physicality,Defensemen,Defensemen,A3Z tracked games; five on five,2023–24,20232024,84,8476874,Olli Maatta,D,0.07,3,347.57,351.85,24,0.33,0.06,0.02,0.04,0,FALSE,,0,FALSE,0.12,59.07,-1.09,1.27,-0.06,,74,207,0,3,12,9,86,24,61,40,147,14,162,217,28,16,21,3,13,28,33,17,2,1,19,50,25,1,0,13,41,29,0,2,1,24,24,3,17,2,0,2.24,7.08,5.01,0,0.35,0.17,0.12,0,47.57,0.12,0,0.52,27.97,4.14,0.1,,1155.88
A3Z physicality,Defensemen,Defensemen,A3Z tracked games; five on five,2023–24,20232024,85,8474673,TJ Brodie,D,-0.65,4,447.27,454.52,25,0.32,-0.02,-0.06,0.04,0.01,FALSE,,0,FALSE,0.1,58.58,-0.73,0.63,0.21,,74,187,2,6,9,12,76,44,63,38,186,17,162,202,24,17,25,7,21,46,17,11,0,1,36,58,23,0,0,14,46,47,0,3,3,20,20,1,14,0,0,1.88,6.17,6.3,0,0.4,0.4,0.05,0,53.97,0,0.27,0.8,21.73,5.9,0.09,,1694.25
A3Z physicality,Defensemen,Defensemen,A3Z tracked games; five on five,2023–24,20232024,86,8478507,John Marino,D,-0.44,5,372.25,376.98,23,0.31,-0.03,-0.07,0.03,-0.03,FALSE,,0,FALSE,0.1,58.09,-0.86,0.84,0.12,,73,200,0,4,7,5,106,28,89,66,145,19,164,224,20,12,23,9,31,52,37,11,0,1,25,45,26,1,1,9,33,20,0,4,3,22,22,1,14,0,0,1.45,5.32,3.22,0,0.64,0.48,0.05,0,44.1,0,0,0.64,26.43,4.51,0.13,,1571.85
A3Z physicality,Defensemen,Defensemen,A3Z tracked games; five on five,2023–24,20232024,87,8480172,Jan Rutta,D,0.21,1,296,302.18,19,0.28,0.07,0.04,0.03,0.03,FALSE,,0,FALSE,0.1,57.6,0.36,-0.23,-0.04,,75,204,0,5,3,7,34,18,39,20,92,10,83,106,14,10,19,3,12,30,9,21,2,1,12,19,28,0,0,11,21,22,0,3,0,23,23,0,16,0,0,2.23,4.26,4.46,0,0.61,0,0,0,56.22,0,0,1.01,16.82,3.65,0.11,,1360.72
A3Z physicality,Defensemen,Defensemen,A3Z tracked games; five on five,2023–24,20232024,88,8476875,Mike Matheson,D,-0.33,2,292.43,290.53,17,0.21,-0.02,-0.05,0.03,-0.01,FALSE,,0,FALSE,0.09,57.11,-0.45,0.43,0.12,,74,196,0,2,10,2,61,19,63,50,124,13,108,154,21,11,13,13,15,32,31,14,1,0,18,46,31,0,0,15,21,33,0,2,5,29,29,1,19,1,0,3.08,4.31,6.77,0,0.41,1.03,0.03,0,54.42,0.05,0,0.41,22.16,3.9,0.1,,2095.33
A3Z physicality,Defensemen,Defensemen,A3Z tracked games; five on five,2023–24,20232024,89,8478396,Noah Hanifin,D,0.28,2,434.45,447.02,25,0.31,0.04,0.01,0.03,-0.01,FALSE,,0,FALSE,0.08,56.62,-0.04,0.2,-0.08,,75,206,2,6,18,11,87,23,99,69,168,14,167,240,31,16,30,7,31,55,44,28,3,1,48,79,57,0,0,18,28,36,0,2,0,62,62,1,42,0,0,2.49,3.87,4.97,0,0.28,0,0.02,0,57.35,0,0.28,0.83,23.06,3.18,0.08,,1889.12
A3Z physicality,Defensemen,Defensemen,A3Z tracked games; five on five,2023–24,20232024,90,8477495,Seth Jones,D,0.79,2,351.18,353.3,20,0.3,0.09,0.06,0.02,-0.01,FALSE,,0,FALSE,0.07,56.13,0.23,0.09,-0.25,,76,213,1,4,7,8,81,17,61,39,158,12,135,180,17,13,22,8,12,31,30,26,1,1,27,50,51,0,0,23,28,31,0,5,2,42,42,0,31,1,0,3.93,4.78,5.3,0,0.85,0.34,0,0,52.9,0.03,0.17,0.68,23.06,2.9,0.08,,1707.45
A3Z physicality,Defensemen,Defensemen,A3Z tracked games; five on five,2023–24,20232024,91,8477932,Aaron Ekblad,D,1.04,5,220.8,224.98,15,0.29,0.11,0.09,0.02,-0.03,FALSE,,0,FALSE,0.06,55.64,0.49,-0.02,-0.41,,76,220,1,6,4,4,37,9,43,19,76,10,81,95,10,7,24,0,13,33,10,28,0,0,5,16,41,0,0,24,25,13,0,4,1,38,38,0,26,1,0,6.52,6.79,3.53,0,1.09,0.27,0,0,53.88,0.04,0.27,1.63,22.01,2.45,0.13,,1064.03
A3Z physicality,Defensemen,Defensemen,A3Z tracked games; five on five,2023–24,20232024,92,8475790,Erik Gudbranson,D,1.36,1,304.83,312.07,19,0.24,0.17,0.14,0.02,0.03,FALSE,,0,FALSE,0.06,55.15,0.13,0.32,-0.4,,77,222,1,0,9,4,46,25,39,17,115,7,107,136,27,17,22,1,10,25,14,19,0,0,20,37,27,0,0,25,23,29,0,2,1,20,20,0,14,0,0,4.92,4.53,5.71,0,0.39,0.2,0,0,56.34,0,0.2,0,21.06,4.92,0.06,,1533.48
A3Z physicality,Defensemen,Defensemen,A3Z tracked games; five on five,2023–24,20232024,93,8476429,Scott Mayfield,D,0.86,5,280.25,285.83,18,0.44,0.09,0.07,0.02,-0.03,FALSE,,0,FALSE,0.05,54.66,0.41,-0.01,-0.34,,76,215,0,3,6,2,38,15,36,16,102,9,96,132,29,12,20,3,7,23,13,27,0,1,7,15,38,0,1,33,20,35,0,3,4,29,29,1,21,1,1,7.07,4.28,7.49,0,0.64,0.86,0.03,0.05,54.64,0.05,0,0.64,20.55,3.21,0.09,,769.35
A3Z physicality,Defensemen,Defensemen,A3Z tracked games; five on five,2023–24,20232024,94,8478013,Jake Walman,D,0.21,4,390.48,398.73,24,0.38,0.04,0.03,0.01,0.01,FALSE,,0,FALSE,0.02,54.17,0.09,0.01,-0.08,,73,218,1,4,8,8,65,16,83,43,151,14,143,201,32,10,40,5,19,48,35,29,0,1,23,50,65,0,0,15,12,55,0,6,7,64,64,0,43,0,0,2.3,1.84,8.45,0,0.92,1.08,0,0,56.63,0,0.15,0.61,21.97,2.46,0.09,,1245.47
A3Z physicality,Defensemen,Defensemen,A3Z tracked games; five on five,2023–24,20232024,95,8480865,Noah Dobson,D,0.32,3,556.35,562.57,29,0.37,0.06,0.05,0.01,0,FALSE,,0,FALSE,0.01,53.68,-0.39,0.58,-0.18,,76,200,0,3,24,17,106,50,98,66,206,16,202,264,40,20,32,14,31,62,36,31,0,4,52,78,66,0,1,36,58,55,0,3,1,77,77,0,48,0,0,3.88,6.26,5.93,0,0.32,0.11,0,0,56.61,0,0,0.32,21.78,5.39,0.08,,1936.25
A3Z physicality,Defensemen,Defensemen,A3Z tracked games; five on five,2023–24,20232024,96,8479402,Jake Bean,D,-0.76,5,227.78,231.28,16,0.22,-0.1,-0.1,0,-0.03,FALSE,,0,FALSE,0,53.19,-0.14,-0.08,0.23,,73,191,0,3,4,5,32,10,26,15,90,11,73,92,13,14,11,0,10,20,6,9,0,0,12,23,25,1,0,9,17,15,0,3,1,18,18,0,14,0,0,2.37,4.48,3.95,0,0.79,0.26,0,0,62.09,0,0,0.79,19.23,2.63,0.12,,1175.55
A3Z physicality,Defensemen,Defensemen,A3Z tracked games; five on five,2023–24,20232024,97,8477506,Ryan Pulock,D,0.24,3,428.45,435.7,24,0.41,0.04,0.04,0,0,FALSE,,0,FALSE,-0.01,52.7,0.26,-0.13,-0.14,,73,219,1,4,13,12,67,23,86,62,167,16,133,198,26,17,24,6,29,51,35,31,0,1,25,50,57,0,0,41,39,50,0,2,0,47,47,0,33,1,0,5.74,5.46,7,0,0.28,0,0,0,57.97,0.03,0.14,0.56,18.63,3.22,0.1,,1307.9
A3Z physicality,Defensemen,Defensemen,A3Z tracked games; five on five,2023–24,20232024,98,8470600,Ryan Suter,D,-0.4,5,529.22,541.6,31,0.38,-0.06,-0.06,-0,-0.03,FALSE,,0,FALSE,-0.02,52.21,0.11,-0.24,0.1,,73,201,1,4,15,12,80,29,79,40,257,14,175,249,42,21,39,2,19,47,32,28,0,1,36,67,52,0,0,41,38,41,0,2,0,57,57,1,36,2,1,4.65,4.31,4.65,0,0.23,0,0.02,0.03,53.81,0.06,0.11,0.45,19.84,3.29,0.05,,1553.07
A3Z physicality,Defensemen,Defensemen,A3Z tracked games; five on five,2023–24,20232024,99,8477244,Chad Ruhwedel,D,-1.34,3,196.07,196.4,19,0.37,-0.18,-0.17,-0,0,FALSE,,0,FALSE,-0.02,51.72,-0.34,-0.26,0.58,,71,189,0,2,6,5,26,10,28,15,83,7,61,91,10,13,13,2,4,14,14,10,0,0,9,19,19,0,0,26,19,11,0,0,1,15,15,0,10,0,0,7.96,5.81,3.37,0,0,0.31,0,0,58.82,0,0,0.61,18.67,3.06,0.08,,660.42
A3Z physicality,Defensemen,Defensemen,A3Z tracked games; five on five,2023–24,20232024,100,8479324,Ryan Lindgren,D,-0.91,4,417.73,419.72,26,0.34,-0.09,-0.09,-0,0.01,FALSE,,0,FALSE,-0.03,51.23,-0.29,-0.03,0.29,,72,194,0,3,8,13,79,17,72,39,214,18,155,202,22,16,33,13,13,42,30,30,0,2,30,54,51,1,0,35,46,24,0,3,3,41,41,2,30,0,1,5.03,6.61,3.45,0,0.43,0.43,0.05,0.03,54.12,0,0,0.43,22.26,2.44,0.08,,1470.62
A3Z physicality,Defensemen,Defensemen,A3Z tracked games; five on five,2023–24,20232024,101,8483495,Simon Nemec,D,-0.8,2,202.57,206.4,12,0.2,-0.11,-0.1,-0.01,-0.01,FALSE,,0,FALSE,-0.04,50.74,-0.23,-0.09,0.28,,73,190,0,4,8,5,32,11,34,21,88,7,65,87,15,9,13,4,10,19,15,7,0,4,14,27,15,0,0,6,12,20,0,2,1,8,8,0,6,0,0,1.78,3.55,5.92,0,0.59,0.3,0,0,44.32,0,0,1.18,19.25,3.26,0.08,,1191.78
A3Z physicality,Defensemen,Defensemen,A3Z tracked games; five on five,2023–24,20232024,102,8475690,Chris Tanev,D,0.07,3,389.73,396.82,24,0.32,0.01,0.02,-0.01,0,TRUE,defensiveRetrievalsPer60,0,FALSE,-0.05,50.25,-1.5,1.51,-0.06,,75,200,0,3,14,13,118,32,75,60,148,9,198,248,23,18,15,12,26,43,32,12,1,0,36,64,21,0,0,12,47,47,0,1,2,20,20,0,13,0,0,1.85,7.24,7.24,0,0.15,0.31,0,0,56.74,0,0,0.46,30.48,4.93,0.06,,1476.28
A3Z physicality,Defensemen,Defensemen,A3Z tracked games; five on five,2023–24,20232024,103,8480222,Sebastian Aho,D,-1.92,5,323.75,329.03,23,0.4,-0.24,-0.22,-0.02,-0.03,FALSE,,0,FALSE,-0.08,49.75,-0.44,-0.29,0.64,,70,180,0,4,10,4,43,17,58,40,153,10,95,137,14,16,18,9,13,33,25,14,0,0,20,29,25,0,0,16,29,25,0,3,3,30,30,0,18,0,0,2.97,5.37,4.63,0,0.56,0.56,0,0,60.65,0,0,0.74,17.61,3.15,0.07,,950.7
A3Z physicality,Defensemen,Defensemen,A3Z tracked games; five on five,2023–24,20232024,104,8480871,Adam Boqvist,D,-0.87,5,152.17,152.68,10,0.29,-0.13,-0.11,-0.02,-0.03,FALSE,,0,FALSE,-0.09,49.26,-1.09,0.73,0.27,,72,195,1,0,3,3,20,16,20,13,52,4,48,61,15,3,7,2,6,12,8,3,1,1,11,17,13,0,0,4,13,10,0,0,0,13,13,0,10,0,0,1.58,5.13,3.94,0,0,0,0,0,49.77,0,0.39,0,18.93,6.31,0.08,,639.92
A3Z physicality,Defensemen,Defensemen,A3Z tracked games; five on five,2023–24,20232024,105,8481524,Bowen Byram,D,-0.26,4,381.58,391.97,23,0.32,-0.05,-0.02,-0.03,0.01,FALSE,,0,FALSE,-0.1,48.77,-0.3,0.12,0.08,,73,205,1,4,3,9,65,25,60,37,145,12,131,156,19,15,23,9,20,44,16,15,0,1,22,47,36,3,0,26,47,26,0,6,4,29,29,1,21,0,0,4.09,7.39,4.09,0,0.94,0.63,0.03,0,45.04,0,0.16,0.63,20.6,3.93,0.08,,1485
A3Z physicality,Defensemen,Defensemen,A3Z tracked games; five on five,2023–24,20232024,106,8476902,Esa Lindell,D,0.68,4,490.03,497.68,31,0.38,0.05,0.07,-0.03,0.01,FALSE,,0,FALSE,-0.1,48.28,-0.52,0.66,-0.24,,75,217,0,5,13,9,86,28,113,39,226,21,215,296,37,28,74,2,16,67,46,26,1,0,34,57,48,1,0,21,61,45,0,3,1,45,45,0,32,1,0,2.57,7.47,5.51,0,0.37,0.12,0,0,50.25,0.03,0,0.61,26.32,3.43,0.09,,1678.68
A3Z physicality,Defensemen,Defensemen,A3Z tracked games; five on five,2023–24,20232024,107,8480860,Kevin Bahl,D,1.91,3,328.83,332.7,23,0.28,0.24,0.27,-0.03,0,FALSE,,0,FALSE,-0.12,47.79,0.29,0.49,-0.89,,78,230,0,5,7,3,58,23,52,32,128,16,111,167,19,12,20,2,11,23,29,17,1,0,12,27,33,0,0,43,33,24,0,4,2,31,31,0,24,0,0,7.85,6.02,4.38,0,0.73,0.36,0,0,55.23,0,0,0.91,20.25,4.2,0.12,,1426.52
A3Z physicality,Defensemen,Defensemen,A3Z tracked games; five on five,2023–24,20232024,108,8474563,Drew Doughty,D,-0.08,4,429.9,434.57,23,0.28,-0.03,-0,-0.03,0.01,FALSE,,0,FALSE,-0.12,47.3,-0.31,0.18,0.02,,73,210,1,4,11,10,96,31,87,60,135,7,165,228,30,12,27,9,26,48,39,9,1,0,30,67,36,0,0,26,37,32,0,2,2,39,39,0,26,1,0,3.63,5.16,4.47,0,0.28,0.28,0,0,56.14,0.04,0.14,0.56,23.03,4.33,0.05,,2115.07
A3Z physicality,Defensemen,Defensemen,A3Z tracked games; five on five,2023–24,20232024,109,8476853,Morgan Rielly,D,0.24,2,447.28,453.07,23,0.32,-0.03,0.01,-0.03,-0.01,FALSE,,0,FALSE,-0.12,46.81,0.09,-0.14,-0.07,,73,219,0,7,9,9,79,14,104,70,158,12,170,254,28,31,34,14,24,58,46,18,1,3,30,53,67,2,0,33,45,37,0,2,0,68,68,0,48,2,0,4.43,6.04,4.96,0,0.27,0,0,0,43.5,0.04,0,0.94,22.8,1.88,0.08,,1709.37
A3Z physicality,Defensemen,Defensemen,A3Z tracked games; five on five,2023–24,20232024,110,8478408,Travis Dermott,D,-0.69,3,156,159.12,11,0.22,-0.12,-0.09,-0.03,0,FALSE,,0,FALSE,-0.13,46.32,0.05,-0.46,0.28,,72,200,0,1,3,3,17,5,20,12,51,7,43,57,6,9,8,0,6,12,8,4,0,0,6,15,11,0,0,7,12,5,0,3,0,13,13,0,8,0,0,2.69,4.62,1.92,0,1.15,0,0,0,53.37,0,0,0.38,16.54,1.92,0.14,,863.97
A3Z physicality,Defensemen,Defensemen,A3Z tracked games; five on five,2023–24,20232024,111,8476892,Colton Parayko,D,1.83,5,469.63,478.33,24,0.29,0.14,0.18,-0.04,-0.03,FALSE,,0,FALSE,-0.14,45.83,-0.23,0.78,-0.69,,78,228,0,6,9,14,108,42,104,72,199,18,192,259,33,23,32,31,22,70,34,25,2,1,28,57,57,2,0,36,31,46,0,1,2,47,47,3,37,1,0,4.6,3.96,5.88,0,0.13,0.26,0.06,0,50.93,0.03,0,0.77,24.53,5.37,0.09,,1956.58
A3Z physicality,Defensemen,Defensemen,A3Z tracked games; five on five,2023–24,20232024,112,8475179,Dmitry Kulikov,D,-0.01,2,370.05,375.38,26,0.34,-0.06,-0.02,-0.04,-0.01,FALSE,,0,FALSE,-0.16,45.34,-0.49,0.31,0.01,,73,212,2,8,16,13,62,19,60,29,131,16,127,160,26,15,31,6,13,41,19,28,1,0,31,52,39,0,0,34,43,14,0,4,2,38,38,1,25,1,0,5.51,6.97,2.27,0,0.65,0.32,0.03,0,53.71,0.04,0.32,1.3,20.59,3.08,0.12,,1255.05
A3Z physicality,Defensemen,Defensemen,A3Z tracked games; five on five,2023–24,20232024,113,8482176,Wyatt Kaiser,D,-1.05,1,207.73,211.08,15,0.47,-0.13,-0.08,-0.05,0.03,FALSE,,0,FALSE,-0.17,44.85,-0.41,-0.12,0.36,,72,190,0,5,3,4,38,9,27,16,102,5,77,96,17,8,11,4,8,20,7,9,0,0,8,15,16,0,0,13,26,15,0,3,2,11,11,0,7,0,0,3.75,7.51,4.33,0,0.87,0.58,0,0,57.27,0,0,1.44,22.24,2.6,0.05,,554
A3Z physicality,Defensemen,Defensemen,A3Z tracked games; five on five,2023–24,20232024,114,8476331,Dylan DeMelo,D,-0.66,1,532.1,536.55,29,0.35,-0.09,-0.05,-0.05,0.03,FALSE,,0,FALSE,-0.17,44.36,0.27,-0.68,0.23,,73,194,1,13,36,21,77,20,100,74,200,20,141,236,24,18,26,0,34,47,53,33,0,0,59,105,46,0,1,46,50,28,0,3,1,37,37,0,24,0,0,5.19,5.64,3.16,0,0.34,0.11,0,0,58.42,0,0.11,1.47,15.9,2.26,0.1,,1781.83
A3Z physicality,Defensemen,Defensemen,A3Z tracked games; five on five,2023–24,20232024,115,8476923,Damon Severson,D,-0.04,2,300.6,306.1,17,0.25,-0.08,-0.02,-0.05,-0.01,FALSE,,0,FALSE,-0.19,43.87,-0.36,0.15,0.03,,74,204,0,6,7,2,40,17,43,30,107,13,88,126,19,13,13,2,13,25,18,12,0,1,17,36,28,0,1,6,16,22,0,4,1,32,32,1,21,0,0,1.2,3.19,4.39,0,0.8,0.2,0.03,0,49.49,0,0,1.2,17.56,3.39,0.12,,1416.88
A3Z physicality,Defensemen,Defensemen,A3Z tracked games; five on five,2023–24,20232024,116,8479323,Adam Fox,D,-1.49,4,356.27,356.92,22,0.31,-0.2,-0.14,-0.06,0.01,FALSE,,0,FALSE,-0.2,43.38,-0.69,0,0.49,,71,185,2,3,20,21,82,12,70,41,115,13,128,167,8,7,29,5,23,42,28,16,2,6,57,103,36,2,0,8,21,29,0,2,2,31,31,1,22,2,0,1.35,3.54,4.88,0,0.34,0.34,0.03,0,37.2,0.09,0.34,0.51,21.56,2.02,0.11,,1687.93
A3Z physicality,Defensemen,Defensemen,A3Z tracked games; five on five,2023–24,20232024,117,8479398,Samuel Girard,D,-2.28,4,353.12,361.1,22,0.37,-0.28,-0.22,-0.06,0.01,TRUE,weight,0,FALSE,-0.22,42.89,-0.52,-0.45,0.75,,70,170,0,4,6,15,73,13,70,46,130,4,138,169,20,22,24,6,29,52,18,16,1,2,37,61,38,1,0,23,27,32,0,0,3,34,34,0,27,4,0,3.91,4.59,5.44,0,0,0.51,0,0,51.33,0.15,0,0.68,23.45,2.21,0.03,,1143.5
A3Z physicality,Defensemen,Defensemen,A3Z tracked games; five on five,2023–24,20232024,118,8477369,Carson Soucy,D,0.72,2,180.37,182.6,12,0.3,-0.01,0.05,-0.06,-0.01,FALSE,,0,FALSE,-0.22,42.4,-0.14,0.15,-0.23,,76,211,0,2,4,5,28,8,29,12,72,7,66,87,9,9,17,1,5,17,12,4,0,1,10,18,12,0,0,21,18,16,0,1,2,11,11,0,4,0,0,6.99,5.99,5.32,0,0.33,0.67,0,0,57.69,0,0,0.67,21.96,2.66,0.1,,699.42
A3Z physicality,Defensemen,Defensemen,A3Z tracked games; five on five,2023–24,20232024,119,8478038,Devon Toews,D,-0.76,4,426.12,439.32,25,0.3,-0.13,-0.07,-0.06,0.01,FALSE,,0,FALSE,-0.22,41.91,-0.3,-0.17,0.24,,73,191,0,8,16,21,70,17,72,48,173,27,115,160,17,11,24,7,25,44,28,21,1,1,51,96,72,1,1,18,12,21,0,1,2,57,57,1,44,2,0,2.53,1.69,2.96,0,0.14,0.28,0.02,0,55,0.05,0,1.13,16.19,2.39,0.16,,1921.18
A3Z physicality,Defensemen,Defensemen,A3Z tracked games; five on five,2023–24,20232024,120,8474031,Kevin Shattenkirk,D,-0.59,2,227.07,230.4,16,0.26,-0.14,-0.08,-0.06,-0.01,FALSE,,0,FALSE,-0.22,41.42,-0.76,0.33,0.21,,72,203,0,1,8,7,35,16,39,24,89,7,88,111,16,16,15,5,13,27,12,10,0,0,20,28,18,0,1,16,36,19,0,1,1,18,18,1,17,2,0,4.23,9.51,5.02,0,0.26,0.26,0.06,0,50.92,0.12,0,0.26,23.25,4.23,0.08,,962.58
A3Z physicality,Defensemen,Defensemen,A3Z tracked games; five on five,2023–24,20232024,121,8477845,Trevor van Riemsdyk,D,0.43,5,291.55,294.13,18,0.26,-0.04,0.03,-0.06,-0.03,FALSE,,0,FALSE,-0.23,40.93,0.07,-0.1,-0.19,,75,210,0,5,10,7,53,19,52,31,104,5,93,129,13,6,21,6,16,35,17,10,0,0,16,31,25,0,0,10,23,31,0,3,0,27,27,0,22,0,0,2.06,4.73,6.38,0,0.62,0,0,0,51.48,0,0,1.03,19.14,3.91,0.05,,1306.52
A3Z physicality,Defensemen,Defensemen,A3Z tracked games; five on five,2023–24,20232024,122,8480049,Dylan Samberg,D,0.9,2,391.22,394.07,28,0.36,0.01,0.07,-0.07,-0.01,FALSE,,0,FALSE,-0.23,40.44,-0.52,0.58,-0.29,,76,216,1,5,16,19,86,29,73,45,149,16,150,193,15,18,28,5,22,44,29,26,1,0,40,67,40,0,1,18,49,36,0,1,0,29,29,0,20,0,0,2.76,7.52,5.52,0,0.15,0,0,0,56.75,0,0.15,0.77,23.01,4.45,0.11,,1218.8
A3Z physicality,Defensemen,Defensemen,A3Z tracked games; five on five,2023–24,20232024,123,8478460,Zach Werenski,D,0.32,3,272.7,274.77,15,0.21,-0.02,0.05,-0.07,0,FALSE,,0,FALSE,-0.24,39.95,-1.04,0.97,-0.17,,74,214,1,1,3,3,58,28,53,39,112,8,110,146,26,13,14,8,17,34,19,13,0,0,14,28,32,0,0,3,6,20,0,0,1,35,35,0,26,0,1,0.66,1.32,4.4,0,0,0.22,0,0.04,48.26,0,0.22,0.22,24.2,6.16,0.07,,1711.6
A3Z physicality,Defensemen,Defensemen,A3Z tracked games; five on five,2023–24,20232024,124,8476967,Brett Kulak,D,-0.73,3,423.1,430.75,32,0.39,-0.16,-0.09,-0.07,0,FALSE,,0,FALSE,-0.25,39.46,-0.32,-0.23,0.3,,73,192,0,7,14,9,57,22,74,47,137,14,124,168,24,17,27,8,20,41,33,23,1,0,35,57,52,1,0,23,32,26,0,4,2,56,56,1,42,0,2,3.26,4.54,3.69,0,0.57,0.28,0.02,0.05,54.48,0,0,0.99,17.58,3.12,0.1,,1261.52
A3Z physicality,Defensemen,Defensemen,A3Z tracked games; five on five,2023–24,20232024,125,8478399,Jonas Siegenthaler,D,0.46,3,238.47,240.83,16,0.28,-0,0.07,-0.07,0,FALSE,,0,FALSE,-0.25,38.97,-0.4,0.39,-0.24,,74,218,0,3,5,3,43,19,25,18,106,10,80,101,20,11,7,0,10,16,9,18,0,0,13,26,25,1,0,20,23,15,0,1,1,29,29,1,19,0,0,5.03,5.79,3.77,0,0.25,0.25,0.03,0,51.62,0,0,0.75,20.13,4.78,0.09,,1102.3
A3Z physicality,Defensemen,Defensemen,A3Z tracked games; five on five,2023–24,20232024,126,8475167,Victor Hedman,D,2.66,4,449.22,454.53,26,0.33,0.2,0.27,-0.07,0.01,FALSE,,0,FALSE,-0.26,38.48,0.07,0.57,-0.91,,79,244,0,6,18,18,113,35,115,88,177,13,184,261,18,19,27,11,37,60,55,27,0,1,52,108,71,1,0,26,22,36,0,2,1,63,63,0,38,1,1,3.47,2.94,4.81,0,0.27,0.13,0,0.03,54.01,0.03,0,0.8,24.58,4.67,0.07,,1934.73
A3Z physicality,Defensemen,Defensemen,A3Z tracked games; five on five,2023–24,20232024,127,8481606,Jordan Spence,D,-1.38,5,233.98,238.7,20,0.28,-0.24,-0.17,-0.08,-0.03,FALSE,,0,FALSE,-0.27,37.99,-0.58,-0.14,0.45,,71,188,0,0,2,14,40,12,33,18,77,7,69,98,16,2,15,2,6,18,15,15,0,0,25,51,27,1,0,19,29,15,0,0,0,23,23,0,18,0,2,4.87,7.44,3.85,0,0,0,0,0.11,46.04,0,0,0,17.69,3.08,0.09,,1024.25
A3Z physicality,Defensemen,Defensemen,A3Z tracked games; five on five,2023–24,20232024,128,8479371,Dante Fabbro,D,-0.69,4,284.7,285.97,19,0.34,-0.15,-0.06,-0.08,0.01,FALSE,,0,FALSE,-0.28,37.5,-0.16,-0.34,0.22,,72,200,0,1,6,4,56,8,55,34,119,7,111,151,12,13,21,2,17,37,18,20,0,1,16,34,42,0,0,16,34,23,0,2,0,41,41,1,25,2,0,3.37,7.17,4.85,0,0.42,0,0.02,0,55.54,0.08,0,0.21,23.39,1.69,0.06,,915.63
A3Z physicality,Defensemen,Defensemen,A3Z tracked games; five on five,2023–24,20232024,129,8480873,Rasmus Sandin,D,-1.34,3,422.98,427.18,22,0.32,-0.25,-0.17,-0.08,0,FALSE,,0,FALSE,-0.28,37.01,-0.87,0,0.58,,71,189,1,6,11,10,77,28,73,47,170,14,135,178,20,3,26,17,14,46,27,22,0,1,31,57,38,0,1,24,50,43,0,1,1,40,40,3,29,1,2,3.4,7.09,6.1,0,0.14,0.14,0.07,0.07,46.98,0.03,0.14,0.85,19.15,3.97,0.08,,1436.2
A3Z physicality,Defensemen,Defensemen,A3Z tracked games; five on five,2023–24,20232024,130,8470613,Brent Burns,D,1.58,1,608.33,614.63,38,0.46,0.08,0.16,-0.08,0.03,FALSE,,0,FALSE,-0.3,36.52,0.16,0.01,-0.46,,77,228,2,14,21,14,104,25,132,77,262,41,225,280,35,35,55,4,52,102,30,92,1,0,43,80,136,0,0,16,20,36,0,4,1,124,124,1,76,0,1,1.58,1.97,3.55,0,0.39,0.1,0.01,0.01,57.54,0,0.2,1.38,22.19,2.47,0.16,,1763.07
A3Z physicality,Defensemen,Defensemen,A3Z tracked games; five on five,2023–24,20232024,131,8477541,Dakota Mermis,D,-0.8,1,175.13,175.98,13,0.28,-0.15,-0.06,-0.1,0.03,FALSE,,0,FALSE,-0.33,36.03,-0.28,-0.34,0.28,,72,197,1,1,1,2,24,10,20,14,56,2,51,62,9,8,6,2,7,14,6,12,0,0,6,16,19,0,0,13,17,10,0,1,1,15,15,0,9,1,0,4.45,5.82,3.43,0,0.34,0.34,0,0,58.18,0.11,0.34,0.34,17.47,3.43,0.04,,662.1
A3Z physicality,Defensemen,Defensemen,A3Z tracked games; five on five,2023–24,20232024,132,8479325,Charlie McAvoy,D,-0.04,5,302.05,305.38,17,0.23,-0.12,-0.02,-0.1,-0.03,FALSE,,0,FALSE,-0.34,35.54,0.51,-0.83,-0.02,,73,211,2,1,6,12,79,9,67,51,118,5,117,158,11,10,16,14,24,38,29,18,1,2,30,68,43,1,0,34,40,24,0,5,1,44,44,3,26,4,0,6.75,7.95,4.77,0,0.99,0.2,0.07,0,37.72,0.15,0.4,0.2,23.24,1.79,0.04,,1838.6
A3Z physicality,Defensemen,Defensemen,A3Z tracked games; five on five,2023–24,20232024,133,8478500,Ivan Provorov,D,0.42,1,316.68,326.02,19,0.23,-0.04,0.06,-0.1,0.03,FALSE,,0,FALSE,-0.34,35.05,-0.65,0.41,-0.1,,73,224,1,5,8,6,56,26,41,28,124,7,117,149,25,19,13,5,15,28,13,20,0,0,20,36,33,2,0,17,22,20,0,0,1,30,30,1,22,3,0,3.22,4.17,3.79,0,0,0.19,0.03,0,59.45,0.14,0.19,0.95,22.17,4.93,0.06,,1817.32
A3Z physicality,Defensemen,Defensemen,A3Z tracked games; five on five,2023–24,20232024,134,8480817,K'Andre Miller,D,0.93,4,496.12,506.9,27,0.34,-0,0.1,-0.1,0.01,FALSE,,0,FALSE,-0.35,34.56,0.51,-0.54,-0.33,,77,210,1,4,17,18,72,17,63,39,204,21,139,183,23,19,24,8,14,39,24,23,1,1,44,80,39,1,0,46,26,36,0,7,3,36,36,0,28,0,1,5.56,3.14,4.35,0,0.85,0.36,0,0.04,51.83,0,0.12,0.48,16.81,2.06,0.1,,1724.98
A3Z physicality,Defensemen,Defensemen,A3Z tracked games; five on five,2023–24,20232024,135,8480803,Evan Bouchard,D,-0.22,5,574.87,581.48,32,0.4,-0.15,-0.04,-0.1,-0.03,FALSE,,0,FALSE,-0.36,34.07,-0.34,-0.05,0.04,,75,192,0,5,20,26,98,30,115,86,183,15,205,267,37,30,29,6,46,73,42,47,0,5,67,135,96,0,0,28,49,42,0,3,1,84,84,2,59,0,0,2.92,5.11,4.38,0,0.31,0.1,0.02,0,55.66,0,0,0.52,21.4,3.13,0.08,,1862.77
A3Z physicality,Defensemen,Defensemen,A3Z tracked games; five on five,2023–24,20232024,136,8478178,Darren Raddysh,D,-0.37,2,429.98,435.53,25,0.3,-0.17,-0.06,-0.12,-0.01,FALSE,,0,FALSE,-0.4,33.58,-0.98,0.44,0.14,,73,202,0,8,8,9,80,32,84,56,170,18,151,211,31,19,28,5,24,42,42,20,0,1,25,54,34,0,0,23,40,32,0,2,6,32,32,0,24,2,0,3.21,5.58,4.47,0,0.28,0.84,0,0,55.78,0.08,0,1.12,21.07,4.47,0.11,,1566.67
A3Z physicality,Defensemen,Defensemen,A3Z tracked games; five on five,2023–24,20232024,137,8482122,Brock Faber,D,-0.44,2,338.07,344.3,19,0.23,-0.18,-0.06,-0.12,-0.01,FALSE,,0,FALSE,-0.41,33.09,-0.07,-0.49,0.16,,73,200,1,4,4,15,68,19,45,36,150,5,111,143,12,10,9,6,17,27,18,19,0,3,28,54,36,0,1,13,23,29,0,5,2,32,32,1,20,1,1,2.31,4.08,5.15,0,0.89,0.35,0.03,0.05,52.71,0.05,0.18,0.71,19.7,3.37,0.03,,2047.88
A3Z physicality,Defensemen,Defensemen,A3Z tracked games; five on five,2023–24,20232024,138,8479442,Troy Stecher,D,-1.78,1,189,190.65,13,0.24,-0.27,-0.15,-0.12,0.03,FALSE,,0,FALSE,-0.41,32.6,-0,-1,0.58,,70,184,0,2,6,4,22,4,31,17,74,3,54,71,8,9,14,5,7,19,12,13,0,1,13,17,27,1,0,12,16,15,0,2,1,25,25,3,16,3,0,3.81,5.08,4.76,0,0.63,0.32,0.12,0,39,0.19,0,0.63,17.14,1.27,0.04,,978.43
A3Z physicality,Defensemen,Defensemen,A3Z tracked games; five on five,2023–24,20232024,139,8476467,Jamieson Oleksiak,D,2.95,1,457.77,463.68,27,0.33,0.17,0.29,-0.12,0.03,FALSE,,0,FALSE,-0.41,32.11,0.37,0.11,-0.89,,79,252,1,8,10,11,81,27,91,53,173,16,163,219,36,13,38,1,30,61,30,32,2,2,32,55,53,1,1,36,19,50,0,2,1,50,50,0,38,1,1,4.72,2.49,6.55,0,0.26,0.13,0,0.03,53.35,0.03,0.13,1.05,21.36,3.54,0.09,,1611.18
A3Z physicality,Defensemen,Defensemen,A3Z tracked games; five on five,2023–24,20232024,140,8482929,Emil Lilleberg,D,0.61,4,165.98,168.13,11,0.3,-0.07,0.07,-0.13,0.01,FALSE,,0,FALSE,-0.46,31.62,0.02,-0.27,-0.22,,75,215,0,5,3,2,37,8,33,26,71,5,55,82,8,4,7,6,10,17,16,4,0,0,11,23,12,0,0,32,28,10,0,0,0,11,11,0,7,0,0,11.57,10.12,3.61,0,0,0,0,0,51.86,0,0,1.81,19.88,2.89,0.07,,599.57
A3Z physicality,Defensemen,Defensemen,A3Z tracked games; five on five,2023–24,20232024,141,8480434,Sean Durzi,D,-0.58,3,313.43,316.42,18,0.24,-0.21,-0.07,-0.14,0,FALSE,,0,FALSE,-0.46,31.13,-1.22,0.52,0.23,,73,196,0,6,4,10,45,20,68,42,105,15,106,141,19,11,26,7,19,48,20,10,0,2,29,56,38,0,3,13,27,28,0,0,2,37,37,1,27,2,1,2.49,5.17,5.36,0,0,0.38,0.03,0.04,51.62,0.07,0,1.15,20.29,3.83,0.14,,1726.68
A3Z physicality,Defensemen,Defensemen,A3Z tracked games; five on five,2023–24,20232024,142,8478055,Gustav Forsling,D,-0.48,1,439.73,450.4,25,0.32,-0.17,-0.03,-0.14,0.03,FALSE,,0,FALSE,-0.48,30.64,-0.21,-0.45,0.18,,73,199,1,6,19,8,63,14,88,54,186,23,142,193,22,28,34,8,26,57,31,58,0,2,40,60,81,1,0,35,36,21,0,2,3,64,64,1,44,1,0,4.78,4.91,2.87,0,0.27,0.41,0.02,0,56.86,0.02,0.14,0.82,19.38,1.91,0.12,,1749.22
A3Z physicality,Defensemen,Defensemen,A3Z tracked games; five on five,2023–24,20232024,143,8481014,Alexander Romanov,D,0.28,3,516.28,521.7,28,0.35,-0.1,0.05,-0.14,0,FALSE,,0,FALSE,-0.49,30.15,-0.34,-0,-0.16,,73,220,0,3,9,12,74,32,77,57,202,19,162,217,39,20,20,10,25,48,29,33,0,0,28,56,56,0,0,49,51,46,0,2,3,55,55,0,42,0,0,5.69,5.93,5.35,0,0.23,0.35,0,0,54.12,0,0,0.35,18.83,3.72,0.09,,1688.07
A3Z physicality,Defensemen,Defensemen,A3Z tracked games; five on five,2023–24,20232024,144,8474590,John Carlson,D,0.79,3,462.13,462.85,25,0.3,-0.03,0.12,-0.15,0,FALSE,,0,FALSE,-0.5,29.66,-1.02,0.91,-0.39,,75,220,1,6,17,8,81,42,91,61,171,17,177,245,37,23,30,8,28,55,36,31,0,0,34,60,55,0,1,21,41,34,0,2,4,62,62,2,40,1,0,2.73,5.32,4.41,0,0.26,0.52,0.03,0,50.93,0.03,0.13,0.78,22.98,5.45,0.1,,2123.12
A3Z physicality,Defensemen,Defensemen,A3Z tracked games; five on five,2023–24,20232024,145,8475171,Oliver Ekman-Larsson,D,-0.55,1,373.05,381.07,26,0.32,-0.18,-0.04,-0.15,0.03,FALSE,,0,FALSE,-0.51,29.17,-0.15,-0.56,0.2,,74,190,2,11,7,2,41,17,67,32,99,16,91,129,10,13,35,3,15,41,26,27,0,0,17,41,58,2,1,29,28,22,0,3,4,42,42,1,31,1,1,4.66,4.5,3.54,0,0.48,0.64,0.02,0.03,55.42,0.03,0.32,1.77,14.64,2.73,0.16,,1471.5
A3Z physicality,Defensemen,Defensemen,A3Z tracked games; five on five,2023–24,20232024,146,8481605,Jackson LaCombe,D,0.1,3,255.97,262.68,17,0.24,-0.13,0.02,-0.15,0,FALSE,,0,FALSE,-0.53,28.68,0.04,-0.49,-0.08,,74,208,2,1,9,7,45,10,44,33,105,8,81,122,21,9,11,10,9,19,25,8,0,1,23,44,16,0,0,14,21,16,0,3,0,19,19,1,12,0,0,3.28,4.92,3.75,0,0.7,0,0.05,0,52.39,0,0.47,0.23,18.99,2.34,0.08,,1375.78
A3Z physicality,Defensemen,Defensemen,A3Z tracked games; five on five,2023–24,20232024,147,8480043,Timothy Liljegren,D,-0.44,5,274.92,280.08,18,0.33,-0.23,-0.07,-0.16,-0.03,FALSE,,0,FALSE,-0.55,28.19,-0.93,0.27,0.12,,73,200,0,5,12,11,64,19,50,39,103,8,100,142,17,8,11,9,16,28,22,10,0,1,24,48,27,1,0,22,44,25,0,0,1,27,27,0,21,0,0,4.8,9.6,5.46,0,0,0.22,0,0,51.22,0,0,1.09,21.82,4.15,0.08,,1081.48
A3Z physicality,Defensemen,Defensemen,A3Z tracked games; five on five,2023–24,20232024,148,8477435,Ryan Graves,D,1.47,2,349.92,351.8,21,0.3,-0.03,0.13,-0.16,-0.01,FALSE,,0,FALSE,-0.55,27.7,-0.08,0.01,-0.48,,77,225,1,3,6,5,46,20,42,21,167,13,119,148,26,21,21,1,13,31,11,19,0,0,16,33,39,0,0,21,24,28,0,3,2,40,40,0,34,0,0,3.6,4.12,4.8,0,0.51,0.34,0,0,55.05,0,0.17,0.51,20.4,3.43,0.08,,1287.15
A3Z physicality,Defensemen,Defensemen,A3Z tracked games; five on five,2023–24,20232024,149,8480887,Jordan Harris,D,-1.09,1,199.4,203.02,13,0.23,-0.25,-0.09,-0.17,0.03,FALSE,,0,FALSE,-0.58,27.21,-0.97,0.02,0.37,,72,189,0,1,9,7,34,12,37,25,83,6,68,101,16,8,12,3,6,15,22,13,0,0,18,30,21,0,0,6,20,18,0,3,3,18,18,0,13,0,0,1.81,6.02,5.42,0,0.9,0.9,0,0,49.54,0,0,0.3,20.46,3.61,0.07,,978.43
A3Z physicality,Defensemen,Defensemen,A3Z tracked games; five on five,2023–24,20232024,150,8480884,Calen Addison,D,-1.92,3,275.2,279.28,19,0.26,-0.45,-0.25,-0.2,0,FALSE,,0,FALSE,-0.67,26.72,-0.53,-0.97,0.84,,71,173,0,2,10,7,27,15,30,20,80,2,77,109,17,19,10,3,7,16,14,18,0,0,19,40,29,1,0,6,17,22,0,4,1,25,25,1,18,0,0,1.31,3.71,4.8,0,0.87,0.22,0.04,0,57.72,0,0,0.44,16.79,3.27,0.03,,1243.05
A3Z physicality,Defensemen,Defensemen,A3Z tracked games; five on five,2023–24,20232024,151,8475764,Cam Fowler,D,0.28,2,313.65,319.37,18,0.22,-0.2,0.01,-0.21,-0.01,FALSE,,0,FALSE,-0.7,26.23,-0.65,0.04,-0.08,,74,213,0,1,5,5,69,20,55,46,108,7,113,155,16,10,9,4,17,26,29,10,0,1,20,43,24,0,0,8,16,25,0,0,0,18,18,1,10,1,0,1.53,3.06,4.78,0,0,0,0.06,0,47.03,0.1,0,0.19,21.62,3.83,0.06,,1978.25
A3Z physicality,Defensemen,Defensemen,A3Z tracked games; five on five,2023–24,20232024,152,8478970,Jalen Chatfield,D,-0.12,2,469.62,478.68,34,0.47,-0.24,-0.03,-0.21,-0.01,FALSE,,0,FALSE,-0.72,25.74,-0.69,-0.08,0.05,,73,209,2,8,14,13,82,21,51,31,126,14,135,163,15,18,20,3,15,34,17,32,1,1,28,58,63,0,0,28,64,25,0,5,2,62,62,2,39,1,0,3.58,8.18,3.19,0,0.64,0.26,0.03,0,56.49,0.03,0.26,1.02,17.25,2.68,0.11,,1094.2
A3Z physicality,Defensemen,Defensemen,A3Z tracked games; five on five,2023–24,20232024,153,8480796,Martin Fehervary,D,0.35,4,307.15,308.13,17,0.26,-0.18,0.04,-0.22,0.01,FALSE,,0,FALSE,-0.75,25.25,0.53,-1.15,-0.13,,74,215,0,3,15,10,37,8,31,21,119,10,70,95,12,5,10,6,6,18,13,12,1,0,24,42,27,0,0,37,27,22,0,4,1,28,28,0,19,1,0,7.23,5.27,4.3,0,0.78,0.2,0,0,54.5,0.05,0,0.59,13.67,1.56,0.08,,1295.65
A3Z physicality,Defensemen,Defensemen,A3Z tracked games; five on five,2023–24,20232024,154,8482245,Artem Zub,D,0.1,3,380.13,389.05,22,0.32,-0.2,0.02,-0.23,0,FALSE,,0,FALSE,-0.77,24.26,0.02,-0.72,-0.08,,75,201,0,8,8,9,62,14,45,34,154,13,106,154,9,11,11,1,12,20,25,21,0,0,21,42,35,1,0,40,35,27,0,3,2,33,33,0,19,0,0,6.31,5.52,4.26,0,0.47,0.32,0,0,61.85,0,0,1.26,16.73,2.21,0.08,,1450.25
A3Z physicality,Defensemen,Defensemen,A3Z tracked games; five on five,2023–24,20232024,155,8474574,Tyler Myers,D,2.38,1,344.8,352.23,21,0.27,0.01,0.24,-0.23,0.03,TRUE,height,0,FALSE,-0.78,23.77,0.04,-0.11,-0.71,,80,229,0,4,12,11,50,20,69,41,148,8,113,151,22,18,28,10,19,48,21,25,0,0,22,40,42,0,0,26,25,36,0,2,1,27,27,0,17,0,1,4.52,4.35,6.26,0,0.35,0.17,0,0.06,59.44,0,0,0.7,19.66,3.48,0.05,,1459.07
A3Z physicality,Defensemen,Defensemen,A3Z tracked games; five on five,2023–24,20232024,156,8482655,J.J. Moser,D,-0.8,3,298.55,303.47,18,0.22,-0.33,-0.1,-0.23,0,FALSE,,0,FALSE,-0.79,23.28,-1.16,0.04,0.33,,74,183,0,3,4,1,39,16,50,28,125,20,82,114,14,9,22,1,12,28,22,10,0,0,12,31,21,1,1,19,39,20,0,1,2,20,20,1,13,1,1,3.82,7.84,4.02,0,0.2,0.4,0.05,0.08,44.97,0.08,0,0.6,16.48,3.22,0.16,,1645.72
A3Z physicality,Defensemen,Defensemen,A3Z tracked games; five on five,2023–24,20232024,157,8477948,Travis Sanheim,D,1.11,5,430.28,440.83,25,0.31,-0.14,0.1,-0.24,-0.03,FALSE,,0,FALSE,-0.81,22.79,-0.22,-0.16,-0.43,,76,222,2,15,10,3,79,16,88,50,145,18,155,192,13,18,38,11,22,61,27,18,0,1,27,56,49,1,0,29,41,29,0,6,7,44,44,2,31,2,1,4.04,5.72,4.04,0,0.84,0.98,0.05,0.03,43.19,0.06,0.28,2.09,21.61,2.23,0.12,,1928.23
A3Z physicality,Defensemen,Defensemen,A3Z tracked games; five on five,2023–24,20232024,158,8477986,Brandon Montour,D,-0.73,5,317.08,319.87,18,0.27,-0.34,-0.1,-0.24,-0.03,TRUE,botchedRetrievalsPer60,0,FALSE,-0.81,22.3,0.16,-1.19,0.22,,72,199,0,7,8,3,38,6,49,29,89,8,74,109,17,8,20,12,8,29,20,27,0,1,22,33,54,1,0,22,18,16,0,3,1,54,54,1,38,3,1,4.16,3.41,3.03,0,0.57,0.19,0.02,0.03,51.44,0.08,0,1.32,14,1.14,0.09,,1547.52
A3Z physicality,Defensemen,Defensemen,A3Z tracked games; five on five,2023–24,20232024,159,8476792,Torey Krug,D,-1.67,3,388.57,391,23,0.3,-0.46,-0.22,-0.24,0,TRUE,height,0,FALSE,-0.83,21.81,-0.88,-0.68,0.73,,69,194,0,2,9,8,58,18,53,39,157,4,133,176,21,31,14,2,16,31,22,23,0,1,31,61,50,0,1,16,24,36,0,1,4,55,55,0,33,1,1,2.47,3.71,5.56,0,0.15,0.62,0,0.03,53.85,0.03,0,0.31,20.54,2.78,0.03,,1691.02
A3Z physicality,Defensemen,Defensemen,A3Z tracked games; five on five,2023–24,20232024,160,8483466,Kevin Korchinski,D,-0.98,2,383.87,390.72,24,0.32,-0.37,-0.12,-0.25,-0.01,TRUE,hitsPer60,0,FALSE,-0.86,21.32,-1.56,0.36,0.34,,73,185,1,5,7,7,55,24,74,51,174,22,123,179,26,17,23,5,21,38,36,18,0,1,32,57,33,0,0,3,38,29,0,3,2,26,26,1,17,0,0,0.47,5.94,4.53,0,0.47,0.31,0.04,0,53.81,0,0.16,0.78,19.23,3.75,0.13,,1490.85
A3Z physicality,Defensemen,Defensemen,A3Z tracked games; five on five,2023–24,20232024,161,8479345,Jakob Chychrun,D,0.35,3,473.02,483.05,25,0.3,-0.2,0.06,-0.26,0,FALSE,,0,FALSE,-0.87,20.83,-0.64,-0.03,-0.19,,74,215,0,11,10,5,78,24,73,45,181,11,176,239,42,21,28,4,25,47,26,34,0,1,27,59,63,2,1,21,45,46,0,5,3,65,65,0,44,0,0,2.66,5.71,5.83,0,0.63,0.38,0,0,51,0,0,1.4,22.32,3.04,0.06,,1835.97
A3Z physicality,Defensemen,Defensemen,A3Z tracked games; five on five,2023–24,20232024,162,8475218,Mattias Ekholm,D,1.47,3,537.32,546.02,31,0.39,-0.05,0.21,-0.26,0,FALSE,,0,FALSE,-0.88,20.34,-0.03,-0.15,-0.7,,77,225,0,11,14,14,103,21,107,67,195,16,192,244,31,21,40,7,42,74,33,35,1,1,43,80,80,0,2,59,54,44,0,5,4,83,83,5,58,0,0,6.59,6.03,4.91,0,0.56,0.45,0.06,0,48.55,0,0,1.23,21.44,2.34,0.08,,1662.9
A3Z physicality,Defensemen,Defensemen,A3Z tracked games; five on five,2023–24,20232024,163,8481059,Scott Perunovich,D,-2.1,1,157.68,159.8,13,0.24,-0.44,-0.18,-0.26,0.03,TRUE,defensiveRetrievalsPer60; entryDenialShare,0,FALSE,-0.89,19.85,-0.43,-1.14,0.69,,70,175,0,2,3,5,13,8,24,21,52,0,26,46,9,4,3,5,7,14,10,11,0,0,15,22,17,0,1,3,10,20,0,1,0,16,16,0,10,0,1,1.14,3.81,7.61,0,0.38,0,0,0.1,62.3,0,0,0.76,9.89,3.04,0,,824.68
A3Z physicality,Defensemen,Defensemen,A3Z tracked games; five on five,2023–24,20232024,164,8482671,Owen Power,D,1.76,2,350.47,357.12,20,0.26,-0.11,0.16,-0.27,-0.01,FALSE,,0,FALSE,-0.92,19.36,-0.74,0.4,-0.58,,78,226,1,3,11,12,86,35,62,50,130,8,137,177,12,18,12,8,24,38,24,10,0,1,34,62,34,0,0,12,33,20,0,3,1,34,34,2,22,0,0,2.05,5.65,3.42,0,0.51,0.17,0.06,0,38.65,0,0.17,0.51,23.45,5.99,0.06,,1741.92
A3Z physicality,Defensemen,Defensemen,A3Z tracked games; five on five,2023–24,20232024,165,8480192,Johnathan Kovacevic,D,1.4,1,200.55,201.58,14,0.23,-0.12,0.15,-0.27,0.03,FALSE,,0,FALSE,-0.92,18.87,-0.41,-0.1,-0.41,,77,223,1,2,4,7,29,8,26,14,77,9,73,90,17,15,12,4,3,17,9,13,0,1,12,27,17,0,0,9,15,16,0,3,3,21,21,0,13,0,2,2.69,4.49,4.79,0,0.9,0.9,0,0.15,57.71,0,0.3,0.6,21.84,2.39,0.12,,1024.13
A3Z physicality,Defensemen,Defensemen,A3Z tracked games; five on five,2023–24,20232024,166,8478859,Niko Mikkola,D,0.97,3,446.33,452.78,26,0.32,-0.15,0.14,-0.29,0,FALSE,,0,FALSE,-0.97,18.38,0.06,-0.56,-0.47,,78,204,2,12,3,2,51,18,53,29,180,20,117,143,27,20,24,8,12,39,14,27,0,0,12,29,43,0,0,63,62,31,0,4,1,37,37,1,28,1,1,8.47,8.33,4.17,0,0.54,0.13,0.03,0.04,47.01,0.04,0.27,1.61,15.73,2.42,0.11,,1643.02
A3Z physicality,Defensemen,Defensemen,A3Z tracked games; five on five,2023–24,20232024,167,8475324,Nick Jensen,D,-0.62,2,411.48,418.9,25,0.32,-0.37,-0.08,-0.29,-0.01,FALSE,,0,FALSE,-0.98,17.89,-1.17,-0.03,0.22,,72,202,0,2,9,7,87,23,83,53,165,9,159,220,23,25,30,7,21,44,39,13,0,2,22,44,28,0,0,20,62,27,0,1,1,31,31,0,20,1,1,2.92,9.04,3.94,0,0.15,0.15,0,0.05,58.69,0.05,0,0.29,23.18,3.35,0.05,,1531.1
A3Z physicality,Defensemen,Defensemen,A3Z tracked games; five on five,2023–24,20232024,168,8477504,Josh Morrissey,D,-0.87,4,575.43,580.3,29,0.36,-0.37,-0.08,-0.29,0.01,FALSE,,0,FALSE,-0.98,17.4,-0.58,-0.69,0.28,,72,195,2,14,28,23,98,15,84,72,211,19,170,222,25,18,12,10,37,53,31,47,0,4,79,125,92,3,1,23,36,31,0,4,6,80,80,1,49,1,0,2.4,3.75,3.23,0,0.42,0.63,0.01,0,39.82,0.02,0.21,1.46,17.73,1.56,0.09,,1958.77
A3Z physicality,Defensemen,Defensemen,A3Z tracked games; five on five,2023–24,20232024,169,8476441,Joel Edmundson,D,1.29,3,222.28,227.18,15,0.28,-0.11,0.19,-0.29,0,FALSE,,0,FALSE,-0.98,16.91,-0.54,0.18,-0.62,,77,220,0,2,3,2,29,23,23,10,82,5,68,94,19,7,13,1,4,11,12,14,0,1,8,17,20,0,0,18,23,12,0,1,1,16,16,1,7,0,0,4.86,6.21,3.24,0,0.27,0.27,0.06,0,60.31,0,0,0.54,18.35,6.21,0.06,,883.3
A3Z physicality,Defensemen,Defensemen,A3Z tracked games; five on five,2023–24,20232024,170,8479998,Mikey Anderson,D,-0.87,2,391.18,395.12,22,0.3,-0.4,-0.11,-0.29,-0.01,FALSE,,0,FALSE,-0.99,16.42,-0.75,-0.54,0.3,,72,195,0,0,4,7,50,21,46,33,157,13,84,127,23,5,13,2,11,21,25,13,0,1,24,52,28,2,0,28,38,28,0,1,3,30,30,0,18,0,0,4.29,5.83,4.29,0,0.15,0.46,0,0,49.07,0,0,0,12.88,3.22,0.08,,1526.72
A3Z physicality,Defensemen,Defensemen,A3Z tracked games; five on five,2023–24,20232024,171,8480069,Cale Makar,D,-1.16,1,408.13,412.32,25,0.32,-0.39,-0.09,-0.3,0.03,FALSE,,0,FALSE,-1,15.93,-1.03,-0.36,0.39,,72,187,1,7,16,25,79,15,101,75,173,15,136,187,22,19,26,13,35,65,36,17,0,9,57,121,67,0,0,13,10,33,0,0,4,57,57,2,38,1,1,1.91,1.47,4.85,0,0,0.59,0.04,0.03,40.45,0.03,0.15,1.03,19.99,2.21,0.09,,1907.27
A3Z physicality,Defensemen,Defensemen,A3Z tracked games; five on five,2023–24,20232024,172,8478882,Vladislav Gavrikov,D,0.43,1,371.32,379.33,22,0.29,-0.24,0.06,-0.3,0.03,FALSE,,0,FALSE,-1.01,15.44,0.25,-1.16,-0.1,,75,210,1,4,6,6,38,11,32,19,123,12,75,116,20,8,13,1,5,15,17,11,0,0,20,41,33,2,1,11,15,24,0,2,0,35,35,0,27,2,2,1.78,2.42,3.88,0,0.32,0,0,0.07,56.08,0.07,0.16,0.65,12.12,1.78,0.1,,1587.5
A3Z physicality,Defensemen,Defensemen,A3Z tracked games; five on five,2023–24,20232024,173,8475208,Brian Dumoulin,D,0.86,2,389.93,397.5,26,0.32,-0.24,0.07,-0.31,-0.01,FALSE,,0,FALSE,-1.05,14.95,-0.71,-0.06,-0.28,,76,215,0,1,9,13,68,26,76,56,153,14,108,182,27,8,20,6,17,33,43,14,0,1,28,54,30,0,0,28,33,21,0,1,2,30,30,0,17,0,0,4.31,5.08,3.23,0,0.15,0.31,0,0,55.86,0,0,0.15,16.62,4,0.09,,1361.25
A3Z physicality,Defensemen,Defensemen,A3Z tracked games; five on five,2023–24,20232024,174,8481581,Thomas Harley,D,0.57,5,533.87,539.78,30,0.38,-0.27,0.04,-0.31,-0.03,FALSE,,0,FALSE,-1.06,14.46,-1.07,0.25,-0.24,,75,214,0,11,15,20,135,29,131,99,223,22,231,320,40,18,32,22,40,74,57,39,0,1,46,83,78,0,1,17,67,45,0,3,4,76,76,3,48,1,0,1.91,7.53,5.06,0,0.34,0.45,0.04,0,49.06,0.02,0,1.24,25.96,3.26,0.1,,1660.33
A3Z physicality,Defensemen,Defensemen,A3Z tracked games; five on five,2023–24,20232024,175,8481546,Cam York,D,-0.91,2,408.13,417.53,25,0.3,-0.43,-0.11,-0.32,-0.01,FALSE,,0,FALSE,-1.07,13.97,-0.87,-0.51,0.32,,72,194,0,6,5,10,57,10,68,29,142,12,122,169,23,8,39,7,14,46,22,14,0,1,21,43,32,1,1,17,50,34,0,4,4,30,30,0,20,4,0,2.5,7.35,5,0,0.59,0.59,0,0,46.51,0.2,0,0.88,17.94,1.47,0.08,,1854.78
A3Z physicality,Defensemen,Defensemen,A3Z tracked games; five on five,2023–24,20232024,176,8478397,Rasmus Andersson,D,-0.37,2,390.33,395.17,23,0.29,-0.38,-0.06,-0.32,-0.01,FALSE,,0,FALSE,-1.08,13.48,-0.82,-0.4,0.14,,73,202,0,6,21,16,72,23,63,37,118,4,134,172,25,14,26,7,18,41,22,26,1,2,46,68,44,0,0,7,30,33,0,1,0,45,45,0,28,0,0,1.08,4.61,5.07,0,0.15,0,0,0,55,0,0,0.92,20.6,3.54,0.03,,1858.45
A3Z physicality,Defensemen,Defensemen,A3Z tracked games; five on five,2023–24,20232024,177,8475181,Nick Leddy,D,-0.51,3,441.88,450.73,24,0.29,-0.39,-0.06,-0.33,0,FALSE,,0,FALSE,-1.11,12.99,-0.65,-0.67,0.2,,72,205,1,3,9,9,74,19,61,48,162,9,136,183,25,20,13,13,24,37,24,15,1,4,28,55,28,0,0,9,11,34,0,0,1,27,27,0,19,0,0,1.22,1.49,4.62,0,0,0.14,0,0,53.24,0,0.14,0.41,18.47,2.58,0.06,,1833.65
A3Z physicality,Defensemen,Defensemen,A3Z tracked games; five on five,2023–24,20232024,178,8480036,Miro Heiskanen,D,-0.29,2,520.15,528.72,27,0.38,-0.38,-0.05,-0.33,-0.01,FALSE,,0,FALSE,-1.12,12.5,-1.4,0.17,0.11,,74,197,0,8,12,30,124,21,127,76,209,18,211,293,25,14,51,15,31,78,49,19,1,3,58,110,77,0,0,21,58,35,0,1,4,71,71,0,49,4,0,2.42,6.69,4.04,0,0.12,0.46,0,0,51.2,0.08,0,0.92,24.34,2.42,0.09,,1742.37
A3Z physicality,Defensemen,Defensemen,A3Z tracked games; five on five,2023–24,20232024,179,8474602,Justin Schultz,D,-0.55,1,353.62,356.92,26,0.37,-0.37,-0.04,-0.33,0.03,FALSE,,0,FALSE,-1.12,12.01,-0.76,-0.57,0.2,,74,190,0,5,5,4,55,16,59,37,137,9,96,139,14,6,22,2,15,26,33,29,0,0,14,42,54,2,0,6,30,20,0,1,0,47,47,0,30,0,0,1.02,5.09,3.39,0,0.17,0,0,0,54.92,0,0,0.85,16.29,2.71,0.07,,1153.12
A3Z physicality,Defensemen,Defensemen,A3Z tracked games; five on five,2023–24,20232024,180,8476906,Shayne Gostisbehere,D,-1.56,3,390.2,392.28,28,0.35,-0.54,-0.2,-0.34,0,FALSE,,0,FALSE,-1.14,11.03,-1.49,-0.33,0.68,,71,183,0,5,9,14,57,16,76,42,160,15,123,172,26,10,34,9,18,44,32,29,0,2,32,71,48,1,1,8,16,16,0,1,8,34,34,0,21,1,0,1.23,2.46,2.46,0,0.15,1.23,0,0,56.83,0.05,0,0.77,18.91,2.46,0.09,,1546.08
A3Z physicality,Defensemen,Defensemen,A3Z tracked games; five on five,2023–24,20232024,181,8478469,Thomas Chabot,D,-0.44,3,176.55,179.85,9,0.18,-0.41,-0.05,-0.36,0,TRUE,contactPenaltiesDrawnPer60,0,FALSE,-1.2,10.54,-1.7,0.33,0.17,,73,200,0,2,3,4,26,13,30,19,87,9,58,85,12,7,11,3,8,18,12,10,0,0,12,22,22,0,0,8,18,18,0,0,4,25,25,0,23,0,1,2.72,6.12,6.12,0,0,1.36,0,0.04,49.09,0,0,0.68,19.71,4.42,0.1,,1175.3
A3Z physicality,Defensemen,Defensemen,A3Z tracked games; five on five,2023–24,20232024,182,8482516,Matthew Kessel,D,0.5,3,174.9,177.27,11,0.28,-0.28,0.08,-0.36,0,FALSE,,0,FALSE,-1.2,10.05,0.02,-0.97,-0.26,,75,212,0,0,2,0,22,7,20,11,68,6,39,61,6,3,9,0,3,8,12,8,0,0,2,6,16,0,0,10,14,24,0,1,0,16,16,0,14,0,0,3.43,4.8,8.23,0,0.34,0,0,0,59.05,0,0,0,13.38,2.4,0.09,,654.98
A3Z physicality,Defensemen,Defensemen,A3Z tracked games; five on five,2023–24,20232024,183,8480035,Henri Jokiharju,D,-0.51,1,334.67,340.78,21,0.28,-0.4,-0.03,-0.37,0.03,FALSE,,0,FALSE,-1.23,9.56,-1.14,-0.28,0.19,,72,205,0,2,3,5,50,20,41,26,134,11,94,145,21,14,15,1,7,14,27,20,0,0,19,31,34,0,0,30,34,32,0,0,3,30,30,1,22,0,0,5.38,6.1,5.74,0,0,0.54,0.03,0,56.75,0,0,0.36,16.85,3.59,0.08,,1404.52
A3Z physicality,Defensemen,Defensemen,A3Z tracked games; five on five,2023–24,20232024,184,8480001,Urho Vaakanainen,D,-0.11,3,213.25,217.78,14,0.21,-0.37,-0.01,-0.37,0,FALSE,,0,FALSE,-1.23,9.07,0.02,-1.27,0.02,,74,202,0,2,2,5,26,6,26,15,74,3,60,83,19,10,11,3,5,13,13,11,0,0,11,18,25,0,0,8,8,13,0,1,0,22,22,0,16,0,0,2.25,2.25,3.66,0,0.28,0,0,0,53.67,0,0,0.56,16.88,1.69,0.04,,1188.37
A3Z physicality,Defensemen,Defensemen,A3Z tracked games; five on five,2023–24,20232024,185,8482684,Luke Hughes,D,-0.26,3,374.57,375.7,23,0.28,-0.4,-0.03,-0.38,0,FALSE,,0,FALSE,-1.27,8.58,-1.7,0.35,0.09,,74,198,1,8,7,9,90,25,60,47,152,9,147,195,27,15,13,12,21,40,20,17,1,2,30,55,41,0,0,5,36,13,0,1,0,38,38,0,22,3,0,0.8,5.77,2.08,0,0.16,0,0,0,42.44,0.14,0.16,1.28,23.55,4,0.06,,1760.83
A3Z physicality,Defensemen,Defensemen,A3Z tracked games; five on five,2023–24,20232024,186,8480246,Nick Perbix,D,0.54,2,345.68,350.75,22,0.29,-0.35,0.04,-0.39,-0.01,FALSE,,0,FALSE,-1.3,8.09,-1.05,-0.09,-0.17,,76,206,2,1,9,13,71,21,69,53,118,7,121,178,32,10,16,8,24,38,31,14,0,0,27,49,23,0,0,14,38,29,0,1,2,25,25,0,19,0,0,2.43,6.6,5.03,0,0.17,0.35,0,0,57.38,0,0.35,0.17,21,3.64,0.06,,1315.28
A3Z physicality,Defensemen,Defensemen,A3Z tracked games; five on five,2023–24,20232024,187,8476879,Cody Ceci,D,0.43,5,515.47,519.58,31,0.39,-0.36,0.03,-0.39,-0.03,FALSE,,0,FALSE,-1.31,7.6,-0.5,-0.63,-0.19,,75,210,1,9,14,18,56,20,53,39,166,16,100,146,21,10,14,9,15,34,19,32,0,0,36,60,55,1,0,30,64,27,0,2,0,52,52,1,38,1,0,3.49,7.45,3.14,0,0.23,0,0.02,0,54.21,0.03,0.12,1.05,11.64,2.33,0.1,,1581.78
A3Z physicality,Defensemen,Defensemen,A3Z tracked games; five on five,2023–24,20232024,188,8477488,Brett Pesce,D,0.28,4,468.22,475.23,28,0.4,-0.36,0.03,-0.39,0.01,TRUE,entryDenialShare,0,FALSE,-1.33,7.11,-0.89,-0.33,-0.11,,75,206,0,8,13,10,52,11,88,45,187,37,119,158,21,10,43,7,19,58,30,35,0,1,20,42,65,1,0,6,36,41,0,4,2,68,68,0,37,2,0,0.77,4.61,5.25,0,0.51,0.26,0,0,55.92,0.05,0,1.03,15.25,1.41,0.2,,1420.2
A3Z physicality,Defensemen,Defensemen,A3Z tracked games; five on five,2023–24,20232024,189,8474166,Alec Martinez,D,-0.08,5,261.58,270.57,16,0.29,-0.44,-0.03,-0.41,-0.03,FALSE,,0,FALSE,-1.38,6.62,-1,-0.37,-0.01,,73,210,1,2,6,4,50,10,44,27,113,11,83,124,18,3,17,1,11,19,25,25,0,0,12,32,43,0,0,6,18,37,0,1,3,37,37,0,22,0,0,1.38,4.13,8.49,0,0.23,0.69,0,0,60.17,0,0.23,0.46,19.04,2.29,0.1,,1047.43
A3Z physicality,Defensemen,Defensemen,A3Z tracked games; five on five,2023–24,20232024,190,8476463,Jonas Brodin,D,-0.33,3,293.52,301.88,16,0.26,-0.45,-0.04,-0.41,0,FALSE,,0,FALSE,-1.4,6.13,-1.31,-0.21,0.12,,74,196,1,3,7,8,51,17,47,32,117,7,98,133,21,12,15,5,16,29,18,22,0,1,23,42,41,2,1,9,28,39,0,0,1,43,43,1,29,1,0,1.84,5.72,7.97,0,0,0.2,0.02,0,57.98,0.03,0.2,0.61,20.03,3.48,0.06,,1449.08
A3Z physicality,Defensemen,Defensemen,A3Z tracked games; five on five,2023–24,20232024,191,8474600,Roman Josi,D,-0.4,3,409.8,414.12,23,0.28,-0.46,-0.05,-0.42,0,FALSE,,0,FALSE,-1.41,5.64,-0.74,-0.82,0.15,,73,201,1,3,17,16,66,12,61,42,179,20,104,136,10,9,19,6,26,46,15,20,1,1,53,81,70,0,3,14,28,40,0,1,1,80,80,3,55,2,2,2.05,4.1,5.86,0,0.15,0.15,0.04,0.04,48.85,0.04,0.15,0.44,15.23,1.76,0.11,,2019.75
A3Z physicality,Defensemen,Defensemen,A3Z tracked games; five on five,2023–24,20232024,192,8474618,Marco Scandella,D,0.5,3,245.62,247.42,21,0.32,-0.35,0.08,-0.43,0,FALSE,,0,FALSE,-1.43,5.15,0.11,-1.28,-0.26,,75,212,1,4,7,5,34,8,28,16,90,6,55,82,11,4,12,3,6,15,13,8,1,0,11,23,13,1,0,18,21,15,0,2,0,12,12,0,8,0,0,4.4,5.13,3.66,0,0.49,0,0,0,50.66,0,0.24,0.98,13.44,1.95,0.07,,810.8
A3Z physicality,Defensemen,Defensemen,A3Z tracked games; five on five,2023–24,20232024,193,8474151,Ryan McDonagh,D,0.13,3,303.3,309.35,19,0.26,-0.4,0.03,-0.43,0,FALSE,,0,FALSE,-1.44,4.66,-0.87,-0.48,-0.09,,73,216,0,8,10,7,50,8,41,31,121,15,92,115,17,12,10,2,16,26,15,18,0,1,23,43,35,0,0,9,15,24,0,0,1,27,27,1,19,0,3,1.78,2.97,4.75,0,0,0.2,0.04,0.16,57.71,0,0,1.58,18.2,1.58,0.12,,1612.32
A3Z physicality,Defensemen,Defensemen,A3Z tracked games; five on five,2023–24,20232024,194,8476958,Jaccob Slavin,D,0.32,1,645.53,654.37,38,0.47,-0.38,0.05,-0.43,0.03,FALSE,,0,FALSE,-1.45,4.17,-0.9,-0.48,-0.07,,75,207,0,12,23,22,89,20,116,55,258,50,193,237,19,22,61,4,34,88,28,47,0,1,44,86,75,0,1,22,39,51,0,1,3,93,93,0,55,3,0,2.04,3.62,4.74,0,0.09,0.28,0,0,51.22,0.05,0,1.12,17.94,1.86,0.19,,1695.48
A3Z physicality,Defensemen,Defensemen,A3Z tracked games; five on five,2023–24,20232024,195,8480878,Nils Lundkvist,D,-0.66,3,322.33,324.28,24,0.41,-0.53,-0.08,-0.45,0,FALSE,,0,FALSE,-1.52,3.19,-1.57,-0.21,0.27,,73,194,1,2,14,9,49,16,51,29,132,11,104,150,16,12,22,3,11,27,24,27,4,0,34,56,46,0,0,15,50,12,0,0,0,38,38,0,25,0,0,2.79,9.31,2.23,0,0,0,0,0,58.2,0,0.19,0.37,19.36,2.98,0.08,,832.27
A3Z physicality,Defensemen,Defensemen,A3Z tracked games; five on five,2023–24,20232024,196,8476854,Hampus Lindholm,D,0.93,5,378.78,385,20,0.27,-0.39,0.08,-0.47,-0.03,FALSE,,0,FALSE,-1.57,2.7,-1.24,0.04,-0.37,,76,217,0,4,4,21,101,21,77,64,124,7,171,217,28,19,13,12,36,53,24,16,1,1,35,67,36,1,0,10,45,18,0,2,2,36,36,1,25,2,1,1.58,7.13,2.85,0,0.32,0.32,0.03,0.04,53.47,0.08,0,0.63,27.09,3.33,0.06,,1699.95
A3Z physicality,Defensemen,Defensemen,A3Z tracked games; five on five,2023–24,20232024,197,8475197,Tyson Barrie,D,-1.05,3,179.32,181.4,12,0.29,-0.63,-0.13,-0.49,0,FALSE,,0,FALSE,-1.66,2.21,-1.37,-0.74,0.45,,71,197,1,1,4,3,19,7,20,14,82,7,48,63,12,9,6,1,10,15,5,9,0,0,10,14,19,2,1,4,15,9,0,0,0,23,23,2,11,1,0,1.34,5.02,3.01,0,0,0,0.09,0,48.92,0.09,0.33,0.33,16.06,2.34,0.09,,751.2
A3Z physicality,Defensemen,Defensemen,A3Z tracked games; five on five,2023–24,20232024,198,8471677,Jack Johnson,D,0.71,4,314.47,320.37,24,0.3,-0.54,0.08,-0.62,0.01,FALSE,,0,FALSE,-2.08,1.72,-0.53,-1.3,-0.25,,74,225,0,8,4,14,30,14,30,19,106,7,56,76,6,9,11,3,9,19,11,18,0,0,23,40,35,0,1,20,25,12,0,1,2,33,33,0,24,1,0,3.82,4.77,2.29,0,0.19,0.38,0,0,57.38,0.04,0,1.53,10.68,2.67,0.07,,1194.18
A3Z physicality,Defensemen,Defensemen,A3Z tracked games; five on five,2023–24,20232024,199,8477447,Shea Theodore,D,-0.29,5,341.45,345.58,20,0.43,-0.68,-0.05,-0.63,-0.03,FALSE,,0,FALSE,-2.11,1.23,-1.79,-0.38,0.06,,74,197,0,6,13,11,71,15,71,47,143,8,127,166,15,12,24,5,22,44,27,18,0,4,35,67,47,1,0,3,16,25,0,0,3,48,48,1,36,2,0,0.53,2.81,4.39,0,0,0.53,0.02,0,50.85,0.06,0,1.05,22.32,2.64,0.06,,1038.15
A3Z physicality,Defensemen,Defensemen,A3Z tracked games; five on five,2023–24,20232024,200,8474565,Alex Pietrangelo,D,0.61,5,287.22,294.23,17,0.27,-0.59,0.05,-0.63,-0.03,FALSE,,0,FALSE,-2.11,0.74,-1.32,-0.54,-0.25,,75,215,0,3,7,12,64,7,46,25,97,9,128,154,23,7,21,2,10,28,18,17,0,3,27,48,47,3,0,6,26,33,0,0,1,47,47,2,35,0,1,1.25,5.43,6.89,0,0,0.21,0.04,0.03,54.82,0,0,0.63,26.74,1.46,0.09,,1508.2
A3Z physicality,Defensemen,Defensemen,A3Z tracked games; five on five,2023–24,20232024,201,8476869,Brady Skjei,D,0.43,5,641.35,650.32,38,0.48,-0.61,0.03,-0.63,-0.03,TRUE,botchedRetrievalsPer60,0,FALSE,-2.12,0.25,-0.85,-1.08,-0.19,,75,210,3,9,14,14,99,12,128,54,243,17,222,269,23,24,74,7,31,96,32,58,0,3,37,76,105,0,1,40,42,28,0,0,3,108,108,2,70,3,0,3.74,3.93,2.62,0,0,0.28,0.02,0,51.11,0.04,0.28,0.84,20.77,1.12,0.07,,1702.25
A3Z physicality,Defensemen,Defensemen,A3Z tracked games; five on five,2024–25,20242025,1,8477365,Connor Clifton,D,-0.8,2,208.72,211.12,17,0.23,0.65,-0.04,0.68,0.02,TRUE,botchedRetrievalsPer60,0,FALSE,2.95,99.76,1.6,1.14,0.22,,72,196,0,1,2,2,35,26,35,21,75,8,71,84,20,15,14,4,13,29,6,15,0,2,8,20,22,0,0,56,36,17,0,2,2,26,26,0,11,0,0,16.1,10.35,4.89,0,0.57,0.57,0,0,56.3,0,0,0.29,20.41,7.47,0.11,No improvement over mean-size prediction,1171.55
A3Z physicality,Defensemen,Defensemen,A3Z tracked games; five on five,2024–25,20242025,2,8475462,Radko Gudas,D,-0.38,2,340.92,344.78,21,0.26,0.67,-0.01,0.68,0.02,FALSE,,0,FALSE,2.93,99.28,2.27,0.57,0.09,,72,208,0,6,11,7,72,26,64,42,146,14,130,184,29,13,22,5,14,37,27,22,0,3,23,46,29,0,0,61,30,34,1,5,1,37,37,0,24,1,0,10.74,5.28,5.98,0.18,0.88,0.18,0,0,61.81,0.04,0,1.06,22.88,4.58,0.1,No improvement over mean-size prediction,1609.12
A3Z physicality,Defensemen,Defensemen,A3Z tracked games; five on five,2024–25,20242025,3,8476372,Nick Seeler,D,-0.05,2,261.73,264.22,18,0.23,0.67,0.02,0.65,0.02,TRUE,blockedShotsPer60,0,FALSE,2.82,98.79,3.57,-0.74,-0.01,,75,197,0,7,3,2,35,20,27,14,103,9,67,91,18,9,13,2,9,17,10,16,0,0,9,13,28,0,2,31,40,51,2,0,1,31,31,0,18,0,0,7.11,9.17,11.69,0.46,0,0.23,0,0,58.82,0,0,1.6,15.36,4.58,0.09,No improvement over mean-size prediction,1330.53
A3Z physicality,Defensemen,Defensemen,A3Z tracked games; five on five,2024–25,20242025,4,8474716,Jared Spurgeon,D,-2.53,1,255.8,258.7,16,0.24,0.22,-0.33,0.55,-0.05,FALSE,,0,FALSE,2.37,98.31,0.64,0.52,1.2,,69,166,1,3,11,7,48,8,45,30,100,14,90,126,8,11,15,3,12,23,22,10,1,2,25,45,27,1,1,17,17,18,0,0,0,31,31,2,19,2,0,3.99,3.99,4.22,0,0,0,0.06,0,49.68,0.11,0.23,0.7,21.11,1.88,0.14,No improvement over mean-size prediction,1349.77
A3Z physicality,Defensemen,Defensemen,A3Z tracked games; five on five,2024–25,20242025,5,8481542,Moritz Seider,D,0.16,2,387.2,388.38,21,0.26,0.57,0.03,0.54,0.02,FALSE,,0,FALSE,2.32,97.83,1.14,1.26,-0.08,,74,210,0,6,10,10,85,21,76,36,139,19,182,218,18,17,40,11,13,55,21,17,0,0,22,47,48,1,1,43,24,34,0,2,2,47,47,1,28,2,0,6.66,3.72,5.27,0,0.31,0.31,0.02,0,48.02,0.07,0,0.93,28.2,3.25,0.14,No improvement over mean-size prediction,2055.92
A3Z physicality,Defensemen,Defensemen,A3Z tracked games; five on five,2024–25,20242025,6,8478454,Noah Juulsen,D,-0.15,2,208.1,210.4,16,0.46,0.51,0.01,0.5,0.02,FALSE,,0,FALSE,2.18,97.34,1,1.15,0.02,,74,201,0,3,7,2,51,20,36,16,80,7,88,114,20,14,20,2,10,28,8,10,0,0,14,18,11,0,1,42,41,14,0,3,2,14,14,0,8,0,0,12.11,11.82,4.04,0,0.86,0.58,0,0,62.97,0,0,0.86,25.37,5.77,0.09,No improvement over mean-size prediction,570.17
A3Z physicality,Defensemen,Defensemen,A3Z tracked games; five on five,2024–25,20242025,7,8479983,Mario Ferraro,D,-0.89,5,387.42,392.27,22,0.28,0.42,-0.06,0.48,-0.03,FALSE,,0,FALSE,2.08,96.86,0.96,0.99,0.13,,71,200,0,3,13,9,83,36,75,47,153,14,156,206,34,17,28,6,26,52,23,15,0,0,25,48,30,3,1,38,34,30,1,3,1,30,30,2,13,0,0,5.89,5.27,4.65,0.15,0.46,0.15,0.07,0,51.93,0,0,0.46,24.16,5.58,0.09,No improvement over mean-size prediction,1669.32
A3Z physicality,Defensemen,Defensemen,A3Z tracked games; five on five,2024–25,20242025,8,8478136,Jacob Middleton,D,0.7,2,326.65,332.15,17,0.25,0.54,0.07,0.47,0.02,FALSE,,0,FALSE,2.02,96.38,2.18,0.08,-0.24,,75,219,1,3,7,4,62,23,46,25,170,15,113,153,10,10,21,1,12,26,20,18,0,0,18,35,35,0,1,31,15,36,1,1,2,31,31,0,25,0,1,5.69,2.76,6.61,0.18,0.18,0.37,0,0.04,48.51,0,0.18,0.55,20.76,4.22,0.09,No improvement over mean-size prediction,1465.58
A3Z physicality,Defensemen,Defensemen,A3Z tracked games; five on five,2024–25,20242025,9,8476525,Colin Miller,D,-0.42,5,219.25,224.83,18,0.3,0.41,-0.04,0.45,-0.03,TRUE,entryDenialShare,0,FALSE,1.95,95.89,1.43,0.49,0.03,,73,200,0,1,4,4,46,24,37,25,89,1,69,96,19,5,12,3,11,19,18,9,0,1,11,24,22,0,0,32,22,13,0,5,4,22,22,0,16,0,0,8.76,6.02,3.56,0,1.37,1.09,0,0,57.62,0,0,0.27,18.88,6.57,0.01,No improvement over mean-size prediction,871.08
A3Z physicality,Defensemen,Defensemen,A3Z tracked games; five on five,2024–25,20242025,10,8482126,Emil Andrae,D,-1.74,1,223.07,224.33,14,0.33,0.21,-0.24,0.45,-0.05,FALSE,,0,FALSE,1.93,95.41,-0.23,1.32,0.84,,69,189,0,4,8,2,42,15,45,28,80,10,92,115,16,14,17,3,14,32,13,10,0,2,18,30,20,2,0,14,27,14,0,1,1,23,23,2,17,2,1,3.77,7.26,3.77,0,0.27,0.27,0.09,0.06,47.54,0.12,0,1.08,24.75,4.03,0.12,No improvement over mean-size prediction,728.48
A3Z physicality,Defensemen,Defensemen,A3Z tracked games; five on five,2024–25,20242025,11,8475200,Dmitry Orlov,D,-0.38,1,392.1,395.93,24,0.32,0.33,-0.1,0.43,-0.05,FALSE,,0,FALSE,1.85,94.93,1.44,0.21,0.2,,71,215,0,15,17,12,63,18,66,41,173,24,124,159,14,18,25,13,16,45,21,17,0,3,36,66,40,0,1,25,20,16,0,0,2,48,48,2,24,1,0,3.83,3.06,2.45,0,0,0.31,0.04,0,50.93,0.04,0,2.3,18.97,2.75,0.14,No improvement over mean-size prediction,1519.73
A3Z physicality,Defensemen,Defensemen,A3Z tracked games; five on five,2024–25,20242025,12,8484304,Uvis Balinskis,D,-0.8,2,231.98,236.27,19,0.25,0.37,-0.04,0.4,0.02,FALSE,,0,FALSE,1.74,94.44,0.85,0.68,0.22,,72,196,0,5,6,7,52,13,30,26,58,10,80,99,9,9,4,6,14,20,10,12,0,0,14,28,28,0,1,16,23,11,1,2,1,32,32,0,24,0,0,4.14,5.95,2.85,0.26,0.52,0.26,0,0,47.39,0,0,1.29,20.69,3.36,0.17,No improvement over mean-size prediction,1128.8
A3Z physicality,Defensemen,Defensemen,A3Z tracked games; five on five,2024–25,20242025,13,8480839,Rasmus Dahlin,D,0.19,1,334.42,338.77,18,0.25,0.35,-0.03,0.38,-0.05,FALSE,,0,FALSE,1.66,93.96,0.64,1.09,-0.07,,75,204,1,11,17,14,86,25,87,63,99,9,143,187,21,20,24,11,33,60,27,17,1,7,42,67,47,1,0,26,42,23,0,5,7,49,49,1,38,1,2,4.66,7.54,4.13,0,0.9,1.26,0.02,0.05,47.85,0.03,0.18,1.97,25.66,4.49,0.09,No improvement over mean-size prediction,1769.2
A3Z physicality,Defensemen,Defensemen,A3Z tracked games; five on five,2024–25,20242025,14,8482087,Kaiden Guhle,D,0.12,3,176.03,179.07,10,0.18,0.38,0.01,0.37,0.01,TRUE,fightsPer60,0,FALSE,1.6,93.48,1.86,-0.25,-0.02,,75,202,0,4,5,5,40,10,29,18,80,5,55,82,6,5,11,2,10,17,12,3,0,0,10,27,12,0,1,20,22,18,2,1,1,12,12,1,7,1,0,6.82,7.5,6.14,0.68,0.34,0.34,0.08,0,59.62,0.14,0,1.36,18.75,3.41,0.06,No improvement over mean-size prediction,1164.67
A3Z physicality,Defensemen,Defensemen,A3Z tracked games; five on five,2024–25,20242025,15,8482105,Jake Sanderson,D,-0.12,2,336.63,338.5,21,0.26,0.36,0.01,0.35,0.02,TRUE,defensiveRetrievalsPer60,0,FALSE,1.51,93,-0.64,2.14,0.01,,74,202,0,4,10,9,103,23,88,62,146,22,183,223,12,23,26,15,30,64,24,16,0,0,28,56,37,0,0,12,46,24,0,0,2,37,37,0,29,0,0,2.14,8.2,4.28,0,0,0.36,0,0,54.56,0,0,0.71,32.62,4.1,0.15,No improvement over mean-size prediction,1955.37
A3Z physicality,Defensemen,Defensemen,A3Z tracked games; five on five,2024–25,20242025,16,8476885,Jacob Trouba,D,0.46,5,335.28,338.83,20,0.26,0.35,0.01,0.34,-0.03,FALSE,,0,FALSE,1.46,92.51,1.5,0.13,-0.16,,75,212,1,7,11,6,54,23,51,32,136,6,112,147,20,16,19,2,16,34,17,24,1,0,24,46,37,0,1,43,21,41,0,1,1,39,39,0,28,0,1,7.69,3.76,7.34,0,0.18,0.18,0,0.04,56.22,0,0.18,1.25,20.04,4.12,0.04,No improvement over mean-size prediction,1579.9
A3Z physicality,Defensemen,Defensemen,A3Z tracked games; five on five,2024–25,20242025,17,8479325,Charlie McAvoy,D,-0.05,1,207.23,208.88,12,0.24,0.27,-0.06,0.33,-0.05,FALSE,,0,FALSE,1.43,92.03,1.14,0.24,0.04,,73,211,1,0,8,6,47,14,46,36,65,3,86,112,11,14,10,6,22,34,12,6,1,3,22,34,23,1,0,17,18,16,0,5,3,27,27,0,19,2,0,4.92,5.21,4.63,0,1.45,0.87,0,0,56.57,0.11,0.29,0,24.9,4.05,0.05,No improvement over mean-size prediction,1183.52
A3Z physicality,Defensemen,Defensemen,A3Z tracked games; five on five,2024–25,20242025,18,8478450,Parker Wotherspoon,D,-0.77,1,177.32,180.02,12,0.22,0.16,-0.14,0.3,-0.05,FALSE,,0,FALSE,1.27,91.55,0.1,0.8,0.38,,73,190,0,1,3,7,36,16,34,25,70,5,73,101,11,16,9,2,11,16,18,8,0,0,7,17,17,0,0,12,15,9,0,0,0,15,15,0,9,0,0,4.06,5.08,3.05,0,0,0,0,0,55.8,0,0,0.34,24.7,5.41,0.07,No improvement over mean-size prediction,991.6
A3Z physicality,Defensemen,Defensemen,A3Z tracked games; five on five,2024–25,20242025,19,8481605,Jackson LaCombe,D,0.09,1,303.1,307.7,19,0.25,0.24,-0.05,0.28,-0.05,FALSE,,0,FALSE,1.21,91.06,-0.01,1.24,-0.02,,74,208,1,13,12,11,73,13,74,64,113,20,112,151,11,8,10,14,26,44,30,15,1,0,31,64,34,3,0,12,27,22,0,3,3,30,30,5,25,3,0,2.38,5.34,4.35,0,0.59,0.59,0.17,0,37.82,0.12,0.2,2.57,22.17,2.57,0.18,No improvement over mean-size prediction,1672.55
A3Z physicality,Defensemen,Defensemen,A3Z tracked games; five on five,2024–25,20242025,20,8478407,Vince Dunn,D,-0.66,5,300,301.38,16,0.26,0.23,-0.05,0.28,-0.03,FALSE,,0,FALSE,1.21,90.58,-0.13,1.26,0.08,,72,200,1,0,8,12,88,22,63,41,136,8,135,173,18,12,22,9,19,42,21,20,0,0,23,57,40,2,2,6,21,12,0,3,4,41,41,2,31,0,1,1.2,4.2,2.4,0,0.6,0.8,0.05,0.03,54,0,0.2,0,27,4.4,0.06,No improvement over mean-size prediction,1368.9
A3Z physicality,Defensemen,Defensemen,A3Z tracked games; five on five,2024–25,20242025,21,8478911,Matt Roy,D,0.5,1,387.37,389.12,22,0.32,0.28,-0,0.28,-0.05,FALSE,,0,FALSE,1.2,90.1,0.64,0.77,-0.21,,74,220,3,6,16,8,86,23,64,41,155,17,148,194,16,11,23,9,16,39,25,31,1,2,33,61,48,1,1,37,45,37,1,2,0,45,45,0,29,0,2,5.73,6.97,5.73,0.15,0.31,0,0,0.07,58.8,0,0.46,0.93,22.92,3.56,0.11,No improvement over mean-size prediction,1371.65
A3Z physicality,Defensemen,Defensemen,A3Z tracked games; five on five,2024–25,20242025,22,8480145,Neal Pionk,D,-1,1,405.62,413.53,23,0.33,0.1,-0.16,0.26,-0.05,FALSE,,0,FALSE,1.11,89.61,1.06,-0.43,0.49,,72,190,0,2,18,11,75,22,78,56,194,13,135,208,19,14,22,3,19,36,42,16,0,3,35,74,46,0,1,45,41,33,0,1,1,54,54,1,32,1,0,6.66,6.06,4.88,0,0.15,0.15,0.02,0,58.69,0.03,0,0.3,19.97,3.25,0.07,No improvement over mean-size prediction,1522.15
A3Z physicality,Defensemen,Defensemen,A3Z tracked games; five on five,2024–25,20242025,23,8475753,Justin Faulk,D,-0.38,1,623.85,629.42,34,0.44,0.16,-0.1,0.25,-0.05,FALSE,,0,FALSE,1.09,89.13,0.63,0.26,0.2,,72,208,1,8,10,8,110,57,104,62,231,17,222,299,48,38,42,3,28,59,45,37,0,0,21,58,69,0,0,40,36,47,0,8,1,72,72,1,44,3,1,3.85,3.46,4.52,0,0.77,0.1,0.01,0.02,50.33,0.07,0.1,0.77,21.35,5.48,0.07,No improvement over mean-size prediction,1751.13
A3Z physicality,Defensemen,Defensemen,A3Z tracked games; five on five,2024–25,20242025,24,8474578,Erik Karlsson,D,-1.17,5,334.02,339.72,18,0.22,0.18,-0.07,0.25,-0.03,FALSE,,0,FALSE,1.09,88.65,0.09,0.81,0.19,,72,185,0,2,13,6,71,22,86,56,143,7,136,184,23,20,30,9,26,53,33,16,0,2,36,64,45,0,0,3,15,19,0,3,2,40,40,0,26,0,1,0.54,2.69,3.41,0,0.54,0.36,0,0.04,52.06,0,0,0.36,24.43,3.95,0.05,No improvement over mean-size prediction,1905.33
A3Z physicality,Defensemen,Defensemen,A3Z tracked games; five on five,2024–25,20242025,25,8482176,Wyatt Kaiser,D,-1,2,408.25,415.02,27,0.47,0.19,-0.05,0.24,0.02,FALSE,,0,FALSE,1.03,88.16,0.34,0.41,0.28,,72,190,0,6,3,7,83,33,65,46,181,17,145,198,38,14,19,7,18,37,28,25,0,1,22,47,47,0,1,23,54,42,0,2,3,43,43,0,31,1,1,3.38,7.94,6.17,0,0.29,0.44,0,0.03,56.57,0.03,0,0.88,21.31,4.85,0.09,No improvement over mean-size prediction,1032.67
A3Z physicality,Defensemen,Defensemen,A3Z tracked games; five on five,2024–25,20242025,26,8476931,Jake McCabe,D,-0.08,5,550.57,554.32,32,0.48,0.21,-0.02,0.23,-0.03,FALSE,,0,FALSE,0.99,87.68,0.72,0.32,-0.05,,73,210,0,12,24,18,97,40,97,63,196,10,192,279,34,25,34,8,21,46,51,21,0,2,55,106,45,0,0,55,61,43,1,4,4,44,44,1,35,0,1,5.99,6.65,4.69,0.11,0.44,0.44,0.02,0.03,54.48,0,0,1.31,20.92,4.36,0.05,No improvement over mean-size prediction,1419.83
A3Z physicality,Defensemen,Defensemen,A3Z tracked games; five on five,2024–25,20242025,27,8477507,Nikita Zadorov,D,2.88,3,293.87,295.9,17,0.21,0.32,0.09,0.23,0.01,TRUE,weight,0,FALSE,0.96,87.2,0.78,0.56,-0.37,,79,255,0,3,7,8,55,27,60,40,127,10,113,150,16,17,20,6,20,40,20,18,0,0,15,33,30,0,0,44,23,14,1,4,5,27,27,0,16,0,2,8.98,4.7,2.86,0.2,0.82,1.02,0,0.12,58.41,0,0,0.61,23.07,5.51,0.08,No improvement over mean-size prediction,1669.52
A3Z physicality,Defensemen,Defensemen,A3Z tracked games; five on five,2024–25,20242025,28,8480834,Ty Emberson,D,-0.9,3,244.82,248.1,19,0.25,0.2,-0.02,0.22,0.01,FALSE,,0,FALSE,0.96,86.71,0.32,0.52,0.12,,72,193,0,2,0,6,49,23,41,24,93,8,92,121,19,10,17,4,9,23,18,12,1,0,10,29,24,0,0,28,51,23,0,2,1,27,27,0,17,1,1,6.86,12.5,5.64,0,0.49,0.25,0,0.06,57.49,0.06,0,0.49,22.55,5.64,0.09,No improvement over mean-size prediction,1148.62
A3Z physicality,Defensemen,Defensemen,A3Z tracked games; five on five,2024–25,20242025,29,8476917,Adam Pelech,D,0.46,5,250.02,258.47,14,0.23,0.23,0.01,0.22,-0.03,FALSE,,0,FALSE,0.95,86.23,0.06,1.05,-0.16,,75,212,0,6,13,4,71,16,53,30,98,13,115,147,14,8,23,5,18,39,14,25,0,0,15,34,40,2,0,12,31,19,0,3,3,41,41,0,21,1,0,2.88,7.44,4.56,0,0.72,0.72,0,0,54.82,0.05,0,1.44,27.6,3.84,0.13,No improvement over mean-size prediction,1266.83
A3Z physicality,Defensemen,Defensemen,A3Z tracked games; five on five,2024–25,20242025,30,8479398,Samuel Girard,D,-2.16,5,454.75,461.15,27,0.37,0.1,-0.12,0.22,-0.03,FALSE,,0,FALSE,0.94,85.75,0.58,-0.03,0.4,,70,170,0,7,12,22,90,24,82,62,169,11,157,197,19,23,20,6,32,56,26,28,0,1,42,92,48,0,0,23,29,33,0,3,2,51,51,0,37,2,0,3.03,3.83,4.35,0,0.4,0.26,0,0,55.9,0.05,0,0.92,20.71,3.17,0.07,No improvement over mean-size prediction,1522
A3Z physicality,Defensemen,Defensemen,A3Z tracked games; five on five,2024–25,20242025,31,8477495,Seth Jones,D,0.73,1,454.97,457.95,25,0.4,0.24,0.02,0.22,-0.05,FALSE,,0,FALSE,0.92,85.27,0.54,0.7,-0.32,,76,213,0,6,6,10,110,37,81,62,195,16,179,246,29,19,19,8,26,46,35,27,0,0,29,73,65,1,0,34,33,37,0,2,0,62,62,2,39,1,1,4.48,4.35,4.88,0,0.26,0,0.03,0.03,52.07,0.03,0,0.79,23.61,4.88,0.08,No improvement over mean-size prediction,1552.42
A3Z physicality,Defensemen,Defensemen,A3Z tracked games; five on five,2024–25,20242025,32,8476473,Connor Murphy,D,0.7,3,630.32,639.92,36,0.53,0.24,0.03,0.21,0.01,FALSE,,0,FALSE,0.91,84.78,0.98,0.02,-0.09,,76,212,0,3,11,11,118,43,98,69,291,23,211,296,35,17,29,4,28,51,47,21,0,0,25,54,47,2,0,66,70,72,2,7,5,47,47,2,31,0,0,6.28,6.66,6.85,0.19,0.67,0.48,0.04,0,53.34,0,0,0.29,20.09,4.09,0.08,No improvement over mean-size prediction,1401.82
A3Z physicality,Defensemen,Defensemen,A3Z tracked games; five on five,2024–25,20242025,33,8475762,Derek Forbort,D,0.83,5,208.05,210.2,15,0.28,0.24,0.02,0.21,-0.03,FALSE,,0,FALSE,0.9,84.3,1.14,0,-0.24,,76,216,0,2,7,7,29,24,24,12,70,13,63,92,26,11,12,1,7,16,8,10,1,0,16,23,21,0,0,11,16,13,1,3,1,17,17,0,10,1,0,3.17,4.61,3.75,0.29,0.87,0.29,0,0,48.83,0.1,0,0.58,18.17,6.92,0.19,No improvement over mean-size prediction,923.48
A3Z physicality,Defensemen,Defensemen,A3Z tracked games; five on five,2024–25,20242025,34,8481122,Simon Benoit,D,0.63,1,564,567.63,40,0.51,0.22,0.01,0.2,-0.05,FALSE,,0,FALSE,0.87,83.82,2.14,-0.99,-0.27,,76,210,0,7,18,6,81,27,64,36,319,25,161,239,38,20,28,6,16,36,28,18,1,0,28,59,30,0,0,109,62,45,1,8,3,42,42,0,23,1,0,11.6,6.6,4.79,0.11,0.85,0.32,0,0,55.03,0.04,0,0.74,17.13,2.87,0.08,No improvement over mean-size prediction,1290.62
A3Z physicality,Defensemen,Defensemen,A3Z tracked games; five on five,2024–25,20242025,35,8474612,Travis Hamonic,D,-0.66,3,209.92,213.68,15,0.25,0.19,-0.01,0.2,0.01,FALSE,,0,FALSE,0.86,83.33,0.7,0.07,0.09,,73,193,0,5,9,5,24,21,25,12,87,5,62,77,14,12,13,1,4,16,9,5,0,0,11,13,18,0,0,14,27,18,1,1,1,21,21,0,15,0,0,4,7.72,5.14,0.29,0.29,0.29,0,0,57.8,0,0,1.43,17.72,6,0.06,No improvement over mean-size prediction,1006.95
A3Z physicality,Defensemen,Defensemen,A3Z tracked games; five on five,2024–25,20242025,36,8480035,Henri Jokiharju,D,-0.49,5,209.17,211.93,13,0.22,0.13,-0.04,0.17,-0.03,FALSE,,0,FALSE,0.74,82.85,0.25,0.45,0.04,,72,205,1,6,11,4,32,23,33,27,79,5,68,100,14,16,6,3,10,16,17,10,0,0,17,33,20,0,0,13,14,11,0,2,0,24,24,0,15,0,0,3.73,4.02,3.16,0,0.57,0,0,0,55.65,0,0.29,1.72,19.51,6.6,0.06,No improvement over mean-size prediction,1069.55
A3Z physicality,Defensemen,Defensemen,A3Z tracked games; five on five,2024–25,20242025,37,8478013,Jake Walman,D,0.19,2,386.67,392.87,23,0.35,0.21,0.03,0.17,0.02,FALSE,,0,FALSE,0.73,82.37,0.95,-0.13,-0.09,,73,218,1,4,9,5,70,30,82,58,169,14,122,170,30,20,24,12,31,56,26,25,0,2,23,49,54,0,0,21,16,38,0,4,3,60,60,0,42,0,0,3.26,2.48,5.9,0,0.62,0.47,0,0,57.51,0,0.16,0.62,18.93,4.66,0.08,No improvement over mean-size prediction,1480.13
A3Z physicality,Defensemen,Defensemen,A3Z tracked games; five on five,2024–25,20242025,38,8482858,Ryker Evans,D,-0.83,3,403.77,403.9,24,0.33,0.15,-0.02,0.17,0.01,FALSE,,0,FALSE,0.71,81.88,0.29,0.31,0.11,,72,195,1,1,6,9,85,24,69,46,176,10,160,213,21,16,23,3,23,43,26,20,0,1,29,55,30,0,0,34,40,37,0,3,1,36,36,0,21,0,0,5.05,5.94,5.5,0,0.45,0.15,0,0,48.99,0,0.15,0.15,23.78,3.57,0.06,No improvement over mean-size prediction,1422.08
A3Z physicality,Defensemen,Defensemen,A3Z tracked games; five on five,2024–25,20242025,39,8474568,Luke Schenn,D,0.67,5,271.85,275.18,19,0.25,0.18,0.02,0.17,-0.03,FALSE,,0,FALSE,0.71,81.4,1.18,-0.26,-0.21,,74,225,0,0,8,2,43,17,56,32,148,13,86,132,17,13,24,2,15,30,26,20,0,0,17,29,33,2,0,70,23,18,1,0,0,34,34,1,23,1,0,15.45,5.08,3.97,0.22,0,0,0.03,0,59.97,0.04,0,0,18.98,3.75,0.09,No improvement over mean-size prediction,1212.45
A3Z physicality,Defensemen,Defensemen,A3Z tracked games; five on five,2024–25,20242025,40,8479371,Dante Fabbro,D,-0.66,3,330.77,333.53,18,0.26,0.15,-0.01,0.17,0.01,FALSE,,0,FALSE,0.7,80.92,0.15,0.47,0.08,,72,200,0,5,13,8,53,33,56,32,167,12,118,153,25,28,24,7,18,38,18,16,0,1,20,41,29,0,0,13,26,33,0,3,3,28,28,0,20,0,0,2.36,4.72,5.99,0,0.54,0.54,0,0,58.8,0,0,0.91,21.4,5.99,0.07,No improvement over mean-size prediction,1420.9
A3Z physicality,Defensemen,Defensemen,A3Z tracked games; five on five,2024–25,20242025,41,8473507,Jeff Petry,D,0.32,3,165.3,168.17,10,0.23,0.17,0.01,0.16,0.01,FALSE,,0,FALSE,0.66,80.43,0.17,0.54,-0.04,,75,208,0,2,7,2,26,15,29,14,89,9,64,84,14,10,15,1,9,22,7,8,0,0,11,15,15,1,1,8,18,17,0,2,1,12,12,0,6,0,1,2.9,6.53,6.17,0,0.73,0.36,0,0.17,55.88,0,0,0.73,23.23,5.44,0.1,No improvement over mean-size prediction,831.45
A3Z physicality,Defensemen,Defensemen,A3Z tracked games; five on five,2024–25,20242025,42,8476892,Colton Parayko,D,1.72,1,672.22,683.77,33,0.52,0.28,0.13,0.15,-0.05,FALSE,,0,FALSE,0.65,79.95,0.04,1.39,-0.78,,78,228,1,8,17,11,168,56,149,105,239,21,309,408,47,50,44,33,40,99,50,42,1,0,28,79,80,2,1,46,67,76,0,2,0,84,84,7,54,4,1,4.11,5.98,6.78,0,0.18,0,0.08,0.02,52.89,0.07,0.09,0.71,27.58,5,0.09,No improvement over mean-size prediction,1520.17
A3Z physicality,Defensemen,Defensemen,A3Z tracked games; five on five,2024–25,20242025,43,8482111,Justin Barron,D,-0.25,2,289.1,294.33,19,0.31,0.15,0,0.15,0.02,FALSE,,0,FALSE,0.64,79.47,1.17,-0.58,0.05,,74,198,0,4,7,12,41,19,45,30,111,13,75,113,15,10,15,4,11,24,21,11,1,0,22,45,31,0,0,21,27,19,1,3,2,31,31,2,22,0,0,4.36,5.6,3.94,0.21,0.62,0.42,0.06,0,49.66,0,0,0.83,15.57,3.94,0.12,No improvement over mean-size prediction,1080.75
A3Z physicality,Defensemen,Defensemen,A3Z tracked games; five on five,2024–25,20242025,44,8481593,Jayden Struble,D,-0.42,5,236.22,240.58,16,0.29,0.11,-0.04,0.15,-0.03,FALSE,,0,FALSE,0.64,78.99,1.17,-0.56,0.03,,72,207,1,4,7,7,34,20,36,20,90,14,66,89,16,7,16,1,12,22,14,12,1,0,16,33,26,0,0,41,32,21,1,4,0,21,21,0,13,0,0,10.41,8.13,5.33,0.25,1.02,0,0,0,59.08,0,0.25,1.02,16.76,5.08,0.16,No improvement over mean-size prediction,837.45
A3Z physicality,Defensemen,Defensemen,A3Z tracked games; five on five,2024–25,20242025,45,8476902,Esa Lindell,D,0.63,1,536.55,546.43,31,0.39,0.16,0.01,0.15,-0.05,FALSE,,0,FALSE,0.63,78.5,-0.64,1.54,-0.27,,75,217,0,5,16,9,131,47,163,74,330,26,264,361,46,24,89,8,36,105,58,32,0,0,32,66,52,0,1,20,54,45,0,3,2,53,53,0,37,1,1,2.24,6.04,5.03,0,0.34,0.22,0,0.03,55.01,0.03,0,0.56,29.52,5.26,0.08,No improvement over mean-size prediction,1774.45
A3Z physicality,Defensemen,Defensemen,A3Z tracked games; five on five,2024–25,20242025,46,8476463,Jonas Brodin,D,-0.32,1,280.27,282.97,14,0.28,0.05,-0.09,0.14,-0.05,FALSE,,0,FALSE,0.6,78.02,-1.46,1.88,0.17,,74,196,0,0,10,3,71,19,46,30,124,20,120,150,12,10,16,3,13,27,19,11,0,1,15,33,20,0,0,7,22,27,0,4,0,23,23,0,14,0,0,1.5,4.71,5.78,0,0.86,0,0,0,57.69,0,0,0,25.69,4.07,0.16,No improvement over mean-size prediction,1147.45
A3Z physicality,Defensemen,Defensemen,A3Z tracked games; five on five,2024–25,20242025,47,8482166,Shakir Mukhamadullin,D,0.29,3,159.62,162.02,11,0.37,0.15,0.01,0.14,0.01,FALSE,,0,FALSE,0.57,77.54,0.26,0.35,-0.04,,76,200,0,3,1,3,26,17,22,19,69,11,54,70,11,12,3,3,11,14,8,5,0,0,8,15,10,0,0,10,14,15,0,1,1,12,12,1,7,0,0,3.76,5.26,5.64,0,0.38,0.38,0.08,0,56.7,0,0,1.13,20.3,6.39,0.16,No improvement over mean-size prediction,542.02
A3Z physicality,Defensemen,Defensemen,A3Z tracked games; five on five,2024–25,20242025,48,8480043,Timothy Liljegren,D,-0.42,3,239.98,243.73,15,0.22,0.13,-0.01,0.14,0.01,FALSE,,0,FALSE,0.57,77.05,-0.02,0.53,0.05,,73,200,0,4,4,5,42,24,38,22,85,4,87,117,24,9,16,2,12,29,9,15,0,0,12,28,32,1,0,17,39,20,0,1,0,30,30,3,18,1,0,4.25,9.75,5,0,0.25,0,0.1,0,50.68,0.06,0,1,21.75,6,0.05,No improvement over mean-size prediction,1305.33
A3Z physicality,Defensemen,Defensemen,A3Z tracked games; five on five,2024–25,20242025,49,8479378,Logan Stanley,D,2.06,1,274.7,278.02,20,0.32,0.29,0.17,0.13,-0.05,FALSE,,0,FALSE,0.54,76.57,0.9,0.57,-0.94,,79,231,1,2,7,10,56,27,38,24,104,8,103,143,22,17,14,0,12,24,14,14,1,0,16,37,23,0,0,33,42,22,1,3,1,24,24,0,13,0,0,7.21,9.17,4.81,0.22,0.66,0.22,0,0,60.64,0,0.22,0.44,22.5,5.9,0.08,No improvement over mean-size prediction,981.77
A3Z physicality,Defensemen,Defensemen,A3Z tracked games; five on five,2024–25,20242025,50,8477220,Nate Schmidt,D,-0.76,2,298.28,304.45,21,0.26,0.09,-0.03,0.12,0.02,FALSE,,0,FALSE,0.52,76.09,0.24,0.07,0.21,,72,197,3,11,14,6,48,22,45,30,108,15,85,113,14,10,15,3,15,25,20,14,0,1,28,48,27,1,0,16,29,18,1,3,0,23,23,0,13,1,0,3.22,5.83,3.62,0.2,0.6,0,0,0,55.71,0.08,0.6,2.21,17.1,4.43,0.14,No improvement over mean-size prediction,1322.37
A3Z physicality,Defensemen,Defensemen,A3Z tracked games; five on five,2024–25,20242025,51,8482073,Braden Schneider,D,0.26,5,287.13,294.03,19,0.24,0.11,-0,0.12,-0.03,FALSE,,0,FALSE,0.48,75.6,0.05,0.55,-0.12,,75,206,0,4,11,6,54,20,50,29,137,9,109,143,20,12,21,4,12,35,15,16,1,1,19,33,31,0,0,32,47,33,0,2,1,31,31,0,19,0,1,6.69,9.82,6.9,0,0.42,0.21,0,0.05,54.08,0,0,0.84,22.78,4.18,0.07,No improvement over mean-size prediction,1429.35
A3Z physicality,Defensemen,Defensemen,A3Z tracked games; five on five,2024–25,20242025,52,8483457,Lane Hutson,D,-2.67,2,393.4,399.55,22,0.27,-0.05,-0.17,0.11,0.02,TRUE,weight,0,FALSE,0.47,75.12,-0.26,-0.06,0.79,,69,162,1,8,20,14,77,23,71,46,181,17,137,178,17,15,25,12,20,49,22,14,1,7,56,93,35,0,1,10,32,32,0,2,3,35,35,1,21,0,0,1.53,4.88,4.88,0,0.31,0.46,0.03,0,47.38,0,0.15,1.22,20.89,3.51,0.09,No improvement over mean-size prediction,1864.12
A3Z physicality,Defensemen,Defensemen,A3Z tracked games; five on five,2024–25,20242025,53,8477346,MacKenzie Weegar,D,-0.45,4,348.98,354.67,20,0.25,0.16,0.05,0.11,0.05,FALSE,,0,FALSE,0.45,74.64,0.24,0.26,-0.05,,72,206,1,7,5,5,81,30,85,57,128,18,166,220,34,26,28,7,34,62,23,16,0,0,24,63,47,0,0,50,31,31,0,3,2,45,45,0,32,1,0,8.6,5.33,5.33,0,0.52,0.34,0,0,56.32,0.03,0.17,1.2,28.54,5.16,0.14,No improvement over mean-size prediction,1957.32
A3Z physicality,Defensemen,Defensemen,A3Z tracked games; five on five,2024–25,20242025,54,8474574,Tyler Myers,D,2.22,5,546.67,557.87,32,0.45,0.2,0.09,0.11,-0.03,TRUE,height,0,FALSE,0.45,74.15,0.53,0.45,-0.54,,80,229,0,8,8,8,92,43,89,43,218,13,195,254,35,31,46,2,27,63,26,31,0,2,20,44,48,0,0,27,39,43,0,6,1,49,49,1,26,1,1,2.96,4.28,4.72,0,0.66,0.11,0.02,0.04,54.92,0.04,0,0.88,21.4,4.72,0.06,No improvement over mean-size prediction,1476.22
A3Z physicality,Defensemen,Defensemen,A3Z tracked games; five on five,2024–25,20242025,55,8475179,Dmitry Kulikov,D,-0.01,2,346.25,348.75,20,0.29,0.13,0.02,0.11,0.02,FALSE,,0,FALSE,0.44,73.67,0.49,-0.03,-0.02,,73,212,0,12,13,6,72,21,65,39,134,11,125,157,14,16,26,9,20,41,24,21,0,0,24,47,32,0,0,33,23,22,0,3,1,35,35,0,16,0,0,5.72,3.99,3.81,0,0.52,0.17,0,0,57.56,0,0,2.08,21.66,3.64,0.08,No improvement over mean-size prediction,1348.78
A3Z physicality,Defensemen,Defensemen,A3Z tracked games; five on five,2024–25,20242025,56,8479026,Philippe Myers,D,1.24,5,353.05,356.18,22,0.61,0.15,0.04,0.1,-0.03,FALSE,,0,FALSE,0.44,73.19,0.77,-0,-0.33,,77,221,0,3,10,5,66,21,43,22,144,7,118,164,26,11,21,4,10,22,21,34,0,0,15,39,49,0,0,57,33,21,1,0,2,52,52,0,33,1,0,9.69,5.61,3.57,0.17,0,0.34,0,0,60.05,0.03,0,0.51,20.05,3.57,0.05,No improvement over mean-size prediction,584.28
A3Z physicality,Defensemen,Defensemen,A3Z tracked games; five on five,2024–25,20242025,57,8480727,Zach Whitecloud,D,0.16,1,319.92,320.58,20,0.27,0.07,-0.04,0.1,-0.05,FALSE,,0,FALSE,0.43,72.71,-0.18,0.67,-0.05,,74,210,0,4,11,4,57,36,48,35,106,12,106,151,25,9,13,3,14,24,24,18,0,0,14,39,32,1,0,29,58,22,0,2,3,36,36,1,22,0,0,5.44,10.88,4.13,0,0.38,0.56,0.03,0,52.9,0,0,0.75,19.88,6.75,0.11,No improvement over mean-size prediction,1295.8
A3Z physicality,Defensemen,Defensemen,A3Z tracked games; five on five,2024–25,20242025,58,8481568,Alex Vlasic,D,1.34,2,620.42,625.53,34,0.41,0.21,0.11,0.1,0.02,FALSE,,0,FALSE,0.4,72.22,-0.23,1.07,-0.44,,78,217,2,4,14,9,157,41,149,106,293,29,290,383,30,38,43,23,45,93,56,28,2,3,38,87,62,1,0,22,62,61,0,0,2,64,64,0,43,2,1,2.13,6,5.9,0,0,0.19,0,0.02,53.64,0.05,0.19,0.39,28.05,3.97,0.1,No improvement over mean-size prediction,1907.55
A3Z physicality,Defensemen,Defensemen,A3Z tracked games; five on five,2024–25,20242025,59,8480950,Ilya Lyubushkin,D,0.02,3,447.23,450.65,30,0.38,0.1,0.01,0.09,0.01,FALSE,,0,FALSE,0.39,71.74,0.07,0.32,-0,,74,206,1,3,11,8,86,32,75,49,236,14,168,233,35,29,26,2,22,44,31,22,0,0,23,52,36,0,0,24,50,46,0,4,0,35,35,0,20,0,0,3.22,6.71,6.17,0,0.54,0,0,0,55.54,0,0.13,0.4,22.54,4.29,0.06,No improvement over mean-size prediction,1390.95
A3Z physicality,Defensemen,Defensemen,A3Z tracked games; five on five,2024–25,20242025,60,8481014,Alexander Romanov,D,0.26,2,318.1,323.25,17,0.27,0.13,0.04,0.09,0.02,FALSE,,0,FALSE,0.38,70.77,1.01,-0.52,-0.11,,73,220,1,2,9,4,52,18,56,32,141,13,97,137,18,6,24,2,15,33,23,22,0,0,25,44,35,1,0,36,39,33,0,1,2,34,34,1,23,1,0,6.79,7.36,6.22,0,0.19,0.38,0.03,0,54.84,0.04,0.19,0.38,18.3,3.4,0.09,No improvement over mean-size prediction,1427.65
A3Z physicality,Defensemen,Defensemen,A3Z tracked games; five on five,2024–25,20242025,61,8481743,Marc Del Gaizo,D,-1.31,3,186.12,188.67,12,0.26,0.05,-0.03,0.09,0.01,FALSE,,0,FALSE,0.36,70.29,0.3,-0.1,0.17,,71,188,2,2,4,2,31,11,31,22,87,8,62,77,8,4,9,5,12,20,11,14,1,0,8,25,23,0,0,19,16,16,0,1,0,27,27,1,21,1,0,6.13,5.16,5.16,0,0.32,0,0.04,0,48.8,0.05,0.64,0.64,19.99,3.55,0.09,No improvement over mean-size prediction,770.6
A3Z physicality,Defensemen,Defensemen,A3Z tracked games; five on five,2024–25,20242025,62,8477851,Jordan Oesterle,D,-1.31,2,205.5,208.5,13,0.35,0.01,-0.07,0.08,0.02,FALSE,,0,FALSE,0.35,69.81,-0.26,0.23,0.37,,72,181,0,1,2,7,34,20,39,30,92,9,62,90,18,8,9,2,16,22,17,6,0,0,13,25,23,0,0,10,33,18,0,1,1,24,24,1,14,0,0,2.92,9.64,5.26,0,0.29,0.29,0.04,0,53.09,0,0,0.29,18.1,5.84,0.1,No improvement over mean-size prediction,634.63
A3Z physicality,Defensemen,Defensemen,A3Z tracked games; five on five,2024–25,20242025,63,8481006,Tyler Tucker,D,-0.29,4,177.13,177.5,13,0.34,0.13,0.05,0.08,0.05,FALSE,,0,FALSE,0.34,69.32,0.53,-0.14,-0.05,,73,204,0,3,3,2,22,6,36,22,62,3,56,89,8,9,14,3,9,18,18,13,0,0,7,18,16,0,0,24,30,12,2,2,0,13,13,0,4,0,0,8.13,10.16,4.06,0.68,0.68,0,0,0,57.58,0,0,1.02,18.97,2.03,0.05,No improvement over mean-size prediction,553.92
A3Z physicality,Defensemen,Defensemen,A3Z tracked games; five on five,2024–25,20242025,64,8482095,Tyler Kleven,D,1.38,4,264.67,270.68,20,0.25,0.14,0.05,0.08,0.05,FALSE,,0,FALSE,0.33,68.84,0.26,0.13,-0.06,,77,225,0,4,5,4,62,29,56,36,116,9,116,150,25,13,20,4,18,38,18,13,0,0,9,20,23,0,0,29,43,26,0,4,4,23,23,0,16,1,0,6.57,9.75,5.89,0,0.91,0.91,0,0,57.87,0.06,0,0.91,26.3,6.57,0.08,No improvement over mean-size prediction,1142.78
A3Z physicality,Defensemen,Defensemen,A3Z tracked games; five on five,2024–25,20242025,65,8478443,Brandon Carlo,D,1.45,5,258.93,261.67,17,0.2,0.13,0.05,0.08,-0.03,FALSE,,0,FALSE,0.32,68.36,0.32,0.37,-0.37,,77,227,0,1,4,5,47,20,35,28,97,13,95,126,18,19,7,1,13,19,16,9,0,0,9,21,15,0,0,15,24,23,0,1,2,19,19,0,12,0,0,3.48,5.56,5.33,0,0.23,0.46,0,0,64.5,0,0,0.23,22.01,4.63,0.13,No improvement over mean-size prediction,1568.7
A3Z physicality,Defensemen,Defensemen,A3Z tracked games; five on five,2024–25,20242025,66,8476875,Mike Matheson,D,-0.32,2,379.58,383.4,22,0.28,0.07,-0,0.07,0.02,FALSE,,0,FALSE,0.3,67.87,-0.48,0.71,0.07,,74,196,0,3,9,11,87,26,75,46,170,16,159,210,28,21,29,5,23,51,24,23,0,2,26,46,41,1,0,10,27,30,0,2,1,37,37,0,21,0,0,1.58,4.27,4.74,0,0.32,0.16,0,0,55,0,0,0.47,25.13,4.11,0.09,No improvement over mean-size prediction,2006.45
A3Z physicality,Defensemen,Defensemen,A3Z tracked games; five on five,2024–25,20242025,67,8474590,John Carlson,D,0.74,2,411.68,414.95,25,0.32,0.15,0.07,0.07,0.02,FALSE,,0,FALSE,0.3,67.39,-0.52,1.08,-0.25,,75,220,0,6,26,25,87,30,98,50,153,21,164,220,26,11,48,6,23,63,35,28,0,4,54,99,61,0,0,10,15,26,0,1,1,60,60,2,39,0,0,1.46,2.19,3.79,0,0.15,0.15,0.03,0,54.48,0,0,0.87,23.9,4.37,0.14,No improvement over mean-size prediction,1861.57
A3Z physicality,Defensemen,Defensemen,A3Z tracked games; five on five,2024–25,20242025,68,8480192,Johnathan Kovacevic,D,1.31,5,328.92,331.28,20,0.25,0.11,0.05,0.07,-0.03,FALSE,,0,FALSE,0.27,66.91,0.8,-0.19,-0.34,,77,223,2,3,12,7,58,24,64,34,152,23,106,161,19,9,30,6,12,37,27,19,0,0,22,37,30,0,0,22,36,20,1,6,3,33,33,0,17,0,0,4.01,6.57,3.65,0.18,1.09,0.55,0,0,54.08,0,0.36,0.55,19.34,4.38,0.15,No improvement over mean-size prediction,1604.93
A3Z physicality,Defensemen,Defensemen,A3Z tracked games; five on five,2024–25,20242025,69,8477506,Ryan Pulock,D,0.23,2,299.08,307.33,18,0.24,0.1,0.04,0.06,0.02,FALSE,,0,FALSE,0.26,66.43,0.31,0.04,-0.1,,73,219,0,5,7,3,58,14,59,46,128,15,107,148,11,17,13,6,23,34,25,16,0,2,18,36,24,0,0,14,26,30,0,0,2,24,24,0,14,0,0,2.81,5.22,6.02,0,0,0.4,0,0,51.58,0,0,1,21.47,2.81,0.12,No improvement over mean-size prediction,1559.9
A3Z physicality,Defensemen,Defensemen,A3Z tracked games; five on five,2024–25,20242025,70,8478055,Gustav Forsling,D,-0.46,1,379.12,385.88,20,0.25,-0.04,-0.1,0.06,-0.05,FALSE,,0,FALSE,0.25,65.94,0.39,-0.37,0.23,,73,199,0,8,14,5,54,14,59,38,161,27,100,140,13,14,21,4,16,33,26,37,0,0,26,49,60,0,0,16,22,12,0,1,2,59,59,0,38,1,0,2.53,3.48,1.9,0,0.16,0.32,0,0,58.59,0.03,0,1.27,15.83,2.22,0.17,No improvement over mean-size prediction,1835.82
A3Z physicality,Defensemen,Defensemen,A3Z tracked games; five on five,2024–25,20242025,71,8475233,David Savard,D,0.78,3,276.97,276.88,21,0.28,0.08,0.03,0.06,0.01,FALSE,,0,FALSE,0.23,65.46,0.52,-0.2,-0.1,,73,235,0,3,13,9,40,16,36,11,130,8,88,120,11,11,25,0,4,20,16,10,0,0,22,41,19,0,0,16,21,39,0,2,2,17,17,0,11,0,0,3.47,4.55,8.45,0,0.43,0.43,0,0,59.41,0,0,0.65,19.06,3.47,0.06,No improvement over mean-size prediction,1244.2
A3Z physicality,Defensemen,Defensemen,A3Z tracked games; five on five,2024–25,20242025,72,8477369,Carson Soucy,D,0.66,3,469.23,478.9,31,0.41,0.07,0.02,0.05,0.01,FALSE,,0,FALSE,0.18,64.98,0.16,0.11,-0.09,,76,211,1,2,10,9,67,42,65,30,169,24,152,210,31,20,35,4,9,33,32,31,0,0,19,40,46,0,0,37,56,39,0,5,1,48,48,0,35,1,0,4.73,7.16,4.99,0,0.64,0.13,0,0,54.23,0.03,0.13,0.26,19.44,5.37,0.14,No improvement over mean-size prediction,1343.63
A3Z physicality,Defensemen,Defensemen,A3Z tracked games; five on five,2024–25,20242025,73,8480336,Sean Walker,D,-1.2,2,396.45,406.85,27,0.33,-0.02,-0.06,0.05,0.02,FALSE,,0,FALSE,0.18,64.49,-0.03,-0.13,0.34,,71,191,4,11,20,19,63,15,89,48,135,20,128,167,12,20,41,12,25,66,23,27,0,0,32,64,53,0,0,17,60,41,0,5,2,59,59,0,40,1,0,2.57,9.08,6.21,0,0.76,0.3,0,0,54,0.03,0.61,1.66,19.37,2.27,0.15,No improvement over mean-size prediction,1380.37
A3Z physicality,Defensemen,Defensemen,A3Z tracked games; five on five,2024–25,20242025,74,8471724,Kris Letang,D,-0.69,5,264.32,266.98,15,0.2,-0,-0.05,0.05,-0.03,FALSE,,0,FALSE,0.18,64.01,0.1,-0.01,0.08,,72,199,1,7,9,8,42,13,39,28,95,9,95,119,11,21,11,2,17,27,12,18,0,0,23,38,35,1,0,11,21,22,0,1,1,42,42,1,30,0,0,2.5,4.77,4.99,0,0.23,0.23,0.02,0,49.92,0,0.23,1.59,21.57,2.95,0.09,No improvement over mean-size prediction,1740.88
A3Z physicality,Defensemen,Defensemen,A3Z tracked games; five on five,2024–25,20242025,75,8480860,Kevin Bahl,D,1.79,4,280.63,283.27,16,0.22,0.1,0.05,0.04,0.05,FALSE,,0,FALSE,0.16,63.53,0.15,0.07,-0.06,,78,230,0,7,9,5,45,23,45,28,122,19,89,124,22,12,17,1,12,23,22,9,0,0,23,43,20,0,0,27,11,28,0,1,1,18,18,0,10,0,0,5.77,2.35,5.99,0,0.21,0.21,0,0,55.75,0,0,1.5,19.03,4.92,0.16,No improvement over mean-size prediction,1561.27
A3Z physicality,Defensemen,Defensemen,A3Z tracked games; five on five,2024–25,20242025,76,8482730,Brandt Clarke,D,-0.19,5,271.28,274.88,20,0.26,0.02,-0.03,0.04,-0.03,FALSE,,0,FALSE,0.16,63.04,0.27,-0.09,-0.02,,74,200,0,1,10,8,55,19,55,40,104,10,88,128,12,8,15,4,17,27,28,14,0,1,26,49,32,2,0,6,27,24,0,5,3,37,37,3,25,2,1,1.33,5.97,5.31,0,1.11,0.66,0.08,0.04,42.19,0.08,0,0.22,19.46,4.2,0.1,No improvement over mean-size prediction,1269.77
A3Z physicality,Defensemen,Defensemen,A3Z tracked games; five on five,2024–25,20242025,77,8476467,Jamieson Oleksiak,D,2.78,5,460.63,465.22,29,0.35,0.16,0.12,0.04,-0.03,FALSE,,0,FALSE,0.15,62.56,0.34,0.47,-0.66,,79,252,1,4,11,11,92,37,79,53,214,29,172,234,33,28,26,3,30,45,34,15,1,2,29,58,32,1,1,28,38,47,0,0,3,33,33,0,16,1,0,3.65,4.95,6.12,0,0,0.39,0,0,55.33,0.06,0.13,0.52,22.4,4.82,0.14,No improvement over mean-size prediction,1539.65
A3Z physicality,Defensemen,Defensemen,A3Z tracked games; five on five,2024–25,20242025,78,8483425,Lian Bichsel,D,2.26,5,194.32,197.7,14,0.37,0.13,0.09,0.04,-0.03,TRUE,hitsPer60; hitsReceivedPer60,0,FALSE,0.15,62.08,-0.72,1.42,-0.55,,79,237,0,0,3,0,44,14,42,20,109,13,95,122,12,12,22,2,10,30,12,7,0,0,6,13,18,0,0,57,45,6,0,2,1,20,20,0,11,0,0,17.6,13.89,1.85,0,0.62,0.31,0,0,55.91,0,0,0,29.33,4.32,0.12,No improvement over mean-size prediction,565.85
A3Z physicality,Defensemen,Defensemen,A3Z tracked games; five on five,2024–25,20242025,79,8479576,Vincent Desharnais,D,1.85,4,283.98,290.08,21,0.41,0.09,0.06,0.04,0.05,FALSE,,0,FALSE,0.15,61.59,0.32,-0.11,-0.06,,79,225,0,4,6,8,46,16,32,23,111,6,89,120,12,16,9,3,10,17,15,14,0,1,15,32,22,0,0,34,36,26,1,1,2,26,26,0,15,0,0,7.18,7.61,5.49,0.21,0.21,0.42,0,0,66.61,0,0,0.85,18.8,3.38,0.05,No improvement over mean-size prediction,811.87
A3Z physicality,Defensemen,Defensemen,A3Z tracked games; five on five,2024–25,20242025,80,8479982,Conor Timmins,D,0.5,5,496.55,499.7,35,0.51,0.04,0.01,0.03,-0.03,FALSE,,0,FALSE,0.13,61.11,-0.03,0.33,-0.17,,75,213,1,8,13,7,91,46,84,63,149,16,169,236,29,20,21,9,21,42,42,30,0,1,26,53,54,0,0,27,69,52,0,4,4,54,54,0,31,3,0,3.26,8.34,6.28,0,0.48,0.48,0,0,56.56,0.1,0.12,0.97,20.42,5.56,0.11,No improvement over mean-size prediction,1150.7
A3Z physicality,Defensemen,Defensemen,A3Z tracked games; five on five,2024–25,20242025,81,8481178,Egor Zamula,D,0.05,4,190.98,192.73,14,0.22,0.08,0.05,0.03,0.05,FALSE,,0,FALSE,0.11,60.63,-0.09,0.25,-0.05,,75,200,0,2,2,4,46,16,38,22,85,10,96,122,11,12,16,0,12,28,10,7,0,0,14,30,9,0,0,6,15,13,0,1,1,8,8,0,5,0,0,1.88,4.71,4.08,0,0.31,0.31,0,0,58.68,0,0,0.63,30.16,5.03,0.12,No improvement over mean-size prediction,1040.92
A3Z physicality,Defensemen,Defensemen,A3Z tracked games; five on five,2024–25,20242025,82,8476429,Scott Mayfield,D,0.8,3,193.23,196.35,14,0.21,0.06,0.03,0.03,0.01,FALSE,,0,FALSE,0.11,60.14,0.46,-0.25,-0.1,,76,215,0,1,5,4,26,12,26,9,94,11,60,83,11,5,17,2,3,16,10,12,0,0,15,24,23,1,0,14,17,23,0,1,1,21,21,2,15,0,0,4.35,5.28,7.14,0,0.31,0.31,0.1,0,56.73,0,0,0.31,18.63,3.73,0.12,No improvement over mean-size prediction,1122.05
A3Z physicality,Defensemen,Defensemen,A3Z tracked games; five on five,2024–25,20242025,83,8476856,Mathew Dumba,D,-0.97,3,299.57,306.1,22,0.35,0.01,-0.02,0.03,0.01,FALSE,,0,FALSE,0.11,59.66,0.18,-0.2,0.12,,72,191,0,2,7,2,44,22,43,23,142,16,90,128,21,17,20,3,12,27,16,24,0,1,12,30,35,1,1,24,26,22,0,4,1,36,36,1,18,1,0,4.81,5.21,4.41,0,0.8,0.2,0.03,0,58.29,0.06,0,0.4,18.03,4.41,0.11,No improvement over mean-size prediction,963.9
A3Z physicality,Defensemen,Defensemen,A3Z tracked games; five on five,2024–25,20242025,84,8476331,Dylan DeMelo,D,-0.63,3,445.37,449.83,24,0.29,0.01,-0.01,0.03,0.01,FALSE,,0,FALSE,0.1,59.18,0.15,-0.13,0.08,,73,194,1,6,24,12,93,28,87,71,189,22,145,221,23,14,16,4,27,36,51,21,0,1,33,77,36,1,0,37,40,28,0,5,3,34,34,0,19,0,0,4.98,5.39,3.77,0,0.67,0.4,0,0,55.26,0,0.13,0.81,19.53,3.77,0.12,No improvement over mean-size prediction,1765.65
A3Z physicality,Defensemen,Defensemen,A3Z tracked games; five on five,2024–25,20242025,85,8479421,Jacob Moverare,D,0.22,2,176.68,178.17,16,0.33,0.06,0.04,0.03,0.02,TRUE,contactPenaltiesTakenPer60,0,FALSE,0.1,58.7,-0.12,0.32,-0.1,,75,205,0,2,11,7,33,15,27,19,89,10,56,87,11,2,8,1,3,8,19,8,0,0,14,29,14,0,0,9,28,14,0,5,1,12,12,0,7,0,0,3.06,9.51,4.75,0,1.7,0.34,0,0,57.27,0,0,0.68,19.02,5.09,0.11,No improvement over mean-size prediction,581.08
A3Z physicality,Defensemen,Defensemen,A3Z tracked games; five on five,2024–25,20242025,86,8477499,Rasmus Ristolainen,D,0.56,4,267.83,270.83,16,0.25,0.08,0.05,0.03,0.05,FALSE,,0,FALSE,0.1,58.21,-0.02,0.18,-0.05,,76,208,1,4,7,4,47,24,55,28,94,10,119,150,22,28,27,5,15,39,16,16,0,1,15,28,34,1,0,20,25,14,0,0,1,37,37,2,25,2,1,4.48,5.6,3.14,0,0,0.22,0.05,0.04,46.4,0.08,0.22,0.9,26.66,5.38,0.11,No improvement over mean-size prediction,1293.03
A3Z physicality,Defensemen,Defensemen,A3Z tracked games; five on five,2024–25,20242025,87,8477435,Ryan Graves,D,1.38,4,161.32,161.82,13,0.21,0.08,0.05,0.03,0.05,TRUE,contactPenaltiesDrawnPer60,0,FALSE,0.09,57.73,0.21,-0.06,-0.06,,77,225,0,2,5,2,26,14,25,14,69,3,57,76,10,8,11,1,7,16,9,7,0,0,10,18,13,0,0,14,20,10,0,1,4,17,17,0,8,0,0,5.21,7.44,3.72,0,0.37,1.49,0,0,52.35,0,0,0.74,21.2,5.21,0.04,No improvement over mean-size prediction,914.4
A3Z physicality,Defensemen,Defensemen,A3Z tracked games; five on five,2024–25,20242025,88,8477932,Aaron Ekblad,D,0.97,2,254.82,257.57,14,0.25,0.11,0.09,0.02,0.02,FALSE,,0,FALSE,0.09,57.25,0.46,-0.05,-0.33,,76,220,2,6,13,7,38,16,41,20,105,12,81,110,12,19,21,0,10,21,20,20,0,0,19,35,37,0,0,25,15,8,0,3,3,38,38,0,21,1,0,5.89,3.53,1.88,0,0.71,0.71,0,0,57.19,0.05,0.47,1.41,19.07,3.77,0.11,No improvement over mean-size prediction,1316.7
A3Z physicality,Defensemen,Defensemen,A3Z tracked games; five on five,2024–25,20242025,89,8481563,Drew Helleson,D,0.32,4,192.7,196.3,13,0.23,0.07,0.05,0.02,0.05,FALSE,,0,FALSE,0.06,56.76,0.06,0.05,-0.05,,75,208,0,2,7,8,43,18,36,27,92,7,73,103,12,6,9,3,9,18,18,14,0,0,15,30,25,0,0,28,20,8,0,2,0,25,25,0,16,1,0,8.72,6.23,2.49,0,0.62,0,0,0,59.64,0.06,0,0.62,22.73,5.6,0.08,No improvement over mean-size prediction,915.67
A3Z physicality,Defensemen,Defensemen,A3Z tracked games; five on five,2024–25,20242025,90,8480865,Noah Dobson,D,0.29,5,315.12,319.63,18,0.25,0.01,-0,0.02,-0.03,FALSE,,0,FALSE,0.05,56.28,-0.66,0.84,-0.13,,76,200,0,5,5,6,77,24,75,52,127,18,132,168,17,16,23,6,25,51,24,17,0,1,18,44,41,0,0,14,44,26,0,2,1,47,47,1,31,0,0,2.67,8.38,4.95,0,0.38,0.19,0.02,0,57.27,0,0,0.95,25.13,4.57,0.14,No improvement over mean-size prediction,1652.33
A3Z physicality,Defensemen,Defensemen,A3Z tracked games; five on five,2024–25,20242025,91,8482762,Simon Edvinsson,D,1.51,4,381.8,382.97,21,0.27,0.07,0.05,0.02,0.05,FALSE,,0,FALSE,0.05,55.8,0.03,0.08,-0.06,,78,222,0,13,8,9,65,31,62,37,145,22,125,161,18,13,25,7,17,43,19,12,0,0,19,42,27,2,0,15,47,35,0,4,4,30,30,0,20,1,0,2.36,7.39,5.5,0,0.63,0.63,0,0,52.88,0.05,0,2.04,19.64,4.87,0.15,No improvement over mean-size prediction,1647.5
A3Z physicality,Defensemen,Defensemen,A3Z tracked games; five on five,2024–25,20242025,92,8475208,Brian Dumoulin,D,0.8,2,341.55,348.85,21,0.26,0.09,0.08,0.01,0.02,FALSE,,0,FALSE,0.05,55.31,-0.01,0.33,-0.27,,76,215,0,14,9,8,78,31,49,42,149,8,128,168,18,14,7,6,22,28,21,17,0,0,21,44,32,1,0,16,39,30,0,1,2,31,31,1,20,0,0,2.81,6.85,5.27,0,0.18,0.35,0.03,0,51.74,0,0,2.46,22.49,5.45,0.05,No improvement over mean-size prediction,1563.5
A3Z physicality,Defensemen,Defensemen,A3Z tracked games; five on five,2024–25,20242025,93,8478469,Thomas Chabot,D,-0.42,3,350.53,356.52,20,0.25,0.01,-0.01,0.01,0.01,FALSE,,0,FALSE,0.04,54.83,-0.29,0.28,0.05,,73,200,1,3,12,10,70,23,67,52,128,8,133,173,20,16,15,9,22,41,26,20,1,1,30,60,62,1,0,13,29,21,0,1,1,60,60,1,42,0,0,2.23,4.96,3.59,0,0.17,0.17,0.02,0,50.1,0,0.17,0.51,22.77,3.94,0.06,No improvement over mean-size prediction,1841.93
A3Z physicality,Defensemen,Defensemen,A3Z tracked games; five on five,2024–25,20242025,94,8477810,Joel Hanley,D,-1.37,4,231.47,235.95,14,0.26,0.06,0.05,0.01,0.05,FALSE,,0,FALSE,0.04,54.35,0.07,0.01,-0.04,,71,186,0,4,5,4,37,17,34,20,97,8,81,111,17,12,14,1,7,19,15,12,0,0,12,23,22,0,0,20,33,26,0,1,1,22,22,1,14,0,0,5.18,8.55,6.74,0,0.26,0.26,0.05,0,54.9,0,0,1.04,21,4.41,0.08,No improvement over mean-size prediction,984.77
A3Z physicality,Defensemen,Defensemen,A3Z tracked games; five on five,2024–25,20242025,95,8477498,Darnell Nurse,D,0.8,4,318.62,323.88,17,0.22,0.06,0.05,0.01,0.05,FALSE,,0,FALSE,0.01,53.86,0.15,-0.08,-0.06,,76,215,1,1,6,9,49,20,51,35,113,10,93,121,13,10,16,9,17,31,20,17,0,1,25,41,55,0,0,32,16,20,0,4,1,59,59,0,33,1,0,6.03,3.01,3.77,0,0.75,0.19,0,0,54.08,0.03,0.19,0.19,17.51,3.77,0.09,No improvement over mean-size prediction,1700.18
A3Z physicality,Defensemen,Defensemen,A3Z tracked games; five on five,2024–25,20242025,96,8475455,Brenden Dillon,D,1.14,5,295.82,299.03,20,0.24,0.04,0.04,0,-0.03,FALSE,,0,FALSE,-0.01,53.38,1.03,-0.73,-0.31,,76,225,0,3,14,5,46,16,34,19,130,7,83,119,12,5,15,1,10,17,17,17,0,0,22,49,29,1,0,36,38,23,2,2,1,32,32,0,18,0,0,7.3,7.71,4.67,0.41,0.41,0.2,0,0,56.66,0,0,0.61,16.83,3.25,0.05,No improvement over mean-size prediction,1523.2
A3Z physicality,Defensemen,Defensemen,A3Z tracked games; five on five,2024–25,20242025,97,8475171,Oliver Ekman-Larsson,D,-0.53,4,671.8,678.6,40,0.52,0.05,0.05,0,0.05,FALSE,,0,FALSE,-0.01,52.9,0.11,-0.08,-0.05,,74,190,1,8,22,25,84,41,83,55,268,36,170,249,37,20,28,3,19,40,43,47,1,0,55,100,87,1,0,47,45,33,0,9,5,86,86,2,50,0,0,4.2,4.02,2.95,0,0.8,0.45,0.02,0,53.79,0,0.09,0.71,15.18,3.66,0.13,No improvement over mean-size prediction,1622.28
A3Z physicality,Defensemen,Defensemen,A3Z tracked games; five on five,2024–25,20242025,98,8483565,Nick Blankenburg,D,-2.15,4,284.53,287.05,18,0.3,0.05,0.05,-0,0.05,FALSE,,0,FALSE,-0.02,52.42,-0.01,0.02,-0.04,,69,177,0,4,12,7,49,14,52,30,123,14,96,123,13,14,22,7,18,38,14,20,1,0,20,33,33,0,1,14,34,19,0,2,2,35,35,1,20,1,0,2.95,7.17,4.01,0,0.42,0.42,0.03,0,42.54,0.05,0,0.84,20.24,2.95,0.11,No improvement over mean-size prediction,1173.13
A3Z physicality,Defensemen,Defensemen,A3Z tracked games; five on five,2024–25,20242025,99,8475188,Brayden McNabb,D,0.8,1,358.15,360.63,21,0.26,0.02,0.03,-0.01,-0.05,FALSE,,0,FALSE,-0.05,51.93,0.37,-0.07,-0.35,,76,215,0,5,15,5,68,23,34,20,159,15,116,146,22,8,14,2,12,23,11,17,0,2,30,45,35,0,0,32,39,30,0,3,1,36,36,0,20,0,0,5.36,6.53,5.03,0,0.5,0.17,0,0,58.83,0,0,0.84,19.43,3.85,0.09,No improvement over mean-size prediction,1649.25
A3Z physicality,Defensemen,Defensemen,A3Z tracked games; five on five,2024–25,20242025,100,8474013,Ian Cole,D,0.85,4,283.7,290.55,17,0.21,0.05,0.05,-0.01,0.05,FALSE,,0,FALSE,-0.06,51.45,0.02,-0.02,-0.06,,73,237,0,6,10,3,48,26,36,18,104,9,90,125,19,13,18,1,12,21,15,12,0,2,19,37,25,0,0,12,26,38,0,5,1,23,23,1,13,0,2,2.54,5.5,8.04,0,1.06,0.21,0.04,0.15,55.73,0,0,1.27,19.03,5.5,0.09,No improvement over mean-size prediction,1663.13
A3Z physicality,Defensemen,Defensemen,A3Z tracked games; five on five,2024–25,20242025,101,8478851,Alexandre Carrier,D,-1.79,4,363.83,367.78,20,0.25,0.03,0.05,-0.01,0.05,FALSE,,0,FALSE,-0.08,50.97,-0.03,-0.02,-0.04,,71,174,1,7,15,6,47,26,66,34,135,17,106,139,21,15,32,4,15,44,22,20,1,3,29,44,33,2,0,19,60,37,0,6,1,33,33,0,22,1,0,3.13,9.89,6.1,0,0.99,0.16,0,0,55.9,0.05,0.16,1.15,17.48,4.29,0.13,No improvement over mean-size prediction,1626.37
A3Z physicality,Defensemen,Defensemen,A3Z tracked games; five on five,2024–25,20242025,102,8474673,TJ Brodie,D,-0.63,2,449.4,455.65,30,0.56,-0.04,-0.02,-0.02,0.02,FALSE,,0,FALSE,-0.09,50.48,-0.7,0.44,0.17,,74,187,0,2,6,7,78,49,76,46,167,10,155,205,30,20,30,2,18,42,34,10,0,0,25,45,26,0,0,12,57,40,0,3,1,23,23,0,11,0,1,1.6,7.61,5.34,0,0.4,0.13,0,0.09,56.22,0,0,0.27,20.69,6.54,0.06,No improvement over mean-size prediction,844.15
A3Z physicality,Defensemen,Defensemen,A3Z tracked games; five on five,2024–25,20242025,103,8483490,Pavel Mintyukov,D,-0.18,4,255.33,259.95,17,0.25,0.03,0.05,-0.02,0.05,FALSE,,0,FALSE,-0.09,50,0.01,-0.06,-0.05,,73,207,2,5,10,3,48,17,49,40,101,10,75,112,18,5,9,3,20,27,22,13,0,0,18,32,23,1,0,25,16,17,0,1,0,23,23,0,14,0,0,5.87,3.76,3.99,0,0.23,0,0,0,45.28,0,0.47,1.17,17.62,3.99,0.1,No improvement over mean-size prediction,1196.6
A3Z physicality,Defensemen,Defensemen,A3Z tracked games; five on five,2024–25,20242025,104,8481567,Henry Thrun,D,0.19,2,231.23,235.95,16,0.27,0.02,0.03,-0.02,0.02,FALSE,,0,FALSE,-0.1,49.52,0.22,-0.23,-0.09,,74,211,0,6,4,5,32,17,44,25,106,6,79,106,10,10,19,3,11,27,17,7,0,0,13,22,20,0,0,10,25,21,0,3,2,22,22,0,14,0,0,2.59,6.49,5.45,0,0.78,0.52,0,0,51.05,0,0,1.56,20.5,4.41,0.06,No improvement over mean-size prediction,1050.82
A3Z physicality,Defensemen,Defensemen,A3Z tracked games; five on five,2024–25,20242025,105,8481607,Albert Johansson,D,-0.83,4,223.27,223.28,14,0.23,0.03,0.05,-0.02,0.05,FALSE,,0,FALSE,-0.11,49.03,-0.11,0.04,-0.04,,72,195,0,3,2,3,38,16,34,17,107,10,81,101,19,14,17,3,9,24,10,3,0,0,7,18,10,0,0,9,30,22,0,0,1,9,9,0,7,0,0,2.42,8.06,5.91,0,0,0.27,0,0,51.04,0,0,0.81,21.77,4.3,0.09,No improvement over mean-size prediction,998.02
A3Z physicality,Defensemen,Defensemen,A3Z tracked games; five on five,2024–25,20242025,106,8481167,Brayden Pachal,D,-0.12,4,230.18,232.63,19,0.25,0.03,0.05,-0.02,0.05,FALSE,,0,FALSE,-0.12,48.07,0.1,-0.16,-0.05,,74,202,0,3,5,3,28,17,27,17,87,9,52,76,18,9,10,0,6,15,12,12,1,0,10,19,16,0,0,35,23,12,0,3,0,17,17,0,9,0,0,9.12,6,3.13,0,0.78,0,0,0,61.35,0,0,0.78,13.55,4.43,0.1,No improvement over mean-size prediction,1082.25
A3Z physicality,Defensemen,Defensemen,A3Z tracked games; five on five,2024–25,20242025,107,8480069,Cale Makar,D,-1.1,2,475.8,479.32,27,0.34,-0.08,-0.06,-0.02,0.02,FALSE,,0,FALSE,-0.12,47.58,-0.32,-0.11,0.31,,72,187,0,7,18,23,86,30,87,66,166,20,145,193,28,11,21,9,39,62,25,18,1,5,66,126,95,1,0,13,16,23,0,1,4,90,90,0,61,1,0,1.64,2.02,2.9,0,0.13,0.5,0,0,42.76,0.02,0,0.88,18.28,3.78,0.12,No improvement over mean-size prediction,2057.3
A3Z physicality,Defensemen,Defensemen,A3Z tracked games; five on five,2024–25,20242025,108,8476906,Shayne Gostisbehere,D,-1.48,4,330.58,335.43,24,0.34,0.03,0.05,-0.02,0.05,FALSE,,0,FALSE,-0.12,47.1,-0.05,-0.04,-0.04,,71,183,0,9,7,14,44,11,54,33,124,20,89,112,9,12,21,5,20,39,15,17,0,2,28,62,49,0,0,13,17,17,0,1,2,51,51,0,28,0,1,2.36,3.09,3.09,0,0.18,0.36,0,0.04,54.08,0,0,1.63,16.15,2,0.16,No improvement over mean-size prediction,1296.47
A3Z physicality,Defensemen,Defensemen,A3Z tracked games; five on five,2024–25,20242025,109,8479410,Mikhail Sergachev,D,0.46,4,300.62,302.9,17,0.22,0.03,0.05,-0.03,0.05,FALSE,,0,FALSE,-0.14,46.62,-0.15,0.07,-0.05,,75,212,1,4,8,10,65,17,51,29,119,13,113,154,14,13,22,3,13,32,19,23,0,0,17,52,43,0,0,8,21,28,0,0,1,41,41,1,26,1,0,1.6,4.19,5.59,0,0,0.2,0.02,0,56.22,0.04,0.2,0.8,22.55,3.39,0.11,No improvement over mean-size prediction,1934
A3Z physicality,Defensemen,Defensemen,A3Z tracked games; five on five,2024–25,20242025,110,8479345,Jakob Chychrun,D,0.33,4,400.35,405.77,24,0.32,0.03,0.05,-0.03,0.05,FALSE,,0,FALSE,-0.14,46.14,-0.07,-0.02,-0.05,,74,215,2,9,17,16,80,19,90,66,179,14,141,201,17,7,24,8,22,46,44,28,0,1,36,76,67,0,0,14,46,32,0,4,2,77,77,0,40,1,0,2.1,6.89,4.8,0,0.6,0.3,0,0,55.04,0.03,0.3,1.35,21.13,2.85,0.08,No improvement over mean-size prediction,1558.75
A3Z physicality,Defensemen,Defensemen,A3Z tracked games; five on five,2024–25,20242025,111,8480800,Quinn Hughes,D,-1.82,4,543.9,551.62,28,0.41,0.02,0.05,-0.03,0.05,FALSE,,0,FALSE,-0.14,45.65,-0.15,0.05,-0.04,,70,180,2,11,18,34,124,31,154,112,164,19,191,274,25,13,42,42,44,96,58,24,2,6,84,152,90,0,1,8,33,25,0,3,5,92,92,2,60,4,0,0.88,3.64,2.76,0,0.33,0.55,0.02,0,54.03,0.07,0.22,1.21,21.07,3.42,0.12,No improvement over mean-size prediction,1749.58
A3Z physicality,Defensemen,Defensemen,A3Z tracked games; five on five,2024–25,20242025,112,8480878,Nils Lundkvist,D,-0.63,4,239.57,245.8,18,0.46,0.02,0.05,-0.03,0.05,FALSE,,0,FALSE,-0.15,45.17,-0.15,0.05,-0.05,,73,194,0,0,2,8,39,19,33,14,111,10,88,118,17,13,19,1,6,17,16,21,1,1,14,26,31,0,0,12,30,15,0,2,0,32,32,0,19,0,0,3.01,7.51,3.76,0,0.5,0,0,0,59.61,0,0,0,22.04,4.76,0.09,No improvement over mean-size prediction,585.43
A3Z physicality,Defensemen,Defensemen,A3Z tracked games; five on five,2024–25,20242025,113,8482655,J.J. Moser,D,-0.77,4,441.82,447.7,27,0.5,0.02,0.05,-0.03,0.05,FALSE,,0,FALSE,-0.16,44.69,-0.07,-0.04,-0.04,,74,183,0,9,16,14,65,20,84,60,176,24,123,195,17,12,24,5,24,43,41,18,0,2,35,61,44,0,0,21,49,26,0,2,2,46,46,0,26,2,0,2.85,6.65,3.53,0,0.27,0.27,0,0,54.27,0.08,0,1.22,16.7,2.72,0.14,No improvement over mean-size prediction,1018.05
A3Z physicality,Defensemen,Defensemen,A3Z tracked games; five on five,2024–25,20242025,114,8479324,Ryan Lindgren,D,-0.86,5,336.67,338.3,21,0.29,-0.09,-0.06,-0.03,-0.03,FALSE,,0,FALSE,-0.17,44.2,0.25,-0.53,0.12,,72,194,0,3,13,7,52,21,50,30,125,6,96,124,21,5,20,3,17,34,16,20,0,0,18,45,35,0,1,13,34,25,0,6,2,33,33,0,19,0,1,2.32,6.06,4.46,0,1.07,0.36,0,0.05,43.74,0,0,0.53,17.11,3.74,0.05,No improvement over mean-size prediction,1418.68
A3Z physicality,Defensemen,Defensemen,A3Z tracked games; five on five,2024–25,20242025,115,8476923,Damon Severson,D,-0.05,2,260.12,264.6,15,0.21,-0.02,0.02,-0.03,0.02,FALSE,,0,FALSE,-0.17,43.72,-0.75,0.59,-0.01,,74,204,0,2,10,4,51,19,48,28,103,12,95,124,20,14,20,2,16,31,17,9,0,2,20,32,21,1,0,6,14,18,0,4,0,20,20,0,15,0,0,1.38,3.23,4.15,0,0.92,0,0,0,47.55,0,0,0.46,21.91,4.38,0.12,No improvement over mean-size prediction,1333.77
A3Z physicality,Defensemen,Defensemen,A3Z tracked games; five on five,2024–25,20242025,116,8484258,Sam Malinski,D,-1.24,5,360.15,363.92,25,0.33,-0.11,-0.08,-0.03,-0.03,FALSE,,0,FALSE,-0.17,43.24,-1.15,0.78,0.2,,71,190,1,3,14,16,69,31,93,47,127,10,139,179,26,16,46,9,25,68,25,25,0,3,35,66,45,1,0,12,63,37,0,2,1,48,48,1,36,0,0,2,10.5,6.16,0,0.33,0.17,0.02,0,56.98,0,0.17,0.5,23.16,5.16,0.08,No improvement over mean-size prediction,1212.52
A3Z physicality,Defensemen,Defensemen,A3Z tracked games; five on five,2024–25,20242025,117,8479323,Adam Fox,D,-1.41,4,249.97,251.32,15,0.2,0.01,0.05,-0.03,0.05,FALSE,,0,FALSE,-0.17,42.75,-0.02,-0.11,-0.04,,71,185,1,12,12,21,35,7,42,30,92,11,65,83,7,7,12,2,17,29,13,15,0,6,49,73,34,1,1,5,15,20,0,3,3,35,35,3,20,0,2,1.2,3.6,4.8,0,0.72,0.72,0.09,0.1,38.33,0,0.24,2.88,15.6,1.68,0.12,No improvement over mean-size prediction,1720.42
A3Z physicality,Defensemen,Defensemen,A3Z tracked games; five on five,2024–25,20242025,118,8481606,Jordan Spence,D,-1.31,4,310.78,316.18,21,0.27,0.01,0.05,-0.04,0.05,FALSE,,0,FALSE,-0.17,42.27,-0.05,-0.08,-0.04,,71,188,1,2,15,10,55,16,45,26,125,10,95,127,16,9,19,2,10,25,20,11,0,0,26,50,31,0,0,24,39,27,0,2,0,29,29,0,12,1,0,4.63,7.53,5.21,0,0.39,0,0,0,56.04,0.08,0.19,0.39,18.34,3.09,0.08,No improvement over mean-size prediction,1326.3
A3Z physicality,Defensemen,Defensemen,A3Z tracked games; five on five,2024–25,20242025,119,8476979,Erik Gustafsson,D,-1,3,254.13,256.08,18,0.3,-0.06,-0.02,-0.04,0.01,FALSE,,0,FALSE,-0.17,41.79,-0.65,0.35,0.13,,72,190,0,1,8,3,57,23,50,28,100,7,89,124,24,3,22,3,15,31,19,11,0,2,18,42,27,0,0,8,35,12,0,3,0,28,28,3,10,0,0,1.89,8.26,2.83,0,0.71,0,0.11,0,48.88,0,0,0.24,21.01,5.43,0.07,No improvement over mean-size prediction,978.87
A3Z physicality,Defensemen,Defensemen,A3Z tracked games; five on five,2024–25,20242025,120,8481059,Scott Perunovich,D,-1.99,4,260.8,260.37,19,0.54,0.01,0.05,-0.04,0.05,FALSE,,0,FALSE,-0.19,41.3,-0.05,-0.1,-0.04,,70,175,0,2,7,15,55,13,55,51,104,7,80,114,13,11,4,8,26,33,22,4,0,1,30,58,12,0,0,9,21,18,0,1,2,11,11,0,6,0,0,2.07,4.83,4.14,0,0.23,0.46,0,0,52.5,0,0,0.46,18.4,2.99,0.07,No improvement over mean-size prediction,560.25
A3Z physicality,Defensemen,Defensemen,A3Z tracked games; five on five,2024–25,20242025,121,8479372,Josh Mahura,D,-0.9,1,263.42,265.82,21,0.33,-0.19,-0.15,-0.04,-0.05,FALSE,,0,FALSE,-0.19,40.82,-0.2,-0.43,0.44,,72,193,1,6,2,4,42,16,43,23,107,7,87,116,12,9,20,3,8,24,19,16,0,2,11,26,27,0,0,24,43,14,0,2,2,25,25,0,14,0,0,5.47,9.79,3.19,0,0.46,0.46,0,0,52.4,0,0.23,1.37,19.82,3.64,0.07,No improvement over mean-size prediction,880.33
A3Z physicality,Defensemen,Defensemen,A3Z tracked games; five on five,2024–25,20242025,122,8480873,Rasmus Sandin,D,-1.27,2,431,435.73,25,0.3,-0.11,-0.07,-0.04,0.02,FALSE,,0,FALSE,-0.2,40.34,-0.64,0.09,0.36,,71,189,0,6,22,14,91,28,86,57,205,17,157,211,24,12,29,12,21,49,37,26,0,2,46,86,53,0,1,30,52,25,0,0,0,48,48,1,29,0,0,4.18,7.24,3.48,0,0,0,0.02,0,53.61,0,0,0.84,21.86,3.9,0.08,No improvement over mean-size prediction,1573.65
A3Z physicality,Defensemen,Defensemen,A3Z tracked games; five on five,2024–25,20242025,123,8479369,Andrew Peeke,D,0.53,2,230.55,231.4,15,0.2,0.02,0.06,-0.04,0.02,FALSE,,0,FALSE,-0.2,39.86,0.37,-0.38,-0.19,,75,214,0,4,5,4,38,14,33,17,104,7,78,111,14,9,16,1,7,18,15,20,0,0,7,20,33,0,0,20,28,19,0,1,1,28,28,0,19,0,0,5.2,7.29,4.94,0,0.26,0.26,0,0,54.36,0,0,1.04,20.3,3.64,0.07,No improvement over mean-size prediction,1414.12
A3Z physicality,Defensemen,Defensemen,A3Z tracked games; five on five,2024–25,20242025,124,8475718,Justin Holl,D,0.08,4,274,275.97,20,0.27,0.01,0.05,-0.04,0.05,FALSE,,0,FALSE,-0.2,39.37,-0.17,0.02,-0.05,,76,194,0,4,5,6,48,23,37,20,90,7,99,134,19,15,17,2,8,21,16,14,1,0,19,37,21,1,0,8,48,17,0,3,1,20,20,1,7,0,1,1.75,10.51,3.72,0,0.66,0.22,0.05,0.14,53.75,0,0,0.88,21.68,5.04,0.08,No improvement over mean-size prediction,1079.82
A3Z physicality,Defensemen,Defensemen,A3Z tracked games; five on five,2024–25,20242025,125,8480036,Miro Heiskanen,D,-0.29,4,380.58,386,20,0.4,0.01,0.05,-0.04,0.05,FALSE,,0,FALSE,-0.21,38.89,-0.3,0.14,-0.05,,74,197,2,5,10,11,81,21,109,55,199,15,182,238,19,21,54,10,27,72,37,20,1,3,25,64,39,1,0,4,42,28,0,2,1,43,43,1,28,2,0,0.63,6.62,4.41,0,0.32,0.16,0.02,0,48.55,0.07,0.32,0.79,28.69,3.31,0.08,No improvement over mean-size prediction,1258.02
A3Z physicality,Defensemen,Defensemen,A3Z tracked games; five on five,2024–25,20242025,126,8474600,Roman Josi,D,-0.39,4,284.35,285.58,15,0.28,0.01,0.05,-0.04,0.05,FALSE,,0,FALSE,-0.21,38.41,-0.16,-0,-0.05,,73,201,2,4,12,11,56,11,57,41,115,12,96,118,5,12,16,6,23,41,16,23,0,1,36,60,42,0,0,8,8,20,0,2,0,42,42,1,27,1,0,1.69,1.69,4.22,0,0.42,0,0.02,0,49.76,0.04,0.42,0.84,20.26,2.32,0.1,No improvement over mean-size prediction,1326.72
A3Z physicality,Defensemen,Defensemen,A3Z tracked games; five on five,2024–25,20242025,127,8476457,Adam Larsson,D,0.29,2,511.22,514.9,29,0.35,-0,0.04,-0.04,0.02,FALSE,,0,FALSE,-0.21,37.92,0.75,-0.85,-0.12,,75,207,3,3,16,14,84,27,85,69,231,20,146,223,21,8,16,5,28,39,46,26,0,2,42,86,51,1,0,35,36,40,1,4,1,48,48,0,33,1,0,4.11,4.23,4.69,0.12,0.47,0.12,0,0,56.25,0.03,0.35,0.35,17.14,3.17,0.09,No improvement over mean-size prediction,1737.23
A3Z physicality,Defensemen,Defensemen,A3Z tracked games; five on five,2024–25,20242025,128,8482964,Arber Xhekaj,D,1.66,1,250.02,252,19,0.27,0.07,0.12,-0.05,-0.05,FALSE,,0,FALSE,-0.23,37.44,0.7,-0.18,-0.75,,76,240,0,2,7,2,42,23,38,25,122,9,80,105,22,8,13,3,11,24,14,19,0,0,15,28,31,0,0,36,28,13,0,6,1,31,31,0,16,0,0,8.64,6.72,3.12,0,1.44,0.24,0,0,53.31,0,0,0.48,19.2,5.52,0.07,No improvement over mean-size prediction,1023.68
A3Z physicality,Defensemen,Defensemen,A3Z tracked games; five on five,2024–25,20242025,129,8475690,Chris Tanev,D,0.05,4,572.55,580.38,36,0.48,0,0.05,-0.05,0.05,FALSE,,0,FALSE,-0.23,36.96,-0.29,0.11,-0.05,,75,200,0,4,23,16,145,43,114,74,209,15,255,328,42,23,40,9,34,69,45,24,1,1,45,80,34,0,1,4,63,58,0,3,2,31,31,1,19,0,2,0.42,6.6,6.08,0,0.31,0.21,0.03,0.11,50.8,0,0,0.42,26.72,4.51,0.07,No improvement over mean-size prediction,1481.2
A3Z physicality,Defensemen,Defensemen,A3Z tracked games; five on five,2024–25,20242025,130,8478882,Vladislav Gavrikov,D,0.39,4,438.37,446.28,22,0.27,0,0.05,-0.05,0.05,FALSE,,0,FALSE,-0.23,36.47,-0.18,-0,-0.05,,75,210,0,7,16,9,74,24,55,34,217,25,140,197,16,15,21,1,13,29,26,27,0,0,34,59,49,1,0,12,35,28,0,2,1,50,50,1,34,2,0,1.64,4.79,3.83,0,0.27,0.14,0.02,0,53.87,0.06,0,0.96,19.16,3.28,0.12,No improvement over mean-size prediction,1893.1
A3Z physicality,Defensemen,Defensemen,A3Z tracked games; five on five,2024–25,20242025,131,8474151,Ryan McDonagh,D,0.13,5,544,553.32,32,0.39,-0.06,-0.01,-0.05,-0.03,FALSE,,0,FALSE,-0.23,35.99,-0.1,-0.04,-0.09,,73,216,0,6,17,15,96,34,98,71,184,23,187,262,28,27,27,3,31,56,42,20,0,2,42,80,35,0,0,10,33,47,0,1,2,35,35,0,19,0,0,1.1,3.64,5.18,0,0.11,0.22,0,0,55.57,0,0,0.66,20.62,3.75,0.12,No improvement over mean-size prediction,1670.37
A3Z physicality,Defensemen,Defensemen,A3Z tracked games; five on five,2024–25,20242025,132,8482122,Brock Faber,D,-0.42,4,391.5,397.5,21,0.27,0,0.05,-0.05,0.05,FALSE,,0,FALSE,-0.23,35.51,-0.17,-0.02,-0.05,,73,200,1,3,10,7,77,19,75,53,149,11,140,195,17,15,22,4,24,41,34,18,0,0,21,52,34,2,0,8,21,27,0,0,2,36,36,2,23,1,0,1.23,3.22,4.14,0,0,0.31,0.06,0,55.39,0.04,0.15,0.46,21.46,2.91,0.07,No improvement over mean-size prediction,1990.95
A3Z physicality,Defensemen,Defensemen,A3Z tracked games; five on five,2024–25,20242025,133,8479425,Filip Hronek,D,-1,2,435.17,438.22,24,0.39,-0.1,-0.05,-0.05,0.02,FALSE,,0,FALSE,-0.24,35.02,-0.11,-0.41,0.28,,72,190,0,7,19,14,81,26,76,45,175,10,152,205,25,15,31,6,23,51,25,26,0,1,41,90,52,1,0,32,34,28,0,4,0,50,50,0,28,0,2,4.41,4.69,3.86,0,0.55,0,0,0.07,58.12,0,0,0.97,20.96,3.58,0.06,No improvement over mean-size prediction,1457.55
A3Z physicality,Defensemen,Defensemen,A3Z tracked games; five on five,2024–25,20242025,134,8475167,Victor Hedman,D,2.5,4,537.47,542.95,31,0.39,0,0.06,-0.05,0.05,FALSE,,0,FALSE,-0.26,34.54,-0.26,0.07,-0.07,,79,244,3,3,16,25,121,25,106,69,186,17,216,292,21,28,37,5,33,63,43,42,0,0,50,104,87,2,0,10,34,50,0,2,0,92,92,0,63,0,2,1.12,3.8,5.58,0,0.22,0,0,0.03,50.77,0,0.33,0.33,24.11,2.79,0.09,No improvement over mean-size prediction,1823.3
A3Z physicality,Defensemen,Defensemen,A3Z tracked games; five on five,2024–25,20242025,135,8480803,Evan Bouchard,D,-0.22,4,375.63,380.47,20,0.24,-0,0.05,-0.06,0.05,FALSE,,0,FALSE,-0.26,34.06,-0.2,-0.01,-0.05,,75,192,0,2,13,15,69,12,66,53,111,16,113,153,8,20,13,10,24,40,26,16,1,3,44,107,52,0,0,7,21,13,0,1,2,57,57,1,42,1,0,1.12,3.35,2.08,0,0.16,0.32,0.02,0,53.26,0.02,0,0.32,18.05,1.92,0.14,No improvement over mean-size prediction,1923.58
A3Z physicality,Defensemen,Defensemen,A3Z tracked games; five on five,2024–25,20242025,136,8479998,Mikey Anderson,D,-0.83,2,380.3,385.18,20,0.26,-0.1,-0.04,-0.06,0.02,FALSE,,0,FALSE,-0.28,33.57,-0.45,-0.06,0.23,,72,195,0,3,16,8,86,21,63,46,168,14,140,184,15,15,17,6,17,34,29,20,0,0,20,43,46,1,1,28,48,20,0,0,1,50,50,1,26,0,1,4.42,7.57,3.16,0,0,0.16,0.02,0.04,55.15,0,0,0.47,22.09,3.31,0.08,No improvement over mean-size prediction,1747.15
A3Z physicality,Defensemen,Defensemen,A3Z tracked games; five on five,2024–25,20242025,137,8482803,Olen Zellweger,D,-1.37,3,265.53,267.43,17,0.27,-0.1,-0.04,-0.06,0.01,FALSE,,0,FALSE,-0.29,33.09,-0.16,-0.31,0.18,,70,193,0,5,6,6,38,14,55,33,93,5,82,110,13,9,22,12,11,39,16,14,0,1,13,25,40,1,0,10,39,23,0,0,1,42,42,0,26,2,1,2.26,8.81,5.2,0,0,0.23,0,0.04,46.62,0.08,0,1.13,18.53,3.16,0.05,No improvement over mean-size prediction,1175.42
A3Z physicality,Defensemen,Defensemen,A3Z tracked games; five on five,2024–25,20242025,138,8476853,Morgan Rielly,D,0.23,4,741.18,749.15,41,0.5,-0.01,0.05,-0.06,0.05,FALSE,,0,FALSE,-0.29,32.61,-0.16,-0.08,-0.05,,73,219,1,7,22,19,123,49,137,87,299,16,247,384,54,30,50,6,33,63,74,41,0,3,61,109,74,0,0,12,76,56,1,3,3,79,79,2,48,4,1,0.97,6.15,4.53,0.08,0.24,0.24,0.03,0.02,45.25,0.08,0.08,0.57,20,3.97,0.05,No improvement over mean-size prediction,1753.87
A3Z physicality,Defensemen,Defensemen,A3Z tracked games; five on five,2024–25,20242025,139,8478397,Rasmus Andersson,D,-0.35,3,349.13,352.57,20,0.25,-0.07,-0.01,-0.07,0.01,FALSE,,0,FALSE,-0.31,32.13,-0.53,0.18,0.05,,73,202,0,5,14,9,62,27,63,36,115,10,121,165,28,20,27,3,14,36,27,19,1,0,33,56,41,0,0,2,20,28,0,3,3,45,45,1,27,0,0,0.34,3.44,4.81,0,0.52,0.52,0.02,0,53.49,0,0,0.86,20.79,4.64,0.09,No improvement over mean-size prediction,1942.8
A3Z physicality,Defensemen,Defensemen,A3Z tracked games; five on five,2024–25,20242025,140,8476312,Josh Manson,D,0.67,2,237.07,237.33,15,0.31,0,0.07,-0.07,0.02,FALSE,,0,FALSE,-0.31,31.64,0.35,-0.43,-0.23,,75,218,1,3,10,8,38,20,47,33,75,5,69,95,18,13,14,7,16,31,16,13,0,1,19,40,27,0,0,26,20,12,0,1,1,30,30,0,22,1,0,6.58,5.06,3.04,0,0.25,0.25,0,0,56.73,0.05,0.25,0.76,17.46,5.06,0.07,No improvement over mean-size prediction,865.98
A3Z physicality,Defensemen,Defensemen,A3Z tracked games; five on five,2024–25,20242025,141,8474565,Alex Pietrangelo,D,0.56,1,330.9,335.87,19,0.27,-0.07,0.01,-0.07,-0.05,FALSE,,0,FALSE,-0.33,31.16,-0.78,0.7,-0.24,,75,215,1,6,11,5,84,13,61,42,126,12,137,192,17,16,19,2,15,27,34,12,1,3,30,59,45,0,0,9,30,32,0,1,1,45,45,1,23,1,1,1.63,5.44,5.8,0,0.18,0.18,0.02,0.04,53.08,0.04,0.18,1.09,24.84,2.36,0.1,No improvement over mean-size prediction,1590.55
A3Z physicality,Defensemen,Defensemen,A3Z tracked games; five on five,2024–25,20242025,142,8481161,Jake Christiansen,D,-0.69,4,155.72,156.6,15,0.22,-0.02,0.05,-0.07,0.05,FALSE,,0,FALSE,-0.33,30.68,-0.11,-0.18,-0.05,,72,199,0,1,4,3,10,12,22,10,67,3,43,61,12,8,12,1,4,14,8,4,0,0,9,14,12,0,0,10,15,14,0,0,0,13,13,0,7,0,0,3.85,5.78,5.39,0,0,0,0,0,49.2,0,0,0.39,16.57,4.62,0.04,No improvement over mean-size prediction,852.72
A3Z physicality,Defensemen,Defensemen,A3Z tracked games; five on five,2024–25,20242025,143,8477969,Marcus Pettersson,D,-0.37,2,381.2,387.68,21,0.27,-0.08,-0.01,-0.08,0.02,FALSE,,0,FALSE,-0.35,30.19,-0.34,-0.1,0.09,,77,174,0,3,7,10,76,19,64,39,155,13,143,194,18,20,25,2,20,35,29,16,0,1,30,62,30,0,0,22,44,24,0,3,1,31,31,0,15,0,0,3.46,6.93,3.78,0,0.47,0.16,0,0,59.62,0,0,0.47,22.51,2.99,0.08,No improvement over mean-size prediction,1691.87
A3Z physicality,Defensemen,Defensemen,A3Z tracked games; five on five,2024–25,20242025,144,8480891,Michael Kesselring,D,1.04,5,265.37,269.55,17,0.21,-0.04,0.03,-0.08,-0.03,FALSE,,0,FALSE,-0.36,29.71,0.58,-0.65,-0.29,,77,215,1,10,5,7,40,17,38,22,94,5,73,105,20,11,16,8,8,21,17,17,0,1,18,37,47,0,0,25,24,15,1,2,0,47,47,0,30,0,0,5.65,5.43,3.39,0.23,0.45,0,0,0,46.14,0,0.23,2.26,16.51,3.84,0.05,No improvement over mean-size prediction,1450.3
A3Z physicality,Defensemen,Defensemen,A3Z tracked games; five on five,2024–25,20242025,145,8478178,Darren Raddysh,D,-0.35,4,374.87,378.97,25,0.34,-0.03,0.05,-0.08,0.05,FALSE,,0,FALSE,-0.38,29.23,-0.24,-0.09,-0.05,,73,202,1,6,16,10,55,31,56,33,141,12,104,147,23,13,23,2,15,28,28,23,0,2,32,59,46,0,0,9,36,17,0,1,1,47,47,0,26,0,0,1.44,5.76,2.72,0,0.16,0.16,0,0,59.77,0,0.16,0.96,16.65,4.96,0.09,No improvement over mean-size prediction,1262.88
A3Z physicality,Defensemen,Defensemen,A3Z tracked games; five on five,2024–25,20242025,146,8477845,Trevor van Riemsdyk,D,0.39,4,393.52,396,25,0.3,-0.03,0.05,-0.08,0.05,FALSE,,0,FALSE,-0.39,28.74,-0.33,-0.01,-0.05,,75,210,0,2,16,13,86,17,64,41,158,14,137,183,17,10,23,10,15,35,29,23,0,1,34,60,45,0,0,3,22,34,0,3,0,42,42,0,27,0,0,0.46,3.35,5.18,0,0.46,0,0,0,58.73,0,0,0.3,20.89,2.59,0.09,No improvement over mean-size prediction,1447.98
A3Z physicality,Defensemen,Defensemen,A3Z tracked games; five on five,2024–25,20242025,147,8477986,Brandon Montour,D,-0.69,3,534.18,536.18,28,0.35,-0.1,-0.02,-0.08,0.01,FALSE,,0,FALSE,-0.39,28.26,-0.08,-0.4,0.09,,72,199,2,7,14,9,96,28,99,62,196,18,161,235,27,17,37,7,32,59,40,46,2,1,35,71,87,2,0,33,42,28,0,7,3,89,89,4,53,2,1,3.71,4.72,3.14,0,0.79,0.34,0.04,0.02,52.01,0.04,0.22,0.79,18.08,3.14,0.09,No improvement over mean-size prediction,1861.07
A3Z physicality,Defensemen,Defensemen,A3Z tracked games; five on five,2024–25,20242025,148,8482511,Mason Lohrei,D,1.14,1,218.37,220.4,14,0.18,-0.02,0.07,-0.09,-0.05,FALSE,,0,FALSE,-0.4,27.78,-1.24,1.35,-0.51,,77,218,0,3,9,9,50,24,51,39,97,10,89,121,16,6,12,8,15,30,21,7,1,0,32,49,19,0,0,5,22,16,0,1,1,20,20,1,16,1,0,1.37,6.04,4.4,0,0.27,0.27,0.05,0,40.36,0.06,0,0.82,24.45,6.59,0.1,No improvement over mean-size prediction,1503.62
A3Z physicality,Defensemen,Defensemen,A3Z tracked games; five on five,2024–25,20242025,149,8476967,Brett Kulak,D,-0.7,4,346.47,351.98,20,0.24,-0.04,0.05,-0.09,0.05,FALSE,,0,FALSE,-0.41,27.29,-0.31,-0.05,-0.05,,73,192,0,6,13,7,56,14,57,43,131,17,97,139,9,10,14,7,16,28,29,23,0,1,22,50,53,0,1,5,31,33,0,1,0,54,54,1,40,1,1,0.87,5.37,5.71,0,0.17,0,0.02,0.03,56.81,0.03,0,1.04,16.8,2.42,0.13,No improvement over mean-size prediction,1683.87
A3Z physicality,Defensemen,Defensemen,A3Z tracked games; five on five,2024–25,20242025,150,8482142,Jamie Drysdale,D,-1.41,4,221.4,223.42,13,0.19,-0.04,0.05,-0.09,0.05,FALSE,,0,FALSE,-0.42,26.81,-0.25,-0.13,-0.04,,71,185,0,6,2,2,33,14,28,22,85,8,57,79,14,7,6,5,12,19,9,4,0,1,10,24,11,0,0,4,9,12,0,2,0,11,11,0,8,1,0,1.08,2.44,3.25,0,0.54,0,0,0,49.73,0.12,0,1.63,15.45,3.79,0.09,No improvement over mean-size prediction,1394.18
A3Z physicality,Defensemen,Defensemen,A3Z tracked games; five on five,2024–25,20242025,151,8476441,Joel Edmundson,D,1.21,3,343.13,347.98,19,0.26,-0.05,0.04,-0.09,0.01,FALSE,,0,FALSE,-0.42,26.33,0.04,-0.3,-0.16,,77,220,0,4,8,10,51,19,53,23,164,13,106,149,14,15,30,2,8,31,22,17,0,0,18,43,41,1,0,22,23,26,0,0,0,39,39,0,18,0,0,3.85,4.02,4.55,0,0,0,0,0,59.17,0,0,0.7,18.54,3.32,0.08,No improvement over mean-size prediction,1503.05
A3Z physicality,Defensemen,Defensemen,A3Z tracked games; five on five,2024–25,20242025,152,8479402,Jake Bean,D,-0.73,4,251.17,254.2,18,0.28,-0.04,0.05,-0.09,0.05,FALSE,,0,FALSE,-0.42,25.85,-0.23,-0.14,-0.05,,73,191,0,5,9,4,41,13,36,28,80,5,72,97,8,9,8,0,12,18,18,9,0,0,19,37,27,0,0,4,19,9,0,2,1,26,26,2,17,0,0,0.96,4.54,2.15,0,0.48,0.24,0.08,0,50.52,0,0,1.19,17.2,3.11,0.06,No improvement over mean-size prediction,965.7
A3Z physicality,Defensemen,Defensemen,A3Z tracked games; five on five,2024–25,20242025,153,8476891,Matt Grzelcyk,D,-1.82,1,298.62,304.48,18,0.22,-0.34,-0.25,-0.09,-0.05,FALSE,,0,FALSE,-0.42,25.36,-0.84,-0.45,0.87,,70,180,0,2,3,5,44,24,38,25,118,14,80,104,21,11,13,5,11,22,16,14,0,0,15,30,26,0,0,9,28,21,0,1,1,33,33,0,20,0,0,1.81,5.63,4.22,0,0.2,0.2,0,0,61,0,0,0.4,16.07,4.82,0.12,No improvement over mean-size prediction,1690.18
A3Z physicality,Defensemen,Defensemen,A3Z tracked games; five on five,2024–25,20242025,154,8480807,Mattias Samuelsson,D,1.28,2,271.38,272.27,18,0.29,0.01,0.11,-0.1,0.02,FALSE,,0,FALSE,-0.44,24.88,0.22,-0.25,-0.42,,76,229,0,1,6,2,47,18,41,19,111,10,86,113,13,7,22,3,8,25,16,9,0,0,9,29,21,0,0,26,26,17,0,0,1,23,23,0,13,0,0,5.75,5.75,3.76,0,0,0.22,0,0,50.45,0,0,0.22,19.01,3.98,0.09,No improvement over mean-size prediction,1196.82
A3Z physicality,Defensemen,Defensemen,A3Z tracked games; five on five,2024–25,20242025,155,8477488,Brett Pesce,D,0.26,1,301.22,308.32,17,0.24,-0.14,-0.03,-0.11,-0.05,TRUE,entryDenialShare,0,FALSE,-0.49,24.4,-0.61,0.22,-0.1,,75,206,0,8,9,8,43,11,55,35,115,22,86,132,12,9,20,3,12,29,26,14,0,5,25,43,25,1,0,7,25,15,0,0,2,24,24,0,17,0,0,1.39,4.98,2.99,0,0,0.4,0,0,55.63,0,0,1.59,17.13,2.19,0.19,No improvement over mean-size prediction,1535.02
A3Z physicality,Defensemen,Defensemen,A3Z tracked games; five on five,2024–25,20242025,156,8480990,Declan Chisholm,D,-0.25,2,279.67,283.4,19,0.29,-0.11,0,-0.11,0.02,FALSE,,0,FALSE,-0.49,23.91,-0.9,0.36,0.05,,73,205,1,1,11,7,64,15,43,31,122,13,110,133,13,6,12,6,14,30,13,16,0,0,26,46,26,0,0,8,28,22,0,1,0,27,27,0,20,1,0,1.72,6.01,4.72,0,0.21,0,0,0,56.22,0.05,0.21,0.21,23.6,3.22,0.11,No improvement over mean-size prediction,1121.52
A3Z physicality,Defensemen,Defensemen,A3Z tracked games; five on five,2024–25,20242025,157,8482684,Luke Hughes,D,-0.25,3,297.35,302.97,17,0.24,-0.12,-0,-0.12,0.01,TRUE,blockedShotsPer60,0,FALSE,-0.52,23.43,-1.1,0.55,0.03,,74,198,1,5,10,10,68,22,61,42,107,14,126,164,21,18,19,3,19,38,23,14,1,3,32,53,37,3,0,3,30,9,0,2,1,32,32,0,22,1,1,0.61,6.05,1.82,0,0.4,0.2,0,0.05,32.11,0.05,0.2,1.01,25.42,4.44,0.13,No improvement over mean-size prediction,1502.22
A3Z physicality,Defensemen,Defensemen,A3Z tracked games; five on five,2024–25,20242025,158,8476462,Dougie Hamilton,D,1.79,3,266.9,266.85,17,0.27,-0.06,0.06,-0.12,0.01,FALSE,,0,FALSE,-0.54,22.95,0.08,-0.39,-0.23,,78,230,2,5,9,6,44,18,42,28,112,14,76,116,20,10,14,3,12,23,19,30,1,0,24,46,45,1,0,15,24,22,0,0,1,51,51,0,24,2,0,3.37,5.4,4.95,0,0,0.22,0,0,47.89,0.08,0.45,1.12,17.09,4.05,0.12,No improvement over mean-size prediction,1270.77
A3Z physicality,Defensemen,Defensemen,A3Z tracked games; five on five,2024–25,20242025,159,8482929,Emil Lilleberg,D,0.56,5,383.78,386.98,28,0.37,-0.12,0.01,-0.13,-0.03,FALSE,,0,FALSE,-0.57,22.46,0.14,-0.53,-0.18,,75,215,1,9,7,8,54,24,56,30,124,13,114,170,21,12,26,2,7,26,30,13,0,1,19,41,27,0,1,42,65,18,1,8,3,30,30,3,18,0,0,6.57,10.16,2.81,0.16,1.25,0.47,0.1,0,56.1,0,0.16,1.41,17.82,3.75,0.1,No improvement over mean-size prediction,1161.42
A3Z physicality,Defensemen,Defensemen,A3Z tracked games; five on five,2024–25,20242025,160,8478460,Zach Werenski,D,0.29,2,324.23,327.5,16,0.2,-0.09,0.04,-0.13,0.02,FALSE,,0,FALSE,-0.58,21.98,-0.96,0.5,-0.12,,74,214,7,6,15,8,66,15,76,52,109,15,126,163,17,23,24,13,24,52,24,23,1,2,44,72,54,4,0,4,18,23,0,0,1,63,63,5,44,4,0,0.74,3.33,4.26,0,0,0.19,0.08,0,38.6,0.09,1.3,1.11,23.32,2.78,0.14,No improvement over mean-size prediction,2166.37
A3Z physicality,Defensemen,Defensemen,A3Z tracked games; five on five,2024–25,20242025,161,8479442,Troy Stecher,D,-1.68,5,230.27,230.95,18,0.27,-0.23,-0.1,-0.13,-0.03,FALSE,,0,FALSE,-0.58,21.5,-0.6,-0.27,0.29,,70,184,1,1,10,9,35,18,43,26,92,5,67,100,12,13,17,6,7,22,21,7,1,0,19,37,14,1,0,6,28,18,0,4,0,14,14,1,10,0,0,1.56,7.3,4.69,0,1.04,0,0.07,0,48.87,0,0.26,0.26,17.46,4.69,0.05,No improvement over mean-size prediction,915.65
A3Z physicality,Defensemen,Defensemen,A3Z tracked games; five on five,2024–25,20242025,162,8480796,Martin Fehervary,D,0.33,5,394.6,397.25,25,0.31,-0.13,0,-0.13,-0.03,FALSE,,0,FALSE,-0.58,21.01,0.64,-1.08,-0.13,,74,215,3,10,18,13,57,20,62,42,183,16,104,149,14,9,20,10,16,36,26,27,0,3,33,63,45,0,0,40,47,36,1,2,2,45,45,0,27,0,1,6.08,7.15,5.47,0.15,0.3,0.3,0,0.04,57.31,0,0.46,1.52,15.81,3.04,0.09,No improvement over mean-size prediction,1539.38
A3Z physicality,Defensemen,Defensemen,A3Z tracked games; five on five,2024–25,20242025,163,8474567,Zach Bogosian,D,1.11,2,286.35,287.07,20,0.25,-0.04,0.1,-0.14,0.02,FALSE,,0,FALSE,-0.62,20.53,0.36,-0.61,-0.37,,75,231,1,1,11,7,52,13,51,26,114,7,101,138,11,11,25,1,9,31,20,17,1,0,23,35,26,0,0,24,11,18,0,4,0,29,29,0,19,0,0,5.03,2.3,3.77,0,0.84,0,0,0,60.03,0,0.21,0.21,21.16,2.72,0.06,No improvement over mean-size prediction,1280.37
A3Z physicality,Defensemen,Defensemen,A3Z tracked games; five on five,2024–25,20242025,164,8480058,Pierre-Olivier Joseph,D,-0.7,2,236.95,239.13,19,0.4,-0.17,-0.03,-0.14,0.02,FALSE,,0,FALSE,-0.62,20.05,-0.08,-0.73,0.19,,74,185,0,3,6,4,43,20,36,21,91,3,70,95,16,4,15,1,12,23,13,14,0,0,14,26,20,0,0,7,21,13,1,2,0,20,20,0,14,0,0,1.77,5.32,3.29,0.25,0.51,0,0,0,54.71,0,0,0.76,17.73,5.06,0.03,No improvement over mean-size prediction,717.28
A3Z physicality,Defensemen,Defensemen,A3Z tracked games; five on five,2024–25,20242025,165,8478416,Erik Cernak,D,1.31,3,484.75,492.08,31,0.41,-0.09,0.04,-0.14,0.01,FALSE,,0,FALSE,-0.62,19.57,0.14,-0.59,-0.17,,76,230,1,11,15,14,72,27,54,38,199,22,133,180,18,13,16,0,18,31,23,24,1,4,35,66,38,0,0,49,47,30,0,6,1,40,40,1,21,1,0,6.06,5.82,3.71,0,0.74,0.12,0.03,0,54.52,0.05,0.12,1.36,16.46,3.34,0.11,No improvement over mean-size prediction,1387.8
A3Z physicality,Defensemen,Defensemen,A3Z tracked games; five on five,2024–25,20242025,166,8481598,Philip Broberg,D,0.63,1,501.6,508.5,28,0.41,-0.13,0.01,-0.14,-0.05,FALSE,,0,FALSE,-0.63,19.08,-0.9,0.54,-0.27,,76,210,2,11,10,9,95,29,112,84,220,30,168,258,32,20,28,18,35,64,48,25,1,0,30,66,51,1,0,19,66,34,0,1,3,57,57,0,38,0,0,2.27,7.89,4.07,0,0.12,0.36,0,0,47.51,0,0.24,1.32,20.1,3.47,0.14,No improvement over mean-size prediction,1393.98
A3Z physicality,Defensemen,Defensemen,A3Z tracked games; five on five,2024–25,20242025,167,8475177,Calvin de Haan,D,-0.7,3,219.83,225.58,17,0.36,-0.16,-0.02,-0.15,0.01,FALSE,,0,FALSE,-0.67,18.6,0.25,-1.01,0.09,,73,192,2,4,6,7,24,14,24,12,91,8,48,66,11,6,12,1,4,13,11,13,0,1,13,27,18,1,0,20,14,15,0,0,1,21,21,1,14,0,0,5.46,3.82,4.09,0,0,0.27,0.05,0,55.95,0,0.55,1.09,13.1,3.82,0.09,No improvement over mean-size prediction,703.77
A3Z physicality,Defensemen,Defensemen,A3Z tracked games; five on five,2024–25,20242025,168,8476879,Cody Ceci,D,0.39,3,439.63,445.02,24,0.28,-0.14,0.02,-0.16,0.01,FALSE,,0,FALSE,-0.7,18.12,0.04,-0.69,-0.05,,75,210,0,6,10,9,63,25,55,33,208,18,114,161,17,14,22,2,16,36,19,11,0,0,16,41,21,0,0,14,23,43,0,2,2,26,26,0,17,0,0,1.91,3.14,5.87,0,0.27,0.27,0,0,53.64,0,0,0.82,15.56,3.41,0.09,No improvement over mean-size prediction,1803
A3Z physicality,Defensemen,Defensemen,A3Z tracked games; five on five,2024–25,20242025,169,8478859,Niko Mikkola,D,0.89,3,342.9,347.3,19,0.25,-0.13,0.03,-0.16,0.01,FALSE,,0,FALSE,-0.72,17.63,0.11,-0.71,-0.12,,78,204,2,10,10,13,51,21,45,27,131,15,87,117,15,7,18,4,14,30,15,28,0,1,22,45,44,0,0,36,50,22,0,2,1,47,47,0,31,1,1,6.3,8.75,3.85,0,0.35,0.17,0,0.03,43.66,0.03,0.35,1.75,15.22,3.67,0.11,No improvement over mean-size prediction,1534.77
A3Z physicality,Defensemen,Defensemen,A3Z tracked games; five on five,2024–25,20242025,170,8478500,Ivan Provorov,D,0.4,2,292.9,296.17,16,0.2,-0.12,0.05,-0.17,0.02,FALSE,,0,FALSE,-0.75,17.15,-0.26,-0.33,-0.15,,73,224,1,2,2,9,51,17,52,35,123,11,95,139,19,14,17,3,18,31,21,10,0,1,24,37,18,1,0,9,16,15,0,2,3,23,23,0,20,2,0,1.84,3.28,3.07,0,0.41,0.61,0,0,61.35,0.1,0.2,0.41,19.46,3.48,0.09,No improvement over mean-size prediction,1915.02
A3Z physicality,Defensemen,Defensemen,A3Z tracked games; five on five,2024–25,20242025,171,8475279,Ben Chiarot,D,0.8,1,385.57,391.45,21,0.26,-0.14,0.03,-0.17,-0.05,FALSE,,0,FALSE,-0.77,16.67,0.38,-0.8,-0.35,,75,222,1,11,10,4,58,28,65,34,164,8,121,178,21,17,31,12,11,37,28,20,0,0,28,50,34,0,0,28,45,38,0,7,4,40,40,1,26,0,0,4.36,7,5.91,0,1.09,0.62,0.03,0,57.42,0,0.16,1.71,18.83,4.36,0.05,No improvement over mean-size prediction,1719.82
A3Z physicality,Defensemen,Defensemen,A3Z tracked games; five on five,2024–25,20242025,172,8475324,Nick Jensen,D,-0.59,5,334.57,338.18,20,0.28,-0.23,-0.04,-0.19,-0.03,FALSE,,0,FALSE,-0.84,16.18,-1.22,0.32,0.06,,72,202,1,6,7,8,57,26,64,36,137,11,117,173,28,17,28,3,14,34,30,23,0,1,19,45,34,0,0,15,45,21,0,1,0,35,35,0,21,1,0,2.69,8.07,3.77,0,0.18,0,0,0,56.64,0.05,0.18,1.08,20.98,4.66,0.08,No improvement over mean-size prediction,1435.65
A3Z physicality,Defensemen,Defensemen,A3Z tracked games; five on five,2024–25,20242025,173,8474166,Alec Martinez,D,-0.08,5,233.27,238.17,15,0.34,-0.22,-0.02,-0.2,-0.03,FALSE,,0,FALSE,-0.91,15.7,-0.2,-0.66,-0.05,,73,210,0,6,5,5,37,22,35,18,100,11,60,83,12,5,17,3,7,19,16,8,0,0,13,26,22,0,1,6,19,25,0,1,0,19,19,0,13,0,0,1.54,4.89,6.43,0,0.26,0,0,0,59.14,0,0,1.54,15.43,5.66,0.11,No improvement over mean-size prediction,824.05
A3Z physicality,Defensemen,Defensemen,A3Z tracked games; five on five,2024–25,20242025,174,8478840,William Borgen,D,0.02,1,437.43,442.45,31,0.37,-0.26,-0.05,-0.2,-0.05,FALSE,,0,FALSE,-0.91,15.22,-0.06,-0.87,0.01,,75,199,0,5,11,14,68,35,72,53,149,10,125,188,27,21,19,5,22,35,37,21,0,0,28,53,40,1,0,40,63,34,0,1,1,37,37,1,26,0,0,5.49,8.64,4.66,0,0.14,0.14,0.03,0,60.46,0,0,0.69,17.15,4.8,0.07,No improvement over mean-size prediction,1434.85
A3Z physicality,Defensemen,Defensemen,A3Z tracked games; five on five,2024–25,20242025,175,8478038,Devon Toews,D,-0.73,5,517.35,527.92,27,0.36,-0.26,-0.05,-0.21,-0.03,TRUE,hitsReceivedPer60,0,FALSE,-0.94,14.73,0.04,-1.07,0.09,,73,191,0,6,15,26,84,20,75,53,209,26,148,193,18,18,22,7,24,47,28,22,0,2,56,123,62,0,0,13,13,22,0,0,1,62,62,4,41,0,2,1.51,1.51,2.55,0,0,0.12,0.06,0.05,55.04,0,0,0.7,17.16,2.32,0.12,No improvement over mean-size prediction,1868.8
A3Z physicality,Defensemen,Defensemen,A3Z tracked games; five on five,2024–25,20242025,176,8478399,Jonas Siegenthaler,D,0.43,1,250.97,252.18,15,0.27,-0.22,-0.01,-0.21,-0.05,FALSE,,0,FALSE,-0.94,14.25,-0.81,0.05,-0.18,,74,218,0,3,7,1,47,18,51,34,86,4,98,137,19,16,17,0,11,24,27,6,0,0,14,27,17,1,0,10,34,16,0,6,5,20,20,0,14,0,0,2.39,8.13,3.83,0,1.43,1.2,0,0,50.14,0,0,0.72,23.43,4.3,0.05,No improvement over mean-size prediction,1078.08
A3Z physicality,Defensemen,Defensemen,A3Z tracked games; five on five,2024–25,20242025,177,8482700,Nolan Allan,D,-0.36,1,363.03,368.23,26,0.6,-0.31,-0.09,-0.22,-0.05,FALSE,,0,FALSE,-0.98,13.77,-1.53,0.36,0.19,,74,195,0,0,3,11,69,21,68,47,181,18,130,175,19,14,21,1,19,35,33,7,0,0,23,45,19,0,1,28,61,24,0,5,0,19,19,0,11,0,0,4.63,10.08,3.97,0,0.83,0,0,0,50.33,0,0,0,21.49,3.47,0.1,No improvement over mean-size prediction,650.52
A3Z physicality,Defensemen,Defensemen,A3Z tracked games; five on five,2024–25,20242025,178,8480172,Jan Rutta,D,0.19,2,199.75,198.78,13,0.24,-0.19,0.03,-0.22,0.02,FALSE,,0,FALSE,-0.99,13.29,0.63,-1.54,-0.09,,75,204,0,2,1,2,20,9,20,10,71,4,53,75,15,12,10,1,6,15,5,16,0,0,6,12,23,0,0,14,15,17,0,3,1,18,18,0,15,1,0,4.21,4.51,5.11,0,0.9,0.3,0,0,59.88,0.07,0,0.6,15.92,2.7,0.06,No improvement over mean-size prediction,931.83
A3Z physicality,Defensemen,Defensemen,A3Z tracked games; five on five,2024–25,20242025,179,8478396,Noah Hanifin,D,0.26,2,383.43,389.15,21,0.26,-0.18,0.04,-0.22,0.02,FALSE,,0,FALSE,-0.99,12.8,-1.28,0.39,-0.11,,75,206,0,3,14,11,81,27,76,56,180,18,141,203,24,12,20,5,22,36,40,22,2,0,31,79,53,1,0,7,39,19,0,0,2,51,51,1,31,0,0,1.1,6.1,2.97,0,0,0.31,0.02,0,54.82,0,0,0.47,22.06,4.22,0.1,No improvement over mean-size prediction,1724.2
A3Z physicality,Defensemen,Defensemen,A3Z tracked games; five on five,2024–25,20242025,180,8480196,Jacob Bryson,D,-2.15,3,156.4,158.83,12,0.25,-0.28,-0.06,-0.22,0.01,FALSE,,0,FALSE,-1,12.32,-0.81,-0.46,0.28,,69,177,0,2,6,3,22,10,9,6,56,4,43,52,6,7,3,1,1,4,5,4,1,0,11,16,8,0,0,1,17,12,0,0,0,10,10,0,7,0,0,0.38,6.52,4.6,0,0,0,0,0,46.96,0,0,0.77,16.5,3.84,0.07,No improvement over mean-size prediction,690.83
A3Z physicality,Defensemen,Defensemen,A3Z tracked games; five on five,2024–25,20242025,181,8475764,Cam Fowler,D,0.26,3,396.82,401.23,22,0.32,-0.22,0.01,-0.24,0.01,FALSE,,0,FALSE,-1.05,11.84,-0.71,-0.3,-0.03,,74,213,0,5,15,14,70,20,78,55,154,10,125,182,24,15,23,7,24,43,35,12,0,1,41,80,23,1,0,2,13,29,0,3,0,26,26,2,24,1,0,0.3,1.97,4.38,0,0.45,0,0.08,0,57.76,0.04,0,0.76,18.9,3.02,0.06,No improvement over mean-size prediction,1464.93
A3Z physicality,Defensemen,Defensemen,A3Z tracked games; five on five,2024–25,20242025,182,8470613,Brent Burns,D,1.48,1,430.7,437.05,27,0.33,-0.14,0.1,-0.24,-0.05,TRUE,hitsPer60,0,FALSE,-1.07,11.35,-1.47,1.07,-0.67,,77,228,0,12,27,10,82,19,74,48,179,27,163,191,16,37,26,4,32,58,16,53,0,1,48,79,78,0,0,1,12,26,0,4,1,81,81,1,44,0,0,0.14,1.67,3.62,0,0.56,0.14,0.01,0,59.48,0,0,1.67,22.71,2.65,0.15,No improvement over mean-size prediction,1718.37
A3Z physicality,Defensemen,Defensemen,A3Z tracked games; five on five,2024–25,20242025,183,8481524,Bowen Byram,D,-0.25,5,387.7,391.63,21,0.26,-0.27,-0.03,-0.24,-0.03,FALSE,,0,FALSE,-1.07,10.87,-0.22,-0.84,-0.01,,73,205,0,2,6,7,67,23,67,59,153,8,103,152,15,14,8,9,23,34,33,14,0,0,32,61,29,0,0,24,32,25,0,1,0,33,33,0,23,2,0,3.71,4.95,3.87,0,0.15,0,0,0,43.6,0.09,0,0.31,15.94,3.56,0.05,No improvement over mean-size prediction,1861.17
A3Z physicality,Defensemen,Defensemen,A3Z tracked games; five on five,2024–25,20242025,184,8475218,Mattias Ekholm,D,1.38,3,281.25,288.67,16,0.25,-0.21,0.05,-0.26,0.01,FALSE,,0,FALSE,-1.15,10.39,-0.67,-0.3,-0.18,,77,225,0,8,5,9,48,16,55,34,99,17,89,117,16,10,21,2,23,39,16,11,0,0,20,44,42,0,1,6,25,11,0,3,2,54,54,1,35,2,0,1.28,5.33,2.35,0,0.64,0.43,0.02,0,52.72,0.06,0,1.71,18.99,3.41,0.17,No improvement over mean-size prediction,1442.75
A3Z physicality,Defensemen,Defensemen,A3Z tracked games; five on five,2024–25,20242025,185,8481581,Thomas Harley,D,0.53,1,516.13,521.25,29,0.37,-0.26,0,-0.26,-0.05,FALSE,,0,FALSE,-1.15,9.9,-1.71,0.79,-0.23,,75,214,2,6,17,10,105,29,98,69,210,26,191,253,29,22,29,10,31,60,38,35,0,0,45,87,73,1,0,10,49,37,0,3,1,76,76,1,49,2,1,1.16,5.7,4.3,0,0.35,0.12,0.01,0.02,52.67,0.04,0.23,0.7,22.2,3.37,0.12,No improvement over mean-size prediction,1823.82
A3Z physicality,Defensemen,Defensemen,A3Z tracked games; five on five,2024–25,20242025,186,8480049,Dylan Samberg,D,0.83,1,291.23,298.45,16,0.27,-0.23,0.03,-0.26,-0.05,FALSE,,0,FALSE,-1.16,9.42,-1.84,1.04,-0.37,,76,216,0,4,14,15,68,20,64,54,119,14,114,158,20,14,10,4,24,33,31,14,0,1,31,59,29,0,0,9,34,17,0,1,0,25,25,0,18,1,0,1.85,7,3.5,0,0.21,0,0,0,58.69,0.06,0,0.82,23.49,4.12,0.12,No improvement over mean-size prediction,1268.25
A3Z physicality,Defensemen,Defensemen,A3Z tracked games; five on five,2024–25,20242025,187,8480817,K'Andre Miller,D,0.86,2,299.32,306.57,17,0.23,-0.18,0.08,-0.27,0.02,FALSE,,0,FALSE,-1.18,8.94,0.16,-1.04,-0.29,,77,210,1,4,12,10,50,11,65,40,122,9,93,127,14,7,25,5,17,41,24,17,0,2,19,50,30,0,1,25,20,15,0,2,1,35,35,0,20,1,1,5.01,4.01,3.01,0,0.4,0.2,0,0.05,54.63,0.05,0.2,0.8,18.64,2.21,0.07,No improvement over mean-size prediction,1624.05
A3Z physicality,Defensemen,Defensemen,A3Z tracked games; five on five,2024–25,20242025,188,8477948,Travis Sanheim,D,1.04,2,374.88,378.9,19,0.23,-0.17,0.09,-0.27,0.02,FALSE,,0,FALSE,-1.18,8.45,-0.48,-0.36,-0.35,,76,222,2,9,16,17,73,15,63,42,117,11,133,173,11,10,21,7,18,40,23,15,4,3,45,70,37,1,1,12,43,41,0,2,0,40,40,0,27,0,0,1.92,6.88,6.56,0,0.32,0,0,0,51.85,0,0.32,1.44,21.29,2.4,0.09,No improvement over mean-size prediction,2008.62
A3Z physicality,Defensemen,Defensemen,A3Z tracked games; five on five,2024–25,20242025,189,8480246,Nick Perbix,D,0.49,2,365.18,368.13,26,0.35,-0.22,0.05,-0.27,0.02,FALSE,,0,FALSE,-1.21,7.97,-1.09,0.06,-0.18,,76,206,2,2,13,11,93,19,66,55,128,13,134,186,19,11,11,6,25,33,33,18,2,0,33,58,46,2,0,16,68,16,0,2,2,47,47,1,30,2,0,2.63,11.17,2.63,0,0.33,0.33,0.02,0,47.54,0.07,0.33,0.33,22.02,3.12,0.1,No improvement over mean-size prediction,1086.67
A3Z physicality,Defensemen,Defensemen,A3Z tracked games; five on five,2024–25,20242025,190,8475750,Jon Merrill,D,0.19,2,216.7,217.37,17,0.24,-0.24,0.03,-0.27,0.02,FALSE,,0,FALSE,-1.22,7.49,-0.97,-0.16,-0.09,,75,204,0,3,4,1,43,14,39,23,103,9,72,107,14,6,16,0,9,19,20,9,0,0,5,16,13,0,0,7,29,16,0,3,0,17,17,0,9,0,0,1.94,8.03,4.43,0,0.83,0,0,0,52.47,0,0,0.83,19.94,3.88,0.09,No improvement over mean-size prediction,986.65
A3Z physicality,Defensemen,Defensemen,A3Z tracked games; five on five,2024–25,20242025,191,8481546,Cam York,D,-0.86,5,251.02,255.97,14,0.21,-0.36,-0.06,-0.31,-0.03,FALSE,,0,FALSE,-1.35,7,-1.14,-0.34,0.12,,72,194,0,3,8,9,32,19,37,24,95,8,74,99,9,12,13,2,11,23,14,11,1,0,19,42,23,0,0,10,42,17,0,2,1,25,25,0,12,0,0,2.39,10.04,4.06,0,0.48,0.24,0,0,52.63,0,0,0.72,17.69,4.54,0.08,No improvement over mean-size prediction,1371.68
A3Z physicality,Defensemen,Defensemen,A3Z tracked games; five on five,2024–25,20242025,192,8477504,Josh Morrissey,D,-0.83,5,449.97,452.28,23,0.29,-0.37,-0.06,-0.31,-0.03,TRUE,botchedRetrievalsPer60,0,FALSE,-1.37,6.52,-0.22,-1.26,0.11,,72,195,1,5,24,16,90,9,70,64,190,20,134,183,11,9,6,6,29,37,33,20,3,5,47,84,63,1,1,9,24,29,0,1,1,65,65,1,42,0,2,1.2,3.2,3.87,0,0.13,0.13,0.02,0.05,53.15,0,0.13,0.67,17.87,1.2,0.11,No improvement over mean-size prediction,1951.3
A3Z physicality,Defensemen,Defensemen,A3Z tracked games; five on five,2024–25,20242025,193,8470600,Ryan Suter,D,-0.39,2,670.33,677.47,38,0.46,-0.32,-0.01,-0.31,0.02,FALSE,,0,FALSE,-1.39,6.04,-0.7,-0.78,0.09,,73,201,0,4,14,16,106,40,90,59,268,21,193,258,38,31,31,4,28,52,38,23,0,0,35,70,42,1,0,21,26,38,0,2,0,42,42,0,29,0,0,1.88,2.33,3.4,0,0.18,0,0,0,55.9,0,0,0.36,17.27,3.58,0.08,No improvement over mean-size prediction,1596.65
A3Z physicality,Defensemen,Defensemen,A3Z tracked games; five on five,2024–25,20242025,194,8477447,Shea Theodore,D,-0.29,1,327.05,326.75,18,0.27,-0.43,-0.09,-0.35,-0.05,TRUE,hitsPer60,0,FALSE,-1.54,5.56,-3.39,1.7,0.16,,74,197,0,5,8,8,82,18,84,64,119,17,145,202,20,14,20,10,30,52,32,18,1,1,26,61,40,0,0,1,31,18,0,1,0,38,38,0,27,1,0,0.18,5.69,3.3,0,0.18,0,0,0,52.92,0.04,0,0.92,26.6,3.3,0.14,No improvement over mean-size prediction,1473.47
A3Z physicality,Defensemen,Defensemen,A3Z tracked games; five on five,2024–25,20242025,195,8478970,Jalen Chatfield,D,-0.11,2,436,440.42,27,0.34,-0.34,0.01,-0.36,0.02,FALSE,,0,FALSE,-1.58,5.07,-0.69,-0.9,0.01,,73,209,1,10,17,10,66,13,70,40,141,19,121,159,15,17,30,5,23,46,24,37,0,1,24,51,65,0,0,16,47,19,1,4,0,69,69,0,39,2,0,2.2,6.47,2.61,0.14,0.55,0,0,0,54.82,0.05,0.14,1.38,16.65,1.79,0.13,No improvement over mean-size prediction,1491.35
A3Z physicality,Defensemen,Defensemen,A3Z tracked games; five on five,2024–25,20242025,196,8476874,Olli Maatta,D,0.05,1,270.5,273.65,16,0.21,-0.41,-0.05,-0.36,-0.05,FALSE,,0,FALSE,-1.58,4.59,-2.87,1.29,-0,,74,207,0,4,6,4,78,20,57,38,106,8,130,170,18,8,19,3,15,29,28,2,0,0,18,37,10,0,0,4,47,17,0,2,2,17,17,0,12,1,1,0.89,10.43,3.77,0,0.44,0.44,0,0.08,45.8,0.08,0,0.89,28.84,4.44,0.08,No improvement over mean-size prediction,1505.72
A3Z physicality,Defensemen,Defensemen,A3Z tracked games; five on five,2024–25,20242025,197,8475181,Nick Leddy,D,-0.49,3,217.32,219.98,12,0.39,-0.37,-0.01,-0.36,0.01,FALSE,,0,FALSE,-1.59,4.11,-0.8,-0.85,0.06,,72,205,0,5,3,2,23,19,21,16,77,7,46,75,19,7,5,4,5,10,11,9,0,0,10,22,11,0,0,2,17,11,0,1,1,14,14,0,11,0,0,0.55,4.69,3.04,0,0.28,0.28,0,0,49.06,0,0,1.38,12.7,5.25,0.09,No improvement over mean-size prediction,578.78
A3Z physicality,Defensemen,Defensemen,A3Z tracked games; five on five,2024–25,20242025,198,8482245,Artem Zub,D,0.08,1,229.78,231.82,14,0.25,-0.41,-0.05,-0.37,-0.05,TRUE,defensiveRetrievalsPer60,0,FALSE,-1.61,3.62,0.2,-1.79,-0.02,,75,201,0,9,11,3,30,14,37,29,91,11,48,79,11,3,8,0,7,13,24,13,0,0,16,32,25,0,0,15,20,14,0,3,1,26,26,0,18,0,0,3.92,5.22,3.66,0,0.78,0.26,0,0,57.87,0,0,2.35,12.53,3.66,0.12,No improvement over mean-size prediction,1155.47
A3Z physicality,Defensemen,Defensemen,A3Z tracked games; five on five,2024–25,20242025,199,8479976,Juuso Välimäki,D,-0.15,2,163.62,165.1,10,0.23,-0.38,0.01,-0.39,0.02,FALSE,,0,FALSE,-1.74,3.14,-1.05,-0.71,0.02,,74,201,0,3,9,3,27,11,31,21,63,1,57,83,11,5,10,1,9,15,16,3,0,2,18,28,16,2,1,3,25,12,0,1,1,16,16,0,12,1,2,1.1,9.17,4.4,0,0.37,0.37,0,0.17,48.45,0.08,0,1.1,20.9,4.03,0.02,No improvement over mean-size prediction,711.78
A3Z physicality,Defensemen,Defensemen,A3Z tracked games; five on five,2024–25,20242025,200,8476869,Brady Skjei,D,0.39,2,393.82,400.87,23,0.28,-0.42,0.05,-0.47,0.02,FALSE,,0,FALSE,-2.05,2.66,-1.13,-0.78,-0.15,,75,210,0,7,12,10,56,25,67,41,178,13,113,155,29,18,26,6,17,42,25,17,1,1,25,53,41,1,0,5,25,24,0,2,1,42,42,0,28,0,0,0.76,3.81,3.66,0,0.3,0.15,0,0,51.72,0,0,1.07,17.22,3.81,0.07,No improvement over mean-size prediction,1795.07
A3Z physicality,Defensemen,Defensemen,A3Z tracked games; five on five,2024–25,20242025,201,8481708,Zac Jones,D,-1.24,1,156.77,160.02,11,0.24,-0.66,-0.19,-0.48,-0.05,FALSE,,0,FALSE,-2.1,2.17,-2.29,-0.41,0.6,,71,190,2,3,4,7,23,10,29,20,64,8,43,59,7,3,9,3,9,19,10,9,0,2,18,27,18,0,0,3,17,12,0,1,0,17,17,1,15,2,0,1.15,6.51,4.59,0,0.38,0,0.06,0,53.01,0.13,0.77,1.15,16.46,3.83,0.12,No improvement over mean-size prediction,793.68
A3Z physicality,Defensemen,Defensemen,A3Z tracked games; five on five,2024–25,20242025,202,8479980,Nicolas Hague,D,2.3,1,243.82,245.13,16,0.24,-0.3,0.19,-0.49,-0.05,FALSE,,0,FALSE,-2.15,1.69,-0.78,-0.32,-1.05,,78,245,0,6,11,5,45,14,29,15,104,5,89,116,11,10,14,0,5,12,17,15,0,0,11,27,21,1,0,19,36,21,0,1,0,17,17,2,11,1,0,4.68,8.86,5.17,0,0.25,0,0.12,0,57.87,0.09,0,1.48,21.9,3.45,0.05,No improvement over mean-size prediction,1155.73
A3Z physicality,Defensemen,Defensemen,A3Z tracked games; five on five,2024–25,20242025,203,8482671,Owen Power,D,1.65,1,357.27,362.72,21,0.27,-0.39,0.12,-0.51,-0.05,FALSE,,0,FALSE,-2.26,1.21,-1.85,0.34,-0.75,,78,226,0,2,10,12,81,25,68,49,134,10,135,180,18,16,19,12,19,43,25,19,0,2,40,77,44,0,0,7,35,31,0,1,0,50,50,1,35,2,0,1.18,5.88,5.21,0,0.17,0,0.02,0,44.67,0.06,0,0.34,22.67,4.2,0.07,No improvement over mean-size prediction,1683.63
A3Z physicality,Defensemen,Defensemen,A3Z tracked games; five on five,2024–25,20242025,204,8476958,Jaccob Slavin,D,0.29,5,463.55,469.92,27,0.34,-0.55,-0,-0.55,-0.03,TRUE,botchedRetrievalsPer60,0,FALSE,-2.41,0.72,-0.7,-1.59,-0.13,,75,207,0,7,21,12,67,11,75,39,214,35,127,168,10,12,36,7,18,49,26,31,1,0,40,79,57,0,0,4,32,31,0,1,2,72,72,0,34,0,0,0.52,4.14,4.01,0,0.13,0.26,0,0,50.23,0,0,0.91,16.44,1.42,0.16,No improvement over mean-size prediction,1725.82
A3Z physicality,Defensemen,Defensemen,A3Z tracked games; five on five,2024–25,20242025,205,8480001,Urho Vaakanainen,D,-0.12,1,179.77,183.97,12,0.24,-1.21,-0.07,-1.14,-0.05,TRUE,defensiveRetrievalsPer60,0,FALSE,-5.01,0.24,-2.46,-2.63,0.08,,74,202,0,3,4,7,19,9,25,12,64,4,38,63,13,5,13,1,4,10,15,12,0,0,7,20,14,0,2,4,20,10,0,2,0,18,18,0,11,0,0,1.34,6.68,3.34,0,0.67,0,0,0,60.05,0,0,1,12.68,3,0.06,No improvement over mean-size prediction,836.95
A3Z physicality,Forwards,Forwards,A3Z tracked games; five on five,2021–22,20212022,1,8479661,Tanner Jeannot,L,1.07,3,362.32,369.77,30,0.37,1.15,0.1,1.05,-0.01,FALSE,,0,FALSE,3.51,99.87,3.07,0.8,-0.36,,74,221,39,46,28,10,22,6,49,35,16,6,48,78,4,12,14,12,10,32,32,20,3,0,33,62,42,2,10,104,42,10,4,5,2,37,37,1,26,5,8,17.22,6.96,1.66,0.66,0.83,0.33,0.03,0.31,17.12,0.19,6.46,7.62,7.95,0.99,0.38,,1294.98
A3Z physicality,Forwards,Forwards,A3Z tracked games; five on five,2021–22,20212022,2,8479066,Ryan Lomberg,L,-1.65,2,247.77,251.22,26,0.47,0.67,-0.21,0.88,0.02,FALSE,,0,FALSE,2.95,99.62,2.09,0.1,0.76,,69,184,14,26,23,6,18,1,28,22,6,2,26,39,1,4,6,8,9,20,14,19,7,0,30,43,60,3,2,56,32,3,2,2,6,54,54,4,43,4,3,13.56,7.75,0.73,0.48,0.48,1.45,0.07,0.07,24.54,0.09,3.39,6.3,6.3,0.24,0.33,,627.33
A3Z physicality,Forwards,Forwards,A3Z tracked games; five on five,2021–22,20212022,3,8477962,Brendan Lemieux,L,0.58,4,227,230.05,22,0.44,0.96,0.08,0.88,0.03,FALSE,,0,FALSE,2.94,99.37,2.67,0.45,-0.18,,73,215,15,22,15,6,20,0,33,27,5,3,30,48,7,1,6,12,11,31,10,23,0,0,24,33,47,4,2,48,26,10,2,3,6,46,46,1,29,0,4,12.69,6.87,2.64,0.53,0.79,1.59,0.02,0.14,24.95,0,3.96,5.81,7.93,0,0.6,,537.25
A3Z physicality,Forwards,Forwards,A3Z tracked games; five on five,2021–22,20212022,4,8475842,Sam Carrick,C,-0.17,4,190.28,192.18,19,0.3,0.77,0,0.77,0.03,FALSE,,0,FALSE,2.57,99.12,2.25,0.25,0.08,,72,202,13,15,13,1,12,4,29,17,5,4,31,50,7,5,12,10,2,24,21,8,3,1,21,30,23,2,2,34,27,2,2,3,1,32,32,3,21,4,5,10.72,8.51,0.63,0.63,0.95,0.32,0.09,0.24,29.6,0.19,4.1,4.73,9.77,1.26,0.8,,733.9
A3Z physicality,Forwards,Forwards,A3Z tracked games; five on five,2021–22,20212022,5,8475178,Zack Kassian,R,0.97,1,287.37,289.73,25,0.43,0.84,0.09,0.75,-0.01,FALSE,,0,FALSE,2.53,98.87,2.22,0.64,-0.33,,75,211,18,21,17,9,16,1,41,22,11,4,33,64,9,4,19,7,10,36,27,7,2,0,23,42,26,2,1,84,21,2,2,3,2,30,30,7,22,3,0,17.54,4.38,0.42,0.42,0.63,0.42,0.23,0,16.23,0.14,3.76,4.38,6.89,0.21,0.36,,683.5
A3Z physicality,Forwards,Forwards,A3Z tracked games; five on five,2021–22,20212022,6,8479520,Brandon Duhaime,L,0.67,4,330.08,334.9,36,0.45,0.82,0.09,0.74,0.03,TRUE,fightsPer60,0,FALSE,2.47,98.62,2.79,-0.11,-0.21,,74,210,17,30,27,8,26,5,45,33,17,6,51,73,5,6,12,17,10,40,20,27,3,1,45,65,56,6,3,80,47,3,4,6,4,50,50,4,36,6,5,14.54,8.54,0.55,0.73,1.09,0.73,0.08,0.14,27.73,0.17,3.09,5.45,9.27,0.91,0.35,,817.45
A3Z physicality,Forwards,Forwards,A3Z tracked games; five on five,2021–22,20212022,7,8475220,Marcus Foligno,L,1.53,5,381.83,390.07,33,0.45,0.85,0.11,0.74,-0.02,TRUE,netFrontAttemptShare,0,FALSE,2.47,98.37,2.84,0.08,-0.45,,75,226,29,54,42,20,34,3,61,39,8,3,58,100,5,6,22,12,14,46,38,24,7,1,57,84,45,8,3,110,33,17,3,6,0,48,48,12,34,5,3,17.29,5.19,2.67,0.47,0.94,0,0.25,0.09,14.95,0.15,4.56,8.49,9.11,0.47,0.38,,1214.18
A3Z physicality,Forwards,Forwards,A3Z tracked games; five on five,2021–22,20212022,8,8477401,John Hayden,C,1.42,1,168.35,171.9,18,0.33,0.8,0.13,0.66,-0.01,FALSE,,0,FALSE,2.23,98.12,2.81,-0.1,-0.48,,75,223,4,9,4,5,8,0,16,12,4,2,19,34,4,7,4,8,2,14,8,10,0,0,6,12,19,2,1,36,9,6,2,2,1,26,26,3,20,2,1,12.83,3.21,2.14,0.71,0.71,0.36,0.12,0.05,26.26,0.1,1.43,3.21,6.77,0,0.5,,596.62
A3Z physicality,Forwards,Forwards,A3Z tracked games; five on five,2021–22,20212022,9,8477903,Garnet Hathaway,R,0.74,5,318.85,324.92,27,0.36,0.69,0.04,0.65,-0.02,FALSE,,0,FALSE,2.17,97.87,1.68,0.69,-0.21,,74,212,21,19,23,7,18,2,30,19,9,4,31,44,3,3,11,8,9,26,17,26,1,0,37,51,61,3,8,80,31,13,0,5,6,57,57,7,43,6,8,15.05,5.83,2.45,0,0.94,1.13,0.12,0.19,20.02,0.14,3.95,3.58,5.83,0.38,0.44,,1017.57
A3Z physicality,Forwards,Forwards,A3Z tracked games; five on five,2021–22,20212022,10,8471817,Ryan Reaves,R,1.22,4,298.62,304.5,28,0.41,0.75,0.14,0.61,0.03,TRUE,hitsPer60,0,FALSE,2.03,97.62,2.55,-0.13,-0.39,typedShotsOnNet,74,225,15,26,9,9,9,1,25,14,3,1,25,45,8,4,11,1,7,24,18,10,0,0,8,23,25,5,0,125,29,5,1,6,1,25,25,3,18,4,0,25.12,5.83,1,0.2,1.21,0.2,0.12,0,24,0.22,3.01,5.22,5.02,0.2,0.33,,734.78
A3Z physicality,Forwards,Forwards,A3Z tracked games; five on five,2021–22,20212022,11,8475235,Nicolas Deslauriers,L,0.69,2,247.92,249.9,25,0.31,0.68,0.1,0.58,0.02,FALSE,,0,FALSE,1.95,97.37,3.03,-0.82,-0.27,,73,218,5,24,4,3,11,5,28,19,7,2,25,45,5,2,9,5,7,20,21,18,0,0,8,16,36,1,1,91,16,13,1,2,0,35,35,2,27,5,4,22.02,3.87,3.15,0.24,0.48,0,0.06,0.15,22.2,0.19,1.21,5.81,6.05,1.21,0.29,,920.6
A3Z physicality,Forwards,Forwards,A3Z tracked games; five on five,2021–22,20212022,12,8480009,Eeli Tolvanen,R,-1.45,2,343.72,346.75,29,0.39,0.4,-0.18,0.58,0.02,FALSE,,0,FALSE,1.95,97.12,1.76,-0.49,0.67,,70,182,17,43,26,9,25,4,30,20,16,6,45,55,8,4,10,6,10,35,10,23,1,2,37,64,69,0,8,65,27,18,0,6,5,71,71,0,52,2,10,11.35,4.71,3.14,0,1.05,0.87,0,0.19,32.25,0.04,2.97,7.51,7.86,0.7,0.38,,1007.08
A3Z physicality,Forwards,Forwards,A3Z tracked games; five on five,2021–22,20212022,13,8476399,Blake Coleman,L,-0.55,1,405.23,408.1,32,0.4,0.5,-0.07,0.57,-0.01,FALSE,,0,FALSE,1.9,96.87,1.73,-0,0.18,,71,199,22,40,27,17,45,3,72,64,4,3,58,96,9,1,8,18,26,53,32,43,4,1,51,78,90,5,7,77,25,21,0,7,4,92,92,12,71,11,10,11.4,3.7,3.11,0,1.04,0.59,0.13,0.14,27.18,0.15,3.26,5.92,8.59,0.44,0.75,,1200.47
A3Z physicality,Forwards,Forwards,A3Z tracked games; five on five,2021–22,20212022,14,8474709,Matt Martin,L,1.12,5,347.28,350.43,31,0.44,0.64,0.08,0.56,-0.02,FALSE,,0,FALSE,1.88,96.62,2.52,-0.32,-0.32,,75,215,17,37,15,6,17,1,32,22,12,7,39,60,7,7,10,3,11,28,20,13,1,1,23,31,25,1,1,109,25,12,2,3,2,40,40,3,32,3,6,18.83,4.32,2.07,0.35,0.52,0.35,0.07,0.19,25.67,0.09,2.94,6.39,6.74,0.17,0.58,,812.22
A3Z physicality,Forwards,Forwards,A3Z tracked games; five on five,2021–22,20212022,15,8479414,Nathan Bastian,R,1.47,5,273.73,275.23,29,0.4,0.66,0.11,0.56,-0.02,FALSE,,0,FALSE,1.87,96.37,1.93,0.37,-0.43,,76,217,14,19,12,3,10,0,33,17,12,5,26,46,2,6,16,9,4,28,22,13,4,2,19,26,38,7,4,85,47,10,2,2,3,40,40,4,31,8,1,18.63,10.3,2.19,0.44,0.44,0.66,0.1,0.03,20.12,0.26,3.07,4.16,5.7,0,0.42,,857.17
A3Z physicality,Forwards,Forwards,A3Z tracked games; five on five,2021–22,20212022,16,8479316,Luke Kunin,C,-0.36,4,358.4,362.65,31,0.38,0.54,-0.01,0.55,0.03,FALSE,,0,FALSE,1.85,96.12,1.71,0.01,0.14,,72,197,19,29,20,8,20,4,33,23,24,8,39,60,5,5,10,4,12,30,15,24,0,1,31,49,57,3,7,88,39,13,1,3,0,62,62,6,46,4,5,14.73,6.53,2.18,0.17,0.5,0,0.1,0.11,28.09,0.09,3.18,4.85,6.53,0.67,0.33,,1134.03
A3Z physicality,Forwards,Forwards,A3Z tracked games; five on five,2021–22,20212022,17,8477454,Adam Erne,L,0.36,5,316.8,322.45,27,0.34,0.55,0.01,0.54,-0.02,FALSE,,0,FALSE,1.83,95.86,1.34,0.58,-0.09,,73,209,26,26,19,10,17,5,32,19,6,3,46,62,10,4,13,7,7,41,10,20,4,2,29,46,40,0,3,54,21,17,0,3,2,42,42,3,32,5,5,10.23,3.98,3.22,0,0.57,0.38,0.07,0.16,26.08,0.16,4.92,4.92,8.71,0.95,0.5,,1057.28
A3Z physicality,Forwards,Forwards,A3Z tracked games; five on five,2021–22,20212022,18,8478434,Keegan Kolesar,R,0.89,2,387.25,393,34,0.44,0.66,0.12,0.54,0.02,FALSE,,0,FALSE,1.81,95.61,2.13,0.04,-0.35,,74,216,21,22,39,12,18,1,50,29,14,3,39,72,9,3,21,8,12,43,29,10,5,2,48,74,35,1,2,122,71,21,2,4,3,50,50,8,39,1,7,18.9,11,3.25,0.31,0.62,0.46,0.16,0.18,19.92,0.03,3.25,3.41,6.04,0.15,0.21,,974.08
A3Z physicality,Forwards,Forwards,A3Z tracked games; five on five,2021–22,20212022,19,8477446,Michael McCarron,C,2.56,3,178.42,179.07,20,0.39,0.78,0.25,0.53,-0.01,FALSE,,0,FALSE,1.79,95.36,2.44,0.19,-0.84,typedShotsOnNet,78,232,11,11,10,1,13,2,19,14,8,5,26,33,3,4,5,4,8,21,6,9,0,1,22,25,20,1,5,44,27,14,1,3,0,26,26,1,18,2,4,14.8,9.08,4.71,0.34,1.01,0,0.04,0.22,19.68,0.11,3.7,3.7,8.74,0.67,0.62,,529.85
A3Z physicality,Forwards,Forwards,A3Z tracked games; five on five,2021–22,20212022,20,8481641,Joel Kiviranta,L,-1.07,4,184.05,185.6,21,0.38,0.45,-0.09,0.53,0.03,FALSE,,0,FALSE,1.78,95.11,1.33,0.08,0.38,,71,185,10,14,19,10,8,3,17,10,8,3,19,32,2,4,7,6,1,11,14,10,1,0,23,37,32,3,1,31,20,9,0,3,2,31,31,0,24,2,2,10.11,6.52,2.93,0,0.98,0.65,0,0.08,28.46,0.08,3.26,4.56,6.19,0.98,0.38,,533.23
A3Z physicality,Forwards,Forwards,A3Z tracked games; five on five,2021–22,20212022,21,8479933,Gerry Mayhew,C,-2.5,4,163.63,164.8,14,0.35,0.3,-0.23,0.53,0.03,FALSE,,0,FALSE,1.78,94.86,0.82,0.1,0.86,typedShotsOnNet,69,161,10,24,7,1,15,1,21,17,3,1,22,32,2,3,4,11,3,15,11,12,1,1,15,24,25,3,0,22,20,8,0,2,2,24,24,3,15,1,4,8.07,7.33,2.93,0,0.73,0.73,0.12,0.27,25.38,0.07,3.67,8.8,8.07,0.37,0.33,,527.02
A3Z physicality,Forwards,Forwards,A3Z tracked games; five on five,2021–22,20212022,22,8478870,Rudolfs Balcers,L,-1.18,3,212.18,216.2,17,0.28,0.4,-0.12,0.52,-0.01,FALSE,,0,FALSE,1.73,94.61,1.04,0.31,0.38,,71,182,14,18,16,4,23,4,34,28,5,3,48,71,12,10,6,11,11,32,13,8,4,2,28,36,29,2,2,36,15,11,0,1,1,34,34,4,26,2,3,10.18,4.24,3.11,0,0.28,0.28,0.12,0.12,23.76,0.08,3.96,5.09,13.57,1.13,0.6,,917.25
A3Z physicality,Forwards,Forwards,A3Z tracked games; five on five,2021–22,20212022,23,8476872,Scott Laughton,C,-0.34,5,373.18,380.77,28,0.42,0.45,-0.06,0.51,-0.02,FALSE,,0,FALSE,1.7,94.36,1.18,0.4,0.12,,73,190,22,26,28,9,27,2,49,34,12,7,50,75,8,5,15,13,13,47,20,23,3,3,59,89,63,7,5,54,24,18,1,2,6,56,56,6,35,5,5,8.68,3.86,2.89,0.16,0.32,0.96,0.11,0.14,22.19,0.14,3.54,4.18,8.04,0.32,0.58,,1100.22
A3Z physicality,Forwards,Forwards,A3Z tracked games; five on five,2021–22,20212022,24,8477979,Nicolas Aube-Kubel,R,0.23,4,332.88,336.22,35,0.47,0.55,0.05,0.5,0.03,FALSE,,0,FALSE,1.69,94.11,1.12,0.64,-0.06,,72,213,28,31,30,16,43,9,56,43,8,4,78,98,11,12,13,15,22,57,18,17,1,3,50,70,61,7,3,63,44,10,0,5,0,61,61,3,48,3,7,11.36,7.93,1.8,0,0.9,0,0.05,0.15,29.83,0.06,5.05,5.59,14.06,1.62,0.5,,726.4
A3Z physicality,Forwards,Forwards,A3Z tracked games; five on five,2021–22,20212022,25,8475343,Nic Dowd,C,0.11,5,249.33,256.55,21,0.33,0.48,-0.02,0.49,-0.02,TRUE,contactPenaltiesTakenPer60,0,FALSE,1.65,93.86,1.62,0.05,-0.02,,74,195,14,25,27,10,19,7,27,19,12,2,46,59,5,8,8,6,10,29,10,13,4,2,53,74,33,4,2,51,30,14,0,7,3,36,36,3,30,4,4,12.27,7.22,3.37,0,1.68,0.72,0.08,0.13,19.68,0.13,3.37,6.02,11.07,1.68,0.17,,912.82
A3Z physicality,Forwards,Forwards,A3Z tracked games; five on five,2021–22,20212022,26,8475231,Casey Cizikas,C,-0.85,3,359.43,367.23,32,0.43,0.4,-0.09,0.48,-0.01,FALSE,,0,FALSE,1.62,93.61,0.81,0.53,0.27,,71,191,32,44,31,12,32,5,48,30,18,5,71,97,7,12,18,12,11,49,22,18,0,0,26,45,36,2,5,64,37,11,0,4,4,49,49,5,29,2,4,10.68,6.18,1.84,0,0.67,0.67,0.1,0.14,25.5,0.07,5.34,7.34,11.85,0.83,0.28,,1017.27
A3Z physicality,Forwards,Forwards,A3Z tracked games; five on five,2021–22,20212022,27,8482116,Tim Stützle,C,-0.73,5,330.87,337.05,24,0.3,0.38,-0.09,0.47,-0.02,FALSE,,0,FALSE,1.58,93.36,0.73,0.61,0.24,,72,187,19,17,22,6,55,8,65,60,16,6,101,125,14,14,5,19,31,65,16,19,1,3,50,78,56,3,4,39,35,12,1,3,5,50,50,4,38,6,3,7.07,6.35,2.18,0.18,0.54,0.91,0.08,0.08,22.71,0.16,3.45,3.08,18.32,1.45,0.38,,1454.5
A3Z physicality,Forwards,Forwards,A3Z tracked games; five on five,2021–22,20212022,28,8481617,Vasily Podkolzin,R,-0.34,1,293.72,293.27,26,0.33,0.42,-0.04,0.46,-0.01,FALSE,,0,FALSE,1.55,93.11,1.14,0.29,0.11,,73,190,17,18,17,13,28,3,37,30,11,6,41,65,5,4,7,9,9,28,19,12,1,0,28,43,36,1,0,40,24,17,0,3,0,47,47,3,33,4,3,8.17,4.9,3.47,0,0.61,0,0.06,0.09,20.62,0.12,3.47,3.68,8.38,0.61,0.55,,1010.58
A3Z physicality,Forwards,Forwards,A3Z tracked games; five on five,2021–22,20212022,29,8477846,Ryan Carpenter,C,-0.05,1,174.47,178.17,18,0.27,0.45,-0.01,0.46,-0.01,FALSE,,0,FALSE,1.55,92.86,1.48,0.05,0.01,locatedAttempts; typedShotsOnNet,73,198,13,20,12,3,11,1,24,17,3,2,23,43,8,3,7,4,8,21,14,6,2,2,24,31,14,0,0,36,21,9,0,2,0,14,14,1,11,1,2,12.38,7.22,3.1,0,0.69,0,0.07,0.18,21.75,0.09,4.47,6.88,7.91,0.34,0.67,,842.98
A3Z physicality,Forwards,Forwards,A3Z tracked games; five on five,2021–22,20212022,30,8476934,Brock McGinn,L,-0.58,3,337.83,342.32,27,0.42,0.4,-0.06,0.46,-0.01,FALSE,,0,FALSE,1.54,92.61,0.77,0.59,0.18,,72,191,26,30,23,8,26,0,51,36,18,4,49,75,7,7,15,10,16,44,25,20,3,2,29,49,54,4,3,35,34,22,0,4,1,50,50,1,41,8,3,6.22,6.04,3.91,0,0.71,0.18,0.02,0.07,21.49,0.2,4.62,5.33,8.7,0,0.22,,959.68
A3Z physicality,Forwards,Forwards,A3Z tracked games; five on five,2021–22,20212022,31,8474190,Wayne Simmonds,R,-0.29,2,268.62,267.07,31,0.43,0.4,-0.03,0.44,0.02,FALSE,,0,FALSE,1.46,92.36,1.31,-0.01,0.17,,74,184,11,21,17,5,15,1,27,21,3,0,24,38,5,2,6,11,5,23,12,13,1,0,19,33,32,4,2,61,36,5,1,2,4,33,33,4,26,3,3,13.63,8.04,1.12,0.22,0.45,0.89,0.12,0.12,16.03,0.12,2.46,4.69,5.36,0.22,0,,671.78
A3Z physicality,Forwards,Forwards,A3Z tracked games; five on five,2021–22,20212022,32,8473422,Nick Foligno,L,0.12,4,235.67,240.05,23,0.36,0.47,0.03,0.43,0.03,FALSE,,0,FALSE,1.46,92.11,1.2,0.29,-0.02,,72,210,16,16,12,8,15,0,37,22,7,3,32,54,5,4,15,10,7,34,22,14,1,0,19,35,40,2,2,58,7,5,0,1,0,35,35,2,28,4,3,14.77,1.78,1.27,0,0.25,0,0.06,0.11,30.81,0.14,4.07,4.07,8.15,0,0.43,,797.67
A3Z physicality,Forwards,Forwards,A3Z tracked games; five on five,2021–22,20212022,33,8479944,Zach Aston-Reese,L,0.14,5,284.2,291.35,26,0.38,0.41,-0.01,0.42,-0.02,FALSE,,0,FALSE,1.43,91.85,1.76,-0.31,-0.02,,73,203,13,28,17,10,17,1,36,27,8,3,32,54,7,4,9,8,9,31,18,14,0,2,18,37,34,1,3,89,38,17,1,1,1,33,33,1,25,0,3,18.79,8.02,3.59,0.21,0.21,0.21,0.03,0.12,23.85,0,2.74,5.91,6.76,0.21,0.38,,899.58
A3Z physicality,Forwards,Forwards,A3Z tracked games; five on five,2021–22,20212022,34,8477404,Jake Guentzel,C,-1.4,4,420.97,423.1,29,0.38,0.3,-0.12,0.42,0.03,FALSE,,0,FALSE,1.4,91.6,0.41,0.5,0.49,,71,176,30,48,48,31,30,3,44,31,8,3,54,76,6,8,13,5,15,39,21,41,5,6,90,143,98,6,4,31,54,14,0,9,6,92,92,7,70,5,5,4.42,7.7,2,0,1.28,0.86,0.08,0.07,20.46,0.07,4.28,6.84,7.7,0.43,0.38,,1527.4
A3Z physicality,Forwards,Forwards,A3Z tracked games; five on five,2021–22,20212022,35,8476468,J.T. Miller,C,0.16,4,382.73,385.27,27,0.34,0.43,0.04,0.4,0.03,FALSE,,0,FALSE,1.33,91.1,1.04,0.33,-0.04,,72,211,22,25,36,26,34,4,54,42,10,3,66,97,8,9,12,5,23,45,25,20,5,4,79,128,56,2,7,55,23,18,0,3,3,61,61,10,41,3,12,8.62,3.61,2.82,0,0.47,0.47,0.16,0.29,20,0.07,3.45,3.92,10.35,0.63,0.3,,1686.15
A3Z physicality,Forwards,Forwards,A3Z tracked games; five on five,2021–22,20212022,36,8478233,Andrew Mangiapane,L,-1.42,3,389.93,394.5,33,0.4,0.25,-0.14,0.39,-0.01,FALSE,,0,FALSE,1.32,90.85,0.37,0.49,0.46,,70,183,26,35,30,9,34,0,48,43,10,8,46,71,5,3,5,16,17,36,20,43,6,3,63,93,85,12,10,29,23,14,0,3,2,69,69,13,54,8,6,4.46,3.54,2.15,0,0.46,0.31,0.19,0.11,19.24,0.15,4,5.39,7.08,0,0.8,,1289.62
A3Z physicality,Forwards,Forwards,A3Z tracked games; five on five,2021–22,20212022,37,8474034,Patrick Maroon,L,1.82,5,367.93,372.55,35,0.43,0.53,0.14,0.39,-0.02,FALSE,,0,FALSE,1.31,90.6,0.9,0.95,-0.54,,75,234,35,35,33,17,19,3,43,30,5,2,45,73,4,7,13,9,9,34,24,20,7,1,48,78,38,3,2,56,49,6,3,1,2,46,46,9,34,8,2,9.13,7.99,0.98,0.49,0.16,0.33,0.2,0.06,14.07,0.24,5.71,5.71,7.34,0.49,0.4,,1004.08
A3Z physicality,Forwards,Forwards,A3Z tracked games; five on five,2021–22,20212022,38,8480025,MacKenzie Entwistle,R,0.68,2,174.22,176.8,19,0.35,0.47,0.1,0.38,0.02,FALSE,,0,FALSE,1.28,90.35,1.25,0.28,-0.26,locatedAttempts; typedShotsOnNet,75,203,11,12,11,6,13,1,18,16,8,1,22,33,4,6,2,6,8,16,5,3,2,0,15,26,6,1,0,43,27,6,0,3,2,12,12,1,10,1,2,14.81,9.3,2.07,0,1.03,0.69,0.08,0.2,18.25,0.1,3.79,4.13,7.58,0.34,0.12,,563.45
A3Z physicality,Forwards,Forwards,A3Z tracked games; five on five,2021–22,20212022,39,8476278,Colin Blackwell,C,-2.03,1,196.18,197.67,19,0.33,0.16,-0.21,0.38,-0.01,FALSE,,0,FALSE,1.27,90.1,0.48,0.11,0.68,typedShotsOnNet,68,181,11,16,22,10,10,1,23,17,9,0,21,44,6,3,6,5,5,14,17,14,0,2,23,35,23,2,4,26,17,7,0,1,2,23,23,2,15,2,2,7.95,5.2,2.14,0,0.31,0.61,0.09,0.13,23.09,0.13,3.36,4.89,6.42,0.31,0,,692.17
A3Z physicality,Forwards,Forwards,A3Z tracked games; five on five,2021–22,20212022,40,8475287,Erik Haula,L,-0.85,5,363.28,371.12,29,0.37,0.27,-0.1,0.37,-0.02,FALSE,,0,FALSE,1.26,89.85,1.03,-0.05,0.28,,71,191,17,31,29,12,22,2,22,17,11,0,42,57,7,7,5,6,9,26,5,27,3,0,54,74,55,4,3,51,31,13,0,6,4,66,66,4,53,6,6,8.42,5.12,2.15,0,0.99,0.66,0.06,0.11,23.09,0.11,2.81,5.12,6.94,0.33,0,,1177.28
A3Z physicality,Forwards,Forwards,A3Z tracked games; five on five,2021–22,20212022,41,8476442,Matt Nieto,L,-0.92,5,258.37,260.45,21,0.3,0.26,-0.11,0.37,-0.02,FALSE,,0,FALSE,1.24,89.6,0.47,0.47,0.3,typedShotsOnNet,71,189,16,14,19,8,14,6,26,15,5,0,31,51,3,5,11,5,5,19,20,17,1,0,38,51,25,0,2,31,31,17,1,0,0,29,29,2,19,3,4,7.2,7.2,3.95,0.23,0,0,0.07,0.21,32.02,0.16,3.72,3.25,7.2,1.39,0,,1008.25
A3Z physicality,Forwards,Forwards,A3Z tracked games; five on five,2021–22,20212022,42,8476624,Barclay Goodrow,C,0.67,5,441.8,449.27,34,0.43,0.4,0.03,0.36,-0.02,FALSE,,0,FALSE,1.22,89.35,1.31,0.1,-0.19,,74,210,25,38,24,12,23,5,45,33,11,6,44,78,8,7,12,10,10,27,34,15,2,1,44,71,38,2,7,65,32,24,1,4,4,48,48,2,33,2,8,8.83,4.35,3.26,0.14,0.54,0.54,0.04,0.24,22.93,0.06,3.4,5.16,5.98,0.68,0.55,,1320.27
A3Z physicality,Forwards,Forwards,A3Z tracked games; five on five,2021–22,20212022,43,8480031,Maxime Comtois,L,0.67,4,151.33,152.45,14,0.27,0.44,0.09,0.35,0.03,FALSE,,0,FALSE,1.19,89.1,1.5,-0.11,-0.21,typedShotsOnNet,74,210,6,6,3,1,3,3,15,10,5,1,12,27,5,1,5,2,3,8,15,10,1,0,8,13,28,1,1,31,18,4,0,4,1,28,28,0,15,0,0,12.29,7.14,1.59,0,1.59,0.4,0,0,29.15,0,2.38,2.38,4.76,1.19,0.2,,735.03
A3Z physicality,Forwards,Forwards,A3Z tracked games; five on five,2021–22,20212022,44,8471217,Andrew Ladd,L,0.75,4,158.6,161.28,14,0.27,0.45,0.1,0.35,0.03,FALSE,,0,FALSE,1.18,88.85,1.56,-0.14,-0.23,typedShotsOnNet,75,205,6,7,10,6,11,2,16,13,5,3,21,25,2,3,3,2,7,17,4,6,2,0,15,24,17,1,1,15,9,9,0,3,0,20,20,0,13,0,2,5.67,3.4,3.4,0,1.13,0,0,0.15,28.04,0,2.27,2.65,7.94,0.76,0.6,,720.13
A3Z physicality,Forwards,Forwards,A3Z tracked games; five on five,2021–22,20212022,45,8473994,Jamie Benn,L,0.94,4,388.33,393.55,31,0.38,0.46,0.12,0.35,0.03,FALSE,,0,FALSE,1.17,88.6,1.15,0.32,-0.3,,75,210,24,27,27,13,26,6,50,34,9,2,58,92,11,4,16,15,9,41,30,30,4,4,61,90,67,4,5,50,22,14,0,5,2,70,70,10,52,5,2,7.73,3.4,2.16,0,0.77,0.31,0.14,0.04,22.74,0.1,3.71,4.17,8.96,0.93,0.22,,1373.27
A3Z physicality,Forwards,Forwards,A3Z tracked games; five on five,2021–22,20212022,46,8477964,Ivan Barbashev,L,-0.14,1,379,383.92,29,0.36,0.32,-0.02,0.35,-0.01,FALSE,,0,FALSE,1.16,88.35,1.37,-0.25,0.04,,72,203,12,35,24,16,42,7,64,53,4,1,71,104,10,7,11,14,29,53,27,19,4,2,52,91,39,5,5,62,29,11,0,6,1,41,41,4,32,2,8,9.82,4.59,1.74,0,0.95,0.16,0.1,0.25,17.12,0.06,1.9,5.54,11.24,1.11,0.25,,1331.77
A3Z physicality,Forwards,Forwards,A3Z tracked games; five on five,2021–22,20212022,47,8478874,Adam Gaudette,R,-0.34,3,188.5,190.63,18,0.31,0.3,-0.04,0.34,-0.01,FALSE,,0,FALSE,1.13,88.1,1.35,-0.32,0.11,,73,190,9,17,14,5,10,2,22,18,7,3,24,44,7,5,4,8,4,14,14,17,0,0,17,29,31,2,0,29,15,2,1,2,2,33,33,0,24,4,2,9.23,4.77,0.64,0.32,0.64,0.64,0,0.08,31.83,0.17,2.86,5.41,7.64,0.64,0.43,,656.53
A3Z physicality,Forwards,Forwards,A3Z tracked games; five on five,2021–22,20212022,48,8471699,Andrew Cogliano,C,-1.56,3,265.82,267.5,25,0.34,0.18,-0.16,0.33,-0.01,FALSE,,0,FALSE,1.11,87.84,1.03,-0.42,0.5,,70,179,14,32,19,5,9,5,34,14,5,3,36,58,8,4,20,4,4,36,23,13,2,1,28,37,28,1,0,33,17,10,0,3,1,30,30,1,22,0,3,7.45,3.84,2.26,0,0.68,0.23,0.03,0.14,33.79,0,3.16,7.22,8.13,1.13,0.6,,937.57
A3Z physicality,Forwards,Forwards,A3Z tracked games; five on five,2021–22,20212022,49,8479390,Taylor Raddysh,R,0.33,4,348.88,351.52,35,0.47,0.39,0.06,0.33,0.03,FALSE,,0,FALSE,1.11,87.59,0.44,0.77,-0.09,,74,201,31,37,35,14,19,0,26,22,14,4,32,49,10,6,4,6,11,24,10,18,8,1,39,58,44,5,2,53,28,9,0,2,2,53,53,1,36,4,7,9.11,4.82,1.55,0,0.34,0.34,0.02,0.19,24.17,0.11,5.33,6.36,5.5,0,0.29,,912.85
A3Z physicality,Forwards,Forwards,A3Z tracked games; five on five,2021–22,20212022,50,8478472,Mathieu Joseph,R,-0.38,5,304.53,306.08,29,0.42,0.27,-0.06,0.33,-0.02,FALSE,,0,FALSE,1.11,87.34,0.65,0.32,0.13,,73,189,22,26,20,15,25,4,37,28,6,3,44,59,4,6,9,14,8,32,16,19,3,2,46,65,52,1,3,44,42,5,1,3,2,48,48,4,32,3,2,8.67,8.27,0.99,0.2,0.59,0.39,0.08,0.06,27.55,0.09,4.33,5.12,8.67,0.79,0.5,,979.67
A3Z physicality,Forwards,Forwards,A3Z tracked games; five on five,2021–22,20212022,51,8476952,Dominic Toninato,C,0.33,1,217.75,221.95,32,0.42,0.35,0.02,0.33,-0.01,FALSE,,0,FALSE,1.11,87.09,1.32,-0.1,-0.12,typedShotsOnNet,74,201,12,19,13,4,8,4,15,9,11,6,31,44,9,7,6,1,4,16,10,10,3,1,20,26,32,2,4,39,24,7,0,4,2,28,28,1,16,0,3,10.75,6.61,1.93,0,1.1,0.55,0.04,0.19,24.5,0,3.31,5.24,8.54,1.1,0.55,,646.68
A3Z physicality,Forwards,Forwards,A3Z tracked games; five on five,2021–22,20212022,52,8476432,Boone Jenner,C,0.44,2,286.38,290.4,19,0.32,0.39,0.06,0.32,0.02,FALSE,,0,FALSE,1.08,86.84,1.22,0.02,-0.16,,74,204,16,18,14,6,21,1,36,30,7,1,38,53,8,4,6,7,15,34,14,20,2,2,41,60,53,3,7,29,12,22,0,3,1,51,51,7,38,5,4,6.08,2.51,4.61,0,0.63,0.21,0.14,0.11,27.2,0.13,3.35,3.77,7.96,0.21,0.14,,1207.42
A3Z physicality,Forwards,Forwards,A3Z tracked games; five on five,2021–22,20212022,53,8477500,Bo Horvat,C,0.95,5,373.45,370.98,27,0.39,0.38,0.06,0.32,-0.02,FALSE,,0,FALSE,1.07,86.59,1.03,0.31,-0.27,,73,225,23,24,28,13,19,6,39,25,8,5,42,63,2,2,14,9,9,33,21,18,3,4,54,76,67,3,4,39,16,12,0,6,3,64,64,4,48,5,1,6.27,2.57,1.93,0,0.96,0.48,0.06,0.02,32.43,0.1,3.7,3.86,6.75,0.96,0.62,,1365.78
A3Z physicality,Forwards,Forwards,A3Z tracked games; five on five,2021–22,20212022,54,8480029,Alex Formenton,L,0.38,2,317.38,321.93,26,0.33,0.38,0.06,0.32,0.02,FALSE,,0,FALSE,1.07,86.34,1.38,-0.18,-0.13,,75,195,13,33,16,6,13,1,27,20,12,2,23,41,3,1,7,6,7,21,14,19,1,0,25,41,46,3,2,34,18,7,1,4,4,51,51,6,40,7,5,6.43,3.4,1.32,0.19,0.76,0.76,0.12,0.12,18.68,0.17,2.46,6.24,4.35,0.19,0.17,,1220.68
A3Z physicality,Forwards,Forwards,A3Z tracked games; five on five,2021–22,20212022,55,8479941,Justin Danforth,R,-1.59,2,150.98,154.37,14,0.31,0.11,-0.2,0.31,0.02,FALSE,,0,FALSE,1.06,86.09,0.84,-0.51,0.73,,68,193,8,22,9,4,14,0,18,16,9,3,21,26,0,4,2,8,4,15,5,11,2,0,13,21,25,3,3,32,16,4,0,1,3,32,32,2,21,4,6,12.72,6.36,1.59,0,0.4,1.19,0.06,0.29,29.53,0.19,3.18,8.74,8.35,0,0.33,,565.7
A3Z physicality,Forwards,Forwards,A3Z tracked games; five on five,2021–22,20212022,56,8476374,Sean Kuraly,C,0.59,5,287.23,297.12,23,0.3,0.34,0.03,0.31,-0.02,FALSE,,0,FALSE,1.05,85.84,1.49,-0.27,-0.16,,74,208,14,27,16,8,20,12,39,23,8,3,61,85,6,12,16,9,6,39,19,20,1,0,22,37,37,0,4,74,27,7,0,3,1,36,36,3,25,2,3,15.46,5.64,1.46,0,0.63,0.21,0.08,0.12,30.08,0.08,2.92,5.64,12.74,2.51,0.38,,1221.22
A3Z physicality,Forwards,Forwards,A3Z tracked games; five on five,2021–22,20212022,57,8481481,Blake Lizotte,C,-1.95,2,273.82,278.22,26,0.37,0.06,-0.25,0.31,0.02,FALSE,,0,FALSE,1.04,85.59,-0.87,1.02,0.89,,69,176,32,32,38,11,26,3,48,37,9,5,51,80,8,7,11,13,14,40,25,16,5,1,54,73,44,3,6,27,52,5,0,2,3,48,48,3,38,6,5,5.92,11.39,1.1,0,0.44,0.66,0.06,0.13,23.27,0.16,7.01,7.01,11.18,0.66,0.56,,851.47
A3Z physicality,Forwards,Forwards,A3Z tracked games; five on five,2021–22,20212022,58,8473533,Jordan Staal,C,1.58,2,425.62,434.2,34,0.44,0.52,0.21,0.31,0.02,FALSE,,0,FALSE,1.04,85.34,1.02,0.67,-0.65,,76,220,42,47,47,16,39,1,46,28,14,7,64,79,8,3,18,11,13,54,17,37,8,1,72,113,71,13,14,87,41,17,0,3,3,70,70,11,52,3,17,12.26,5.78,2.4,0,0.42,0.42,0.16,0.33,16.2,0.06,5.92,6.63,9.02,0.14,0.5,,1297.3
A3Z physicality,Forwards,Forwards,A3Z tracked games; five on five,2021–22,20212022,59,8479336,Carl Grundstrom,R,-0.25,1,179.08,183.72,18,0.33,0.27,-0.03,0.31,-0.01,FALSE,,0,FALSE,1.03,85.09,0.77,0.18,0.08,,72,200,9,11,13,3,17,1,28,19,6,3,25,39,2,1,9,4,10,24,14,19,2,0,19,30,35,2,0,37,24,4,0,1,1,41,41,4,29,3,0,12.4,8.04,1.34,0,0.34,0.34,0.1,0,29.7,0.1,3.02,3.69,8.38,0.34,0.5,,588.05
A3Z physicality,Forwards,Forwards,A3Z tracked games; five on five,2021–22,20212022,60,8476419,Jean-Gabriel Pageau,C,-1.26,4,411.3,410.68,33,0.43,0.2,-0.1,0.3,0.03,FALSE,,0,FALSE,1.02,84.84,0.11,0.47,0.44,,71,180,28,41,45,19,44,9,57,48,24,9,77,108,5,8,9,15,19,47,22,12,3,3,67,102,38,2,3,66,44,14,0,1,4,44,44,1,35,3,4,9.63,6.42,2.04,0,0.15,0.58,0.02,0.11,20.81,0.09,4.08,5.98,11.23,1.31,0.38,,1360.93
A3Z physicality,Forwards,Forwards,A3Z tracked games; five on five,2021–22,20212022,61,8478508,Yakov Trenin,C,0.33,1,350.1,356.1,29,0.36,0.33,0.02,0.3,-0.01,FALSE,,0,FALSE,1.02,84.59,1.05,0.09,-0.12,,74,201,37,48,35,12,19,5,40,25,9,2,40,60,4,3,15,9,8,34,22,43,3,1,43,62,82,6,9,72,38,9,0,3,3,78,78,3,58,8,11,12.34,6.51,1.54,0,0.51,0.51,0.04,0.19,26.76,0.14,6.34,8.23,6.86,0.86,0.22,,1173.4
A3Z physicality,Forwards,Forwards,A3Z tracked games; five on five,2021–22,20212022,62,8477353,Tyler Motte,C,-1.01,1,200.93,206.4,19,0.33,0.19,-0.11,0.3,-0.01,FALSE,,0,FALSE,1.01,84.34,1.13,-0.46,0.34,,70,194,8,21,12,4,21,0,31,22,7,4,35,45,4,3,9,14,7,32,11,16,4,0,17,26,31,0,1,45,25,15,0,1,2,33,33,2,21,2,0,13.44,7.47,4.48,0,0.3,0.6,0.06,0,34.01,0.1,2.39,6.27,10.45,0,0.57,,812.65
A3Z physicality,Forwards,Forwards,A3Z tracked games; five on five,2021–22,20212022,63,8476455,Gabriel Landeskog,L,0.58,1,443.28,446.23,29,0.57,0.34,0.05,0.3,-0.01,FALSE,,0,FALSE,1,84.09,1.05,0.15,-0.2,,73,215,26,43,38,33,48,3,79,60,25,4,79,121,6,10,19,19,24,60,41,24,2,5,69,135,73,7,10,51,32,21,0,7,3,70,70,8,51,2,5,6.9,4.33,2.84,0,0.95,0.41,0.11,0.1,17.8,0.04,3.52,5.82,10.69,0.41,0.16,,1036.2
A3Z physicality,Forwards,Forwards,A3Z tracked games; five on five,2021–22,20212022,64,8480813,Joseph Veleno,C,0.06,1,239.03,243.65,21,0.32,0.29,-0,0.29,-0.01,FALSE,,0,FALSE,0.99,83.83,0.85,0.17,-0.03,typedShotsOnNet,73,201,13,19,12,6,21,5,34,25,9,4,39,58,7,5,9,10,7,28,18,12,1,0,18,37,29,0,2,33,17,7,0,2,1,25,25,3,19,4,3,8.28,4.27,1.76,0,0.5,0.25,0.12,0.16,23.54,0.21,3.26,4.77,9.79,1.26,0.44,,872.15
A3Z physicality,Forwards,Forwards,A3Z tracked games; five on five,2021–22,20212022,65,8480028,Morgan Frost,C,-0.5,5,159.42,160.58,15,0.27,0.22,-0.07,0.29,-0.02,TRUE,hitsReceivedPer60,0,FALSE,0.98,83.58,0.84,-0.03,0.17,typedShotsOnNet,72,193,6,10,10,3,13,4,13,12,5,3,20,28,2,2,1,5,5,8,7,8,2,0,12,21,20,4,5,8,1,5,0,3,0,22,22,1,17,3,2,3.01,0.38,1.88,0,1.13,0,0.05,0.12,28.09,0.18,2.26,3.76,7.53,1.51,0.6,,765.73
A3Z physicality,Forwards,Forwards,A3Z tracked games; five on five,2021–22,20212022,66,8478866,Dominik Simon,C,-0.89,4,269.87,270.07,29,0.4,0.22,-0.07,0.29,0.03,FALSE,,0,FALSE,0.98,83.33,0.29,0.38,0.31,,71,190,19,34,34,10,27,1,38,31,11,3,44,66,6,8,7,11,11,30,19,21,1,2,44,57,38,2,2,31,33,18,0,1,3,40,40,0,32,1,3,6.89,7.34,4,0,0.22,0.67,0,0.09,27.6,0.03,4.22,7.56,9.78,0.22,0.27,,740.58
A3Z physicality,Forwards,Forwards,A3Z tracked games; five on five,2021–22,20212022,67,8475169,Evander Kane,L,0.96,1,298.9,306.07,19,0.44,0.38,0.09,0.29,-0.01,FALSE,,0,FALSE,0.97,83.08,1.67,-0.37,-0.33,,74,218,10,33,16,11,13,2,42,27,4,3,30,63,7,2,15,9,6,31,29,29,1,2,23,43,78,4,9,66,31,6,0,7,2,69,69,8,46,1,7,13.25,6.22,1.2,0,1.41,0.4,0.12,0.15,20.62,0.02,2.01,6.62,6.02,0.4,0.75,,836.37
A3Z physicality,Forwards,Forwards,A3Z tracked games; five on five,2021–22,20212022,68,8476981,Josh Anderson,R,1.53,4,273.52,275.15,19,0.28,0.45,0.17,0.28,0.03,FALSE,,0,FALSE,0.93,82.83,1.3,0.12,-0.49,,75,226,16,27,18,6,14,1,22,19,14,7,25,35,4,4,3,7,8,19,9,17,1,2,20,37,52,4,2,40,23,8,0,6,2,45,45,5,33,8,4,8.77,5.05,1.75,0,1.32,0.44,0.11,0.12,20.12,0.24,3.51,5.92,5.48,0.22,0.5,,1188.55
A3Z physicality,Forwards,Forwards,A3Z tracked games; five on five,2021–22,20212022,69,8476389,Vincent Trocheck,C,-1,5,423.72,427.52,35,0.43,0.16,-0.12,0.27,-0.02,FALSE,,0,FALSE,0.92,82.58,0.68,-0.09,0.32,,71,187,18,33,37,17,33,6,40,32,8,7,58,76,6,9,8,10,16,39,13,25,3,0,88,138,92,4,13,88,54,18,0,1,7,99,99,7,59,3,12,12.46,7.65,2.55,0,0.14,0.99,0.07,0.2,22.36,0.05,2.55,4.67,8.21,0.85,0.88,,1447.78
A3Z physicality,Forwards,Forwards,A3Z tracked games; five on five,2021–22,20212022,70,8479353,Brett Howden,C,0.33,3,212.53,214.73,21,0.45,0.29,0.03,0.27,-0.01,TRUE,blockedShotsPer60,0,FALSE,0.89,82.33,0.42,0.59,-0.11,typedShotsOnNet,74,201,13,12,24,13,13,6,18,12,5,1,28,42,5,3,6,3,7,13,11,7,4,3,39,56,16,2,2,34,23,19,0,0,2,20,20,3,12,1,1,9.6,6.49,5.36,0,0,0.56,0.15,0.08,17.06,0.08,3.67,3.39,7.9,1.69,0.2,,500.82
A3Z physicality,Forwards,Forwards,A3Z tracked games; five on five,2021–22,20212022,71,8480830,Andrei Svechnikov,R,0.57,1,458.8,465.07,35,0.45,0.31,0.05,0.27,-0.01,FALSE,,0,FALSE,0.89,82.08,0.89,0.2,-0.2,,75,200,38,48,57,30,30,1,63,39,12,3,61,91,14,5,24,14,19,68,25,42,11,12,88,152,114,7,6,86,50,8,0,5,7,106,106,9,67,9,4,11.25,6.54,1.05,0,0.65,0.92,0.08,0.06,29.26,0.13,4.97,6.28,7.98,0.13,0.25,,1346.27
A3Z physicality,Forwards,Forwards,A3Z tracked games; five on five,2021–22,20212022,72,8475170,Brayden Schenn,C,0.02,1,321.87,326.85,24,0.39,0.26,-0.01,0.26,-0.01,FALSE,,0,FALSE,0.89,81.83,1.21,-0.31,-0.01,,73,200,12,22,17,13,28,8,31,27,10,3,44,69,6,3,4,3,10,19,16,9,3,3,52,78,43,6,1,47,16,7,2,1,1,38,38,0,23,1,2,8.76,2.98,1.3,0.37,0.19,0.19,0,0.09,26,0.04,2.24,4.1,8.2,1.49,0.3,,1102.65
A3Z physicality,Forwards,Forwards,A3Z tracked games; five on five,2021–22,20212022,73,8477941,Nick Ritchie,L,1.9,1,234.13,234.78,21,0.37,0.44,0.18,0.26,-0.01,FALSE,,0,FALSE,0.89,81.58,1.27,0.27,-0.65,,75,236,17,16,16,6,16,3,19,16,4,1,27,41,7,3,3,5,6,15,10,18,5,2,19,31,42,1,5,53,30,7,0,2,0,43,43,2,29,3,6,13.58,7.69,1.79,0,0.51,0,0.05,0.21,29.53,0.1,4.36,4.1,6.92,0.77,0.25,,723.98
A3Z physicality,Forwards,Forwards,A3Z tracked games; five on five,2021–22,20212022,74,8476927,Teddy Blueger,C,-0.8,5,290.43,293.42,24,0.37,0.15,-0.1,0.25,-0.02,FALSE,,0,FALSE,0.85,81.33,0.37,0.21,0.26,,72,185,23,31,33,12,29,3,51,31,13,3,48,69,4,0,20,10,15,48,26,14,2,2,53,82,36,4,2,39,28,9,0,1,1,39,39,1,30,4,3,8.06,5.78,1.86,0,0.21,0.21,0.03,0.1,28.43,0.13,4.75,6.4,9.92,0.62,0.23,,976.17
A3Z physicality,Forwards,Forwards,A3Z tracked games; five on five,2021–22,20212022,75,8478462,Nicolas Roy,C,0.84,4,425.23,426.85,34,0.44,0.35,0.11,0.25,0.03,FALSE,,0,FALSE,0.83,81.08,0.68,0.42,-0.26,,76,200,28,43,39,23,36,6,57,43,9,5,65,89,11,4,14,12,21,56,24,20,7,3,79,127,52,1,4,46,32,16,0,4,2,61,61,10,42,4,5,6.49,4.52,2.26,0,0.56,0.28,0.16,0.12,18.68,0.1,3.95,6.07,9.17,0.85,0.56,,1267.65
A3Z physicality,Forwards,Forwards,A3Z tracked games; five on five,2021–22,20212022,76,8478414,Timo Meier,R,0.76,1,323.43,325.25,21,0.27,0.3,0.07,0.24,-0.01,FALSE,,0,FALSE,0.8,80.83,0.59,0.48,-0.26,,73,220,22,13,19,13,30,5,52,37,12,4,63,95,13,4,15,21,11,54,23,39,3,1,46,72,106,4,7,39,23,14,0,2,3,94,94,5,66,3,4,7.23,4.27,2.6,0,0.37,0.56,0.05,0.06,32.01,0.05,4.08,2.41,11.69,0.93,0.33,,1475.02
A3Z physicality,Forwards,Forwards,A3Z tracked games; five on five,2021–22,20212022,77,8476822,Luke Glendening,C,-0.89,2,346.37,350.5,31,0.38,0.12,-0.11,0.23,0.02,FALSE,,0,FALSE,0.79,80.58,0.62,-0.26,0.43,,71,190,14,18,9,6,12,3,25,13,13,4,25,40,3,0,12,5,6,26,13,9,1,0,22,33,31,2,9,65,42,15,0,2,3,45,45,6,32,2,9,11.26,7.28,2.6,0,0.35,0.52,0.13,0.28,17.46,0.06,2.43,3.12,4.33,0.52,0.31,,1157.48
A3Z physicality,Forwards,Forwards,A3Z tracked games; five on five,2021–22,20212022,78,8480849,Barrett Hayton,C,0.02,1,168.37,169.52,14,0.23,0.22,-0.01,0.23,-0.01,FALSE,,0,FALSE,0.78,80.08,0.53,0.26,-0.01,typedShotsOnNet,73,200,7,10,10,4,11,3,12,6,8,2,26,31,3,4,6,3,3,14,5,6,1,0,17,28,14,0,1,19,22,8,0,2,2,20,20,3,16,3,3,6.77,7.84,2.85,0,0.71,0.71,0.15,0.19,20.17,0.19,2.49,3.56,9.27,1.07,0.25,,967.02
A3Z physicality,Forwards,Forwards,A3Z tracked games; five on five,2021–22,20212022,79,8478439,Travis Konecny,R,-1.08,1,412.48,416.22,31,0.39,0.11,-0.12,0.23,-0.01,FALSE,,0,FALSE,0.77,79.82,0.27,0.14,0.36,,70,192,25,30,34,15,31,2,58,40,14,8,54,93,5,4,18,12,15,46,33,16,6,11,84,118,81,5,4,37,44,9,0,6,6,77,77,5,62,2,3,5.38,6.4,1.31,0,0.87,0.87,0.06,0.05,29.07,0.03,3.64,4.36,7.85,0.29,0.57,,1391.45
A3Z physicality,Forwards,Forwards,A3Z tracked games; five on five,2021–22,20212022,80,8477935,Sam Bennett,C,-0.23,4,378.08,384.35,30,0.42,0.23,-0,0.23,0.03,FALSE,,0,FALSE,0.77,79.57,0.44,0.24,0.1,,73,193,23,30,44,18,39,6,56,46,11,6,61,91,6,8,10,14,19,38,30,22,7,5,71,116,82,6,3,47,39,10,0,4,3,80,80,7,65,5,11,7.46,6.19,1.59,0,0.63,0.48,0.09,0.17,26.44,0.08,3.65,4.76,9.68,0.95,0.55,,1202.95
A3Z physicality,Forwards,Forwards,A3Z tracked games; five on five,2021–22,20212022,81,8478211,Dryden Hunt,L,-0.5,3,380.65,384.07,33,0.43,0.17,-0.05,0.22,-0.01,FALSE,,0,FALSE,0.76,79.32,0.54,0.06,0.16,,72,193,20,31,19,9,13,0,39,24,13,1,27,61,7,4,15,11,7,29,28,23,3,1,31,63,52,4,4,68,44,9,0,4,5,51,51,4,32,3,6,10.72,6.94,1.42,0,0.63,0.79,0.08,0.19,18.25,0.09,3.15,4.89,4.26,0,0.08,,933.82
A3Z physicality,Forwards,Forwards,A3Z tracked games; five on five,2021–22,20212022,82,8479525,Ross Colton,C,-0.47,2,345.5,345.63,32,0.41,0.17,-0.05,0.22,0.02,FALSE,,0,FALSE,0.75,79.07,0.03,0.47,0.24,,72,194,26,36,29,17,13,0,23,19,11,4,25,45,6,6,4,10,3,16,13,37,1,3,47,77,83,9,4,54,36,17,0,0,5,75,75,9,56,8,3,9.38,6.25,2.95,0,0,0.87,0.12,0.05,25.08,0.14,4.52,6.25,4.34,0,0.36,,1010.62
A3Z physicality,Forwards,Forwards,A3Z tracked games; five on five,2021–22,20212022,83,8478427,Sebastian Aho,C,-0.65,3,425.92,428.45,34,0.43,0.15,-0.07,0.22,-0.01,FALSE,,0,FALSE,0.74,78.82,0.03,0.51,0.21,,72,189,30,47,44,23,22,6,49,30,16,7,54,83,6,8,19,9,10,43,29,31,4,7,109,167,87,11,14,24,30,10,0,6,7,92,92,16,64,4,7,3.38,4.23,1.41,0,0.85,0.99,0.17,0.11,18.81,0.06,4.23,6.62,7.61,0.85,0.44,,1497.35
A3Z physicality,Forwards,Forwards,A3Z tracked games; five on five,2021–22,20212022,84,8478975,Mason Marchment,L,1.55,1,263.9,267.32,21,0.39,0.36,0.15,0.22,-0.01,FALSE,,0,FALSE,0.73,78.57,0.97,0.28,-0.53,,77,212,24,33,21,9,20,2,33,23,5,3,38,50,6,4,10,11,9,32,15,28,3,3,31,51,60,4,4,54,53,2,0,7,4,65,65,7,47,3,6,12.28,12.05,0.45,0,1.59,0.91,0.11,0.13,19.1,0.06,5.46,7.5,8.64,0.45,0.6,,762.4
A3Z physicality,Forwards,Forwards,A3Z tracked games; five on five,2021–22,20212022,85,8476925,Colton Sissons,C,0.02,2,338.1,348.47,29,0.37,0.23,0.01,0.22,0.02,FALSE,,0,FALSE,0.73,78.32,0.51,0.19,0.03,,73,200,21,28,29,8,19,2,29,22,14,3,34,51,6,5,7,9,9,26,12,20,0,0,44,66,43,9,7,64,33,5,0,2,0,41,41,4,27,3,5,11.36,5.86,0.89,0,0.35,0,0.1,0.19,19.65,0.11,3.73,4.97,6.03,0.35,0.21,,1276.82
A3Z physicality,Forwards,Forwards,A3Z tracked games; five on five,2021–22,20212022,86,8479415,Michael McLeod,C,-0.07,3,289.02,295.65,27,0.35,0.2,-0.01,0.21,-0.01,FALSE,,0,FALSE,0.71,78.07,0.67,0.02,0.02,,74,190,14,11,15,9,23,4,38,32,5,3,46,70,8,9,6,20,8,33,14,9,1,0,36,50,31,0,0,48,47,12,1,2,3,37,37,0,24,3,0,9.96,9.76,2.49,0.21,0.42,0.62,0,0,35.23,0.12,2.91,2.28,9.55,0.83,0.6,,1026.1
A3Z physicality,Forwards,Forwards,A3Z tracked games; five on five,2021–22,20212022,87,8471794,Darren Helm,C,-0.54,5,297.82,302.4,36,0.53,0.13,-0.08,0.21,-0.02,TRUE,forecheckPressuresPer60,0,FALSE,0.7,77.82,1.24,-0.72,0.18,,72,192,16,47,13,9,21,3,37,26,9,2,42,52,3,5,11,15,8,41,10,17,3,0,24,42,48,4,4,63,28,8,0,3,1,53,53,0,44,5,7,12.69,5.64,1.61,0,0.6,0.2,0,0.16,26,0.11,3.22,9.47,8.46,0.6,0.22,,717.48
A3Z physicality,Forwards,Forwards,A3Z tracked games; five on five,2021–22,20212022,88,8478366,Frank Vatrano,R,-0.41,4,301.4,306.3,27,0.38,0.18,-0.02,0.2,0.03,FALSE,,0,FALSE,0.68,77.57,0.27,0.26,0.15,,71,203,21,26,27,14,24,1,40,33,7,3,34,53,1,1,7,15,10,31,17,20,0,2,35,60,69,6,1,23,30,11,0,3,1,70,70,7,56,8,4,4.58,5.97,2.19,0,0.6,0.2,0.1,0.07,30.69,0.14,4.18,5.18,6.77,0.2,0.43,,934.3
A3Z physicality,Forwards,Forwards,A3Z tracked games; five on five,2021–22,20212022,89,8478133,Jake Evans,C,-0.62,5,229.83,237.62,19,0.26,0.11,-0.08,0.19,-0.02,FALSE,,0,FALSE,0.65,77.32,-0.42,0.87,0.21,,72,190,20,14,24,2,19,2,25,20,8,1,40,51,2,9,5,13,4,20,12,16,1,1,40,50,41,1,2,17,28,3,0,2,1,42,42,4,32,3,2,4.44,7.31,0.78,0,0.52,0.26,0.1,0.06,26.58,0.09,5.22,3.65,10.44,0.52,0.12,,1122.97
A3Z physicality,Forwards,Forwards,A3Z tracked games; five on five,2021–22,20212022,90,8479772,Zack MacEwen,R,1.8,5,270.15,271.5,30,0.4,0.33,0.14,0.19,-0.02,FALSE,,0,FALSE,0.65,77.07,1.47,-0.29,-0.53,,76,226,17,31,10,4,22,2,31,26,10,6,37,63,12,5,5,5,12,27,14,19,0,1,14,22,39,1,4,67,32,14,0,3,2,48,48,2,29,1,5,14.88,7.11,3.11,0,0.67,0.44,0.04,0.17,32.15,0.03,3.78,6.89,8.22,0.44,0.6,,724.75
A3Z physicality,Forwards,Forwards,A3Z tracked games; five on five,2021–22,20212022,91,8479393,Noah Gregor,L,-0.21,5,205.07,207.07,16,0.25,0.15,-0.05,0.19,-0.02,FALSE,,0,FALSE,0.64,76.82,0.32,0.24,0.08,,72,201,10,11,8,2,21,2,35,27,6,3,37,57,11,4,8,15,9,33,14,19,0,0,17,26,52,1,2,29,18,9,0,0,3,51,51,2,35,4,2,8.49,5.27,2.63,0,0,0.88,0.04,0.06,31,0.11,2.93,3.22,10.83,0.59,0.5,,940.95
A3Z physicality,Forwards,Forwards,A3Z tracked games; five on five,2021–22,20212022,92,8477508,Curtis Lazar,C,-0.14,5,266.23,270.93,26,0.37,0.15,-0.04,0.19,-0.02,FALSE,,0,FALSE,0.64,76.57,0.77,-0.19,0.06,,72,203,12,27,12,7,12,2,21,15,15,3,26,47,9,5,6,8,3,15,15,21,1,1,25,38,50,3,3,60,46,11,0,2,5,49,49,4,33,5,3,13.52,10.37,2.48,0,0.45,1.13,0.08,0.09,20.62,0.15,2.7,6.08,5.86,0.45,0.2,,839.58
A3Z physicality,Forwards,Forwards,A3Z tracked games; five on five,2021–22,20212022,93,8475798,Mikael Granlund,C,-1.05,5,427.1,425.63,30,0.38,0.07,-0.12,0.19,-0.02,FALSE,,0,FALSE,0.64,76.32,0.12,0.18,0.34,,70,193,22,30,23,15,24,3,52,35,15,6,53,78,5,5,17,6,19,47,27,15,7,7,58,95,44,3,4,37,36,6,0,5,5,43,43,3,32,3,3,5.2,5.06,0.84,0,0.7,0.7,0.07,0.09,24.52,0.09,3.09,4.21,7.45,0.42,0.4,,1633.17
A3Z physicality,Forwards,Forwards,A3Z tracked games; five on five,2021–22,20212022,94,8480789,Oliver Wahlstrom,R,0.48,1,324.68,325.08,32,0.44,0.22,0.04,0.19,-0.01,FALSE,,0,FALSE,0.63,76.07,0.98,-0.19,-0.17,,74,205,12,29,19,7,20,4,41,27,8,3,43,60,3,7,14,11,11,38,20,27,1,2,30,49,67,4,3,44,32,9,0,6,4,70,70,8,50,9,1,8.13,5.91,1.66,0,1.11,0.74,0.11,0.02,26.12,0.18,2.22,5.36,7.95,0.74,0.38,,880.3
A3Z physicality,Forwards,Forwards,A3Z tracked games; five on five,2021–22,20212022,95,8478047,Michael Bunting,L,-0.76,3,500.08,502,36,0.46,0.11,-0.08,0.18,-0.01,FALSE,,0,FALSE,0.62,75.81,-0.2,0.58,0.24,,72,186,35,60,48,24,31,1,44,34,8,6,51,70,12,2,10,14,13,44,16,54,9,2,68,116,111,17,9,35,47,10,0,6,10,109,109,15,81,12,6,4.2,5.64,1.2,0,0.72,1.2,0.14,0.07,17.03,0.15,4.2,7.2,6.12,0.12,0.75,,1227.85
A3Z physicality,Forwards,Forwards,A3Z tracked games; five on five,2021–22,20212022,96,8475766,Austin Watson,L,0.95,3,230.2,235.13,21,0.31,0.27,0.09,0.18,-0.01,FALSE,,0,FALSE,0.62,75.56,1.42,-0.49,-0.32,,76,203,10,14,19,3,11,0,30,12,11,6,35,63,7,6,18,3,4,30,22,12,1,0,20,24,25,0,1,70,24,17,0,1,3,34,34,1,27,0,2,18.25,6.26,4.43,0,0.26,0.78,0.03,0.07,41.39,0,2.61,3.65,9.12,0,0.55,,803.43
A3Z physicality,Forwards,Forwards,A3Z tracked games; five on five,2021–22,20212022,97,8478413,Jordan Greenway,L,2.52,3,312.37,317.1,27,0.44,0.42,0.24,0.18,-0.01,FALSE,,0,FALSE,0.61,75.31,0.87,0.58,-0.83,,78,231,25,37,22,5,20,1,44,26,8,2,40,60,4,4,18,12,10,43,21,24,7,2,39,55,59,5,2,60,41,8,0,6,3,56,56,6,46,4,3,11.52,7.88,1.54,0,1.15,0.58,0.11,0.07,23.93,0.09,4.8,7.11,7.68,0.19,0.25,,902.87
A3Z physicality,Forwards,Forwards,A3Z tracked games; five on five,2021–22,20212022,98,8470621,Corey Perry,R,0.94,1,379.73,384.98,35,0.43,0.27,0.08,0.18,-0.01,FALSE,,0,FALSE,0.61,75.06,0.34,0.59,-0.32,,75,210,25,28,31,13,19,1,35,26,10,4,47,66,6,10,9,6,11,32,15,24,8,2,38,77,57,6,2,36,38,8,0,6,8,66,66,12,52,6,4,5.69,6,1.26,0,0.95,1.26,0.18,0.08,16.06,0.12,3.95,4.42,7.43,0.16,0.4,,1108.03
A3Z physicality,Forwards,Forwards,A3Z tracked games; five on five,2021–22,20212022,99,8477996,Juho Lammikko,C,-0.04,3,243.33,251.23,25,0.33,0.17,-0.01,0.18,-0.01,FALSE,,0,FALSE,0.6,74.81,0.45,0.15,0.01,,74,191,16,16,12,8,9,3,6,5,9,4,18,21,5,3,1,2,3,9,0,17,0,0,17,28,31,4,4,30,13,14,0,0,4,28,28,2,22,3,4,7.4,3.21,3.45,0,0,0.99,0.07,0.18,26.7,0.14,3.95,3.95,4.44,0.74,0.44,,920.88
A3Z physicality,Forwards,Forwards,A3Z tracked games; five on five,2021–22,20212022,100,8480829,Jesperi Kotkaniemi,C,1.01,5,304.85,311.87,29,0.44,0.24,0.07,0.18,-0.02,FALSE,,0,FALSE,0.6,74.56,0.5,0.39,-0.29,,75,212,30,39,49,20,16,3,42,25,13,7,38,68,6,4,17,9,6,36,25,26,4,1,63,102,45,6,6,33,28,8,0,4,3,41,41,4,34,4,2,6.49,5.51,1.57,0,0.79,0.59,0.1,0.06,22,0.12,5.9,7.68,7.48,0.59,0.54,,793.53
A3Z physicality,Forwards,Forwards,A3Z tracked games; five on five,2021–22,20212022,101,8478542,Evan Rodrigues,C,-1.18,1,422.65,428.97,33,0.4,0.05,-0.13,0.18,-0.01,FALSE,,0,FALSE,0.6,74.31,0.38,-0.18,0.39,,71,182,18,31,38,21,31,5,56,44,17,5,53,82,6,6,12,16,14,44,27,35,6,8,78,113,100,7,3,46,44,13,0,4,5,111,111,5,88,9,3,6.53,6.25,1.85,0,0.57,0.71,0.05,0.03,30.61,0.1,2.56,4.4,7.52,0.71,0.29,,1298.63
A3Z physicality,Forwards,Forwards,A3Z tracked games; five on five,2021–22,20212022,102,8476826,Yanni Gourde,C,-2.06,4,348.42,352.48,25,0.34,-0.01,-0.18,0.18,0.03,FALSE,,0,FALSE,0.6,74.06,-0.07,-0.04,0.71,,69,173,18,37,57,26,38,6,44,38,9,4,60,85,5,3,6,6,18,34,18,14,7,5,81,121,50,1,10,22,34,6,0,5,2,53,53,4,34,3,7,3.79,5.86,1.03,0,0.86,0.34,0.08,0.21,25.96,0.09,3.1,6.37,10.33,1.03,0.44,,1367.77
A3Z physicality,Forwards,Forwards,A3Z tracked games; five on five,2021–22,20212022,103,8477021,Alexander Kerfoot,C,-1.07,4,453.43,461.63,36,0.44,0.09,-0.09,0.18,0.03,FALSE,,0,FALSE,0.59,73.56,-0.26,0.47,0.38,,71,185,33,42,45,23,45,9,61,45,12,2,78,112,14,4,16,23,11,56,25,17,8,2,64,106,53,4,3,28,50,22,0,2,3,56,56,6,40,2,1,3.71,6.62,2.91,0,0.26,0.4,0.11,0.03,26.28,0.05,4.37,5.56,10.32,1.19,0.17,,1247.6
A3Z physicality,Forwards,Forwards,A3Z tracked games; five on five,2021–22,20212022,104,8474062,Riley Nash,C,-0.45,4,152.32,157.1,17,0.35,0.15,-0.02,0.18,0.03,FALSE,,0,FALSE,0.59,73.31,0.14,0.28,0.17,locatedAttempts; typedShotsOnNet,73,187,10,18,9,4,15,6,30,22,7,2,36,54,5,2,8,8,7,26,14,11,2,0,15,24,17,2,1,11,17,6,0,2,4,19,19,0,12,0,1,4.33,6.7,2.36,0,0.79,1.58,0,0.08,30.68,0,3.94,7.09,14.18,2.36,0.29,,559.95
A3Z physicality,Forwards,Forwards,A3Z tracked games; five on five,2021–22,20212022,105,8478402,Connor McDavid,C,-0.2,3,635.77,643.12,38,0.48,0.15,-0.02,0.17,-0.01,FALSE,,0,FALSE,0.58,73.06,-0.31,0.84,0.06,,73,194,45,57,110,45,112,14,111,101,15,6,153,188,10,8,10,41,47,100,28,41,24,13,199,290,134,12,4,31,50,11,0,8,6,126,126,23,107,22,4,2.93,4.72,1.04,0,0.75,0.57,0.18,0.04,16.14,0.21,4.25,5.38,14.44,1.32,0.4,,1765.3
A3Z physicality,Forwards,Forwards,A3Z tracked games; five on five,2021–22,20212022,106,8473473,Milan Lucic,L,1.9,1,356.95,361.23,33,0.4,0.35,0.18,0.17,-0.01,FALSE,,0,FALSE,0.58,72.81,1.53,-0.3,-0.65,,75,236,22,44,38,12,24,3,42,33,12,4,54,86,17,10,9,5,19,43,16,20,4,1,51,70,41,3,0,92,35,10,1,2,2,37,37,2,28,2,2,15.46,5.88,1.68,0.17,0.34,0.34,0.05,0.07,31.06,0.07,3.7,7.4,9.08,0.5,0.33,,1005.03
A3Z physicality,Forwards,Forwards,A3Z tracked games; five on five,2021–22,20212022,107,8471675,Sidney Crosby,C,-0.52,5,389.03,391.9,26,0.38,0.1,-0.07,0.17,-0.02,FALSE,,0,FALSE,0.57,72.56,-0.04,0.44,0.18,,71,200,22,30,56,29,32,4,41,34,16,5,57,77,6,8,7,7,16,34,19,23,10,9,99,172,65,7,6,28,25,6,0,3,4,64,64,8,49,10,4,4.32,3.86,0.93,0,0.46,0.62,0.12,0.08,16.46,0.2,3.39,4.63,8.79,0.62,0.31,,1378.23
A3Z physicality,Forwards,Forwards,A3Z tracked games; five on five,2021–22,20212022,108,8477497,Sean Monahan,C,0.52,5,333.88,339.23,30,0.46,0.19,0.02,0.17,-0.02,FALSE,,0,FALSE,0.57,72.31,0.74,-0.03,-0.14,,74,206,18,29,32,7,31,9,37,33,8,2,53,78,4,3,4,14,8,26,17,22,1,1,57,75,49,2,4,37,17,8,0,3,1,51,51,3,37,2,2,6.65,3.05,1.44,0,0.54,0.18,0.06,0.05,26.4,0.05,3.23,5.21,9.52,1.62,0.25,,914.17
A3Z physicality,Forwards,Forwards,A3Z tracked games; five on five,2021–22,20212022,109,8474589,Tyler Ennis,R,-2.54,2,233,233.02,21,0.37,-0.16,-0.33,0.16,0.02,TRUE,weight,0,FALSE,0.54,72.06,-0.53,-0.07,1.15,,69,160,11,16,13,4,19,4,30,23,4,2,38,54,3,6,7,12,7,24,14,23,1,3,19,27,49,2,4,22,21,9,0,0,1,36,36,4,28,4,4,5.67,5.41,2.32,0,0,0.26,0.11,0.14,21.65,0.14,2.83,4.12,9.79,1.03,0.5,,714.93
A3Z physicality,Forwards,Forwards,A3Z tracked games; five on five,2021–22,20212022,110,8478483,Mitch Marner,R,-0.98,4,481.18,484.48,33,0.46,0.08,-0.08,0.16,0.03,FALSE,,0,FALSE,0.54,71.8,-0.07,0.27,0.35,,72,180,34,49,67,36,38,4,66,50,22,9,66,101,6,6,16,13,23,48,37,42,15,14,122,184,122,6,6,21,28,12,0,5,2,97,97,4,64,6,7,2.62,3.49,1.5,0,0.62,0.25,0.04,0.11,32.56,0.09,4.24,6.11,8.23,0.5,0.41,,1503.57
A3Z physicality,Forwards,Forwards,A3Z tracked games; five on five,2021–22,20212022,111,8480801,Brady Tkachuk,L,1.8,5,356.18,361.5,25,0.32,0.3,0.14,0.16,-0.02,FALSE,,0,FALSE,0.54,71.55,1.51,-0.44,-0.53,,76,226,19,41,32,9,32,5,41,33,12,1,57,80,6,9,8,10,15,34,17,29,6,6,52,73,69,4,4,80,36,7,0,8,3,62,62,8,46,4,5,13.48,6.06,1.18,0,1.35,0.51,0.13,0.11,31.38,0.09,3.2,6.91,9.6,0.84,0.08,,1485.12
A3Z physicality,Forwards,Forwards,A3Z tracked games; five on five,2021–22,20212022,112,8479314,Matthew Tkachuk,L,0.37,3,461.2,467.45,33,0.4,0.19,0.03,0.16,-0.01,FALSE,,0,FALSE,0.52,71.3,0.3,0.35,-0.13,,74,202,29,44,50,21,45,4,86,65,11,5,78,124,8,10,21,4,33,68,42,32,11,3,80,141,100,3,12,42,29,8,0,5,7,98,98,19,61,4,8,5.46,3.77,1.04,0,0.65,0.91,0.19,0.13,19.71,0.07,3.77,5.72,10.15,0.52,0.45,,1467.75
A3Z physicality,Forwards,Forwards,A3Z tracked games; five on five,2021–22,20212022,113,8475184,Chris Kreider,L,1.75,4,456.12,460.07,35,0.43,0.35,0.2,0.15,0.03,FALSE,,0,FALSE,0.51,71.05,0.52,0.56,-0.57,,75,232,33,39,18,8,23,1,49,32,13,4,37,71,4,3,17,7,13,33,35,22,0,2,42,71,95,10,9,61,15,10,0,2,2,94,94,15,71,7,9,8.02,1.97,1.32,0,0.26,0.26,0.16,0.13,20.32,0.1,4.34,5.13,4.87,0.13,0.31,,1517.13
A3Z physicality,Forwards,Forwards,A3Z tracked games; five on five,2021–22,20212022,114,8471887,Patric Hornqvist,R,-0.92,5,248.15,252.72,26,0.4,0.04,-0.11,0.15,-0.02,FALSE,,0,FALSE,0.5,70.8,0.23,-0.03,0.3,,71,189,13,25,19,10,7,4,22,10,5,4,20,32,0,2,12,3,4,21,13,26,4,0,21,35,59,3,4,41,38,7,0,1,3,60,60,7,47,5,5,9.91,9.19,1.69,0,0.24,0.73,0.12,0.11,18.81,0.11,3.14,6.04,4.84,0.97,0.8,,823.57
A3Z physicality,Forwards,Forwards,A3Z tracked games; five on five,2021–22,20212022,115,8470794,Joe Pavelski,C,-0.12,1,435.38,440.27,31,0.38,0.12,-0.02,0.14,-0.01,FALSE,,0,FALSE,0.49,70.55,0.41,0.04,0.04,,73,196,21,36,26,11,26,7,58,34,23,8,61,95,9,5,24,4,17,53,34,26,5,6,71,115,72,8,8,43,19,29,0,1,2,71,71,8,53,3,9,5.93,2.62,4,0,0.14,0.28,0.11,0.17,23.54,0.06,2.89,4.96,8.41,0.96,0.35,,1514.87
A3Z physicality,Forwards,Forwards,A3Z tracked games; five on five,2021–22,20212022,116,8476919,Chris Tierney,C,-0.31,2,232.45,234.67,22,0.31,0.11,-0.03,0.14,0.02,FALSE,,0,FALSE,0.48,70.3,-0.15,0.46,0.17,typedShotsOnNet,73,191,20,15,24,2,19,9,33,26,9,0,50,77,6,10,7,7,9,26,19,8,5,1,43,52,15,1,0,12,12,13,0,1,1,20,20,3,15,3,3,3.1,3.1,3.36,0,0.26,0.26,0.15,0.2,26.04,0.2,5.16,3.87,12.91,2.32,0,,869.02
A3Z physicality,Forwards,Forwards,A3Z tracked games; five on five,2021–22,20212022,117,8476292,Ondrej Palat,L,-0.47,2,415.67,419.27,32,0.42,0.08,-0.05,0.14,0.02,FALSE,,0,FALSE,0.47,70.05,0.43,-0.2,0.24,,72,194,20,44,34,18,26,3,61,44,6,5,56,108,11,8,17,7,18,53,30,18,2,4,66,114,62,4,6,47,45,15,0,5,1,71,71,3,54,5,8,6.78,6.5,2.17,0,0.72,0.14,0.04,0.15,24.04,0.09,2.89,6.35,8.08,0.43,0.83,,1270.25
A3Z physicality,Forwards,Forwards,A3Z tracked games; five on five,2021–22,20212022,118,8479675,Trevor Moore,L,-0.7,1,404.48,412.18,32,0.4,0.05,-0.08,0.13,-0.01,FALSE,,0,FALSE,0.43,69.55,-0.09,0.28,0.23,,71,195,20,31,31,13,43,4,73,62,10,6,59,91,3,4,11,32,16,51,35,30,12,3,77,107,85,8,4,31,45,8,0,4,4,103,103,17,74,10,6,4.6,6.68,1.19,0,0.59,0.59,0.17,0.08,18.25,0.14,2.97,4.6,8.75,0.59,0.6,,1270.68
A3Z physicality,Forwards,Forwards,A3Z tracked games; five on five,2021–22,20212022,119,8474586,Jordan Eberle,R,-1.26,4,398.22,400.35,28,0.35,0.02,-0.1,0.13,0.03,FALSE,,0,FALSE,0.43,69.3,-0.4,0.39,0.44,,71,180,26,23,32,12,34,4,68,52,10,2,56,89,2,8,16,10,27,45,40,18,8,1,59,91,67,5,2,18,25,15,0,1,0,67,67,8,51,11,2,2.71,3.77,2.26,0,0.15,0,0.12,0.04,20.62,0.22,3.92,3.47,8.44,0.6,0.2,,1418.23
A3Z physicality,Forwards,Forwards,A3Z tracked games; five on five,2021–22,20212022,120,8475855,Jesper Fast,R,-0.31,4,446.27,452.12,35,0.43,0.11,-0.01,0.12,0.03,FALSE,,0,FALSE,0.41,69.05,-0.19,0.48,0.12,,73,191,32,54,35,18,15,4,52,30,14,2,40,69,2,2,22,4,8,45,30,22,2,2,45,80,56,6,5,42,45,15,0,1,0,65,65,7,46,5,5,5.65,6.05,2.02,0,0.13,0,0.11,0.11,18.87,0.11,4.3,7.26,5.38,0.54,0.14,,1214.47
A3Z physicality,Forwards,Forwards,A3Z tracked games; five on five,2021–22,20212022,121,8478466,Daniel Sprong,R,-0.43,3,262.48,267.9,23,0.37,0.08,-0.04,0.12,-0.01,FALSE,,0,FALSE,0.41,68.8,0,0.27,0.13,,72,195,18,19,16,10,20,2,30,28,3,1,35,55,8,6,2,10,10,24,13,24,5,3,35,56,64,2,1,18,18,6,0,2,1,63,63,2,46,1,3,4.11,4.11,1.37,0,0.46,0.23,0.03,0.07,30.61,0.02,4.11,4.34,8,0.46,0.33,,818.2
A3Z physicality,Forwards,Forwards,A3Z tracked games; five on five,2021–22,20212022,122,8477956,David Pastrnak,R,-0.28,1,380.15,379.17,27,0.38,0.08,-0.04,0.12,-0.01,FALSE,,0,FALSE,0.41,68.55,0.12,0.19,0.09,,72,199,19,20,30,19,21,4,36,30,6,2,37,55,5,4,6,10,12,31,14,37,2,8,62,94,113,6,0,27,27,5,0,5,3,101,101,8,74,7,0,4.26,4.26,0.79,0,0.79,0.47,0.08,0,32.45,0.09,3,3.16,5.84,0.63,0.33,,1339.75
A3Z physicality,Forwards,Forwards,A3Z tracked games; five on five,2021–22,20212022,123,8473419,Brad Marchand,L,-1.8,1,331.35,329.43,25,0.36,-0.07,-0.19,0.12,-0.01,FALSE,,0,FALSE,0.4,68.3,0.31,-0.51,0.6,,69,180,15,37,31,22,25,0,39,34,2,1,35,50,3,3,5,13,12,33,14,22,4,9,95,129,71,5,4,26,26,3,0,7,5,67,67,2,55,6,3,4.71,4.71,0.54,0,1.27,0.91,0.03,0.05,31.62,0.11,2.72,6.7,6.34,0,0.5,,1347.38
A3Z physicality,Forwards,Forwards,A3Z tracked games; five on five,2021–22,20212022,124,8478519,Anthony Cirelli,C,-0.23,3,451.08,455.43,34,0.45,0.09,-0.03,0.12,-0.01,FALSE,,0,FALSE,0.39,68.05,0.03,0.29,0.07,,73,193,31,58,43,16,43,3,66,47,25,10,71,94,6,6,19,26,18,66,23,16,5,2,75,126,61,4,6,25,45,15,1,5,11,61,61,6,46,4,3,3.33,5.99,2,0.13,0.67,1.46,0.1,0.07,25.3,0.09,4.12,7.71,9.44,0.4,0.4,,1391.73
A3Z physicality,Forwards,Forwards,A3Z tracked games; five on five,2021–22,20212022,125,8476880,Tom Wilson,R,1.76,1,401.05,404.55,30,0.38,0.28,0.17,0.11,-0.01,FALSE,,0,FALSE,0.39,67.79,1.05,-0.06,-0.6,,76,225,22,29,26,16,32,3,51,46,25,8,57,98,14,8,5,17,13,37,24,26,2,4,41,75,60,1,6,83,49,17,1,2,7,58,58,1,35,1,3,12.42,7.33,2.54,0.15,0.3,1.05,0.02,0.09,28.36,0.03,3.29,4.34,8.53,0.45,0.32,,1449.42
A3Z physicality,Forwards,Forwards,A3Z tracked games; five on five,2021–22,20212022,126,8479514,Rem Pitlick,C,-1.03,2,221.6,222.78,20,0.3,-0.02,-0.13,0.11,0.02,FALSE,,0,FALSE,0.38,67.54,-0.5,0.39,0.49,locatedAttempts; typedShotsOnNet,71,186,10,17,14,6,19,2,26,20,5,0,30,44,5,3,6,10,7,24,10,4,3,0,30,44,13,1,2,6,19,12,0,3,0,13,13,3,12,1,0,1.62,5.14,3.25,0,0.81,0,0.23,0,15,0.08,2.71,4.6,8.12,0.54,0,,988.87
A3Z physicality,Forwards,Forwards,A3Z tracked games; five on five,2021–22,20212022,127,8475191,Reilly Smith,R,-0.53,1,317.03,320.28,25,0.45,0.05,-0.06,0.11,-0.01,FALSE,,0,FALSE,0.37,67.29,-0.05,0.24,0.17,,73,185,17,20,18,15,22,2,43,34,12,5,48,75,10,7,9,8,14,37,22,21,2,4,47,85,72,6,5,25,31,8,0,2,1,68,68,7,53,7,3,4.73,5.87,1.51,0,0.38,0.19,0.1,0.06,26.78,0.13,3.22,3.79,9.08,0.38,0.42,,995.88
A3Z physicality,Forwards,Forwards,A3Z tracked games; five on five,2021–22,20212022,128,8477290,Michael Raffl,L,0.21,3,346.7,349.3,29,0.38,0.13,0.02,0.11,-0.01,FALSE,,0,FALSE,0.37,67.04,0.17,0.27,-0.07,,73,205,22,31,21,8,26,3,45,29,14,6,50,72,10,5,16,11,12,48,18,13,2,3,37,56,36,2,1,63,38,14,0,0,1,39,39,3,29,2,2,10.9,6.58,2.42,0,0,0.17,0.08,0.07,25.5,0.07,3.81,5.36,8.65,0.52,0.43,,1104.75
A3Z physicality,Forwards,Forwards,A3Z tracked games; five on five,2021–22,20212022,129,8480797,Joel Farabee,L,-0.76,2,293.57,294.22,24,0.38,0.01,-0.09,0.1,0.02,FALSE,,0,FALSE,0.35,66.79,-0.26,0.24,0.37,,72,186,18,20,16,6,16,0,27,23,4,3,31,44,6,6,4,8,10,26,8,12,1,3,38,53,44,3,5,29,34,6,0,2,3,39,39,2,28,2,2,5.93,6.95,1.23,0,0.41,0.61,0.05,0.07,26.87,0.07,3.68,4.09,6.34,0,0.75,,1107.98
A3Z physicality,Forwards,Forwards,A3Z tracked games; five on five,2021–22,20212022,130,8480015,Owen Tippett,R,0.39,4,199,202.2,19,0.3,0.16,0.06,0.1,0.03,FALSE,,0,FALSE,0.35,66.54,0.64,-0.17,-0.11,,73,210,9,19,8,5,16,4,33,25,7,2,31,46,3,2,8,6,10,27,16,18,2,2,22,40,45,3,3,29,24,3,0,4,2,40,40,5,31,3,4,8.74,7.24,0.9,0,1.21,0.6,0.12,0.13,24.55,0.1,2.71,5.73,9.35,1.21,0.29,,845.63
A3Z physicality,Forwards,Forwards,A3Z tracked games; five on five,2021–22,20212022,131,8479291,Kevin Rooney,C,-0.07,3,315.55,323.22,28,0.46,0.09,-0.01,0.1,-0.01,FALSE,,0,FALSE,0.35,66.29,0.12,0.21,0.02,,74,190,18,25,15,6,15,3,34,23,5,3,34,63,9,1,11,10,7,33,17,10,0,1,26,41,27,3,1,37,36,12,0,2,3,28,28,2,26,5,2,7.04,6.85,2.28,0,0.38,0.57,0.07,0.08,23.35,0.19,3.42,4.75,6.46,0.57,0.6,,844.85
A3Z physicality,Forwards,Forwards,A3Z tracked games; five on five,2021–22,20212022,132,8481624,Ilya Mikheyev,R,0,5,273.12,276.98,22,0.42,0.07,-0.03,0.1,-0.02,FALSE,,0,FALSE,0.34,66.04,-0.23,0.56,0.02,,74,192,26,29,19,10,25,2,30,28,4,2,36,54,4,3,2,11,7,22,12,22,2,3,31,41,50,2,4,25,21,7,0,0,3,54,54,7,45,5,2,5.49,4.61,1.54,0,0,0.66,0.13,0.04,22.41,0.11,5.71,6.37,7.91,0.44,0.5,,808.73
A3Z physicality,Forwards,Forwards,A3Z tracked games; five on five,2021–22,20212022,133,8470619,Brian Boyle,C,3.04,5,270.12,274.67,32,0.48,0.35,0.25,0.1,-0.02,TRUE,weight,0,FALSE,0.34,65.79,1.33,-0.08,-0.91,,78,245,13,23,12,4,18,2,30,17,13,2,35,51,7,2,13,7,7,29,19,11,1,0,12,26,34,2,2,43,25,14,1,2,1,49,49,6,39,8,1,9.55,5.55,3.11,0.22,0.44,0.22,0.12,0.03,28.6,0.21,2.89,5.11,7.77,0.44,0.15,,712.07
A3Z physicality,Forwards,Forwards,A3Z tracked games; five on five,2021–22,20212022,134,8474176,Carl Hagelin,L,-0.87,2,284.92,289.67,24,0.45,-0.01,-0.11,0.1,0.02,FALSE,,0,FALSE,0.33,65.54,-0.7,0.61,0.42,,72,183,24,20,36,23,11,2,30,13,9,4,33,44,7,2,17,2,7,40,10,10,4,1,43,76,29,3,1,13,15,5,0,1,3,39,39,4,25,2,0,2.74,3.16,1.05,0,0.21,0.63,0.1,0,36.4,0.08,5.05,4.21,6.95,0.42,0.44,,754.57
A3Z physicality,Forwards,Forwards,A3Z tracked games; five on five,2021–22,20212022,135,8476851,Alex Galchenyuk,C,-0.2,5,152.18,152.55,12,0.2,0.05,-0.04,0.1,-0.02,FALSE,,0,FALSE,0.33,65.29,-0.28,0.54,0.08,,73,194,5,4,3,4,6,1,12,10,4,0,14,24,3,3,2,1,4,9,7,8,0,2,17,28,21,4,0,13,20,4,0,1,1,26,26,1,20,6,0,5.13,7.89,1.58,0,0.39,0.39,0.04,0,23.19,0.3,1.97,1.58,5.52,0.39,0,,789.2
A3Z physicality,Forwards,Forwards,A3Z tracked games; five on five,2021–22,20212022,136,8473544,Derick Brassard,C,0.02,2,190.43,188.52,18,0.39,0.11,0.01,0.1,0.02,FALSE,,0,FALSE,0.33,65.04,0.47,-0.17,0.03,locatedAttempts; typedShotsOnNet,73,200,8,9,12,4,9,1,29,17,8,4,26,41,2,5,12,3,6,26,16,8,2,3,28,43,15,4,0,28,18,2,0,2,1,17,17,3,16,0,1,8.82,5.67,0.63,0,0.63,0.32,0.18,0.06,26.17,0,2.52,2.84,8.19,0.32,0.5,,593.78
A3Z physicality,Forwards,Forwards,A3Z tracked games; five on five,2021–22,20212022,137,8475193,Tomas Tatar,L,-1.79,1,341.62,345.68,28,0.37,-0.1,-0.19,0.09,-0.01,FALSE,,0,FALSE,0.32,64.79,-0.26,-0.02,0.6,,70,173,15,23,19,13,24,2,42,34,16,6,40,71,11,4,8,13,10,33,19,14,4,2,40,75,63,3,1,19,25,7,0,3,3,67,67,4,48,6,2,3.34,4.39,1.23,0,0.53,0.53,0.06,0.04,26.17,0.12,2.63,4.04,7.03,0.35,0.38,,1127.25
A3Z physicality,Forwards,Forwards,A3Z tracked games; five on five,2021–22,20212022,138,8479351,Sam Steel,C,-0.8,4,231.1,230.42,21,0.31,0.03,-0.06,0.09,0.03,FALSE,,0,FALSE,0.31,64.54,0.06,-0.04,0.29,locatedAttempts; typedShotsOnNet,72,185,11,11,14,5,22,2,30,27,8,2,34,52,8,4,3,11,10,24,11,10,1,1,31,42,19,0,1,8,25,8,0,4,0,17,17,2,16,3,4,2.08,6.49,2.08,0,1.04,0,0.12,0.25,24.35,0.19,2.86,2.86,8.83,0.52,0.25,,837.22
A3Z physicality,Forwards,Forwards,A3Z tracked games; five on five,2021–22,20212022,139,8473986,Alex Killorn,L,0.21,5,433.07,436.43,35,0.43,0.08,-0.01,0.09,-0.02,FALSE,,0,FALSE,0.31,64.29,0.03,0.33,-0.05,,73,205,26,32,29,22,43,1,71,52,18,3,76,112,9,8,19,13,20,64,30,22,4,1,50,97,61,1,5,33,41,9,0,6,8,61,61,6,42,3,3,4.57,5.68,1.25,0,0.83,1.11,0.1,0.07,22.36,0.07,3.6,4.43,10.53,0.14,0.17,,1532.73
A3Z physicality,Forwards,Forwards,A3Z tracked games; five on five,2021–22,20212022,140,8476469,Joel Armia,R,1.12,4,178.53,179.65,17,0.28,0.22,0.13,0.09,0.03,FALSE,,0,FALSE,0.3,64.04,0.2,0.46,-0.36,typedShotsOnNet,75,215,12,16,10,6,12,0,26,18,8,4,29,44,5,6,8,9,3,25,13,11,0,0,17,23,22,0,1,25,11,3,0,1,2,27,27,0,17,1,2,8.4,3.7,1.01,0,0.34,0.67,0,0.12,23.41,0.06,4.03,5.38,9.75,0,0.5,,823.3
A3Z physicality,Forwards,Forwards,A3Z tracked games; five on five,2021–22,20212022,141,8478431,Evgeny Svechnikov,L,0.86,4,297.38,301.5,30,0.42,0.19,0.11,0.09,0.03,FALSE,,0,FALSE,0.29,63.78,0.25,0.31,-0.27,,75,208,17,25,20,10,20,4,40,28,8,4,41,67,7,6,12,4,12,31,25,15,2,1,34,62,35,4,5,36,28,9,0,2,3,36,36,2,31,1,5,7.26,5.65,1.82,0,0.4,0.61,0.06,0.16,21.31,0.03,3.43,5.04,8.27,0.81,0.5,,774.37
A3Z physicality,Forwards,Forwards,A3Z tracked games; five on five,2021–22,20212022,142,8477953,Kasperi Kapanen,R,-0.2,4,419.8,421.65,34,0.43,0.09,0,0.08,0.03,FALSE,,0,FALSE,0.29,63.53,-0.04,0.24,0.08,,73,194,25,25,35,24,13,0,35,19,6,3,32,52,6,5,16,7,6,32,23,26,1,3,68,92,82,2,2,52,34,9,0,2,6,69,69,5,58,4,3,7.43,4.86,1.29,0,0.29,0.86,0.07,0.05,28,0.07,3.57,3.57,4.57,0,0.5,,1148.05
A3Z physicality,Forwards,Forwards,A3Z tracked games; five on five,2021–22,20212022,143,8478474,Lawson Crouse,L,1.35,3,219.7,224.32,17,0.26,0.21,0.13,0.08,-0.01,FALSE,,0,FALSE,0.28,63.28,1.48,-0.75,-0.45,,76,214,5,20,9,6,13,1,22,17,5,1,23,34,1,2,5,5,7,19,9,9,0,0,18,31,31,0,1,49,20,9,0,3,1,31,31,2,23,2,1,13.38,5.46,2.46,0,0.82,0.27,0.06,0.04,29,0.09,1.37,5.46,6.28,0.27,0.2,,1132.93
A3Z physicality,Forwards,Forwards,A3Z tracked games; five on five,2021–22,20212022,144,8476921,Jordan Martinook,L,0.32,5,266.78,272.43,26,0.44,0.09,0,0.08,-0.02,FALSE,,0,FALSE,0.28,63.03,0.19,0.17,-0.08,,73,208,23,33,23,11,12,1,27,14,11,3,29,44,6,2,13,3,7,31,13,28,3,2,36,51,57,1,9,35,48,6,0,4,2,52,52,4,29,5,3,7.87,10.8,1.35,0,0.9,0.45,0.08,0.1,27.49,0.17,5.17,7.42,6.52,0.22,0.27,,660.85
A3Z physicality,Forwards,Forwards,A3Z tracked games; five on five,2021–22,20212022,145,8476887,Filip Forsberg,L,0.21,3,367.82,368.85,26,0.38,0.1,0.02,0.08,-0.01,FALSE,,0,FALSE,0.28,62.78,0.51,-0.15,-0.07,,73,205,18,32,28,12,27,2,51,42,20,9,47,93,9,10,9,13,11,30,33,30,12,2,58,86,86,7,5,38,20,19,0,1,4,80,80,5,56,7,6,6.2,3.26,3.1,0,0.16,0.65,0.06,0.11,26.73,0.12,2.94,5.22,7.67,0.33,0.45,,1248.75
A3Z physicality,Forwards,Forwards,A3Z tracked games; five on five,2021–22,20212022,146,8477416,Oliver Bjorkstrand,R,-1.17,2,292.83,294.43,21,0.26,-0.07,-0.15,0.08,0.02,FALSE,,0,FALSE,0.27,62.53,-0.76,0.48,0.55,,72,175,21,44,28,11,34,4,41,33,10,2,54,71,6,7,8,12,16,38,13,33,3,0,46,69,69,3,1,12,17,8,0,1,1,61,61,2,41,6,0,2.46,3.48,1.64,0,0.2,0.2,0.03,0,26.63,0.15,4.3,9.02,11.06,0.82,0.2,,1435.98
A3Z physicality,Forwards,Forwards,A3Z tracked games; five on five,2021–22,20212022,147,8477482,Zachary Sanford,L,1.06,2,292.95,299.85,24,0.3,0.22,0.15,0.08,0.02,FALSE,,0,FALSE,0.26,62.28,0.4,0.3,-0.43,,76,206,18,29,22,5,18,4,34,27,10,3,39,66,6,8,7,7,11,25,19,23,2,1,30,46,42,0,3,52,29,21,0,0,6,41,41,2,29,3,1,10.65,5.94,4.3,0,0,1.23,0.05,0.03,26.08,0.1,3.69,5.94,7.99,0.82,0.3,,1143.92
A3Z physicality,Forwards,Forwards,A3Z tracked games; five on five,2021–22,20212022,148,8478449,Roope Hintz,C,1.19,5,407.33,412.48,31,0.39,0.16,0.08,0.08,-0.02,FALSE,,0,FALSE,0.26,62.03,0.03,0.59,-0.35,,75,217,30,32,37,15,30,3,46,35,30,7,57,82,7,5,11,12,12,42,20,21,8,5,84,123,80,8,5,26,27,18,0,3,8,80,80,6,57,8,6,3.83,3.98,2.65,0,0.44,1.18,0.07,0.11,21.03,0.14,4.42,4.71,8.4,0.44,0.23,,1442.88
A3Z physicality,Forwards,Forwards,A3Z tracked games; five on five,2021–22,20212022,149,8476889,Radek Faksa,C,1.16,5,389.18,396.73,30,0.39,0.15,0.08,0.07,-0.02,FALSE,,0,FALSE,0.25,61.78,0.63,-0.05,-0.34,,75,216,24,43,19,10,20,7,41,22,15,5,62,85,12,10,19,5,10,45,23,19,0,2,28,50,43,4,4,43,44,21,0,6,4,51,51,6,36,2,3,6.63,6.78,3.24,0,0.93,0.62,0.12,0.08,21.02,0.06,3.7,6.63,9.56,1.08,0.33,,1214.2
A3Z physicality,Forwards,Forwards,A3Z tracked games; five on five,2021–22,20212022,150,8481477,Nico Sturm,C,0.9,3,329.53,333.67,35,0.47,0.16,0.08,0.07,-0.01,FALSE,,0,FALSE,0.24,61.53,0.19,0.35,-0.3,,75,209,21,29,26,9,18,4,34,23,11,4,35,55,5,2,11,11,6,30,18,10,6,0,34,60,45,5,7,49,41,11,0,2,3,42,42,4,34,8,3,8.92,7.47,2,0,0.36,0.55,0.1,0.09,21.98,0.24,3.82,5.28,6.37,0.73,0.36,,880.92
A3Z physicality,Forwards,Forwards,A3Z tracked games; five on five,2021–22,20212022,151,8478585,Derek Ryan,C,-1.34,4,358.77,359.47,36,0.48,-0.04,-0.11,0.07,0.03,FALSE,,0,FALSE,0.24,61.28,-0.61,0.38,0.47,,70,185,26,37,25,10,21,4,45,27,13,3,50,72,2,9,18,8,10,35,30,25,3,4,52,79,43,3,3,16,37,12,0,2,3,57,57,8,49,7,6,2.68,6.19,2.01,0,0.33,0.5,0.14,0.12,24.52,0.14,4.35,6.19,8.36,0.67,0.23,,857.32
A3Z physicality,Forwards,Forwards,A3Z tracked games; five on five,2021–22,20212022,152,8474102,David Perron,L,-0.17,5,344.85,349.77,26,0.39,0.02,-0.04,0.07,-0.02,FALSE,,0,FALSE,0.23,61.03,0.26,-0.1,0.07,,72,202,20,32,36,24,30,1,41,32,10,6,44,66,4,6,9,9,16,33,20,21,3,2,45,79,59,0,2,33,17,4,0,2,5,49,49,2,34,1,2,5.74,2.96,0.7,0,0.35,0.87,0.04,0.06,30.07,0.03,3.48,5.57,7.66,0.17,0.6,,1138.08
A3Z physicality,Forwards,Forwards,A3Z tracked games; five on five,2021–22,20212022,153,8477341,Andreas Johnsson,L,-0.97,1,331.38,336.67,26,0.37,-0.04,-0.11,0.06,-0.01,FALSE,,0,FALSE,0.22,60.78,0.03,-0.14,0.32,,70,195,15,35,20,10,30,5,44,38,12,3,51,75,5,9,6,18,11,31,22,16,4,4,41,68,34,2,2,29,43,10,0,3,3,36,36,4,31,6,4,5.25,7.79,1.81,0,0.54,0.54,0.11,0.13,19.24,0.19,2.72,6.34,9.23,0.91,0.25,,1019.57
A3Z physicality,Forwards,Forwards,A3Z tracked games; five on five,2021–22,20212022,154,8481535,Nils Hoglander,L,-1.61,3,256.07,258.45,22,0.37,-0.1,-0.16,0.06,-0.01,FALSE,,0,FALSE,0.21,60.28,-0.81,0.51,0.52,,69,185,16,21,24,9,21,0,32,26,6,3,31,48,8,2,6,13,7,30,12,18,5,2,36,54,51,9,3,12,36,6,0,3,1,54,54,8,42,9,1,2.81,8.44,1.41,0,0.7,0.23,0.15,0.02,23.18,0.21,3.75,4.92,7.26,0,0.5,,785.33
A3Z physicality,Forwards,Forwards,A3Z tracked games; five on five,2021–22,20212022,155,8477998,Warren Foegele,L,0.48,3,446.18,452.12,39,0.48,0.1,0.04,0.06,-0.01,FALSE,,0,FALSE,0.2,60.03,0.41,-0.04,-0.16,,74,205,19,51,36,15,23,5,52,33,10,8,53,87,11,7,19,13,8,50,25,29,5,1,49,79,72,4,3,69,45,7,0,4,1,69,69,14,52,5,4,9.28,6.05,0.94,0,0.54,0.13,0.2,0.08,19.85,0.1,2.56,6.86,7.13,0.67,0.8,,1034.2
A3Z physicality,Forwards,Forwards,A3Z tracked games; five on five,2021–22,20212022,156,8476392,Adam Lowry,C,1.48,2,385.77,390.23,34,0.43,0.26,0.2,0.06,0.02,FALSE,,0,FALSE,0.2,59.77,0.96,-0.15,-0.61,,77,210,22,51,36,15,37,9,54,47,21,9,71,104,13,3,7,13,21,43,27,17,6,2,55,82,38,4,9,82,42,14,0,3,2,51,51,4,38,3,9,12.75,6.53,2.18,0,0.47,0.31,0.08,0.24,21.02,0.08,3.42,7.93,11.04,1.4,0.43,,1222.95
A3Z physicality,Forwards,Forwards,A3Z tracked games; five on five,2021–22,20212022,157,8479407,Jesper Bratt,L,-1.71,5,380.02,380.9,27,0.36,-0.13,-0.18,0.06,-0.02,FALSE,,0,FALSE,0.19,59.52,-0.99,0.64,0.54,,70,175,20,12,37,17,32,3,46,41,8,3,44,69,5,5,5,15,13,31,22,29,4,11,91,122,90,4,1,9,26,14,0,2,4,92,92,8,76,4,5,1.42,4.11,2.21,0,0.32,0.63,0.09,0.07,27.17,0.05,3.16,1.89,6.95,0.47,0.38,,1324.68
A3Z physicality,Forwards,Forwards,A3Z tracked games; five on five,2021–22,20212022,158,8479977,Kailer Yamamoto,R,-1.87,2,566.85,572.18,39,0.48,-0.18,-0.24,0.06,0.02,FALSE,,0,FALSE,0.19,59.27,-0.39,-0.27,0.86,,69,178,22,51,50,23,42,5,66,57,15,8,60,100,9,3,9,14,28,42,35,22,4,3,61,105,61,8,6,54,81,18,0,4,5,57,57,8,41,5,8,5.72,8.57,1.91,0,0.42,0.53,0.14,0.2,17.03,0.12,2.33,5.4,6.35,0.53,0.53,,1366.55
A3Z physicality,Forwards,Forwards,A3Z tracked games; five on five,2021–22,20212022,159,8475728,Johan Larsson,L,-0.3,3,167.52,172.52,13,0.3,0.02,-0.03,0.06,-0.01,FALSE,,0,FALSE,0.19,59.02,0.29,-0.19,0.09,locatedAttempts; typedShotsOnNet,71,206,7,11,10,7,16,3,23,20,4,1,28,39,4,2,3,8,8,23,6,2,1,0,20,30,13,0,2,21,18,4,0,2,3,12,12,0,8,0,0,7.52,6.45,1.43,0,0.72,1.07,0,0,33.42,0,2.51,3.94,10.03,1.07,0.25,,684.13
A3Z physicality,Forwards,Forwards,A3Z tracked games; five on five,2021–22,20212022,160,8475225,Craig Smith,C,0.14,4,327.32,332.42,27,0.36,0.09,0.04,0.06,0.03,FALSE,,0,FALSE,0.19,58.77,0.29,-0.07,-0.03,,73,203,17,28,19,11,15,2,39,25,6,3,34,56,5,1,14,6,10,38,18,23,5,2,43,58,78,6,3,35,29,8,0,3,2,82,82,5,61,5,2,6.42,5.32,1.47,0,0.55,0.37,0.06,0.03,30.55,0.08,3.12,5.13,6.23,0.37,0.5,,1067.3
A3Z physicality,Forwards,Forwards,A3Z tracked games; five on five,2021–22,20212022,161,8477451,Ryan Hartman,R,-0.36,5,480.87,492.33,36,0.44,-0.01,-0.06,0.05,-0.02,FALSE,,0,FALSE,0.18,58.52,0.52,-0.47,0.13,,72,197,18,41,37,19,27,6,43,35,20,11,53,83,12,5,8,7,16,37,19,49,6,4,62,113,117,6,9,34,34,17,1,7,5,122,122,7,97,2,6,4.24,4.24,2.12,0.12,0.87,0.62,0.06,0.06,31.25,0.02,2.25,5.12,6.61,0.75,0.55,,1490.8
A3Z physicality,Forwards,Forwards,A3Z tracked games; five on five,2021–22,20212022,162,8480018,Nick Suzuki,C,-0.26,3,307.53,311.4,22,0.27,0.02,-0.03,0.05,-0.01,FALSE,,0,FALSE,0.17,58.27,0.27,-0.17,0.08,,71,207,10,27,22,7,45,6,49,43,14,8,77,97,8,12,6,18,20,47,13,13,6,2,43,66,36,1,1,26,27,15,0,2,1,44,44,6,34,7,0,5.07,5.27,2.93,0,0.39,0.2,0.14,0,24.46,0.21,1.95,5.27,15.02,1.17,0.57,,1681.83
A3Z physicality,Forwards,Forwards,A3Z tracked games; five on five,2021–22,20212022,163,8475692,Mats Zuccarello,R,-2.03,2,420.7,423.6,30,0.43,-0.21,-0.26,0.05,0.02,FALSE,,0,FALSE,0.17,58.02,-0.24,-0.51,0.93,,68,181,11,38,34,21,34,6,53,41,11,6,59,88,6,8,12,10,19,41,26,20,6,8,83,122,64,3,2,19,14,11,0,2,4,56,56,2,40,2,1,2.71,2,1.57,0,0.29,0.57,0.04,0.03,27.77,0.05,1.57,5.42,8.41,0.86,0.55,,1301.25
A3Z physicality,Forwards,Forwards,A3Z tracked games; five on five,2021–22,20212022,164,8478495,Denis Gurianov,R,0.75,2,314.83,318.53,27,0.37,0.15,0.1,0.05,0.02,FALSE,,0,FALSE,0.16,57.77,0.31,0.15,-0.29,,75,205,20,24,22,8,17,2,37,26,15,5,34,59,9,3,11,14,5,30,23,25,4,1,39,60,79,2,5,22,13,12,0,2,2,60,60,6,51,4,4,4.19,2.48,2.29,0,0.38,0.38,0.1,0.08,29.28,0.08,3.81,4.57,6.48,0.38,0.33,,1035.52
A3Z physicality,Forwards,Forwards,A3Z tracked games; five on five,2021–22,20212022,165,8478864,Kirill Kaprizov,L,-0.71,2,517.28,520.92,36,0.44,-0.05,-0.09,0.04,0.02,FALSE,,0,FALSE,0.14,57.52,-0.69,0.48,0.35,,70,202,40,36,46,43,48,3,74,60,15,9,72,117,7,6,14,26,16,55,37,40,11,8,104,159,132,8,6,34,56,10,0,3,15,117,117,4,80,4,5,3.94,6.5,1.16,0,0.35,1.74,0.03,0.06,30,0.05,4.64,4.18,8.35,0.35,0.6,,1547.73
A3Z physicality,Forwards,Forwards,A3Z tracked games; five on five,2021–22,20212022,166,8475098,Tyler Bozak,C,-0.45,4,185.85,189.9,19,0.38,0.02,-0.02,0.04,0.03,FALSE,,0,FALSE,0.14,57.27,-0.21,0.18,0.17,locatedAttempts; typedShotsOnNet,73,187,11,11,20,12,9,2,17,9,4,0,21,35,4,2,8,4,1,19,8,5,1,1,32,48,14,1,2,7,7,3,0,2,1,16,16,0,15,2,2,2.26,2.26,0.97,0,0.65,0.32,0,0.13,29.48,0.13,3.55,3.55,6.78,0.65,0,,608.53
A3Z physicality,Forwards,Forwards,A3Z tracked games; five on five,2021–22,20212022,167,8478856,Conor Garland,R,-2.08,5,364.6,370.83,27,0.35,-0.18,-0.22,0.04,-0.02,FALSE,,0,FALSE,0.14,57.02,-0.79,0.27,0.65,,70,165,20,26,28,19,31,1,51,37,11,4,53,72,3,6,14,17,14,50,16,30,11,4,52,77,73,5,3,21,46,8,0,2,6,72,72,8,59,7,3,3.46,7.57,1.32,0,0.33,0.99,0.11,0.05,23.26,0.12,3.29,4.28,8.72,0.16,0.36,,1263.33
A3Z physicality,Forwards,Forwards,A3Z tracked games; five on five,2021–22,20212022,168,8477887,Patrick Brown,C,0.65,4,173.67,175.63,18,0.41,0.13,0.09,0.04,0.03,FALSE,,0,FALSE,0.13,56.77,0.27,0.07,-0.2,typedShotsOnNet,73,217,10,16,16,10,14,2,26,17,4,2,26,40,3,0,9,9,3,24,14,7,2,0,16,31,23,1,0,32,19,10,0,0,2,24,24,3,19,3,2,11.06,6.56,3.45,0,0,0.69,0.12,0.11,25.13,0.16,3.45,5.53,8.98,0.69,0.5,,547.08
A3Z physicality,Forwards,Forwards,A3Z tracked games; five on five,2021–22,20212022,169,8482093,Seth Jarvis,R,-1.53,1,366.32,373.47,31,0.46,-0.13,-0.16,0.04,-0.01,TRUE,hitsReceivedPer60,0,FALSE,0.13,56.52,-0.44,0.06,0.51,,70,180,19,41,30,11,22,2,43,27,12,5,39,61,3,3,16,7,13,34,27,19,3,1,44,84,66,10,6,28,76,8,0,3,1,64,64,12,46,6,8,4.59,12.45,1.31,0,0.49,0.16,0.19,0.17,18,0.13,3.11,6.72,6.39,0.33,0.42,,943.5
A3Z physicality,Forwards,Forwards,A3Z tracked games; five on five,2021–22,20212022,170,8470610,Zach Parise,L,-0.7,3,412.55,416.92,36,0.44,-0.04,-0.07,0.04,-0.01,FALSE,,0,FALSE,0.13,56.27,-0.14,0.04,0.22,,71,195,23,54,33,17,20,4,43,31,11,5,44,72,6,9,12,6,9,34,24,26,7,2,47,75,55,2,5,27,32,22,0,1,2,55,55,5,40,4,6,3.93,4.65,3.2,0,0.15,0.29,0.09,0.15,18.36,0.1,3.35,7.85,6.4,0.58,0.45,,1253.3
A3Z physicality,Forwards,Forwards,A3Z tracked games; five on five,2021–22,20212022,171,8477478,William Carrier,L,0.81,3,292.47,295.85,26,0.41,0.11,0.08,0.04,-0.01,FALSE,,0,FALSE,0.12,56.02,-0.21,0.6,-0.27,,74,214,21,34,24,13,12,1,27,16,8,3,26,46,2,4,11,8,4,17,21,22,0,0,43,65,70,3,7,79,50,8,0,0,4,69,69,15,47,9,5,16.21,10.26,1.64,0,0,0.82,0.22,0.11,17,0.19,4.31,6.98,5.33,0.21,0.38,,732.23
A3Z physicality,Forwards,Forwards,A3Z tracked games; five on five,2021–22,20212022,172,8477952,Robby Fabbri,C,-1.07,5,296.72,296.83,22,0.39,-0.09,-0.12,0.03,-0.02,FALSE,,0,FALSE,0.11,55.76,0.31,-0.54,0.34,,71,185,11,31,21,7,28,1,40,31,3,1,43,57,6,4,9,14,11,40,12,15,3,3,40,54,48,5,1,28,22,6,0,3,4,47,47,2,29,0,4,5.66,4.45,1.21,0,0.61,0.81,0.04,0.14,22.47,0,2.22,6.27,8.7,0.2,0.33,,970.45
A3Z physicality,Forwards,Forwards,A3Z tracked games; five on five,2021–22,20212022,173,8479328,Julien Gauthier,R,1.95,3,198.15,199.92,21,0.43,0.22,0.19,0.03,-0.01,FALSE,,0,FALSE,0.1,55.51,0.2,0.54,-0.64,,76,230,13,13,14,5,16,1,22,16,16,3,27,39,5,3,6,9,6,22,8,11,1,3,20,27,25,2,1,36,25,6,0,1,4,30,30,2,22,2,2,10.9,7.57,1.82,0,0.3,1.21,0.07,0.09,18.1,0.09,3.94,3.94,8.18,0.3,0.19,,505.05
A3Z physicality,Forwards,Forwards,A3Z tracked games; five on five,2021–22,20212022,174,8476480,Vladislav Namestnikov,C,-0.95,1,331.4,334.43,27,0.36,-0.08,-0.11,0.03,-0.01,FALSE,,0,FALSE,0.1,55.26,-0.15,-0.07,0.31,,72,181,10,29,20,10,25,2,42,30,8,2,43,62,6,8,12,17,11,36,21,18,1,0,31,50,40,7,2,26,39,10,1,1,3,40,40,8,32,4,1,4.71,7.06,1.81,0.18,0.18,0.54,0.2,0.03,21.01,0.12,1.81,5.25,7.79,0.36,0.25,,1098.7
A3Z physicality,Forwards,Forwards,A3Z tracked games; five on five,2021–22,20212022,175,8477501,Valeri Nichushkin,R,1.21,3,373.35,381.93,28,0.45,0.14,0.11,0.03,-0.01,FALSE,,0,FALSE,0.09,55.01,0.12,0.38,-0.4,,76,210,25,36,34,20,37,0,60,50,14,6,53,74,4,2,10,19,21,52,22,24,2,6,64,109,74,5,6,43,24,14,0,0,2,74,74,12,54,11,10,6.91,3.86,2.25,0,0,0.32,0.16,0.19,17.95,0.2,4.02,5.79,8.52,0,0.43,,1179.62
A3Z physicality,Forwards,Forwards,A3Z tracked games; five on five,2021–22,20212022,176,8470604,Jeff Carter,C,1.27,3,407.08,408.25,31,0.41,0.15,0.12,0.02,-0.01,FALSE,,0,FALSE,0.09,54.76,0.6,-0.09,-0.42,,75,219,20,34,35,11,31,3,46,32,16,6,61,81,10,6,14,6,20,51,15,35,2,3,45,74,71,3,6,44,27,12,0,4,5,67,67,7,52,6,5,6.49,3.98,1.77,0,0.59,0.74,0.1,0.1,27.07,0.12,2.95,5.01,8.99,0.44,0.38,,1342.98
A3Z physicality,Forwards,Forwards,A3Z tracked games; five on five,2021–22,20212022,177,8473504,Cal Clutterbuck,R,0.04,4,352.43,359,31,0.53,0.05,0.03,0.02,0.03,FALSE,,0,FALSE,0.08,54.51,0.27,-0.19,0.01,,71,215,16,40,14,0,11,1,37,23,5,0,36,66,3,13,14,5,5,23,29,16,1,0,21,27,35,0,2,118,48,8,0,0,1,42,42,4,35,2,1,20.09,8.17,1.36,0,0,0.17,0.1,0.03,25.19,0.06,2.72,6.81,6.13,0.17,0,,828.47
A3Z physicality,Forwards,Forwards,A3Z tracked games; five on five,2021–22,20212022,178,8476905,Chandler Stephenson,C,-0.21,1,512.4,516.75,35,0.44,-0.01,-0.03,0.02,-0.01,FALSE,,0,FALSE,0.08,54.26,-0.2,0.21,0.07,,72,201,23,30,48,19,23,7,48,32,18,6,56,89,9,6,16,6,11,37,31,12,11,2,103,157,40,2,5,33,64,19,0,4,2,35,35,3,29,3,6,3.86,7.49,2.22,0,0.47,0.23,0.09,0.21,18,0.1,2.69,3.51,6.56,0.82,0.33,,1526.03
A3Z physicality,Forwards,Forwards,A3Z tracked games; five on five,2021–22,20212022,179,8475236,Cody Eakin,C,-0.39,1,224.97,232.8,20,0.29,-0.03,-0.05,0.02,-0.01,TRUE,forecheckPressuresPer60,0,FALSE,0.07,54.01,-0.17,0.11,0.13,typedShotsOnNet,72,196,6,5,5,2,15,4,20,12,6,2,28,49,7,3,8,6,2,15,15,7,0,0,16,23,20,2,0,9,8,7,0,2,1,25,25,2,17,2,3,2.4,2.13,1.87,0,0.53,0.27,0.08,0.18,32.25,0.12,1.6,1.33,7.47,1.07,0.33,,937.5
A3Z physicality,Forwards,Forwards,A3Z tracked games; five on five,2021–22,20212022,180,8471698,T.J. Oshie,R,-0.73,1,200,200.85,16,0.36,-0.07,-0.08,0.02,-0.01,TRUE,contactPenaltiesDrawnPer60,0,FALSE,0.06,53.76,0.04,-0.23,0.24,typedShotsOnNet,72,187,9,20,18,9,14,6,29,24,12,5,31,48,3,3,5,4,10,18,18,11,4,0,26,42,23,2,0,29,15,8,0,0,6,23,23,2,17,1,2,8.7,4.5,2.4,0,0,1.8,0.09,0.12,26,0.06,2.7,6,9.3,1.8,0.42,,767.78
A3Z physicality,Forwards,Forwards,A3Z tracked games; five on five,2021–22,20212022,181,8478493,Joel Eriksson Ek,C,0.83,1,403.97,405.55,35,0.45,0.09,0.07,0.02,-0.01,FALSE,,0,FALSE,0.06,53.51,0.32,0.02,-0.28,,75,207,33,50,25,12,28,2,47,32,21,10,43,66,2,0,15,9,14,39,24,40,2,0,37,62,85,6,3,65,48,10,0,2,10,81,81,7,62,4,4,9.65,7.13,1.49,0,0.3,1.49,0.09,0.06,31.14,0.06,4.9,7.43,6.39,0.3,0.48,,1430.52
A3Z physicality,Forwards,Forwards,A3Z tracked games; five on five,2021–22,20212022,182,8476539,Jonathan Marchessault,R,-1.61,1,472.4,473.37,33,0.43,-0.16,-0.17,0.01,-0.01,FALSE,,0,FALSE,0.05,53.26,-0.71,0.22,0.54,,69,185,30,32,50,23,26,7,55,43,7,4,53,101,9,11,12,9,16,33,37,39,3,11,97,137,107,5,3,28,44,8,0,1,1,105,105,7,75,11,1,3.56,5.59,1.02,0,0.13,0.13,0.07,0.01,31.11,0.15,3.81,4.06,6.73,0.89,0.57,,1334.83
A3Z physicality,Forwards,Forwards,A3Z tracked games; five on five,2021–22,20212022,183,8482078,Lucas Raymond,L,-1.03,1,381.55,382.38,27,0.33,-0.1,-0.11,0.01,-0.01,FALSE,,0,FALSE,0.04,52.76,-0.16,-0.15,0.34,,71,186,15,24,24,15,26,1,53,37,8,3,43,80,10,4,16,10,14,40,32,16,5,3,40,70,48,2,1,26,35,9,0,3,3,40,40,1,35,0,2,4.09,5.5,1.42,0,0.47,0.47,0.03,0.06,25.63,0,2.36,3.77,6.76,0.16,0.38,,1488.87
A3Z physicality,Forwards,Forwards,A3Z tracked games; five on five,2021–22,20212022,184,8475794,Tyler Seguin,C,0.48,2,419.98,423.7,30,0.37,0.08,0.07,0.01,0.02,FALSE,,0,FALSE,0.03,52.51,0.8,-0.6,-0.17,,74,205,14,33,28,10,33,4,56,41,11,2,57,81,6,6,15,8,22,53,21,32,5,2,59,90,80,4,6,40,17,9,0,5,1,81,81,8,58,4,8,5.71,2.43,1.29,0,0.71,0.14,0.1,0.14,27.46,0.07,2,4.71,8.14,0.57,0.18,,1443.3
A3Z physicality,Forwards,Forwards,A3Z tracked games; five on five,2021–22,20212022,185,8476346,Johnny Gaudreau,L,-2.43,2,463,471.23,33,0.4,-0.3,-0.31,0.01,0.02,TRUE,blockedShotsPer60,0,FALSE,0.03,52.26,-1.24,0.17,1.1,,69,163,22,34,63,23,30,2,72,61,2,0,45,100,13,5,11,14,21,36,48,27,13,18,129,180,108,6,3,6,13,2,0,3,7,95,95,7,66,7,1,0.78,1.68,0.26,0,0.39,0.91,0.07,0.02,24.52,0.11,2.85,4.41,5.83,0.26,0,,1523.13
A3Z physicality,Forwards,Forwards,A3Z tracked games; five on five,2021–22,20212022,186,8476458,Ryan Strome,C,-0.27,3,474.87,479.08,34,0.46,-0.03,-0.03,0,-0.01,FALSE,,0,FALSE,0.02,52.01,-0.25,0.19,0.08,,73,192,24,19,29,19,33,0,41,37,14,6,47,70,8,5,4,9,17,32,17,17,7,6,53,103,72,4,3,19,32,7,0,7,2,71,71,10,56,2,5,2.4,4.04,0.88,0,0.88,0.25,0.14,0.09,24.41,0.04,3.03,2.4,5.94,0,0.43,,1355.52
A3Z physicality,Forwards,Forwards,A3Z tracked games; five on five,2021–22,20212022,187,8480064,Josh Norris,C,0.15,4,227.38,228.67,17,0.26,0.04,0.04,0,0.03,FALSE,,0,FALSE,0.02,51.75,-0.12,0.17,-0.03,typedShotsOnNet,74,196,12,19,22,11,19,4,22,14,7,1,41,66,17,5,8,4,4,25,13,16,3,1,22,51,37,2,6,22,17,6,0,1,3,33,33,2,19,2,2,5.81,4.49,1.58,0,0.26,0.79,0.06,0.11,19.24,0.11,3.17,5.01,10.82,1.06,0.14,,1226.22
A3Z physicality,Forwards,Forwards,A3Z tracked games; five on five,2021–22,20212022,188,8475744,Evgeny Kuznetsov,C,0.55,2,436.87,444.15,30,0.38,0.08,0.08,0,0.02,FALSE,,0,FALSE,0.01,51.5,0.08,0.14,-0.21,,74,207,20,22,32,17,43,6,51,49,17,6,73,92,5,12,2,14,27,42,16,17,12,5,90,135,61,1,5,16,13,8,0,6,2,63,63,7,42,7,3,2.2,1.79,1.1,0,0.82,0.27,0.11,0.07,20.62,0.17,2.75,3.02,10.03,0.82,0.35,,1602.15
A3Z physicality,Forwards,Forwards,A3Z tracked games; five on five,2021–22,20212022,189,8479337,Alex DeBrincat,R,-2.07,1,391.55,394.4,26,0.32,-0.22,-0.22,0,-0.01,FALSE,,0,FALSE,0.01,51.25,-0.6,-0.08,0.69,,68,180,14,20,20,8,30,2,49,43,6,4,51,78,4,8,6,7,19,36,20,26,2,8,50,93,81,6,2,33,34,9,0,0,4,72,72,3,56,2,2,5.06,5.21,1.38,0,0,0.61,0.04,0.04,29.55,0.04,2.15,3.06,7.82,0.31,0.67,,1710.22
A3Z physicality,Forwards,Forwards,A3Z tracked games; five on five,2021–22,20212022,190,8481186,Logan O'Connor,R,-1.17,5,472.78,478.35,41,0.51,-0.13,-0.13,-0,-0.02,FALSE,,0,FALSE,0,51,-0.25,-0.12,0.37,,72,175,31,54,29,20,21,2,39,24,6,1,46,71,15,4,15,14,5,40,22,35,4,1,39,76,81,6,3,51,59,22,0,0,8,67,67,14,57,7,4,6.47,7.49,2.79,0,0,1.02,0.21,0.07,27.51,0.12,3.93,6.85,5.84,0.25,0.17,,1123.58
A3Z physicality,Forwards,Forwards,A3Z tracked games; five on five,2021–22,20212022,191,8474715,Cam Atkinson,R,-2.14,1,399.67,400.57,32,0.44,-0.23,-0.23,-0,-0.01,FALSE,,0,FALSE,0,50.75,-0.75,0.03,0.72,,68,178,15,26,28,10,19,2,38,32,7,0,37,73,11,8,6,2,14,29,18,32,3,4,49,76,79,8,8,12,23,21,0,1,0,73,73,8,58,5,7,1.8,3.45,3.15,0,0.15,0,0.11,0.12,23.71,0.09,2.25,3.9,5.55,0.3,0,,1331.98
A3Z physicality,Forwards,Forwards,A3Z tracked games; five on five,2021–22,20212022,192,8477931,Tomas Nosek,L,0.53,5,324.3,329.72,29,0.39,0.02,0.02,-0,-0.02,FALSE,,0,FALSE,-0.01,50.5,0.23,-0.09,-0.14,,75,199,22,37,31,9,25,6,38,27,9,6,54,72,9,6,11,8,10,40,14,13,3,1,55,71,42,3,2,31,39,12,0,4,2,43,43,4,25,2,1,5.74,7.22,2.22,0,0.74,0.37,0.09,0.04,27.89,0.08,4.07,6.85,9.99,1.11,0.67,,1000.63
A3Z physicality,Forwards,Forwards,A3Z tracked games; five on five,2021–22,20212022,193,8477330,Dominik Kubalik,L,0,5,304.28,308.32,24,0.31,-0.03,-0.03,-0,-0.02,FALSE,,0,FALSE,-0.01,50.25,0.1,-0.12,0.02,,74,192,11,19,9,3,10,2,25,17,13,9,29,47,9,5,8,2,5,27,10,9,0,0,18,27,42,3,0,26,21,7,0,2,8,46,46,1,33,1,2,5.13,4.14,1.38,0,0.39,1.58,0.02,0.06,26.93,0.03,2.17,3.75,5.72,0.39,0.69,,1132.63
A3Z physicality,Forwards,Forwards,A3Z tracked games; five on five,2021–22,20212022,194,8476871,Tanner Pearson,L,0.28,3,343.13,347.33,26,0.38,0.02,0.02,-0,-0.01,FALSE,,0,FALSE,-0.01,50,-0.08,0.17,-0.1,,73,207,21,31,23,17,20,1,39,31,8,2,38,67,11,6,8,9,8,26,26,25,7,1,43,69,70,4,5,32,31,14,0,1,3,65,65,5,53,3,5,5.6,5.42,2.45,0,0.17,0.52,0.08,0.09,25.5,0.06,3.67,5.42,6.64,0.17,0.25,,1091.73
A3Z physicality,Forwards,Forwards,A3Z tracked games; five on five,2021–22,20212022,195,8481580,Connor McMichael,L,-0.98,1,283.22,285.4,28,0.41,-0.12,-0.11,-0.01,-0.01,FALSE,,0,FALSE,-0.02,49.75,-0.36,0.01,0.33,,72,180,12,22,22,7,28,2,33,24,20,7,42,52,1,4,9,8,13,33,9,20,1,1,34,65,57,4,4,19,14,10,0,0,0,56,56,6,44,7,6,4.03,2.97,2.12,0,0,0,0.11,0.14,21.75,0.16,2.54,4.66,8.9,0.42,0.35,,711.83
A3Z physicality,Forwards,Forwards,A3Z tracked games; five on five,2021–22,20212022,196,8482113,Anton Lundell,C,-0.12,5,321.58,330.02,28,0.43,-0.04,-0.04,-0.01,-0.02,FALSE,,0,FALSE,-0.02,49.5,-0.35,0.28,0.05,,73,196,21,25,28,10,19,2,34,22,7,4,48,67,7,11,12,6,12,38,14,26,2,6,53,79,54,3,2,12,35,18,0,6,3,51,51,2,34,1,3,2.24,6.53,3.36,0,1.12,0.56,0.04,0.09,25.94,0.03,3.92,4.66,8.96,0.37,0.57,,1022.92
A3Z physicality,Forwards,Forwards,A3Z tracked games; five on five,2021–22,20212022,197,8476881,Tomas Hertl,C,1.31,1,351.35,352.62,24,0.29,0.11,0.12,-0.01,-0.01,FALSE,,0,FALSE,-0.03,49.25,-0.15,0.56,-0.45,,75,220,26,20,26,17,33,6,65,49,15,5,62,109,10,2,16,17,16,44,43,25,4,3,68,99,70,3,5,20,19,14,0,2,3,67,67,6,48,6,5,3.42,3.24,2.39,0,0.34,0.51,0.09,0.1,23.35,0.12,4.44,3.42,10.59,1.02,0.33,,1635.1
A3Z physicality,Forwards,Forwards,A3Z tracked games; five on five,2021–22,20212022,198,8478067,Oskar Lindblom,L,-0.31,2,365.17,369.82,30,0.38,-0.05,-0.03,-0.01,0.02,FALSE,,0,FALSE,-0.04,49,-0.23,0.02,0.17,,73,191,20,26,18,10,24,3,32,25,10,4,33,49,5,1,7,6,12,24,18,26,1,1,26,49,55,2,0,28,38,19,0,2,3,61,61,9,44,9,4,4.6,6.24,3.12,0,0.33,0.49,0.15,0.09,27.2,0.2,3.29,4.27,5.42,0.49,0.4,,1090.27
A3Z physicality,Forwards,Forwards,A3Z tracked games; five on five,2021–22,20212022,199,8476479,Phillip Danault,C,0.02,1,420.88,425.25,32,0.41,-0.02,-0.01,-0.01,-0.01,FALSE,,0,FALSE,-0.04,48.75,-0.04,0.02,-0.01,,73,200,13,30,61,31,39,7,62,54,34,12,68,113,12,9,8,10,22,37,38,33,8,6,108,168,82,13,7,26,34,21,0,3,3,86,86,13,57,10,9,3.71,4.85,2.99,0,0.43,0.43,0.15,0.16,18.21,0.18,1.85,4.28,9.69,1,0.35,,1431.93
A3Z physicality,Forwards,Forwards,A3Z tracked games; five on five,2021–22,20212022,200,8481618,Alex Newhook,C,-0.52,1,393.02,402.73,35,0.49,-0.08,-0.06,-0.02,-0.01,FALSE,,0,FALSE,-0.05,48.5,-0.44,0.23,0.17,,71,200,23,20,21,6,29,7,36,28,14,3,49,66,7,6,8,10,12,30,16,21,3,2,45,67,78,4,6,17,37,22,0,3,5,69,69,2,60,3,4,2.6,5.65,3.36,0,0.46,0.76,0.03,0.07,27.73,0.05,3.51,3.05,7.48,1.07,0.21,,963.07
A3Z physicality,Forwards,Forwards,A3Z tracked games; five on five,2021–22,20212022,201,8478046,Danton Heinen,L,-0.18,3,358.03,363.82,31,0.41,-0.04,-0.02,-0.02,-0.01,FALSE,,0,FALSE,-0.05,48.25,0.09,-0.2,0.05,,74,187,17,48,23,11,15,1,32,23,7,4,26,46,3,3,9,5,7,22,20,31,2,4,51,80,83,8,4,27,32,14,0,3,3,73,73,6,54,4,4,4.52,5.36,2.35,0,0.5,0.5,0.08,0.07,25.02,0.07,2.85,8.04,4.36,0.17,0.57,,966.18
A3Z physicality,Forwards,Forwards,A3Z tracked games; five on five,2021–22,20212022,202,8475722,Jason Zucker,L,-0.59,4,201.7,201.32,15,0.37,-0.05,-0.04,-0.02,0.03,FALSE,,0,FALSE,-0.05,47.99,-0.09,-0.18,0.22,,71,198,10,21,13,5,11,0,23,17,4,3,27,40,7,5,6,3,9,26,9,10,3,0,19,34,39,2,0,26,18,7,0,0,0,44,44,2,38,4,3,7.73,5.35,2.08,0,0,0,0.05,0.08,29.78,0.11,2.97,6.25,8.03,0,0.75,,607.63
A3Z physicality,Forwards,Forwards,A3Z tracked games; five on five,2021–22,20212022,203,8474053,Logan Couture,C,0.25,2,295.72,295.7,22,0.29,0.02,0.04,-0.02,0.02,FALSE,,0,FALSE,-0.05,47.74,-0.29,0.31,-0.07,,73,206,16,15,22,10,31,3,43,34,12,5,57,78,12,8,9,13,15,42,16,18,5,2,43,65,47,4,2,24,25,11,0,1,1,41,41,5,33,3,0,4.87,5.07,2.23,0,0.2,0.2,0.12,0,27.51,0.09,3.25,3.04,11.57,0.61,0.42,,1457.82
A3Z physicality,Forwards,Forwards,A3Z tracked games; five on five,2021–22,20212022,204,8477960,Adrian Kempe,R,0.48,2,425.25,428.78,32,0.41,0.05,0.07,-0.02,0.02,FALSE,,0,FALSE,-0.05,47.49,0.18,-0.06,-0.17,,74,205,19,28,32,15,31,2,72,48,32,12,65,121,17,9,24,16,9,52,48,20,4,8,73,104,107,5,4,38,27,9,0,3,5,89,89,3,71,4,3,5.36,3.81,1.27,0,0.42,0.71,0.03,0.04,28.86,0.06,2.68,3.95,9.17,0.28,0.38,,1449.53
A3Z physicality,Forwards,Forwards,A3Z tracked games; five on five,2021–22,20212022,205,8475765,Vladimir Tarasenko,R,0.73,1,345.17,348.13,27,0.36,0.04,0.06,-0.02,-0.01,FALSE,,0,FALSE,-0.06,47.24,0.3,-0.11,-0.25,,73,219,13,22,24,13,34,5,48,44,6,3,48,71,6,2,4,14,18,40,15,30,3,8,52,84,98,6,2,31,29,14,0,3,4,76,76,4,58,5,4,5.39,5.04,2.43,0,0.52,0.7,0.05,0.07,26.42,0.09,2.26,3.82,8.34,0.87,0.5,,1268.35
A3Z physicality,Forwards,Forwards,A3Z tracked games; five on five,2021–22,20212022,206,8475314,Anders Lee,L,1.82,1,460.68,460.18,34,0.45,0.15,0.17,-0.02,-0.01,FALSE,,0,FALSE,-0.06,46.99,0.42,0.14,-0.62,,75,234,20,43,24,15,27,2,46,39,8,3,50,77,11,10,7,5,25,39,18,25,5,1,34,68,57,9,9,47,30,9,0,4,3,54,54,10,39,5,6,6.12,3.91,1.17,0,0.52,0.39,0.19,0.15,14.58,0.13,2.6,5.6,6.51,0.26,0.38,,1263.73
A3Z physicality,Forwards,Forwards,A3Z tracked games; five on five,2021–22,20212022,207,8475848,Brendan Gallagher,R,-1.61,5,174.77,175.83,15,0.27,-0.19,-0.17,-0.02,-0.02,FALSE,,0,FALSE,-0.06,46.74,-0.26,-0.31,0.51,,69,185,7,17,11,1,20,2,25,20,6,3,31,45,1,4,5,6,11,20,11,11,1,1,29,38,36,6,1,15,18,3,0,1,4,37,37,6,29,3,0,5.15,6.18,1.03,0,0.34,1.37,0.16,0,21.63,0.1,2.4,5.84,10.64,0.69,0.5,,841.03
A3Z physicality,Forwards,Forwards,A3Z tracked games; five on five,2021–22,20212022,208,8479400,Pierre-Luc Dubois,C,1.58,5,470.42,473.78,33,0.41,0.09,0.12,-0.02,-0.02,TRUE,contactPenaltiesTakenPer60,0,FALSE,-0.07,46.49,0.56,-0.17,-0.46,,76,220,26,55,47,29,36,5,47,43,24,12,53,81,8,3,4,14,18,33,21,28,5,5,75,141,86,6,6,42,48,16,0,13,12,88,88,4,58,6,7,5.36,6.12,2.04,0,1.66,1.53,0.05,0.12,20.36,0.1,3.32,7.02,6.76,0.64,0.5,,1532.52
A3Z physicality,Forwards,Forwards,A3Z tracked games; five on five,2021–22,20212022,209,8481577,Philip Tomasino,R,-0.73,2,280.92,283.73,28,0.37,-0.11,-0.09,-0.02,0.02,FALSE,,0,FALSE,-0.08,46.24,-0.51,0.08,0.36,,72,187,16,22,19,5,14,1,32,22,11,4,28,51,5,3,10,6,10,22,22,27,1,3,34,50,56,5,5,12,23,13,0,2,1,49,49,4,32,2,4,2.56,4.91,2.78,0,0.43,0.21,0.08,0.12,23.35,0.06,3.42,4.7,5.98,0.21,0.36,,876.77
A3Z physicality,Forwards,Forwards,A3Z tracked games; five on five,2021–22,20212022,210,8471685,Anze Kopitar,C,1.49,5,463.87,469.42,32,0.4,0.08,0.11,-0.03,-0.02,FALSE,,0,FALSE,-0.08,45.99,-0.31,0.66,-0.44,,75,225,30,24,45,26,51,16,57,44,29,13,86,124,7,10,13,11,16,42,31,16,4,3,104,152,54,2,6,24,34,25,0,2,4,57,57,5,44,4,1,3.1,4.4,3.23,0,0.26,0.52,0.09,0.02,24.76,0.09,3.88,3.1,11.12,2.07,0.45,,1682.32
A3Z physicality,Forwards,Forwards,A3Z tracked games; five on five,2021–22,20212022,211,8471669,Paul Stastny,C,-0.5,4,376.12,381.57,29,0.41,-0.06,-0.03,-0.03,0.03,FALSE,,0,FALSE,-0.09,45.74,-0.1,-0.18,0.19,,72,193,16,50,31,18,20,4,41,29,10,5,42,64,3,7,12,3,13,31,25,19,6,4,45,91,38,4,7,13,17,17,0,2,1,52,52,8,41,5,8,2.07,2.71,2.71,0,0.32,0.16,0.15,0.2,16.08,0.12,2.55,7.98,6.7,0.64,0.5,,1262.6
A3Z physicality,Forwards,Forwards,A3Z tracked games; five on five,2021–22,20212022,212,8475760,Nick Bjugstad,C,1.75,2,242.57,244.75,26,0.46,0.21,0.24,-0.03,0.02,TRUE,backhandShare,0,FALSE,-0.09,45.49,0.38,0.26,-0.73,,78,210,15,33,16,7,17,3,36,16,7,4,36,57,1,3,20,8,4,31,26,21,0,1,36,46,39,2,5,47,20,9,0,0,0,40,40,5,30,10,2,11.63,4.95,2.23,0,0,0,0.12,0.07,21.28,0.33,3.71,8.16,8.9,0.74,0.57,,584.85
A3Z physicality,Forwards,Forwards,A3Z tracked games; five on five,2021–22,20212022,213,8473453,Trevor Lewis,C,0.21,4,345.62,352.15,33,0.41,0.01,0.04,-0.03,0.03,FALSE,,0,FALSE,-0.1,45.24,0.1,-0.15,-0.05,,73,205,17,30,26,9,18,2,40,30,6,1,30,61,4,5,10,11,11,26,24,20,2,1,28,43,44,3,3,62,43,11,0,1,4,51,51,1,30,1,3,10.76,7.46,1.91,0,0.17,0.69,0.02,0.1,35.13,0.03,2.95,5.21,5.21,0.35,0.17,,1026.52
A3Z physicality,Forwards,Forwards,A3Z tracked games; five on five,2021–22,20212022,214,8479365,Trent Frederic,C,1.34,4,215.33,216.18,20,0.33,0.13,0.16,-0.03,0.03,FALSE,,0,FALSE,-0.1,44.99,0.37,-0.03,-0.43,,75,221,12,21,5,2,9,2,15,11,4,3,18,26,2,3,4,6,2,14,6,13,1,0,14,18,40,3,2,44,26,6,0,1,2,45,45,1,36,7,3,12.26,7.24,1.67,0,0.28,0.56,0.02,0.08,27.51,0.19,3.34,5.85,5.02,0.56,0.75,,699.22
A3Z physicality,Forwards,Forwards,A3Z tracked games; five on five,2021–22,20212022,215,8482705,Cole Sillinger,C,-0.17,3,265.63,272.07,23,0.29,-0.05,-0.02,-0.03,-0.01,FALSE,,0,FALSE,-0.1,44.74,0.65,-0.79,0.05,,72,202,7,21,4,1,18,0,44,27,8,3,36,63,5,4,17,11,10,39,24,17,1,1,22,35,47,3,6,34,19,14,0,1,2,48,48,4,36,4,8,7.68,4.29,3.16,0,0.23,0.45,0.08,0.22,24.02,0.11,1.58,4.74,8.13,0,0.38,,1082.35
A3Z physicality,Forwards,Forwards,A3Z tracked games; five on five,2021–22,20212022,216,8477946,Dylan Larkin,C,0.17,5,382.07,383.67,26,0.37,-0.05,-0.01,-0.03,-0.02,FALSE,,0,FALSE,-0.11,44.49,0.35,-0.43,-0.04,,73,204,16,39,38,24,38,11,58,43,18,5,79,110,10,14,15,11,16,53,27,27,7,4,63,109,81,6,5,29,22,11,1,2,5,79,79,6,58,6,4,4.55,3.45,1.73,0.16,0.31,0.79,0.08,0.07,27.02,0.1,2.51,6.12,12.41,1.73,0.28,,1395.67
A3Z physicality,Forwards,Forwards,A3Z tracked games; five on five,2021–22,20212022,217,8471218,Blake Wheeler,R,1.92,3,420.95,423.58,29,0.45,0.15,0.18,-0.04,-0.01,FALSE,,0,FALSE,-0.12,44.24,0.85,-0.33,-0.63,,77,222,14,33,39,19,29,2,61,47,14,5,58,110,14,10,14,4,20,44,35,23,5,6,59,114,74,4,5,31,22,15,0,7,2,73,73,6,59,7,5,4.42,3.14,2.14,0,1,0.29,0.08,0.08,22.47,0.12,2,4.7,8.27,0.29,0.36,,1270.02
A3Z physicality,Forwards,Forwards,A3Z tracked games; five on five,2021–22,20212022,218,8471228,Alexander Radulov,R,0.02,4,302.18,305.88,27,0.38,-0.01,0.02,-0.04,0.03,FALSE,,0,FALSE,-0.12,43.98,-0.1,-0.03,0.01,,73,200,13,21,17,16,13,3,36,20,12,4,37,57,8,4,16,9,5,37,21,17,4,2,37,54,38,5,12,14,28,19,0,2,5,40,40,5,21,3,4,2.78,5.56,3.77,0,0.4,0.99,0.12,0.19,17.1,0.14,2.58,4.17,7.35,0.6,0.33,,1000.87
A3Z physicality,Forwards,Forwards,A3Z tracked games; five on five,2021–22,20212022,219,8475151,Kyle Palmieri,C,-0.54,5,370.47,370.77,28,0.41,-0.12,-0.08,-0.04,-0.02,FALSE,,0,FALSE,-0.13,43.73,-0.27,-0.04,0.18,,72,192,18,34,13,7,17,2,40,30,8,3,36,67,11,5,10,6,11,31,22,31,2,1,19,35,76,4,4,28,29,5,0,2,7,80,80,13,58,5,6,4.53,4.7,0.81,0,0.32,1.13,0.16,0.1,19.67,0.09,2.92,5.51,5.83,0.32,0.38,,1078.12
A3Z physicality,Forwards,Forwards,A3Z tracked games; five on five,2021–22,20212022,220,8474189,Lars Eller,C,0.55,3,311.58,320.72,26,0.36,0.01,0.05,-0.04,-0.01,FALSE,,0,FALSE,-0.13,43.48,-0.03,0.09,-0.19,,74,207,19,20,24,9,27,11,49,39,12,3,57,85,7,5,10,11,14,41,23,14,6,2,48,77,42,0,4,22,28,10,0,3,4,50,50,3,32,2,5,4.24,5.39,1.93,0,0.58,0.77,0.06,0.16,26.78,0.06,3.66,3.85,10.98,2.12,0.25,,1160.88
A3Z physicality,Forwards,Forwards,A3Z tracked games; five on five,2021–22,20212022,221,8480185,Eetu Luostarinen,C,0.23,3,321.23,323.13,31,0.4,-0.02,0.02,-0.04,-0.01,FALSE,,0,FALSE,-0.14,43.23,-0.49,0.44,-0.08,,75,191,19,29,33,11,17,3,29,16,8,5,38,48,5,2,13,7,6,35,11,18,5,2,50,69,40,2,2,44,49,16,0,0,4,41,41,4,31,3,1,8.22,9.15,2.99,0,0,0.75,0.1,0.03,20.25,0.1,3.55,5.42,7.1,0.56,0.62,,1048.05
A3Z physicality,Forwards,Forwards,A3Z tracked games; five on five,2021–22,20212022,222,8474884,Mike Hoffman,C,-0.62,4,205.47,205.15,16,0.24,-0.09,-0.04,-0.05,0.03,FALSE,,0,FALSE,-0.15,42.98,0.04,-0.41,0.22,,72,190,7,7,11,6,15,2,20,15,5,1,24,39,4,3,5,3,7,14,13,11,0,0,17,27,38,2,1,8,10,3,0,4,2,36,36,3,24,5,2,2.34,2.92,0.88,0,1.17,0.58,0.08,0.08,25.64,0.21,2.04,2.04,7.01,0.58,0.2,,1141.82
A3Z physicality,Forwards,Forwards,A3Z tracked games; five on five,2021–22,20212022,223,8470606,Dustin Brown,R,-0.06,3,285.43,289.38,25,0.39,-0.05,-0.01,-0.05,-0.01,FALSE,,0,FALSE,-0.15,42.73,0.02,-0.18,0.01,,72,205,12,14,22,7,29,3,54,40,13,3,52,87,8,9,14,10,16,41,29,18,3,1,40,60,51,2,1,35,23,7,0,1,7,46,46,3,39,5,1,7.36,4.83,1.47,0,0.21,1.47,0.07,0.03,34.74,0.13,2.52,2.94,10.93,0.63,0.23,,943.3
A3Z physicality,Forwards,Forwards,A3Z tracked games; five on five,2021–22,20212022,224,8481061,Jasper Weatherby,C,1.65,4,185.4,187.77,18,0.36,0.14,0.19,-0.05,0.03,FALSE,,0,FALSE,-0.16,42.48,0.92,-0.54,-0.54,typedShotsOnNet,76,222,6,14,13,4,13,3,19,10,6,0,31,39,7,2,9,3,5,23,10,11,1,1,20,33,27,3,1,24,20,7,0,3,2,23,23,2,18,2,0,7.77,6.47,2.27,0,0.97,0.65,0.09,0,26.63,0.11,1.94,4.53,10.03,0.97,0,,562.03
A3Z physicality,Forwards,Forwards,A3Z tracked games; five on five,2021–22,20212022,225,8475820,Joonas Donskoi,R,-0.8,5,292.27,298.03,26,0.35,-0.15,-0.1,-0.05,-0.02,FALSE,,0,FALSE,-0.16,42.23,-0.92,0.5,0.26,,72,185,16,17,20,10,19,1,28,24,9,6,32,41,3,3,4,11,8,26,8,11,1,2,35,65,32,2,0,17,40,3,0,2,4,34,34,6,25,6,2,3.49,8.21,0.62,0,0.41,0.82,0.18,0.08,22.89,0.24,3.28,3.49,6.57,0.21,0.67,,1112.78
A3Z physicality,Forwards,Forwards,A3Z tracked games; five on five,2021–22,20212022,226,8477479,Tyler Bertuzzi,L,0.3,5,279.58,285.15,20,0.29,-0.05,0,-0.05,-0.02,FALSE,,0,FALSE,-0.17,41.98,0.09,-0.18,-0.07,,74,200,18,34,34,7,17,4,36,22,8,3,36,60,4,3,14,10,7,33,19,19,8,7,67,87,39,4,1,14,20,12,1,2,5,42,42,6,31,0,2,3,4.29,2.58,0.21,0.43,1.07,0.14,0.06,21.98,0,3.86,7.3,7.73,0.86,0.38,,1350.73
A3Z physicality,Forwards,Forwards,A3Z tracked games; five on five,2021–22,20212022,227,8482475,Egor Chinakhov,R,0.14,3,184.68,188.45,17,0.27,-0.04,0.01,-0.05,-0.01,FALSE,,0,FALSE,-0.17,41.73,0.18,-0.3,-0.05,,73,203,9,18,9,3,6,5,15,10,6,1,27,41,8,4,5,3,1,15,9,16,0,0,15,24,35,0,0,11,7,2,0,2,1,31,31,1,24,0,1,3.57,2.27,0.65,0,0.65,0.32,0.03,0.04,36.77,0,2.92,5.85,8.77,1.62,0.17,,775.18
A3Z physicality,Forwards,Forwards,A3Z tracked games; five on five,2021–22,20212022,228,8474683,Derek Grant,C,0.94,2,244.5,250.4,23,0.32,0.08,0.13,-0.05,0.02,FALSE,,0,FALSE,-0.17,41.48,0.47,-0.27,-0.37,,75,210,13,17,12,7,11,4,23,14,5,3,27,44,5,4,9,4,5,21,12,13,5,1,25,36,30,3,4,23,12,14,0,1,0,40,40,4,30,2,6,5.64,2.94,3.44,0,0.25,0,0.1,0.2,29.35,0.07,3.19,4.17,6.63,0.98,0.6,,1016.27
A3Z physicality,Forwards,Forwards,A3Z tracked games; five on five,2021–22,20212022,229,8476483,Rickard Rakell,R,-0.2,3,320.28,321.08,22,0.31,-0.08,-0.02,-0.05,-0.01,FALSE,,0,FALSE,-0.18,41.23,-0.14,-0.09,0.06,,73,194,11,20,20,15,21,1,37,28,7,1,40,57,8,3,9,5,16,40,11,23,2,1,31,53,58,3,3,24,28,14,0,1,1,56,56,9,36,3,1,4.5,5.25,2.62,0,0.19,0.19,0.16,0.03,23.67,0.08,2.06,3.75,7.49,0.19,0.14,,1258.97
A3Z physicality,Forwards,Forwards,A3Z tracked games; five on five,2021–22,20212022,230,8480208,Drake Batherson,R,0.9,1,174.85,177.35,12,0.26,0.03,0.08,-0.05,-0.01,FALSE,,0,FALSE,-0.18,40.98,0.5,-0.37,-0.31,,75,209,6,16,9,3,6,2,21,14,5,4,17,38,6,3,7,2,4,15,15,15,1,1,31,38,33,0,0,24,16,1,0,2,2,28,28,2,20,1,0,8.24,5.49,0.34,0,0.69,0.69,0.07,0,29.04,0.05,2.06,5.49,5.83,0.69,0.8,,870.72
A3Z physicality,Forwards,Forwards,A3Z tracked games; five on five,2021–22,20212022,231,8473512,Claude Giroux,R,-1.03,1,492.92,493.15,36,0.48,-0.17,-0.11,-0.06,-0.01,FALSE,,0,FALSE,-0.19,40.73,-0.16,-0.38,0.34,,71,186,22,47,51,20,38,2,69,49,21,10,62,92,7,6,20,16,22,58,37,20,6,5,110,155,70,1,2,30,24,5,0,5,7,85,85,3,69,1,4,3.65,2.92,0.61,0,0.61,0.85,0.04,0.06,32.56,0.01,2.68,5.72,7.55,0.24,0.48,,1430.25
A3Z physicality,Forwards,Forwards,A3Z tracked games; five on five,2021–22,20212022,232,8479346,Dillon Dube,C,-1.07,4,319.8,324.27,30,0.38,-0.15,-0.09,-0.06,0.03,FALSE,,0,FALSE,-0.21,40.48,-0.65,0.06,0.38,,71,185,18,34,29,14,21,1,37,26,6,1,33,53,5,3,11,11,12,30,19,17,2,1,37,63,50,4,4,39,47,5,0,1,2,51,51,1,38,2,5,7.32,8.82,0.94,0,0.19,0.38,0.02,0.13,29,0.05,3.38,6.38,6.19,0.19,0.17,,1014.28
A3Z physicality,Forwards,Forwards,A3Z tracked games; five on five,2021–22,20212022,233,8476897,Oskar Sundqvist,C,0.94,5,176.37,178.83,17,0.29,-0,0.06,-0.06,-0.02,FALSE,,0,FALSE,-0.21,40.23,0.07,-0.01,-0.27,,75,210,7,11,14,8,16,0,21,16,6,3,21,37,3,2,5,2,7,14,13,15,1,1,18,30,26,5,2,19,16,3,0,1,5,32,32,1,25,2,3,6.46,5.44,1.02,0,0.34,1.7,0.03,0.12,26.82,0.08,2.38,3.74,7.14,0,0.5,,825.97
A3Z physicality,Forwards,Forwards,A3Z tracked games; five on five,2021–22,20212022,234,8474679,Gustav Nyquist,R,-1.26,4,298.12,304.7,23,0.28,-0.18,-0.1,-0.08,0.03,FALSE,,0,FALSE,-0.25,39.97,-0.45,-0.24,0.44,typedShotsOnNet,71,180,12,29,19,10,21,4,28,22,10,3,34,47,3,4,6,5,12,22,14,11,1,0,38,59,30,3,0,12,18,11,0,1,1,26,26,1,18,2,1,2.42,3.62,2.21,0,0.2,0.2,0.04,0.06,21.37,0.11,2.42,5.84,6.84,0.81,0.3,,1462.93
A3Z physicality,Forwards,Forwards,A3Z tracked games; five on five,2021–22,20212022,235,8477450,Jason Dickinson,C,0.3,2,237.78,241.78,20,0.32,-0.03,0.05,-0.08,0.02,FALSE,,0,FALSE,-0.26,39.72,-0.23,0.07,-0.09,,74,200,14,23,14,5,15,7,23,14,6,3,30,40,1,2,9,3,8,20,13,9,2,1,22,33,25,0,5,38,33,13,0,0,1,29,29,2,24,1,4,9.59,8.33,3.28,0,0,0.25,0.07,0.17,20.81,0.04,3.53,5.8,7.57,1.77,0.5,,808.6
A3Z physicality,Forwards,Forwards,A3Z tracked games; five on five,2021–22,20212022,236,8477987,Ryan Donato,C,-0.62,5,284.32,287.08,25,0.34,-0.16,-0.08,-0.08,-0.02,FALSE,,0,FALSE,-0.26,39.47,-0.37,-0.09,0.21,,72,190,18,32,17,10,19,1,21,15,3,2,29,47,5,3,6,7,3,21,8,30,2,2,29,44,66,5,2,18,31,5,1,1,4,63,63,11,50,5,4,3.8,6.54,1.06,0.21,0.21,0.84,0.17,0.08,24.6,0.1,3.8,6.75,6.12,0.21,0.67,,1020.77
A3Z physicality,Forwards,Forwards,A3Z tracked games; five on five,2021–22,20212022,237,8477409,Carter Verhaeghe,C,-0.33,5,443.7,449.93,33,0.42,-0.14,-0.06,-0.08,-0.02,FALSE,,0,FALSE,-0.27,39.22,-0.75,0.36,0.12,,74,183,36,44,49,22,25,5,54,41,8,2,54,74,3,8,13,11,18,50,20,27,3,7,85,130,85,3,1,19,53,5,0,7,4,79,79,7,56,5,5,2.57,7.17,0.68,0,0.95,0.54,0.09,0.09,24.52,0.09,4.87,5.95,7.3,0.68,0.25,,1252.13
A3Z physicality,Forwards,Forwards,A3Z tracked games; five on five,2021–22,20212022,238,8478498,Jake DeBrusk,L,-0.05,3,330.27,337.57,28,0.36,-0.1,-0.01,-0.09,-0.01,FALSE,,0,FALSE,-0.29,38.97,-0.73,0.44,0.01,,73,198,23,28,24,12,26,2,44,34,7,4,41,69,5,6,10,13,12,30,25,15,9,1,40,60,49,4,4,19,32,9,0,1,2,50,50,4,42,5,3,3.45,5.81,1.64,0,0.18,0.36,0.08,0.07,24.39,0.12,4.18,5.09,7.45,0.36,0.57,,1157.8
A3Z physicality,Forwards,Forwards,A3Z tracked games; five on five,2021–22,20212022,239,8476329,Travis Boyd,C,-0.62,1,245.15,248.65,18,0.24,-0.16,-0.07,-0.09,-0.01,TRUE,deflectionShare,0,FALSE,-0.29,38.72,-0.39,-0.11,0.2,typedShotsOnNet,72,190,8,10,14,10,10,4,15,12,6,1,25,39,3,4,3,1,5,9,10,11,1,1,23,48,27,1,4,14,26,13,0,1,1,30,30,0,18,1,6,3.43,6.36,3.18,0,0.24,0.24,0,0.33,22.16,0.06,1.96,2.45,6.12,0.98,0.17,,1221.97
A3Z physicality,Forwards,Forwards,A3Z tracked games; five on five,2021–22,20212022,240,8476459,Mika Zibanejad,C,0.59,2,470.23,474.43,35,0.43,-0.01,0.08,-0.09,0.02,FALSE,,0,FALSE,-0.29,38.47,-0.04,-0.03,-0.22,,74,208,25,24,34,23,40,2,73,50,24,11,73,105,7,4,23,13,27,74,27,21,5,10,65,114,81,3,5,31,31,18,0,3,3,86,86,11,66,2,6,3.96,3.96,2.3,0,0.38,0.38,0.13,0.09,28.37,0.03,3.19,3.06,9.31,0.26,0.46,,1590.8
A3Z physicality,Forwards,Forwards,A3Z tracked games; five on five,2021–22,20212022,241,8478043,Sam Lafferty,C,0.48,3,222.95,225.5,20,0.36,-0.05,0.04,-0.09,-0.01,FALSE,,0,FALSE,-0.3,38.22,-0.5,0.37,-0.16,typedShotsOnNet,74,205,15,16,15,5,15,4,22,16,2,0,30,47,5,4,6,2,8,17,14,9,2,3,27,35,26,0,0,39,35,5,0,0,0,28,28,4,19,2,4,10.5,9.42,1.35,0,0,0,0.14,0.21,19.55,0.11,4.04,4.31,8.07,1.08,0,,759.98
A3Z physicality,Forwards,Forwards,A3Z tracked games; five on five,2021–22,20212022,242,8482109,Alexis Lafrenière,L,-0.04,3,426.57,434.67,35,0.44,-0.1,-0.01,-0.09,-0.01,FALSE,,0,FALSE,-0.31,37.97,0.3,-0.61,0.01,,74,191,13,48,29,14,40,1,60,45,12,3,62,92,7,7,15,21,16,46,33,21,1,4,45,79,59,2,8,50,49,10,0,6,4,60,60,5,42,4,5,7.03,6.89,1.41,0,0.84,0.56,0.08,0.12,23.65,0.1,1.83,6.75,8.72,0.14,0.25,,1105.3
A3Z physicality,Forwards,Forwards,A3Z tracked games; five on five,2021–22,20212022,243,8470638,Patrice Bergeron,C,-0.12,2,335.47,333.62,27,0.37,-0.11,-0.01,-0.1,0.02,FALSE,,0,FALSE,-0.31,37.72,-0.04,-0.37,0.09,,73,196,14,34,31,10,27,1,40,26,15,7,50,68,8,4,14,6,14,42,19,32,5,7,63,112,80,2,6,32,15,12,0,0,2,81,81,2,70,8,3,5.72,2.68,2.15,0,0,0.36,0.02,0.04,35.9,0.11,2.5,6.08,8.94,0.18,0.47,,1326.42
A3Z physicality,Forwards,Forwards,A3Z tracked games; five on five,2021–22,20212022,244,8478115,Pierre Engvall,L,1.68,4,382.35,385.12,35,0.45,0.09,0.19,-0.1,0.03,FALSE,,0,FALSE,-0.31,37.47,-0.32,0.55,-0.55,,78,208,33,43,42,15,41,3,65,50,10,3,69,108,11,9,15,23,16,51,32,27,3,4,50,76,78,4,4,26,50,4,0,7,5,83,83,5,57,8,5,4.08,7.85,0.63,0,1.1,0.78,0.06,0.09,29.53,0.14,5.18,6.75,10.83,0.47,0.3,,1035.77
A3Z physicality,Forwards,Forwards,A3Z tracked games; five on five,2021–22,20212022,245,8477839,Conor Sheary,L,-2.07,3,347.5,353.38,27,0.38,-0.3,-0.2,-0.1,-0.01,FALSE,,0,FALSE,-0.32,37.22,-0.99,0.01,0.67,,68,180,17,26,35,22,32,1,51,42,8,2,45,73,5,2,9,12,20,41,22,21,1,4,52,83,58,1,6,18,38,15,0,0,1,56,56,1,38,2,3,3.11,6.56,2.59,0,0,0.17,0.02,0.08,22.76,0.05,2.94,4.49,7.77,0.17,0.25,,1085.3
A3Z physicality,Forwards,Forwards,A3Z tracked games; five on five,2021–22,20212022,246,8475726,Tyler Toffoli,C,-0.06,2,278.37,283.25,24,0.32,-0.1,-0,-0.1,0.02,FALSE,,0,FALSE,-0.32,36.97,-0.29,-0.09,0.06,,72,205,14,22,20,9,15,4,30,21,11,3,38,61,4,7,9,6,7,26,16,18,4,3,37,54,54,3,5,28,15,5,0,0,2,59,59,5,46,2,4,6.04,3.23,1.08,0,0,0.43,0.08,0.09,27,0.04,3.02,4.74,8.19,0.86,0.27,,1206.45
A3Z physicality,Forwards,Forwards,A3Z tracked games; five on five,2021–22,20212022,247,8474150,Mikael Backlund,C,-0.02,5,414.4,420.13,33,0.4,-0.13,-0.03,-0.1,-0.02,FALSE,,0,FALSE,-0.33,36.72,-0.42,0.07,0.03,,72,206,32,45,36,19,36,5,53,48,22,9,58,85,7,7,5,20,16,38,23,26,3,2,66,101,80,5,7,20,19,11,0,1,3,87,87,1,60,7,6,2.9,2.75,1.59,0,0.14,0.43,0.01,0.1,33.24,0.12,4.63,6.52,8.4,0.72,0.41,,1403.7
A3Z physicality,Forwards,Forwards,A3Z tracked games; five on five,2021–22,20212022,248,8477496,Elias Lindholm,C,0.02,2,444.17,452.8,33,0.4,-0.09,0.01,-0.1,0.02,FALSE,,0,FALSE,-0.33,36.47,0.08,-0.43,0.03,,73,200,18,33,21,13,30,5,39,34,20,4,56,77,7,6,5,4,15,32,18,42,5,5,62,117,93,7,6,23,15,14,0,3,3,85,85,6,68,4,11,3.11,2.03,1.89,0,0.41,0.41,0.07,0.16,27.29,0.06,2.43,4.46,7.56,0.68,0.2,,1635.48
A3Z physicality,Forwards,Forwards,A3Z tracked games; five on five,2021–22,20212022,249,8478131,Ondrej Kase,R,-0.73,5,278.95,281.38,24,0.48,-0.19,-0.09,-0.1,-0.02,FALSE,,0,FALSE,-0.33,36.22,-1,0.43,0.24,,72,187,27,30,18,9,23,2,41,31,6,4,37,64,9,2,10,13,12,33,21,28,3,1,29,44,62,1,1,8,31,14,0,2,3,62,62,2,45,3,2,1.72,6.67,3.01,0,0.43,0.65,0.03,0.04,28.66,0.07,5.81,6.45,7.96,0.43,0.67,,699.37
A3Z physicality,Forwards,Forwards,A3Z tracked games; five on five,2021–22,20212022,250,8477505,Alexander Wennberg,C,-0.07,1,399.98,401.6,28,0.35,-0.12,-0.02,-0.1,-0.01,FALSE,,0,FALSE,-0.34,35.96,-0.62,0.26,0.02,,74,190,23,22,31,27,43,5,53,47,11,3,64,86,3,5,6,20,19,40,21,16,7,4,71,104,37,4,3,12,29,12,0,3,0,31,31,1,27,3,5,1.8,4.35,1.8,0,0.45,0,0.03,0.19,20,0.11,3.45,3.3,9.6,0.75,0.27,,1428.15
A3Z physicality,Forwards,Forwards,A3Z tracked games; five on five,2021–22,20212022,251,8479992,Michael Rasmussen,C,2.19,5,306.33,311.55,27,0.34,0.07,0.17,-0.1,-0.02,FALSE,,0,FALSE,-0.34,35.71,0.67,-0.36,-0.65,,78,222,16,39,22,11,31,3,37,28,15,3,49,74,11,2,9,12,9,33,19,18,4,1,29,45,38,3,5,40,34,13,0,4,8,44,44,10,33,1,6,7.83,6.66,2.55,0,0.78,1.57,0.23,0.18,17.5,0.03,3.13,7.64,9.6,0.59,0.2,,1161.45
A3Z physicality,Forwards,Forwards,A3Z tracked games; five on five,2021–22,20212022,252,8477406,Mattias Janmark,C,0.48,1,348.7,350.53,29,0.43,-0.07,0.04,-0.11,-0.01,FALSE,,0,FALSE,-0.35,35.46,-0.68,0.5,-0.17,,74,205,19,16,28,18,23,5,33,21,10,5,46,59,7,2,12,6,11,41,9,18,3,2,37,57,46,3,4,9,37,16,0,4,2,51,51,5,40,2,1,1.55,6.37,2.75,0,0.69,0.34,0.1,0.03,18.79,0.05,3.27,2.75,7.92,0.86,0.5,,961.07
A3Z physicality,Forwards,Forwards,A3Z tracked games; five on five,2021–22,20212022,253,8474564,Steven Stamkos,C,-0.23,4,434.65,434.62,33,0.41,-0.11,-0,-0.11,0.03,FALSE,,0,FALSE,-0.35,35.21,-0.26,-0.19,0.1,,73,193,19,27,45,28,32,6,46,34,8,0,50,74,3,4,12,5,20,34,25,30,6,6,77,121,73,1,2,34,20,9,0,1,1,58,58,3,39,4,1,4.69,2.76,1.24,0,0.14,0.14,0.05,0.03,28.5,0.1,2.62,3.73,6.9,0.83,0,,1497.13
A3Z physicality,Forwards,Forwards,A3Z tracked games; five on five,2021–22,20212022,254,8479580,Dylan Gambrell,C,-0.58,3,176.88,180.57,17,0.27,-0.17,-0.06,-0.11,-0.01,FALSE,,0,FALSE,-0.36,34.96,-0.21,-0.33,0.18,typedShotsOnNet,72,191,8,17,7,2,10,2,25,15,5,2,28,48,5,5,10,3,6,17,20,11,0,2,15,19,26,2,4,33,28,8,0,0,1,28,28,3,17,0,3,11.19,9.5,2.71,0,0,0.34,0.11,0.18,25.99,0,2.71,5.77,9.5,0.68,0.4,,764.58
A3Z physicality,Forwards,Forwards,A3Z tracked games; five on five,2021–22,20212022,255,8470612,Ryan Getzlaf,C,1.58,1,271.1,271.75,18,0.32,0.04,0.15,-0.11,-0.01,FALSE,,0,FALSE,-0.36,34.71,0.53,-0.35,-0.54,,76,220,7,14,30,15,32,7,50,37,10,1,67,108,10,7,13,9,14,39,31,14,3,7,63,94,27,1,2,25,18,14,0,2,1,33,33,0,26,3,3,5.53,3.98,3.1,0,0.44,0.22,0,0.12,26.02,0.12,1.55,3.1,14.83,1.55,0.1,,1061.65
A3Z physicality,Forwards,Forwards,A3Z tracked games; five on five,2021–22,20212022,256,8474613,Derek Stepan,C,-0.67,5,221.13,226.03,25,0.43,-0.2,-0.09,-0.11,-0.02,FALSE,,0,FALSE,-0.37,34.21,-0.25,-0.34,0.22,,71,196,10,23,16,8,11,1,25,15,15,9,26,43,6,6,10,2,8,20,19,18,0,0,30,46,34,3,7,13,19,11,0,1,0,42,42,3,35,3,4,3.53,5.16,2.98,0,0.27,0,0.07,0.11,24.45,0.09,2.71,6.24,7.05,0.27,0.6,,626.15
A3Z physicality,Forwards,Forwards,A3Z tracked games; five on five,2021–22,20212022,257,8471215,Evgeni Malkin,C,1.59,1,214.43,214.03,16,0.39,0.03,0.15,-0.12,-0.01,FALSE,,0,FALSE,-0.38,33.96,-0.26,0.42,-0.54,,77,213,16,17,21,13,17,1,26,22,6,0,26,38,3,2,4,5,12,24,8,15,7,1,50,77,34,3,1,10,18,6,0,3,4,30,30,3,28,4,2,2.8,5.04,1.68,0,0.84,1.12,0.1,0.07,21.7,0.14,4.48,4.76,7.27,0.28,0,,751.52
A3Z physicality,Forwards,Forwards,A3Z tracked games; five on five,2021–22,20212022,258,8478403,Jack Eichel,C,0.59,3,272.42,274.2,18,0.53,-0.06,0.05,-0.12,-0.01,FALSE,,0,FALSE,-0.39,33.71,-0.15,-0.03,-0.2,,74,208,15,28,28,13,24,3,39,34,8,1,41,63,6,3,5,14,7,31,16,19,5,4,65,88,56,1,1,33,40,15,0,1,3,55,55,4,44,3,4,7.27,8.81,3.3,0,0.22,0.66,0.07,0.09,27.02,0.07,3.3,6.17,9.03,0.66,0.12,,659.32
A3Z physicality,Forwards,Forwards,A3Z tracked games; five on five,2021–22,20212022,259,8471214,Alex Ovechkin,L,1.97,1,461.82,470.88,31,0.4,0.07,0.19,-0.12,-0.01,FALSE,,0,FALSE,-0.4,33.46,0.31,-0.04,-0.67,,75,238,17,24,24,13,35,5,57,42,7,1,59,89,5,6,15,8,20,46,28,45,1,5,48,95,126,7,6,65,15,10,0,0,3,111,111,7,70,1,1,8.44,1.95,1.3,0,0,0.39,0.06,0.01,32.76,0.01,2.21,3.12,7.67,0.65,0.14,,1584.03
A3Z physicality,Forwards,Forwards,A3Z tracked games; five on five,2021–22,20212022,260,8480216,Jacob Peterson,C,-0.71,3,233.53,236.23,25,0.38,-0.2,-0.07,-0.13,-0.01,FALSE,,0,FALSE,-0.43,33.21,-0.29,-0.36,0.23,,73,180,8,21,9,4,19,2,25,19,7,5,31,42,3,2,6,9,7,23,9,16,0,2,21,27,42,5,2,8,13,8,0,2,4,41,41,3,29,5,3,2.06,3.34,2.06,0,0.51,1.03,0.07,0.1,21.4,0.17,2.06,5.4,7.96,0.51,0.71,,719.1
A3Z physicality,Forwards,Forwards,A3Z tracked games; five on five,2021–22,20212022,261,8479343,Clayton Keller,R,-1.71,4,263.28,264.67,18,0.27,-0.28,-0.15,-0.13,0.03,FALSE,,0,FALSE,-0.43,32.96,-0.49,-0.54,0.59,,70,175,8,17,23,22,21,3,31,28,4,0,35,50,4,3,3,8,12,26,12,17,4,4,57,90,56,4,2,6,20,6,0,4,3,48,48,7,43,7,3,1.37,4.56,1.37,0,0.91,0.68,0.15,0.07,22.64,0.16,1.82,3.87,7.98,0.68,0,,1349.28
A3Z physicality,Forwards,Forwards,A3Z tracked games; five on five,2021–22,20212022,262,8475793,Ryan Johansen,C,1.23,3,350.68,352.53,29,0.37,-0.02,0.12,-0.14,-0.01,FALSE,,0,FALSE,-0.45,32.71,0.4,-0.44,-0.41,,75,218,12,26,26,18,25,3,37,30,14,3,45,64,8,3,7,8,14,36,12,10,0,2,55,89,24,0,2,19,17,6,0,7,3,28,28,2,23,4,3,3.25,2.91,1.03,0,1.2,0.51,0.07,0.13,24.12,0.17,2.05,4.45,7.7,0.51,0.21,,1308.53
A3Z physicality,Forwards,Forwards,A3Z tracked games; five on five,2021–22,20212022,263,8477444,Andre Burakovsky,L,0.68,3,539.57,550.82,40,0.5,-0.07,0.06,-0.14,-0.01,FALSE,,0,FALSE,-0.45,32.46,-0.27,0.04,-0.23,,75,203,30,38,43,23,42,8,65,57,12,6,74,112,12,9,8,13,27,50,26,29,4,3,115,173,131,8,6,26,41,19,0,4,5,96,96,6,74,7,4,2.89,4.56,2.11,0,0.44,0.56,0.06,0.05,31.8,0.09,3.34,4.23,8.23,0.89,0.5,,1300.67
A3Z physicality,Forwards,Forwards,A3Z tracked games; five on five,2021–22,20212022,264,8478904,Steven Lorentz,C,1.54,3,304.98,311.57,30,0.45,0.01,0.15,-0.14,-0.01,TRUE,dumpInRecoveriesPer60,0,FALSE,-0.45,32.21,-0.99,1.05,-0.51,,76,219,38,38,38,12,16,1,35,18,6,1,28,47,4,2,17,6,8,30,23,23,2,0,47,69,46,6,8,24,50,5,0,2,2,53,53,5,38,3,10,4.72,9.84,0.98,0,0.39,0.39,0.09,0.26,20.88,0.08,7.48,7.48,5.51,0.2,0.17,,729.53
A3Z physicality,Forwards,Forwards,A3Z tracked games; five on five,2021–22,20212022,265,8479370,Tyson Jost,C,-1,5,406.05,415.37,40,0.5,-0.26,-0.12,-0.14,-0.02,FALSE,,0,FALSE,-0.47,31.95,-0.94,0.16,0.32,,71,187,26,40,27,20,20,6,32,22,16,6,54,75,16,8,10,5,12,40,12,19,1,3,49,83,60,4,5,27,82,18,0,2,9,61,61,7,49,7,3,3.99,12.12,2.66,0,0.3,1.33,0.11,0.06,22.47,0.14,3.84,5.91,7.98,0.89,0.38,,1025.6
A3Z physicality,Forwards,Forwards,A3Z tracked games; five on five,2021–22,20212022,266,8474573,Josh Bailey,R,0.02,2,435.47,439.85,32,0.43,-0.14,0.01,-0.15,0.02,FALSE,,0,FALSE,-0.48,31.7,-0.89,0.38,0.03,,73,200,23,31,29,16,25,3,51,39,15,5,51,95,8,11,12,5,16,31,35,17,2,2,50,77,38,5,1,10,19,14,0,2,0,42,42,3,33,4,0,1.38,2.62,1.93,0,0.28,0,0.07,0,23.38,0.12,3.17,4.27,7.03,0.41,0.33,,1249.83
A3Z physicality,Forwards,Forwards,A3Z tracked games; five on five,2021–22,20212022,267,8475799,Nino Niederreiter,R,0.96,2,409.98,416.43,32,0.43,-0.01,0.13,-0.15,0.02,FALSE,,0,FALSE,-0.49,31.45,-0.72,0.62,-0.38,,74,218,39,63,40,19,20,1,45,28,8,4,42,70,7,5,17,7,14,40,23,30,7,3,59,96,65,4,6,58,53,5,0,0,6,68,68,8,47,3,5,8.49,7.76,0.73,0,0,0.88,0.12,0.11,21.69,0.06,5.71,9.22,6.15,0.15,0.5,,1112.98
A3Z physicality,Forwards,Forwards,A3Z tracked games; five on five,2021–22,20212022,268,8481533,Trevor Zegras,C,-0.8,3,310.37,308.53,23,0.31,-0.23,-0.08,-0.15,-0.01,FALSE,,0,FALSE,-0.49,31.2,-0.52,-0.22,0.25,,72,185,10,22,28,13,26,4,41,28,11,7,48,69,5,8,13,10,11,36,18,21,5,4,50,92,60,6,1,16,23,6,0,2,4,49,49,2,33,5,1,3.09,4.45,1.16,0,0.39,0.77,0.04,0.03,21.93,0.15,1.93,4.25,9.28,0.77,0.64,,1343.03
A3Z physicality,Forwards,Forwards,A3Z tracked games; five on five,2021–22,20212022,269,8478010,Brayden Point,C,-1.37,2,452.97,458.4,32,0.48,-0.32,-0.17,-0.15,0.02,FALSE,,0,FALSE,-0.5,30.95,-0.76,-0.38,0.64,,71,177,14,29,32,28,40,4,56,52,12,4,63,94,5,4,4,17,18,39,24,22,4,8,104,161,82,3,7,23,33,8,0,2,4,77,77,5,49,9,6,3.05,4.37,1.06,0,0.26,0.53,0.06,0.12,22.09,0.18,1.85,3.84,8.34,0.53,0.33,,1284.48
A3Z physicality,Forwards,Forwards,A3Z tracked games; five on five,2021–22,20212022,270,8475768,Jaden Schwartz,L,-1.34,3,233.52,239,16,0.43,-0.28,-0.13,-0.15,-0.01,FALSE,,0,FALSE,-0.5,30.7,-0.41,-0.52,0.43,,70,185,10,25,28,12,11,3,19,14,5,2,18,32,2,1,5,5,3,9,16,15,2,1,34,62,36,2,3,13,20,3,0,3,4,42,42,2,29,4,4,3.34,5.14,0.77,0,0.77,1.03,0.05,0.14,30.57,0.14,2.57,6.42,4.62,0.77,0.4,,682.87
A3Z physicality,Forwards,Forwards,A3Z tracked games; five on five,2021–22,20212022,271,8477919,Freddy Gaudreau,C,-0.84,4,373.13,378.25,31,0.41,-0.22,-0.06,-0.16,0.03,FALSE,,0,FALSE,-0.52,30.2,-0.05,-0.76,0.3,,72,184,10,26,21,12,20,6,37,29,21,6,50,75,10,6,8,7,13,34,16,20,2,5,55,86,51,4,3,20,23,22,0,1,2,42,42,1,31,3,1,3.22,3.7,3.54,0,0.16,0.32,0.02,0.03,32.16,0.1,1.61,4.18,8.04,0.96,0.29,,1239.85
A3Z physicality,Forwards,Forwards,A3Z tracked games; five on five,2021–22,20212022,272,8479339,Patrik Laine,L,1.13,1,204.13,206.72,14,0.25,-0.05,0.1,-0.16,-0.01,FALSE,,0,FALSE,-0.52,29.95,-0.2,0.07,-0.39,,76,208,7,7,9,3,23,1,31,25,7,3,43,62,16,4,6,5,14,35,10,18,1,6,24,46,46,0,1,9,8,6,0,2,3,36,36,2,25,1,1,2.65,2.35,1.76,0,0.59,0.88,0.06,0.04,32.34,0.04,2.06,2.06,12.64,0.29,0.43,,1054.45
A3Z physicality,Forwards,Forwards,A3Z tracked games; five on five,2021–22,20212022,273,8477930,Pierre-Edouard Bellemare,L,-0.59,4,362.92,368.58,35,0.44,-0.2,-0.04,-0.16,0.03,FALSE,,0,FALSE,-0.53,29.7,-0.35,-0.4,0.22,,71,198,15,34,22,15,31,9,49,34,22,8,69,100,10,8,15,10,14,43,29,24,1,2,39,68,49,0,6,32,45,9,0,2,2,44,44,2,31,4,3,5.29,7.44,1.49,0,0.33,0.33,0.05,0.1,30.62,0.13,2.48,5.62,11.41,1.49,0.36,,1100.58
A3Z physicality,Forwards,Forwards,A3Z tracked games; five on five,2021–22,20212022,274,8478020,Michael Amadio,R,0.25,3,276.3,277.63,23,0.41,-0.14,0.02,-0.16,-0.01,FALSE,,0,FALSE,-0.53,29.45,-0.57,0.12,-0.09,,73,206,16,28,18,14,18,4,39,27,4,0,36,59,5,5,12,9,7,27,27,10,2,1,35,56,33,4,1,18,26,8,0,1,3,28,28,3,23,1,1,3.91,5.65,1.74,0,0.22,0.65,0.11,0.04,29.11,0.04,3.47,6.08,7.82,0.87,0,,680.95
A3Z physicality,Forwards,Forwards,A3Z tracked games; five on five,2021–22,20212022,275,8478444,Brock Boeser,R,0.32,1,345.8,345.65,24,0.34,-0.14,0.02,-0.17,-0.01,FALSE,,0,FALSE,-0.55,29.2,-0.72,0.27,-0.11,,73,208,22,21,32,20,23,3,30,23,5,1,35,53,9,3,7,11,9,28,11,31,7,1,47,74,83,3,5,7,7,14,0,2,2,65,65,4,42,4,1,1.21,1.21,2.43,0,0.35,0.35,0.06,0.02,30.08,0.1,3.82,3.64,6.07,0.52,0.2,,1320.53
A3Z physicality,Forwards,Forwards,A3Z tracked games; five on five,2021–22,20212022,276,8475745,Charlie Coyle,C,1.34,2,356.12,361.75,30,0.37,0.01,0.18,-0.17,0.02,FALSE,,0,FALSE,-0.56,28.95,0.07,-0.08,-0.55,,75,221,17,11,28,10,31,3,40,32,12,7,52,69,7,3,8,6,18,37,17,19,7,3,63,85,41,4,3,33,23,7,0,2,3,40,40,4,30,2,6,5.56,3.88,1.18,0,0.34,0.51,0.1,0.2,22.61,0.07,2.86,1.85,8.76,0.51,0.58,,1427.45
A3Z physicality,Forwards,Forwards,A3Z tracked games; five on five,2021–22,20212022,277,8477989,Christian Dvorak,C,-0.34,4,178.37,181.55,14,0.25,-0.18,-0.01,-0.17,0.03,FALSE,,0,FALSE,-0.56,28.7,-0.54,-0.16,0.13,typedShotsOnNet,73,190,7,9,8,4,6,2,21,12,10,1,21,37,4,4,9,3,3,17,15,7,2,0,28,36,22,2,1,10,20,14,0,0,2,23,23,2,17,1,2,3.36,6.73,4.71,0,0,0.67,0.09,0.12,24.6,0.06,2.35,3.03,7.06,0.67,0.1,,972.88
A3Z physicality,Forwards,Forwards,A3Z tracked games; five on five,2021–22,20212022,278,8477426,Nick Paul,L,2.09,1,387.92,393.17,29,0.36,0.03,0.2,-0.18,-0.01,FALSE,,0,FALSE,-0.59,28.45,0.11,0.01,-0.71,,76,234,27,37,19,9,36,7,52,40,13,7,66,102,13,3,12,17,18,48,23,46,0,1,27,54,83,3,7,38,47,20,0,2,3,90,90,4,66,13,5,5.88,7.27,3.09,0,0.31,0.46,0.04,0.08,29.07,0.2,4.18,5.72,10.21,1.08,0.54,,1320.95
A3Z physicality,Forwards,Forwards,A3Z tracked games; five on five,2021–22,20212022,279,8475172,Nazem Kadri,C,-0.8,4,463.82,467.83,35,0.49,-0.24,-0.06,-0.18,0.03,FALSE,,0,FALSE,-0.6,28.2,-0.44,-0.45,0.29,,72,185,17,30,43,30,36,8,69,44,21,10,82,109,7,8,25,17,18,67,33,34,4,7,103,169,122,8,7,25,46,8,1,3,7,107,107,9,84,11,4,3.23,5.95,1.03,0.13,0.39,0.91,0.08,0.05,29.7,0.13,2.2,3.88,10.61,1.03,0.48,,1365.97
A3Z physicality,Forwards,Forwards,A3Z tracked games; five on five,2021–22,20212022,280,8475784,Jeff Skinner,L,-0.52,5,302.63,307.65,23,0.29,-0.26,-0.07,-0.18,-0.02,FALSE,,0,FALSE,-0.61,27.94,-0.33,-0.46,0.18,,71,200,6,19,12,9,20,5,34,23,6,4,50,72,17,6,11,10,8,39,15,28,1,2,42,62,74,9,3,13,16,6,0,3,5,64,64,4,48,6,1,2.58,3.17,1.19,0,0.59,0.99,0.06,0.02,25.99,0.12,1.19,3.77,9.91,0.99,0.67,,1368.3
A3Z physicality,Forwards,Forwards,A3Z tracked games; five on five,2021–22,20212022,281,8480762,Eric Robinson,L,1.03,4,166.83,173.15,15,0.22,-0.06,0.13,-0.18,0.03,FALSE,,0,FALSE,-0.61,27.69,-1.15,0.87,-0.33,,74,220,16,18,11,5,9,1,17,14,5,2,16,30,4,3,3,7,4,10,10,10,1,1,14,21,29,4,3,17,18,1,0,0,0,28,28,3,23,3,2,6.11,6.47,0.36,0,0,0,0.11,0.09,22.51,0.13,5.75,6.47,5.75,0.36,0.4,,930.77
A3Z physicality,Forwards,Forwards,A3Z tracked games; five on five,2021–22,20212022,282,8475714,Calle Jarnkrok,C,-0.5,4,276.27,278.63,22,0.33,-0.21,-0.03,-0.19,0.03,FALSE,,0,FALSE,-0.62,27.44,-1.46,0.65,0.19,,72,193,24,24,28,13,19,6,21,17,10,3,33,44,3,2,4,9,4,17,10,22,1,0,41,65,45,3,7,9,20,5,0,0,1,38,38,1,27,2,1,1.95,4.34,1.09,0,0,0.22,0.03,0.04,31.81,0.07,5.21,5.21,7.17,1.3,0.3,,1058.48
A3Z physicality,Forwards,Forwards,A3Z tracked games; five on five,2021–22,20212022,283,8479356,Kieffer Bellows,L,-0.16,3,217.72,217.35,18,0.4,-0.21,-0.02,-0.19,-0.01,FALSE,,0,FALSE,-0.63,27.19,-0.03,-0.64,0.05,,73,195,5,16,14,5,5,1,12,7,11,5,16,35,7,5,5,0,2,5,15,24,1,0,17,26,60,4,2,40,30,3,0,1,0,53,53,4,38,3,3,11.02,8.27,0.83,0,0.28,0,0.08,0.08,24.08,0.08,1.38,4.41,4.41,0.28,0.45,,533.9
A3Z physicality,Forwards,Forwards,A3Z tracked games; five on five,2021–22,20212022,284,8476393,Nick Cousins,C,-0.85,3,243.65,245.53,24,0.35,-0.28,-0.09,-0.2,-0.01,FALSE,,0,FALSE,-0.65,26.94,-0.87,-0.05,0.27,,71,191,13,19,27,15,29,3,46,38,11,6,44,64,4,4,8,14,16,40,16,24,0,0,32,53,42,1,8,19,40,10,0,1,4,42,42,6,28,4,6,4.68,9.85,2.46,0,0.25,0.99,0.14,0.21,23.11,0.14,3.2,4.68,10.84,0.74,0.55,,847.85
A3Z physicality,Forwards,Forwards,A3Z tracked games; five on five,2021–22,20212022,285,8477940,Nikolaj Ehlers,L,-1.43,1,312.33,315.43,22,0.35,-0.35,-0.15,-0.2,-0.01,FALSE,,0,FALSE,-0.66,26.69,-0.83,-0.31,0.48,,72,168,10,19,31,18,22,3,33,28,8,3,44,66,9,8,5,12,9,32,10,31,3,3,57,103,100,3,7,15,21,6,0,1,5,83,83,2,55,4,4,2.88,4.03,1.15,0,0.19,0.96,0.02,0.07,31.83,0.07,1.92,3.65,8.45,0.58,0.38,,1120.35
A3Z physicality,Forwards,Forwards,A3Z tracked games; five on five,2021–22,20212022,286,8473604,Jonathan Toews,C,0.33,5,269.3,270.55,22,0.31,-0.2,0,-0.2,-0.02,FALSE,,0,FALSE,-0.66,26.44,-0.96,0.39,-0.08,,74,201,17,18,17,9,26,8,38,29,10,5,49,71,8,5,9,6,14,34,18,11,2,0,31,60,35,2,1,10,24,7,0,1,2,33,33,3,27,2,3,2.23,5.35,1.56,0,0.22,0.45,0.09,0.11,26.4,0.07,3.79,4.01,10.92,1.78,0.5,,1240.75
A3Z physicality,Forwards,Forwards,A3Z tracked games; five on five,2021–22,20212022,287,8478432,Christian Fischer,R,0.74,3,195.37,195.12,18,0.34,-0.14,0.07,-0.21,-0.01,FALSE,,0,FALSE,-0.68,26.19,-0.25,-0.19,-0.25,,74,212,8,13,7,3,13,2,16,11,1,0,25,37,7,0,5,8,2,18,7,9,0,1,11,17,29,2,0,32,19,4,0,0,4,30,30,5,25,5,2,9.83,5.84,1.23,0,0,1.23,0.17,0.08,28.38,0.2,2.46,3.99,7.68,0.61,0,,694.95
A3Z physicality,Forwards,Forwards,A3Z tracked games; five on five,2021–22,20212022,288,8477942,Kevin Fiala,L,-0.06,1,451.12,456.27,36,0.44,-0.22,-0.02,-0.21,-0.01,FALSE,,0,FALSE,-0.69,25.94,-0.75,0.04,0.02,,72,205,19,34,42,29,40,5,61,45,6,4,70,100,6,12,16,17,16,49,31,39,6,2,79,147,119,8,3,20,42,8,0,3,5,108,108,13,82,9,5,2.66,5.59,1.06,0,0.4,0.67,0.12,0.06,23.53,0.11,2.53,4.52,9.31,0.67,0.67,,1447.07
A3Z physicality,Forwards,Forwards,A3Z tracked games; five on five,2021–22,20212022,289,8477934,Leon Draisaitl,C,0.63,3,633.03,639.73,39,0.49,-0.15,0.06,-0.21,-0.01,FALSE,,0,FALSE,-0.69,25.69,-0.88,0.4,-0.21,,74,209,39,41,76,45,68,10,89,73,12,6,113,152,9,13,16,34,23,78,31,38,9,10,159,223,101,2,6,15,60,16,0,8,8,94,94,10,67,9,4,1.42,5.69,1.52,0,0.76,0.76,0.11,0.06,23.77,0.13,3.7,3.89,10.71,0.95,0.5,,1787.93
A3Z physicality,Forwards,Forwards,A3Z tracked games; five on five,2021–22,20212022,290,8470626,Loui Eriksson,L,-0.48,5,208.68,210.25,19,0.26,-0.28,-0.07,-0.21,-0.02,FALSE,,0,FALSE,-0.69,25.44,-1.13,0.27,0.16,,74,179,12,16,16,5,10,1,16,12,12,3,20,30,4,4,4,4,4,15,7,10,3,0,31,42,31,2,2,3,9,6,0,1,1,29,29,4,26,7,4,0.86,2.59,1.73,0,0.29,0.29,0.14,0.15,25.63,0.27,3.45,4.6,5.75,0.29,0.25,,943.18
A3Z physicality,Forwards,Forwards,A3Z tracked games; five on five,2021–22,20212022,291,8473449,Kyle Okposo,R,0.34,1,244.73,248.88,20,0.27,-0.18,0.02,-0.21,-0.01,FALSE,,0,FALSE,-0.7,25.19,-0.56,-0.01,-0.12,,72,216,13,18,18,8,26,1,31,25,7,1,40,59,9,3,6,10,11,28,13,9,1,0,26,44,47,3,3,13,14,4,0,1,2,47,47,2,35,1,2,3.19,3.43,0.98,0,0.25,0.49,0.04,0.06,28.02,0.03,3.19,4.41,9.81,0.25,0.14,,1241.48
A3Z physicality,Forwards,Forwards,A3Z tracked games; five on five,2021–22,20212022,292,8480802,Ryan McLeod,C,0.71,1,293.82,300.27,30,0.42,-0.15,0.06,-0.21,-0.01,FALSE,,0,FALSE,-0.7,24.94,-0.65,0.2,-0.25,,75,204,22,29,24,9,45,8,44,41,11,3,70,89,11,4,3,11,24,44,11,7,1,3,41,63,27,1,2,12,35,8,0,2,0,32,32,3,25,3,1,2.45,7.15,1.63,0,0.41,0,0.09,0.04,26.73,0.12,4.49,5.92,14.29,1.63,0.27,,905.97
A3Z physicality,Forwards,Forwards,A3Z tracked games; five on five,2021–22,20212022,293,8474009,Nick Bonino,C,-0.05,5,294.08,292.73,23,0.29,-0.24,-0.03,-0.21,-0.02,FALSE,,0,FALSE,-0.71,24.69,-0.29,-0.45,0.03,,73,198,9,23,19,10,19,2,42,25,10,4,39,68,7,3,17,8,10,38,24,20,2,2,24,44,35,2,2,9,10,24,0,1,1,40,40,6,33,3,6,1.84,2.04,4.9,0,0.2,0.2,0.15,0.18,27.73,0.09,1.84,4.69,7.96,0.41,0.4,,1335.98
A3Z physicality,Forwards,Forwards,A3Z tracked games; five on five,2021–22,20212022,294,8477503,Max Domi,C,-0.49,1,228.1,233.55,20,0.28,-0.27,-0.06,-0.22,-0.01,FALSE,,0,FALSE,-0.72,24.44,-0.69,-0.19,0.16,,70,208,7,18,25,15,13,3,26,21,5,1,28,44,4,8,5,6,6,18,15,12,5,5,39,65,32,2,4,5,9,1,0,4,2,28,28,3,21,2,2,1.32,2.37,0.26,0,1.05,0.53,0.11,0.1,22.53,0.1,1.84,4.73,7.37,0.79,0.2,,938.55
A3Z physicality,Forwards,Forwards,A3Z tracked games; five on five,2021–22,20212022,295,8477476,Artturi Lehkonen,L,-1.29,3,250.53,257.3,23,0.31,-0.35,-0.13,-0.22,-0.01,FALSE,,0,FALSE,-0.72,24.19,-0.9,-0.24,0.42,,71,179,8,32,18,12,18,0,40,28,8,4,36,57,6,3,12,10,10,41,16,21,3,1,25,41,57,7,6,19,31,9,0,0,1,47,47,7,37,5,2,4.55,7.42,2.16,0,0,0.24,0.15,0.05,17.03,0.14,1.92,7.66,8.62,0,0.5,,1117.15
A3Z physicality,Forwards,Forwards,A3Z tracked games; five on five,2021–22,20212022,296,8480039,Martin Necas,C,0.38,2,391.83,400.08,32,0.41,-0.17,0.06,-0.22,0.02,FALSE,,0,FALSE,-0.74,23.93,-0.47,-0.14,-0.13,,75,195,22,35,49,26,31,3,42,35,12,4,59,83,15,9,7,12,12,40,16,26,1,8,84,130,78,4,3,23,38,6,0,4,7,64,64,5,44,3,4,3.52,5.82,0.92,0,0.61,1.07,0.08,0.09,32.9,0.07,3.37,5.36,9.03,0.46,0.33,,1262.67
A3Z physicality,Forwards,Forwards,A3Z tracked games; five on five,2021–22,20212022,297,8480144,David Kampf,C,0.22,1,429.77,435.85,36,0.44,-0.22,0.01,-0.23,-0.01,FALSE,,0,FALSE,-0.76,23.68,-0.16,-0.52,-0.08,,74,198,14,44,31,16,48,10,64,50,17,5,79,100,1,4,14,19,25,59,19,19,3,1,50,73,35,2,5,31,40,11,0,3,4,52,52,2,41,7,2,4.33,5.58,1.54,0,0.42,0.56,0.04,0.05,23.33,0.17,1.95,6.14,11.03,1.4,0.29,,1251.8
A3Z physicality,Forwards,Forwards,A3Z tracked games; five on five,2021–22,20212022,298,8469455,Jason Spezza,C,1.27,1,283.88,285.62,34,0.48,-0.11,0.12,-0.23,-0.01,FALSE,,0,FALSE,-0.76,23.43,-0.32,-0.01,-0.43,,75,219,19,29,21,9,29,7,42,33,9,2,46,72,8,3,9,12,15,34,20,26,4,3,48,65,46,2,4,12,15,11,0,2,2,47,47,3,36,4,4,2.54,3.17,2.32,0,0.42,0.42,0.06,0.11,27.29,0.11,4.02,6.13,9.72,1.48,0.22,,762.97
A3Z physicality,Forwards,Forwards,A3Z tracked games; five on five,2021–22,20212022,299,8477429,Andrew Copp,C,0.02,4,467.5,469.88,35,0.49,-0.21,0.02,-0.23,0.03,FALSE,,0,FALSE,-0.77,23.18,-0.81,0.03,0.01,,73,200,24,44,35,24,41,4,70,55,11,6,77,119,6,9,15,9,24,58,32,23,5,5,68,117,74,5,2,18,35,11,0,2,3,82,82,8,64,4,8,2.31,4.49,1.41,0,0.26,0.39,0.1,0.12,24.51,0.06,3.08,5.65,9.88,0.51,0.55,,1380.87
A3Z physicality,Forwards,Forwards,A3Z tracked games; five on five,2021–22,20212022,300,8476448,William Karlsson,C,-0.62,2,400.32,401.78,30,0.45,-0.31,-0.07,-0.24,0.02,FALSE,,0,FALSE,-0.79,22.93,-0.92,-0.18,0.31,,72,190,21,41,46,21,36,4,47,40,18,6,63,88,5,10,7,7,23,40,17,14,5,4,82,136,49,1,3,16,38,16,0,2,1,55,55,5,36,3,5,2.4,5.7,2.4,0,0.3,0.15,0.09,0.14,25.81,0.08,3.15,6.15,9.44,0.6,0.33,,1224.88
A3Z physicality,Forwards,Forwards,A3Z tracked games; five on five,2021–22,20212022,301,8474149,Evgenii Dadonov,L,-0.96,1,441.32,441.38,34,0.44,-0.34,-0.11,-0.24,-0.01,FALSE,,0,FALSE,-0.79,22.68,-1.06,-0.04,0.32,,71,188,12,30,28,18,23,2,47,30,9,5,45,74,5,7,17,12,9,35,31,22,10,10,54,85,77,3,7,24,54,15,0,0,3,81,81,12,59,7,6,3.26,7.34,2.04,0,0,0.41,0.15,0.1,20,0.12,1.63,4.08,6.12,0.27,0.56,,1234.13
A3Z physicality,Forwards,Forwards,A3Z tracked games; five on five,2021–22,20212022,302,8478463,Anthony Beauvillier,R,-1.22,3,464.32,468.58,34,0.45,-0.36,-0.12,-0.24,-0.01,FALSE,,0,FALSE,-0.79,22.43,-1.54,0.36,0.39,,71,181,29,55,32,14,34,6,55,43,10,5,65,99,11,12,12,19,15,49,20,27,5,3,60,83,79,6,2,14,43,6,0,1,3,77,77,11,58,9,2,1.81,5.56,0.78,0,0.13,0.39,0.14,0.03,23.43,0.16,3.75,7.11,8.4,0.78,0.5,,1262.5
A3Z physicality,Forwards,Forwards,A3Z tracked games; five on five,2021–22,20212022,303,8476994,Vinnie Hinostroza,C,-1.42,1,248.62,255.85,19,0.31,-0.39,-0.15,-0.24,-0.01,FALSE,,0,FALSE,-0.8,22.18,-1.16,-0.11,0.47,,70,183,13,19,10,10,23,5,33,25,7,1,47,65,3,5,8,7,11,29,14,18,4,4,29,42,41,0,1,4,22,3,0,3,1,37,37,2,27,0,2,0.97,5.31,0.72,0,0.72,0.24,0.05,0.07,37.95,0,3.14,4.59,11.34,1.21,0.14,,860.05
A3Z physicality,Forwards,Forwards,A3Z tracked games; five on five,2021–22,20212022,304,8477402,Pavel Buchnevich,L,-0.12,5,358.48,361.95,28,0.38,-0.28,-0.04,-0.24,-0.02,FALSE,,0,FALSE,-0.8,21.93,-0.66,-0.19,0.05,,73,196,19,35,26,25,32,1,51,38,6,2,52,74,6,6,13,13,17,41,27,28,9,4,59,103,80,4,1,20,24,3,0,1,2,72,72,3,58,4,3,3.35,4.02,0.5,0,0.17,0.33,0.04,0.05,28.54,0.07,3.18,5.86,8.7,0.17,0.33,,1335.92
A3Z physicality,Forwards,Forwards,A3Z tracked games; five on five,2021–22,20212022,305,8475913,Mark Stone,R,0.94,2,212.3,212.92,15,0.41,-0.11,0.13,-0.24,0.02,TRUE,medianShotDistance,0,FALSE,-0.8,21.68,-0.29,-0.14,-0.37,typedShotsOnNet,75,210,9,21,29,8,22,0,49,36,11,7,40,63,6,2,13,10,15,43,23,8,5,7,57,80,23,1,3,6,9,8,0,2,3,23,23,3,18,1,4,1.7,2.54,2.26,0,0.57,0.85,0.13,0.22,13.89,0.06,2.54,5.93,11.3,0,0.64,,678.7
A3Z physicality,Forwards,Forwards,A3Z tracked games; five on five,2021–22,20212022,306,8479383,Boris Katchouk,L,0.74,4,240.93,244.63,27,0.46,-0.15,0.1,-0.25,0.03,FALSE,,0,FALSE,-0.82,21.43,-0.21,-0.38,-0.23,,74,212,10,27,22,6,9,3,14,10,7,3,22,30,4,3,4,3,5,14,6,16,1,2,31,40,40,4,1,70,29,4,0,0,7,37,37,3,28,6,1,17.43,7.22,1,0,0,1.74,0.08,0.04,23.02,0.21,2.49,6.72,5.48,0.75,0.43,,585.3
A3Z physicality,Forwards,Forwards,A3Z tracked games; five on five,2021–22,20212022,307,8482222,Alexander Barabanov,L,-0.97,5,309.18,310.18,21,0.3,-0.36,-0.12,-0.25,-0.02,FALSE,,0,FALSE,-0.83,21.18,-1.13,-0.02,0.31,,70,195,10,19,20,9,36,5,51,44,8,2,57,92,12,4,7,14,17,42,21,9,1,1,48,60,28,0,5,11,38,13,0,1,1,34,34,6,26,6,1,2.13,7.37,2.52,0,0.19,0.19,0.18,0.04,22.68,0.23,1.94,3.69,11.06,0.97,0.25,,1202.65
A3Z physicality,Forwards,Forwards,A3Z tracked games; five on five,2021–22,20212022,308,8480113,Alex Iafallo,L,-0.21,3,395.45,400.03,30,0.38,-0.28,-0.02,-0.25,-0.01,FALSE,,0,FALSE,-0.84,20.93,-0.34,-0.56,0.06,,72,201,15,41,29,9,27,3,58,42,16,8,46,78,3,5,16,8,21,44,32,32,4,5,55,83,77,3,8,19,26,11,0,2,1,77,77,4,61,9,5,2.88,3.94,1.67,0,0.3,0.15,0.05,0.08,32.45,0.15,2.28,6.22,6.98,0.46,0.5,,1461.67
A3Z physicality,Forwards,Forwards,A3Z tracked games; five on five,2021–22,20212022,309,8477492,Nathan MacKinnon,C,-0.25,2,531.85,533.9,33,0.51,-0.28,-0.03,-0.25,0.02,FALSE,,0,FALSE,-0.84,20.68,-0.83,-0.16,0.15,,72,200,23,34,36,33,68,3,72,67,15,5,87,112,7,5,5,31,26,63,20,32,3,13,126,192,157,7,4,30,35,18,0,0,8,124,124,13,98,12,4,3.38,3.95,2.03,0,0,0.9,0.1,0.04,30.67,0.12,2.59,3.84,9.81,0.34,0.33,,1368.97
A3Z physicality,Forwards,Forwards,A3Z tracked games; five on five,2021–22,20212022,310,8476918,Jimmy Vesey,L,0.41,4,282.73,285.75,25,0.37,-0.19,0.06,-0.26,0.03,FALSE,,0,FALSE,-0.85,20.43,-0.02,-0.72,-0.12,,74,203,8,25,21,14,21,4,33,29,7,3,35,57,3,2,4,6,10,23,16,16,2,0,37,52,47,0,1,38,11,6,0,0,1,49,49,3,36,7,2,8.06,2.33,1.27,0,0,0.21,0.06,0.06,24.7,0.19,1.7,5.31,7.43,0.85,0.43,,980.83
A3Z physicality,Forwards,Forwards,A3Z tracked games; five on five,2021–22,20212022,311,8478891,Mason Appleton,C,0.15,2,271.63,276.05,21,0.31,-0.23,0.03,-0.26,0.02,FALSE,,0,FALSE,-0.86,20.18,-0.51,-0.32,-0.03,,74,196,13,32,20,12,21,1,31,21,7,3,35,55,9,3,10,12,6,27,17,17,1,1,28,44,34,2,4,19,28,5,0,2,2,42,42,2,28,1,6,4.2,6.18,1.1,0,0.44,0.44,0.05,0.21,22.54,0.04,2.87,7.07,7.73,0.22,0.43,,1012.18
A3Z physicality,Forwards,Forwards,A3Z tracked games; five on five,2021–22,20212022,312,8475163,Alex Chiasson,R,1.13,2,185.72,185.53,21,0.31,-0.11,0.15,-0.26,0.02,FALSE,,0,FALSE,-0.87,19.92,0.03,-0.44,-0.46,,76,208,7,19,4,1,7,3,22,9,4,0,25,33,2,2,13,2,4,27,9,11,2,1,17,24,25,1,3,24,29,5,0,2,2,24,24,2,21,0,3,7.75,9.37,1.62,0,0.65,0.65,0.08,0.14,22.41,0,2.26,6.14,8.08,0.97,0,,778.68
A3Z physicality,Forwards,Forwards,A3Z tracked games; five on five,2021–22,20212022,313,8479335,Rasmus Asplund,C,-0.89,3,268.83,272.18,23,0.29,-0.35,-0.09,-0.26,-0.01,FALSE,,0,FALSE,-0.87,19.67,-1.27,0.11,0.28,,71,190,16,30,20,10,23,3,32,25,10,2,45,56,5,5,7,8,14,36,6,6,0,2,39,60,34,1,3,10,25,3,0,1,1,40,40,2,28,3,2,2.23,5.58,0.67,0,0.22,0.22,0.05,0.07,25.09,0.11,3.57,6.7,10.04,0.67,0.2,,1142.22
A3Z physicality,Forwards,Forwards,A3Z tracked games; five on five,2021–22,20212022,314,8480459,Pius Suter,C,-1.55,3,325.92,328.03,27,0.33,-0.42,-0.15,-0.26,-0.01,FALSE,,0,FALSE,-0.87,19.42,-0.44,-0.93,0.5,,71,172,5,27,11,9,32,4,36,30,16,7,47,70,7,2,6,8,15,30,15,15,2,2,27,45,43,6,4,3,9,10,0,4,3,45,45,6,31,4,4,0.55,1.66,1.84,0,0.74,0.55,0.13,0.13,22.47,0.13,0.92,4.97,8.65,0.74,0.44,,1387.77
A3Z physicality,Forwards,Forwards,A3Z tracked games; five on five,2021–22,20212022,315,8479373,Jonathan Dahlen,C,-1.26,4,247.13,247,21,0.34,-0.37,-0.1,-0.26,0.03,FALSE,,0,FALSE,-0.88,19.17,-0.6,-0.72,0.44,,71,180,7,18,13,4,12,1,33,20,10,5,30,58,10,3,13,8,3,29,23,14,2,1,27,39,39,3,4,3,8,12,0,1,1,45,45,3,33,5,4,0.73,1.94,2.91,0,0.24,0.24,0.07,0.12,29.12,0.15,1.7,4.37,7.28,0.24,0.5,,841.32
A3Z physicality,Forwards,Forwards,A3Z tracked games; five on five,2021–22,20212022,316,8474040,Sam Gagner,C,-0.52,4,253.08,259.12,27,0.33,-0.3,-0.03,-0.27,0.03,FALSE,,0,FALSE,-0.9,18.92,-1.1,0.01,0.19,,71,200,13,18,20,7,17,2,33,23,5,2,34,57,7,3,10,5,10,30,15,22,2,2,30,46,40,4,2,3,22,4,0,3,1,44,44,4,39,4,2,0.71,5.22,0.95,0,0.71,0.24,0.09,0.05,26.28,0.1,3.08,4.27,8.06,0.47,0.4,,1103.23
A3Z physicality,Forwards,Forwards,A3Z tracked games; five on five,2021–22,20212022,317,8481523,Kirby Dach,C,1.61,5,345.98,347.93,25,0.36,-0.15,0.12,-0.27,-0.02,FALSE,,0,FALSE,-0.9,18.67,-0.73,0.3,-0.48,,76,221,17,25,17,9,35,9,42,36,22,7,61,83,6,8,6,10,17,34,16,8,4,3,43,68,38,3,0,18,54,16,0,3,4,45,45,2,34,7,1,3.12,9.36,2.77,0,0.52,0.69,0.04,0.03,19.42,0.21,2.95,4.34,10.58,1.56,0.32,,1263.1
A3Z physicality,Forwards,Forwards,A3Z tracked games; five on five,2021–22,20212022,318,8481528,Dylan Cozens,C,0.75,2,283.5,288.22,22,0.28,-0.17,0.1,-0.27,0.02,FALSE,,0,FALSE,-0.91,18.42,-0.53,-0.08,-0.29,,75,205,12,18,18,5,26,7,38,32,8,6,50,76,13,7,6,14,9,29,20,16,3,2,42,64,53,0,1,11,18,4,0,3,1,48,48,1,38,2,1,2.33,3.81,0.85,0,0.63,0.21,0.02,0.03,30.12,0.05,2.54,3.81,10.58,1.48,0.75,,1255.5
A3Z physicality,Forwards,Forwards,A3Z tracked games; five on five,2021–22,20212022,319,8475786,Zach Hyman,L,0.25,2,527.95,530.72,36,0.47,-0.24,0.04,-0.28,0.02,FALSE,,0,FALSE,-0.92,18.17,-0.93,0.08,-0.07,,73,206,21,57,28,16,30,1,42,37,9,6,42,62,7,3,5,18,13,36,14,35,3,4,51,79,94,7,6,40,68,10,0,2,5,97,97,18,72,17,3,4.55,7.73,1.14,0,0.23,0.57,0.19,0.04,15.52,0.24,2.39,6.48,4.77,0.11,0.67,,1479.33
A3Z physicality,Forwards,Forwards,A3Z tracked games; five on five,2021–22,20212022,320,8479987,Morgan Geekie,C,1.01,5,258.58,261.77,26,0.36,-0.22,0.07,-0.28,-0.02,FALSE,,0,FALSE,-0.94,17.92,-0.99,0.34,-0.29,,75,212,25,32,33,13,12,2,27,16,5,0,30,46,5,4,11,4,6,24,18,19,8,0,47,73,46,4,0,11,25,4,0,1,1,40,40,4,32,3,4,2.55,5.8,0.93,0,0.23,0.23,0.1,0.12,24.18,0.09,5.8,7.43,6.96,0.46,0,,920.4
A3Z physicality,Forwards,Forwards,A3Z tracked games; five on five,2021–22,20212022,321,8476461,Sean Couturier,C,1.21,1,246.22,251.67,18,0.62,-0.17,0.11,-0.28,-0.01,FALSE,,0,FALSE,-0.94,17.67,-0.7,0.16,-0.41,,76,210,16,22,30,13,25,1,33,24,9,4,39,55,7,2,9,3,12,32,15,21,2,1,54,83,45,5,2,11,15,5,0,1,2,41,41,4,34,3,2,2.68,3.66,1.22,0,0.24,0.49,0.1,0.06,26.17,0.09,3.9,5.36,9.5,0.24,0.44,,591.43
A3Z physicality,Forwards,Forwards,A3Z tracked games; five on five,2021–22,20212022,322,8476456,Jonathan Huberdeau,L,0.02,4,406.55,410.67,33,0.41,-0.26,0.02,-0.29,0.03,FALSE,,0,FALSE,-0.95,17.42,-0.55,-0.41,0.01,,73,200,13,31,45,26,36,2,47,40,7,3,53,88,6,5,7,5,16,31,24,20,7,13,107,158,64,4,5,36,34,3,0,3,6,66,66,10,56,5,5,5.31,5.02,0.44,0,0.44,0.89,0.15,0.09,20.75,0.09,1.92,4.58,7.82,0.3,0.43,,1553.97
A3Z physicality,Forwards,Forwards,A3Z tracked games; five on five,2021–22,20212022,323,8476454,Ryan Nugent-Hopkins,C,-0.27,2,373.9,372.45,29,0.46,-0.32,-0.03,-0.29,0.02,FALSE,,0,FALSE,-0.96,17.17,-0.65,-0.46,0.16,,73,192,13,34,30,15,25,2,51,38,9,4,47,82,9,6,13,11,13,37,30,18,1,4,60,87,45,6,1,19,26,15,0,1,1,43,43,5,35,3,4,3.05,4.17,2.41,0,0.16,0.16,0.12,0.11,24.02,0.09,2.09,5.46,7.54,0.32,0.44,,1217.05
A3Z physicality,Forwards,Forwards,A3Z tracked games; five on five,2021–22,20212022,324,8475754,Brock Nelson,C,1.02,1,415.23,417.33,31,0.43,-0.2,0.09,-0.29,-0.01,FALSE,,0,FALSE,-0.97,16.92,-0.74,0.12,-0.35,,76,205,21,33,32,11,29,7,43,38,21,9,60,84,11,8,5,9,15,38,17,28,1,0,65,88,66,6,4,12,26,17,0,3,6,67,67,7,51,8,7,1.73,3.76,2.46,0,0.43,0.87,0.1,0.14,21,0.16,3.03,4.77,8.67,1.01,0.43,,1272.87
A3Z physicality,Forwards,Forwards,A3Z tracked games; five on five,2021–22,20212022,325,8474037,James van Riemsdyk,L,0.94,3,406.48,408.3,32,0.39,-0.2,0.09,-0.29,-0.01,FALSE,,0,FALSE,-0.97,16.67,-0.8,0.14,-0.31,,75,210,21,32,37,14,21,3,57,29,8,6,54,80,4,10,28,14,8,52,36,23,6,1,52,81,66,8,3,12,25,8,0,2,1,72,72,7,52,14,4,1.77,3.69,1.18,0,0.3,0.15,0.1,0.08,22.36,0.27,3.1,4.72,7.97,0.44,0.75,,1321.22
A3Z physicality,Forwards,Forwards,A3Z tracked games; five on five,2021–22,20212022,326,8477456,J.T. Compher,L,-0.58,4,409.47,412.72,34,0.49,-0.33,-0.04,-0.29,0.03,FALSE,,0,FALSE,-0.98,16.42,-0.49,-0.7,0.21,,72,191,11,25,19,13,40,1,45,34,12,3,59,80,7,9,11,17,15,42,15,23,1,2,44,71,60,7,6,12,41,13,0,4,1,52,52,4,35,6,7,1.76,6.01,1.9,0,0.59,0.15,0.08,0.2,26.66,0.17,1.61,3.66,8.65,0.15,0.25,,1142.55
A3Z physicality,Forwards,Forwards,A3Z tracked games; five on five,2021–22,20212022,327,8480002,Nico Hischier,C,0.02,2,350.63,351.42,26,0.37,-0.29,0.01,-0.3,0.02,FALSE,,0,FALSE,-1,16.17,-0.97,-0.05,0.03,,73,200,11,15,21,13,25,2,47,33,20,8,46,73,9,4,14,15,9,41,25,12,5,7,72,109,42,0,4,19,37,12,0,1,3,41,41,2,27,6,2,3.25,6.33,2.05,0,0.17,0.51,0.05,0.07,18.44,0.22,1.88,2.57,7.87,0.34,0.4,,1354.08
A3Z physicality,Forwards,Forwards,A3Z tracked games; five on five,2021–22,20212022,328,8475166,John Tavares,C,0.65,3,514.27,516.07,36,0.46,-0.24,0.06,-0.3,-0.01,FALSE,,0,FALSE,-1.01,15.91,-0.37,-0.42,-0.22,,73,217,19,58,45,25,36,9,51,40,16,6,68,107,10,11,11,12,17,36,27,44,12,5,82,129,102,10,15,27,42,19,0,3,7,101,101,10,69,8,10,3.15,4.9,2.22,0,0.35,0.82,0.1,0.14,21.54,0.12,2.22,6.77,7.93,1.05,0.38,,1427.85
A3Z physicality,Forwards,Forwards,A3Z tracked games; five on five,2021–22,20212022,329,8474161,Jakub Voracek,R,0.89,4,296.4,300.58,23,0.29,-0.19,0.11,-0.3,0.03,FALSE,,0,FALSE,-1.01,15.66,-0.71,-0.02,-0.28,,74,216,14,12,23,15,27,4,37,30,6,1,42,62,6,2,7,14,11,32,15,12,7,9,64,88,35,1,0,7,16,9,0,2,5,37,37,2,29,3,3,1.42,3.24,1.82,0,0.4,1.01,0.05,0.1,28.23,0.1,2.83,2.43,8.5,0.81,0.17,,1379.28
A3Z physicality,Forwards,Forwards,A3Z tracked games; five on five,2021–22,20212022,330,8476882,Teuvo Teravainen,C,-0.85,1,390.2,394.32,33,0.43,-0.4,-0.1,-0.3,-0.01,FALSE,,0,FALSE,-1.01,15.41,-0.88,-0.42,0.28,,71,191,17,40,30,17,23,2,48,24,13,8,52,78,5,9,24,11,8,49,27,24,3,3,57,93,70,1,4,7,24,11,0,4,2,68,68,3,55,6,4,1.08,3.69,1.69,0,0.62,0.31,0.04,0.07,31.05,0.11,2.61,6.15,8,0.31,0.62,,1362.87
A3Z physicality,Forwards,Forwards,A3Z tracked games; five on five,2021–22,20212022,331,8477015,Connor Brown,R,-0.84,2,284.25,289.33,20,0.31,-0.42,-0.1,-0.31,0.02,FALSE,,0,FALSE,-1.04,15.16,-1.76,0.31,0.4,,72,184,22,29,42,20,23,2,43,35,5,1,38,63,6,5,8,11,11,31,22,13,9,4,66,88,41,4,1,3,19,7,0,1,1,39,39,5,28,1,3,0.63,4.01,1.48,0,0.21,0.21,0.13,0.11,26.17,0.04,4.64,6.12,8.02,0.42,0.2,,1283.63
A3Z physicality,Forwards,Forwards,A3Z tracked games; five on five,2021–22,20212022,332,8476438,Brandon Saad,L,0.28,4,357.25,362.42,28,0.36,-0.26,0.05,-0.32,0.03,FALSE,,0,FALSE,-1.05,14.91,-1.26,0.28,-0.08,,73,207,21,26,29,10,18,3,25,22,6,3,29,47,4,5,3,4,10,15,13,19,4,3,47,75,51,2,1,8,17,6,0,1,3,45,45,2,35,4,6,1.34,2.86,1.01,0,0.17,0.5,0.04,0.17,21.93,0.11,3.53,4.37,4.87,0.5,0.5,,1269.17
A3Z physicality,Forwards,Forwards,A3Z tracked games; five on five,2021–22,20212022,333,8475168,Matt Duchene,C,-0.11,2,424.45,424.7,28,0.36,-0.33,-0.01,-0.32,0.02,FALSE,,0,FALSE,-1.06,14.66,-0.97,-0.17,0.09,,71,211,17,32,34,10,29,5,56,44,11,4,52,85,6,5,12,7,20,44,27,26,2,4,64,101,80,3,5,9,25,11,0,3,5,76,76,2,54,7,5,1.27,3.53,1.55,0,0.42,0.71,0.03,0.09,24.34,0.13,2.4,4.52,7.35,0.71,0.36,,1483.07
A3Z physicality,Forwards,Forwards,A3Z tracked games; five on five,2021–22,20212022,334,8475763,Kevin Hayes,R,1.19,2,176.28,178.92,14,0.29,-0.16,0.16,-0.32,0.02,FALSE,,0,FALSE,-1.08,14.41,-1.02,0.43,-0.49,,75,217,12,4,4,1,23,1,24,17,5,1,38,49,5,2,7,7,8,26,9,10,2,1,10,17,27,0,2,6,4,2,0,0,2,33,33,1,22,2,1,2.04,1.36,0.68,0,0,0.68,0.03,0.05,34,0.09,4.08,1.36,12.93,0.34,0.2,,860.33
A3Z physicality,Forwards,Forwards,A3Z tracked games; five on five,2021–22,20212022,335,8478424,Jansen Harkins,C,-0.09,2,289.77,291.9,34,0.44,-0.33,-0,-0.32,0.02,FALSE,,0,FALSE,-1.08,14.16,-1.38,0.22,0.07,,73,197,17,26,18,8,16,6,37,27,7,4,41,73,11,6,10,8,9,29,22,15,1,1,24,40,41,1,1,15,28,6,0,0,4,44,44,3,30,2,1,3.11,5.8,1.24,0,0,0.83,0.07,0.03,26.7,0.07,3.52,5.38,8.49,1.24,0.57,,729.7
A3Z physicality,Forwards,Forwards,A3Z tracked games; five on five,2021–22,20212022,336,8477493,Aleksander Barkov,C,1.08,2,360.45,363.57,28,0.42,-0.18,0.15,-0.33,0.02,FALSE,,0,FALSE,-1.1,13.91,-1.14,0.48,-0.44,,75,214,26,39,48,30,55,1,57,48,17,8,85,106,6,9,9,12,27,52,19,23,8,4,95,156,79,8,6,20,32,11,0,0,2,71,71,8,57,10,6,3.33,5.33,1.83,0,0,0.33,0.11,0.11,19,0.18,4.33,6.49,14.15,0.17,0.47,,1360.32
A3Z physicality,Forwards,Forwards,A3Z tracked games; five on five,2021–22,20212022,337,8479511,Janne Kuokkanen,C,-0.23,2,225.73,228.7,19,0.33,-0.36,-0.02,-0.33,0.02,FALSE,,0,FALSE,-1.11,13.66,-1.23,-0.02,0.14,,73,193,11,22,13,3,10,0,22,15,5,2,25,45,8,2,7,4,5,18,16,11,0,0,23,29,28,0,3,13,26,10,0,0,2,34,34,1,25,4,2,3.46,6.91,2.66,0,0,0.53,0.03,0.08,24.94,0.16,2.92,5.85,6.65,0,0.4,,769.02
A3Z physicality,Forwards,Forwards,A3Z tracked games; five on five,2021–22,20212022,338,8479420,Tage Thompson,C,2.12,1,282.42,287.27,22,0.28,-0.13,0.2,-0.33,-0.01,FALSE,,0,FALSE,-1.11,13.41,0.17,-0.56,-0.72,,78,220,9,23,16,10,29,11,41,36,5,2,56,76,7,7,5,11,15,36,13,19,0,1,29,52,76,4,3,13,8,6,1,2,1,60,60,0,49,4,0,2.76,1.7,1.27,0.21,0.42,0.21,0,0,32.62,0.08,1.91,4.89,11.9,2.34,0.4,,1394.6
A3Z physicality,Forwards,Forwards,A3Z tracked games; five on five,2021–22,20212022,339,8478458,Jack Roslovic,C,-0.05,2,241.73,247.1,23,0.28,-0.34,-0,-0.34,0.02,FALSE,,0,FALSE,-1.13,13.16,-0.94,-0.25,0.06,,73,198,10,14,25,8,26,5,36,26,6,6,47,64,4,5,10,14,10,34,16,10,5,3,48,75,34,1,4,14,26,6,0,1,0,35,35,3,23,0,2,3.47,6.45,1.49,0,0.25,0,0.09,0.09,27.17,0,2.48,3.47,11.67,1.24,1,,1156.78
A3Z physicality,Forwards,Forwards,A3Z tracked games; five on five,2021–22,20212022,340,8478398,Kyle Connor,L,-0.6,2,513.83,515.4,34,0.43,-0.41,-0.07,-0.34,0.02,FALSE,,0,FALSE,-1.14,12.91,-0.93,-0.51,0.3,,73,183,16,40,35,21,41,15,87,73,14,3,80,146,11,8,14,18,24,47,58,47,5,5,78,131,120,6,1,20,22,8,0,1,1,116,116,6,103,12,11,2.34,2.57,0.93,0,0.12,0.12,0.05,0.11,26.36,0.12,1.87,4.67,9.34,1.75,0.21,,1720.23
A3Z physicality,Forwards,Forwards,A3Z tracked games; five on five,2021–22,20212022,341,8481554,Kaapo Kakko,R,0.58,4,257.62,263.53,21,0.49,-0.26,0.08,-0.34,0.03,FALSE,,0,FALSE,-1.14,12.66,-0.94,-0.03,-0.18,,73,215,13,19,11,6,17,0,30,20,6,1,29,44,4,3,10,8,9,33,9,11,1,2,18,32,31,2,5,6,24,10,0,1,1,33,33,3,22,2,3,1.4,5.59,2.33,0,0.23,0.23,0.09,0.14,27.59,0.09,3.03,4.43,6.75,0,0.17,,664.17
A3Z physicality,Forwards,Forwards,A3Z tracked games; five on five,2021–22,20212022,342,8480845,Rasmus Kupari,C,0.33,2,216.17,220.98,21,0.37,-0.3,0.05,-0.35,0.02,FALSE,,0,FALSE,-1.15,12.41,-0.3,-0.74,-0.11,typedShotsOnNet,74,201,6,24,10,3,20,6,25,18,11,4,37,54,6,3,7,10,4,24,11,6,3,3,26,37,22,2,3,26,41,8,0,2,2,25,25,3,13,2,3,7.22,11.38,2.22,0,0.56,0.56,0.12,0.23,20.22,0.15,1.67,6.66,10.27,1.67,0.36,,672.7
A3Z physicality,Forwards,Forwards,A3Z tracked games; five on five,2021–22,20212022,343,8474641,Adam Henrique,C,-0.43,2,250.83,252.65,18,0.31,-0.4,-0.05,-0.35,0.02,FALSE,,0,FALSE,-1.16,12.16,-1.19,-0.2,0.23,,72,195,13,21,11,6,10,6,22,15,14,8,35,45,4,5,7,3,5,24,9,17,2,1,32,50,35,2,3,3,11,11,0,1,2,49,49,3,31,5,9,0.72,2.63,2.63,0,0.24,0.48,0.06,0.29,22.83,0.16,3.11,5.02,8.37,1.44,0.57,,1010.33
A3Z physicality,Forwards,Forwards,A3Z tracked games; five on five,2021–22,20212022,344,8478873,Troy Terry,R,-0.5,3,328.73,333.1,23,0.31,-0.4,-0.05,-0.35,-0.01,FALSE,,0,FALSE,-1.16,11.9,-1.46,0.14,0.16,,72,193,17,23,29,19,27,2,32,27,5,2,40,65,7,4,5,11,9,21,19,30,5,4,47,82,75,8,3,5,36,6,0,4,6,74,74,8,51,14,7,0.91,6.57,1.1,0,0.73,1.1,0.11,0.14,19.35,0.27,3.1,4.2,7.3,0.37,0.4,,1367.73
A3Z physicality,Forwards,Forwards,A3Z tracked games; five on five,2021–22,20212022,345,8475810,Bryan Rust,R,-0.44,4,317.52,319.75,24,0.4,-0.37,-0.02,-0.35,0.03,FALSE,,0,FALSE,-1.17,11.65,-1.4,0.06,0.17,,71,202,16,27,34,14,17,1,45,31,5,2,37,60,3,5,14,14,9,38,22,34,3,1,46,82,79,6,9,11,30,7,0,0,0,71,71,7,54,6,8,2.08,5.67,1.32,0,0,0,0.1,0.15,20.62,0.11,3.02,5.1,6.99,0.19,0.4,,1126.22
A3Z physicality,Forwards,Forwards,A3Z tracked games; five on five,2021–22,20212022,346,8480078,Filip Chytil,C,0.67,1,315.13,322.67,28,0.42,-0.3,0.06,-0.35,-0.01,FALSE,,0,FALSE,-1.18,11.4,-1.1,0.15,-0.23,,74,210,19,30,21,11,31,6,43,37,6,4,56,78,9,7,6,14,16,37,15,22,3,1,35,55,64,8,0,5,33,8,0,4,2,61,61,7,48,9,3,0.95,6.28,1.52,0,0.76,0.38,0.11,0.06,20.81,0.19,3.62,5.71,10.66,1.14,0.67,,882.73
A3Z physicality,Forwards,Forwards,A3Z tracked games; five on five,2021–22,20212022,347,8477955,Jared McCann,L,-0.31,5,322.18,325.37,26,0.35,-0.41,-0.05,-0.36,-0.02,FALSE,,0,FALSE,-1.2,11.15,-0.8,-0.52,0.11,,73,191,11,33,22,16,28,5,40,25,10,3,51,72,4,4,15,10,9,35,24,27,3,0,47,73,59,4,7,16,21,8,0,0,6,50,50,5,36,5,3,2.98,3.91,1.49,0,0,1.12,0.1,0.08,23.66,0.14,2.05,6.15,9.5,0.93,0.3,,1194.22
A3Z physicality,Forwards,Forwards,A3Z tracked games; five on five,2021–22,20212022,348,8476437,Victor Rask,C,0.26,5,174.1,172.78,16,0.34,-0.37,-0,-0.37,-0.02,FALSE,,0,FALSE,-1.22,10.65,-1.22,0.06,-0.06,typedShotsOnNet,74,199,5,6,15,3,18,2,25,19,6,2,29,44,1,4,6,3,11,16,15,8,0,0,25,39,19,0,2,6,11,2,0,0,1,21,21,2,13,1,2,2.07,3.79,0.69,0,0,0.34,0.1,0.15,28.64,0.08,1.72,2.07,9.99,0.69,0.33,,573.18
A3Z physicality,Forwards,Forwards,A3Z tracked games; five on five,2021–22,20212022,349,8475158,Ryan O'Reilly,C,0.28,2,359.48,364.97,27,0.35,-0.32,0.04,-0.37,0.02,FALSE,,0,FALSE,-1.23,10.4,-1.09,-0.05,-0.09,,73,207,20,24,39,17,57,4,75,63,13,5,83,117,5,4,12,17,28,58,30,16,7,6,72,99,43,1,6,8,26,13,0,2,5,52,52,4,45,5,9,1.34,4.34,2.17,0,0.33,0.83,0.08,0.2,24.58,0.11,3.34,4.01,13.85,0.67,0.38,,1488.3
A3Z physicality,Forwards,Forwards,A3Z tracked games; five on five,2021–22,20212022,350,8479542,Brandon Hagel,L,-0.22,5,284.23,286.9,22,0.29,-0.43,-0.05,-0.38,-0.02,FALSE,,0,FALSE,-1.28,10.15,-1.71,0.35,0.08,typedShotsOnNet,74,186,22,29,18,9,23,5,36,28,12,7,47,67,7,8,8,9,13,34,14,3,0,5,42,60,25,1,5,10,52,5,0,1,2,23,23,3,13,2,3,2.11,10.98,1.06,0,0.21,0.42,0.13,0.23,22.09,0.15,4.64,6.12,9.92,1.06,0.58,,1259.47
A3Z physicality,Forwards,Forwards,A3Z tracked games; five on five,2021–22,20212022,351,8477939,William Nylander,R,-0.25,3,496.45,498.87,36,0.44,-0.41,-0.03,-0.39,-0.01,FALSE,,0,FALSE,-1.29,9.9,-1.29,-0.07,0.07,,72,200,25,57,44,15,32,3,56,45,13,5,47,79,7,2,11,18,14,41,29,44,11,6,80,119,127,2,3,5,29,14,0,2,2,117,117,4,85,7,2,0.6,3.5,1.69,0,0.24,0.24,0.03,0.02,28.43,0.08,3.02,6.89,5.68,0.36,0.38,,1480.05
A3Z physicality,Forwards,Forwards,A3Z tracked games; five on five,2021–22,20212022,352,8475149,Marcus Johansson,L,0.14,2,306.23,307.93,24,0.35,-0.37,0.02,-0.39,0.02,FALSE,,0,FALSE,-1.32,9.65,-1.2,-0.1,-0.02,typedShotsOnNet,73,203,12,21,18,15,17,5,35,28,8,4,34,67,11,4,7,6,10,23,20,12,0,3,45,73,33,2,3,9,24,10,0,1,3,30,30,1,19,4,2,1.76,4.7,1.96,0,0.2,0.59,0.03,0.11,21.39,0.21,2.35,4.11,6.66,0.98,0.5,,1112.87
A3Z physicality,Forwards,Forwards,A3Z tracked games; five on five,2021–22,20212022,353,8478042,Viktor Arvidsson,L,-1.49,4,342.22,347.07,26,0.39,-0.52,-0.13,-0.4,0.03,FALSE,,0,FALSE,-1.32,9.4,-1.67,-0.17,0.52,,70,181,15,25,31,22,25,2,55,41,9,4,43,77,6,3,14,13,14,37,36,40,5,3,65,102,126,2,9,5,50,15,0,1,7,116,116,5,80,7,6,0.88,8.77,2.63,0,0.18,1.23,0.04,0.07,27.25,0.09,2.63,4.38,7.54,0.35,0.44,,1120.63
A3Z physicality,Forwards,Forwards,A3Z tracked games; five on five,2021–22,20212022,354,8480012,Elias Pettersson,C,-0.59,4,336.43,338.95,25,0.31,-0.44,-0.04,-0.4,0.03,FALSE,,0,FALSE,-1.34,9.15,-1.14,-0.42,0.22,,74,176,12,33,26,10,40,2,52,46,9,4,51,88,6,2,6,11,20,33,26,17,3,3,57,89,44,0,4,14,36,10,0,1,8,47,47,4,31,2,3,2.5,6.42,1.78,0,0.18,1.43,0.09,0.1,25.5,0.06,2.14,5.89,9.1,0.36,0.44,,1487.6
A3Z physicality,Forwards,Forwards,A3Z tracked games; five on five,2021–22,20212022,355,8479318,Auston Matthews,C,1.12,1,541.7,544.45,34,0.47,-0.3,0.1,-0.41,-0.01,FALSE,,0,FALSE,-1.36,8.9,-0.96,-0.01,-0.38,,75,215,33,51,57,36,40,5,61,47,20,9,71,103,13,5,14,15,20,55,30,72,11,1,107,185,179,8,12,25,48,22,0,0,2,152,152,10,103,9,9,2.77,5.32,2.44,0,0,0.22,0.07,0.09,26.94,0.09,3.66,5.65,7.86,0.55,0.45,,1504.47
A3Z physicality,Forwards,Forwards,A3Z tracked games; five on five,2021–22,20212022,356,8477933,Sam Reinhart,C,-0.12,5,379.67,381.22,30,0.38,-0.45,-0.04,-0.41,-0.02,FALSE,,0,FALSE,-1.36,8.65,-1.08,-0.34,0.05,,73,196,19,46,47,16,29,0,47,39,16,7,49,69,1,9,8,12,18,40,15,24,6,7,71,109,65,5,4,18,51,12,0,1,3,69,69,9,53,4,6,2.84,8.06,1.9,0,0.16,0.47,0.13,0.11,19.7,0.08,3,7.27,7.74,0,0.44,,1385.18
A3Z physicality,Forwards,Forwards,A3Z tracked games; five on five,2021–22,20212022,357,8475164,Jakob Silfverberg,R,0.28,2,242.37,245.02,20,0.38,-0.37,0.04,-0.41,0.02,FALSE,,0,FALSE,-1.37,8.4,-1.14,-0.14,-0.09,,73,207,14,12,22,8,8,0,34,18,5,3,26,52,6,6,16,4,5,30,22,14,1,0,28,44,42,1,2,5,22,9,0,2,2,47,47,5,39,2,8,1.24,5.45,2.23,0,0.5,0.5,0.11,0.21,29.83,0.05,3.47,2.97,6.44,0,0.6,,903.07
A3Z physicality,Forwards,Forwards,A3Z tracked games; five on five,2021–22,20212022,358,8477951,Nick Schmaltz,C,-0.84,5,220.65,223.33,16,0.25,-0.53,-0.1,-0.43,-0.02,FALSE,,0,FALSE,-1.43,8.15,-2.01,0.3,0.27,typedShotsOnNet,72,184,8,9,11,9,15,1,28,21,8,3,28,48,8,4,7,7,9,22,14,8,0,7,36,52,29,3,2,2,14,4,0,0,4,26,26,0,18,2,3,0.54,3.81,1.09,0,0,1.09,0,0.17,23.06,0.11,2.18,2.45,7.61,0.27,0.38,,1149.52
A3Z physicality,Forwards,Forwards,A3Z tracked games; five on five,2021–22,20212022,359,8482110,Dawson Mercer,C,-0.98,2,394.02,401.95,29,0.35,-0.55,-0.12,-0.43,0.02,FALSE,,0,FALSE,-1.44,7.89,-1.69,-0.22,0.47,,72,180,13,28,21,13,30,6,58,44,11,5,60,97,6,8,14,10,17,41,32,20,5,7,56,80,62,1,6,6,50,15,0,3,3,52,52,3,45,7,4,0.91,7.61,2.28,0,0.46,0.46,0.06,0.09,20.19,0.16,1.98,4.26,9.14,0.91,0.45,,1356.38
A3Z physicality,Forwards,Forwards,A3Z tracked games; five on five,2021–22,20212022,360,8481560,Arthur Kaliyev,R,0.74,2,334.4,339.18,32,0.4,-0.33,0.1,-0.43,0.02,FALSE,,0,FALSE,-1.45,7.64,-1.37,0.21,-0.29,,74,212,20,17,22,8,21,1,58,34,8,3,51,82,12,5,24,6,15,58,30,33,3,1,34,47,79,4,2,17,51,6,0,2,2,85,85,11,60,11,4,3.05,9.15,1.08,0,0.36,0.36,0.13,0.07,28.84,0.18,3.59,3.05,9.15,0.18,0.38,,1011.93
A3Z physicality,Forwards,Forwards,A3Z tracked games; five on five,2021–22,20212022,361,8481557,Matt Boldy,L,0.33,1,229.73,231,19,0.4,-0.41,0.02,-0.43,-0.01,FALSE,,0,FALSE,-1.45,7.39,-0.6,-0.74,-0.12,,74,201,11,30,16,15,16,1,29,22,4,3,36,55,7,10,7,7,9,25,15,19,3,2,37,58,46,1,2,11,26,8,0,1,0,46,46,0,35,3,4,2.87,6.79,2.09,0,0.26,0,0,0.11,34.55,0.09,2.87,7.84,9.4,0.26,0.75,,723.03
A3Z physicality,Forwards,Forwards,A3Z tracked games; five on five,2021–22,20212022,362,8478445,Mathew Barzal,C,-0.49,4,498.12,498.75,35,0.48,-0.46,-0.03,-0.44,0.03,FALSE,,0,FALSE,-1.46,7.14,-1.52,-0.12,0.18,,73,186,22,38,67,36,67,8,69,65,17,5,97,112,7,5,4,44,16,64,14,23,4,6,145,195,67,5,2,16,28,8,0,0,6,62,62,7,46,5,1,1.93,3.37,0.96,0,0,0.72,0.11,0.02,22.46,0.11,2.65,4.58,11.68,0.96,0.29,,1315.43
A3Z physicality,Forwards,Forwards,A3Z tracked games; five on five,2021–22,20212022,363,8480798,Philipp Kurashev,C,-0.62,3,209.05,212.9,18,0.27,-0.51,-0.06,-0.44,-0.01,FALSE,,0,FALSE,-1.48,6.89,-1.26,-0.41,0.19,,72,190,7,16,4,3,12,1,18,16,4,3,23,37,4,7,2,1,8,12,10,8,1,3,15,19,24,3,0,12,25,6,0,0,2,26,26,2,21,3,1,3.44,7.18,1.72,0,0,0.57,0.08,0.05,29.36,0.14,2.01,4.59,6.6,0.29,0.75,,861.22
A3Z physicality,Forwards,Forwards,A3Z tracked games; five on five,2021–22,20212022,364,8478420,Mikko Rantanen,R,1.87,2,577.82,578.65,37,0.49,-0.2,0.25,-0.45,0.02,FALSE,,0,FALSE,-1.5,6.64,-0.7,-0.02,-0.78,,76,228,28,45,36,31,42,6,70,58,22,12,67,104,8,5,12,27,17,54,34,29,7,7,101,179,125,9,10,29,54,19,0,3,17,105,105,7,73,11,8,3.01,5.61,1.97,0,0.31,1.77,0.07,0.11,23.02,0.15,2.91,4.67,6.96,0.62,0.55,,1573.87
A3Z physicality,Forwards,Forwards,A3Z tracked games; five on five,2021–22,20212022,365,8480806,Isac Lundeström,C,-0.27,4,302.92,307.53,25,0.31,-0.46,-0.01,-0.45,0.03,FALSE,,0,FALSE,-1.51,6.39,-0.92,-0.7,0.11,,73,192,7,24,15,8,28,7,41,32,13,10,44,69,5,3,9,17,9,29,22,10,2,3,34,56,33,2,3,8,29,12,0,1,1,37,37,5,29,5,4,1.58,5.74,2.38,0,0.2,0.2,0.14,0.14,17.46,0.17,1.39,4.75,8.72,1.39,0.77,,1238.85
A3Z physicality,Forwards,Forwards,A3Z tracked games; five on five,2021–22,20212022,366,8474157,Max Pacioretty,L,0.92,2,236.95,240.45,17,0.44,-0.34,0.13,-0.47,0.02,FALSE,,0,FALSE,-1.55,6.14,-1.05,-0.13,-0.37,,74,217,15,28,15,5,20,0,33,31,9,5,28,47,4,4,2,5,17,21,14,22,3,2,28,38,61,7,2,8,32,13,0,2,1,64,64,9,48,4,6,2.03,8.1,3.29,0,0.51,0.25,0.14,0.12,30.79,0.08,3.8,7.09,7.09,0,0.56,,677.77
A3Z physicality,Forwards,Forwards,A3Z tracked games; five on five,2021–22,20212022,367,8476453,Nikita Kucherov,R,-1.24,3,338.73,343.63,23,0.49,-0.59,-0.12,-0.47,-0.01,FALSE,,0,FALSE,-1.56,5.89,-1.3,-0.65,0.4,,72,173,8,23,32,27,31,3,40,40,4,0,40,62,6,4,0,10,16,26,16,31,7,4,86,131,78,1,1,8,18,3,0,1,3,67,67,3,53,5,2,1.42,3.19,0.53,0,0.18,0.53,0.04,0.04,29,0.09,1.42,4.07,7.09,0.53,0,,939.2
A3Z physicality,Forwards,Forwards,A3Z tracked games; five on five,2021–22,20212022,368,8480023,Robert Thomas,C,0.01,2,381.87,390.27,28,0.39,-0.46,0.01,-0.47,0.02,FALSE,,0,FALSE,-1.56,5.64,-1.58,-0.01,0.03,,72,207,20,32,42,21,56,7,63,57,9,6,76,98,4,4,6,25,24,49,23,14,20,14,85,133,47,5,4,7,21,5,0,1,2,47,47,8,35,4,6,1.1,3.3,0.79,0,0.16,0.31,0.17,0.17,19.03,0.11,3.14,5.03,11.94,1.1,0.67,,1351.68
A3Z physicality,Forwards,Forwards,A3Z tracked games; five on five,2021–22,20212022,369,8480027,Jason Robertson,L,0.71,5,418.67,420.83,29,0.39,-0.43,0.04,-0.47,-0.02,FALSE,,0,FALSE,-1.57,5.39,-0.53,-0.83,-0.2,,75,204,15,53,38,17,33,1,62,41,13,5,55,97,7,6,21,8,20,51,34,45,3,1,66,120,109,8,9,18,21,7,0,2,3,91,91,7,69,2,8,2.58,3.01,1,0,0.29,0.43,0.08,0.12,24.7,0.03,2.15,7.6,7.88,0.14,0.38,,1340.2
A3Z physicality,Forwards,Forwards,A3Z tracked games; five on five,2021–22,20212022,370,8476878,Zemgus Girgensons,C,0.46,2,185.08,189.78,16,0.29,-0.41,0.07,-0.48,0.02,FALSE,,0,FALSE,-1.59,5.14,-0.5,-0.93,-0.16,typedShotsOnNet,75,197,3,12,11,7,8,3,14,9,7,4,22,29,5,1,5,3,4,18,4,4,1,0,14,24,13,3,1,29,23,3,0,0,2,22,22,1,15,2,1,9.4,7.46,0.97,0,0,0.65,0.05,0.07,31.7,0.13,0.97,3.89,7.13,0.97,0.57,,828.2
A3Z physicality,Forwards,Forwards,A3Z tracked games; five on five,2021–22,20212022,371,8480003,Jesper Boqvist,C,-0.31,2,231.93,236.32,20,0.36,-0.52,-0.03,-0.48,0.02,FALSE,,0,FALSE,-1.61,4.89,-1.53,-0.26,0.17,,73,191,7,13,16,8,20,3,33,29,11,3,38,56,6,7,4,12,9,28,12,12,1,1,31,44,37,1,0,15,34,7,0,0,1,33,33,3,21,1,0,3.88,8.8,1.81,0,0,0.26,0.09,0,27.66,0.05,1.81,3.36,9.83,0.78,0.27,,735.23
A3Z physicality,Forwards,Forwards,A3Z tracked games; five on five,2021–22,20212022,372,8477947,Sonny Milano,L,-0.06,5,212.15,213.32,18,0.27,-0.52,-0.03,-0.49,-0.02,FALSE,,0,FALSE,-1.64,4.64,-1.98,0.31,0.04,,72,205,13,20,27,7,10,2,21,14,12,4,21,33,3,2,7,4,5,19,11,14,12,2,43,51,28,4,3,4,20,2,0,0,3,29,29,3,21,4,1,1.13,5.66,0.57,0,0,0.85,0.1,0.05,17.2,0.19,3.68,5.66,5.94,0.57,0.33,,1008.35
A3Z physicality,Forwards,Forwards,A3Z tracked games; five on five,2021–22,20212022,373,8481522,Peyton Krebs,C,-0.69,4,210.75,216.62,18,0.32,-0.54,-0.05,-0.49,0.03,FALSE,,0,FALSE,-1.64,4.39,-1.72,-0.16,0.25,typedShotsOnNet,72,188,9,20,14,4,16,4,32,23,8,3,36,60,5,2,9,7,10,27,17,4,0,3,32,41,19,1,2,7,25,2,0,1,6,21,21,2,16,1,1,1.99,7.12,0.57,0,0.28,1.71,0.1,0.06,22.8,0.06,2.56,5.69,10.25,1.14,0.38,,831.33
A3Z physicality,Forwards,Forwards,A3Z tracked games; five on five,2021–22,20212022,374,8475791,Taylor Hall,L,0.39,3,382.32,383.85,30,0.37,-0.47,0.04,-0.51,-0.01,FALSE,,0,FALSE,-1.69,4.14,-1.41,-0.15,-0.13,,73,210,17,26,38,17,41,1,71,53,10,5,57,97,4,5,18,33,9,45,47,29,4,1,68,115,97,1,3,18,57,11,0,1,3,87,87,4,74,6,3,2.82,8.95,1.73,0,0.16,0.47,0.05,0.04,30.41,0.08,2.67,4.08,8.95,0.16,0.5,,1329.35
A3Z physicality,Forwards,Forwards,A3Z tracked games; five on five,2021–22,20212022,375,8481559,Jack Hughes,C,-1.44,3,286.02,286.57,19,0.39,-0.68,-0.14,-0.54,-0.01,FALSE,,0,FALSE,-1.8,3.88,-2.42,0.15,0.46,,71,175,15,24,30,11,42,7,51,47,14,8,64,90,9,5,4,22,14,40,20,19,5,7,67,93,68,6,2,2,25,5,0,0,5,61,61,4,47,5,2,0.42,5.24,1.05,0,0,1.05,0.07,0.04,24.33,0.11,3.15,5.03,13.43,1.47,0.57,,958.73
A3Z physicality,Forwards,Forwards,A3Z tracked games; five on five,2021–22,20212022,376,8481540,Cole Caufield,R,-2.25,2,223.88,224.72,18,0.27,-0.83,-0.29,-0.54,0.02,FALSE,,0,FALSE,-1.82,3.63,-2.01,-0.83,1.02,,68,175,3,17,10,4,9,1,20,14,6,2,16,36,1,2,6,4,4,12,14,17,1,1,22,33,46,2,2,2,8,2,0,0,6,43,43,4,32,4,2,0.54,2.14,0.54,0,0,1.61,0.09,0.06,22.14,0.12,0.8,4.56,4.29,0.27,0.33,,1117.58
A3Z physicality,Forwards,Forwards,A3Z tracked games; five on five,2021–22,20212022,377,8473548,Phil Kessel,R,-0.22,5,267.37,270.5,20,0.24,-0.6,-0.05,-0.55,-0.02,TRUE,hitsReceivedPer60,0,FALSE,-1.83,3.38,-1.62,-0.3,0.09,,71,208,6,11,11,6,11,3,21,20,2,1,22,45,7,2,1,3,7,15,10,8,3,2,27,45,40,2,0,1,4,6,0,0,0,36,36,2,25,1,1,0.22,0.9,1.35,0,0,0,0.06,0.04,33.61,0.04,1.35,2.47,4.94,0.67,0.5,,1367.55
A3Z physicality,Forwards,Forwards,A3Z tracked games; five on five,2021–22,20212022,378,8478550,Artemi Panarin,L,-1.13,3,500.4,504.08,34,0.45,-0.67,-0.11,-0.55,-0.01,FALSE,,0,FALSE,-1.84,3.13,-1.74,-0.46,0.36,,72,176,20,59,53,33,57,5,98,82,7,5,89,141,6,8,16,23,38,69,46,20,4,20,126,191,86,1,2,6,23,3,0,1,5,72,72,1,55,9,2,0.72,2.76,0.36,0,0.12,0.6,0.01,0.04,32.02,0.16,2.4,7.07,10.67,0.6,0.71,,1441.12
A3Z physicality,Forwards,Forwards,A3Z tracked games; five on five,2021–22,20212022,379,8480821,Filip Zadina,R,-0.62,3,320.52,322.97,27,0.36,-0.62,-0.06,-0.56,-0.01,FALSE,,0,FALSE,-1.87,2.88,-1.34,-0.72,0.19,,72,190,9,28,22,12,11,2,27,16,3,2,27,48,2,6,11,4,3,20,18,14,3,1,36,55,67,2,5,9,29,13,0,0,2,55,55,3,40,4,5,1.68,5.43,2.43,0,0,0.37,0.05,0.12,26.93,0.1,1.68,5.24,5.05,0.37,0.67,,1049.05
A3Z physicality,Forwards,Forwards,A3Z tracked games; five on five,2021–22,20212022,380,8479344,Jesse Puljujarvi,R,1.43,3,429,433.13,30,0.46,-0.43,0.14,-0.57,-0.01,FALSE,,0,FALSE,-1.9,2.63,-0.86,-0.57,-0.47,,76,216,17,52,22,13,37,3,62,49,10,6,60,81,4,5,13,12,26,58,20,28,4,0,33,74,88,4,4,40,58,4,0,2,2,86,86,6,60,0,8,5.59,8.11,0.56,0,0.28,0.28,0.07,0.13,28.74,0,2.38,7.27,8.39,0.42,0.6,,1055.03
A3Z physicality,Forwards,Forwards,A3Z tracked games; five on five,2021–22,20212022,381,8481068,Yegor Sharangovich,C,0.15,3,371.35,377.63,27,0.36,-0.57,0.01,-0.58,-0.01,FALSE,,0,FALSE,-1.93,2.38,-1.3,-0.57,-0.05,,74,196,12,37,16,5,28,3,49,38,8,2,47,79,9,3,11,13,13,36,28,24,2,3,38,57,75,2,3,12,31,7,0,1,6,73,73,4,52,5,4,1.94,5.01,1.13,0,0.16,0.97,0.05,0.08,28.02,0.1,1.94,5.98,7.59,0.48,0.25,,1254.58
A3Z physicality,Forwards,Forwards,A3Z tracked games; five on five,2021–22,20212022,382,8474141,Patrick Kane,R,-1.67,1,409.72,411.42,25,0.32,-0.76,-0.18,-0.58,-0.01,FALSE,,0,FALSE,-1.95,2.13,-2.31,-0.2,0.56,,70,176,10,17,26,29,35,0,61,56,4,2,54,87,7,6,5,12,20,44,29,19,1,18,86,135,92,1,4,2,14,5,0,0,5,77,77,3,62,11,3,0.29,2.05,0.73,0,0,0.73,0.04,0.05,30.81,0.18,1.46,2.49,7.91,0,0.5,,1702.22
A3Z physicality,Forwards,Forwards,A3Z tracked games; five on five,2021–22,20212022,383,8473563,Nicklas Backstrom,C,0.1,3,169.57,171.08,13,0.28,-0.58,0.01,-0.59,-0.01,FALSE,,0,FALSE,-1.96,1.88,-0.97,-0.96,-0.04,locatedAttempts; typedShotsOnNet,73,202,2,11,11,8,20,0,26,23,12,3,25,40,6,1,3,1,14,20,12,10,1,1,17,40,17,0,0,2,8,4,0,1,0,16,16,0,13,2,1,0.71,2.83,1.42,0,0.35,0,0,0.08,21.06,0.15,0.71,3.89,8.85,0,0.25,,822.07
A3Z physicality,Forwards,Forwards,A3Z tracked games; five on five,2021–22,20212022,384,8478440,Dylan Strome,C,0.84,3,307.8,313.22,22,0.32,-0.52,0.08,-0.6,-0.01,FALSE,,0,FALSE,-2,1.63,-1.24,-0.48,-0.28,,76,200,11,24,15,10,22,7,35,28,4,2,40,62,4,4,7,4,12,25,20,9,3,5,48,74,32,5,5,4,19,11,0,1,3,38,38,2,26,2,4,0.78,3.7,2.14,0,0.19,0.58,0.05,0.15,24.75,0.08,2.14,4.68,7.8,1.36,0.5,,1203.4
A3Z physicality,Forwards,Forwards,A3Z tracked games; five on five,2021–22,20212022,385,8477407,Anthony Duclair,L,-0.32,4,335.13,338.97,29,0.39,-0.61,-0.01,-0.6,0.03,FALSE,,0,FALSE,-2,1.38,-1.86,-0.27,0.12,,72,198,10,21,28,11,25,2,39,31,2,1,39,58,2,3,8,9,13,32,17,20,6,4,65,95,47,2,3,14,39,5,0,0,7,55,55,8,46,3,8,2.51,6.98,0.9,0,0,1.25,0.15,0.17,14.76,0.07,1.79,3.76,6.98,0.36,0.5,,1109.75
A3Z physicality,Forwards,Forwards,A3Z tracked games; five on five,2021–22,20212022,386,8479385,Jordan Kyrou,R,-0.38,4,376.02,381.78,28,0.38,-0.63,-0.02,-0.62,0.03,TRUE,hitsPer60,0,FALSE,-2.06,1.13,-1.98,-0.22,0.15,,73,189,17,45,40,22,39,2,66,61,11,5,55,99,5,8,5,26,19,41,31,14,13,6,78,124,74,1,2,1,37,8,0,2,6,65,65,1,51,3,5,0.16,5.9,1.28,0,0.32,0.96,0.02,0.1,27.46,0.06,2.71,7.18,8.78,0.32,0.45,,1226.6
A3Z physicality,Forwards,Forwards,A3Z tracked games; five on five,2021–22,20212022,387,8478401,Pavel Zacha,C,1.24,2,297.72,299.78,24,0.34,-0.45,0.17,-0.62,0.02,FALSE,,0,FALSE,-2.06,0.88,-0.76,-0.79,-0.51,,76,211,5,21,18,11,35,1,40,35,14,4,54,77,8,9,5,5,21,33,14,15,2,1,55,85,52,4,1,21,28,5,0,1,2,50,50,3,36,5,3,4.23,5.64,1.01,0,0.2,0.4,0.06,0.08,24.1,0.14,1.01,4.23,10.88,0.2,0.29,,1179.22
A3Z physicality,Forwards,Forwards,A3Z tracked games; five on five,2021–22,20212022,388,8476460,Mark Scheifele,C,0.83,2,522,526.73,33,0.49,-0.53,0.11,-0.64,0.02,FALSE,,0,FALSE,-2.15,0.63,-1.38,-0.45,-0.32,,75,207,19,36,54,24,48,13,67,58,16,4,89,133,10,8,9,23,19,56,23,21,11,6,134,190,49,1,5,13,54,25,0,2,6,59,59,5,48,4,8,1.49,6.21,2.87,0,0.23,0.69,0.08,0.17,24.41,0.08,2.18,4.14,10.23,1.49,0.25,,1415.97
A3Z physicality,Forwards,Forwards,A3Z tracked games; five on five,2021–22,20212022,389,8478109,Victor Olofsson,L,-1.26,2,227.27,228.3,19,0.26,-0.82,-0.16,-0.66,0.02,FALSE,,0,FALSE,-2.22,0.38,-1.86,-0.95,0.59,,71,180,3,12,15,5,17,0,35,26,3,3,24,47,3,0,9,8,9,25,21,15,0,2,36,52,43,5,1,2,9,6,0,0,1,37,37,2,27,1,1,0.53,2.38,1.58,0,0,0.26,0.05,0.04,31.24,0.04,0.79,3.17,6.34,0,1,,1107.55
A3Z physicality,Forwards,Forwards,A3Z tracked games; five on five,2021–22,20212022,390,8475772,Riley Sheahan,C,0.81,1,214.12,220.67,24,0.35,-0.63,0.07,-0.7,-0.01,FALSE,,0,FALSE,-2.35,0.13,-1.77,-0.29,-0.28,,74,214,9,17,14,7,18,4,28,15,3,2,37,50,3,2,13,0,11,29,14,14,3,2,20,35,30,4,2,2,9,13,0,0,3,29,29,0,22,3,2,0.56,2.52,3.64,0,0,0.84,0,0.09,22.63,0.14,2.52,4.76,10.37,1.12,0.67,,831.08
A3Z physicality,Forwards,Forwards,A3Z tracked games; five on five,2022–23,20222023,1,8481147,Reese Johnson,C,-0.27,1,167.32,170.23,19,0.33,0.78,-0.07,0.85,-0.06,FALSE,,0,FALSE,2.82,99.87,1.98,0.78,0.06,typedShotsOnNet,73,193,9,17,8,2,8,3,13,8,6,1,24,42,7,8,5,0,3,10,9,10,2,0,9,14,16,4,2,54,13,6,0,3,0,21,21,3,17,2,4,19.36,4.66,2.15,0,1.08,0,0.14,0.24,25.5,0.12,3.23,6.1,8.61,1.08,0.17,,627.65
A3Z physicality,Forwards,Forwards,A3Z tracked games; five on five,2022–23,20222023,2,8479293,Brandon Tanev,L,-0.69,3,336.58,342.97,30,0.37,0.67,-0.1,0.77,-0.03,FALSE,,0,FALSE,2.55,99.6,1.45,0.86,0.23,,72,189,23,36,22,10,34,4,67,39,7,1,62,107,9,4,28,20,10,49,41,22,2,1,40,57,43,3,3,58,39,17,0,4,0,56,56,10,42,8,4,10.34,6.95,3.03,0,0.71,0,0.18,0.1,21.34,0.19,4.1,6.42,11.05,0.71,0.14,,1166.05
A3Z physicality,Forwards,Forwards,A3Z tracked games; five on five,2022–23,20222023,3,8477357,Saku Maenalanen,R,1.31,3,152.83,155.03,18,0.28,0.87,0.1,0.76,-0.03,FALSE,,0,FALSE,2.52,99.33,2.02,0.94,-0.44,locatedAttempts; typedShotsOnNet,76,214,10,15,11,2,6,1,17,11,5,3,14,27,3,3,6,4,3,13,11,6,2,0,20,29,14,0,2,38,22,7,0,3,0,19,19,3,10,2,1,14.92,8.64,2.75,0,1.18,0,0.16,0.1,24.76,0.2,3.93,5.89,5.5,0.39,0.6,,661.25
A3Z physicality,Forwards,Forwards,A3Z tracked games; five on five,2022–23,20222023,4,8476826,Yanni Gourde,C,-2.08,2,393.3,400.57,29,0.36,0.55,-0.2,0.75,0.01,FALSE,,0,FALSE,2.47,99.06,0.69,1.09,0.7,,69,173,31,64,58,26,46,3,49,38,14,8,72,107,12,8,11,11,18,42,24,28,11,0,84,122,56,5,8,42,34,13,1,5,5,57,57,9,44,4,10,6.41,5.19,1.98,0.15,0.76,0.76,0.16,0.23,24.35,0.09,4.73,9.76,10.98,0.46,0.57,,1387.88
A3Z physicality,Forwards,Forwards,A3Z tracked games; five on five,2022–23,20222023,5,8479972,Mason Shaw,C,-1.41,2,195.62,198.1,20,0.34,0.58,-0.13,0.7,0.01,FALSE,,0,FALSE,2.33,98.8,0.34,1.52,0.47,,70,184,13,17,23,11,15,3,28,15,11,5,29,46,7,2,13,4,6,26,17,21,2,0,30,42,39,4,2,27,33,5,2,1,2,41,41,9,36,2,5,8.28,10.12,1.53,0.61,0.31,0.61,0.22,0.14,32,0.06,3.99,5.21,8.89,0.92,0.45,,666.13
A3Z physicality,Forwards,Forwards,A3Z tracked games; five on five,2022–23,20222023,6,8479336,Carl Grundstrom,R,-0.28,2,174.05,179.15,20,0.35,0.68,-0.01,0.69,0.01,FALSE,,0,FALSE,2.28,98.53,1.1,1.09,0.09,,72,200,8,24,11,6,7,0,28,18,7,3,17,43,8,2,10,3,4,15,25,13,1,0,11,21,39,1,5,44,23,5,0,1,0,45,45,9,32,1,6,15.17,7.93,1.72,0,0.34,0,0.2,0.19,29.07,0.03,2.76,8.27,5.86,0,0.43,,612.87
A3Z physicality,Forwards,Forwards,A3Z tracked games; five on five,2022–23,20222023,7,8477935,Sam Bennett,C,-0.27,5,297.83,307.42,23,0.37,0.7,0.01,0.69,0.05,FALSE,,0,FALSE,2.27,98.26,1.76,0.37,0.14,,73,193,14,44,29,11,30,2,46,33,13,5,56,89,11,8,13,7,16,40,22,30,5,4,64,95,66,3,1,56,20,14,0,7,3,73,73,12,56,4,7,11.28,4.03,2.82,0,1.41,0.6,0.16,0.12,29.07,0.07,2.82,8.86,11.28,0.4,0.38,,1096.63
A3Z physicality,Forwards,Forwards,A3Z tracked games; five on five,2022–23,20222023,8,8480355,Mark Kastelic,C,2.04,3,159.37,160.98,19,0.29,0.85,0.18,0.67,-0.03,FALSE,,0,FALSE,2.21,97.99,2.1,0.79,-0.68,,76,234,11,21,9,3,9,2,20,17,5,2,24,39,10,3,3,7,4,18,11,16,0,0,14,21,25,1,4,45,25,12,1,2,0,29,29,4,24,5,4,16.94,9.41,4.52,0.38,0.75,0,0.14,0.17,18.03,0.21,4.14,7.91,9.04,0.75,0.4,,578.05
A3Z physicality,Forwards,Forwards,A3Z tracked games; five on five,2022–23,20222023,9,8475235,Nicolas Deslauriers,L,0.65,5,191.05,195.15,23,0.29,0.74,0.1,0.63,0.05,TRUE,fightsPer60,0,FALSE,2.1,97.73,2.83,-0.56,-0.17,typedShotsOnNet,73,218,9,27,4,3,9,0,20,10,7,2,21,44,8,6,10,5,3,15,17,12,0,0,9,16,27,2,3,72,14,4,4,2,1,26,26,1,15,0,2,22.61,4.4,1.26,1.26,0.63,0.31,0.04,0.13,31.26,0,2.83,8.48,6.6,0,0.29,,807.53
A3Z physicality,Forwards,Forwards,A3Z tracked games; five on five,2022–23,20222023,10,8477941,Nick Ritchie,L,1.85,1,206.72,208.1,19,0.26,0.75,0.13,0.62,-0.06,TRUE,contactPenaltiesTakenPer60,0,FALSE,2.05,97.46,1.6,1.06,-0.61,,75,236,18,24,15,3,10,5,30,20,5,0,24,50,4,5,10,4,7,20,19,14,5,0,25,31,27,2,2,50,19,5,0,7,3,34,34,3,23,6,3,14.51,5.51,1.45,0,2.03,0.87,0.09,0.13,19.22,0.26,5.22,6.97,6.97,1.45,0,,1002.57
A3Z physicality,Forwards,Forwards,A3Z tracked games; five on five,2022–23,20222023,11,8473473,Milan Lucic,L,1.85,2,264.47,271.1,27,0.35,0.82,0.21,0.61,0.01,FALSE,,0,FALSE,2.03,97.19,1.58,1.09,-0.64,typedShotsOnNet,75,236,23,39,23,6,20,0,49,38,9,2,40,85,20,3,11,12,11,29,34,13,5,0,30,45,28,1,4,57,37,6,0,6,0,28,28,6,16,1,2,12.93,8.39,1.36,0,1.36,0,0.21,0.12,25.33,0.06,5.22,8.85,9.07,0,0.22,,870.63
A3Z physicality,Forwards,Forwards,A3Z tracked games; five on five,2022–23,20222023,12,8475220,Marcus Foligno,L,1.48,5,250.97,257.9,22,0.34,0.79,0.19,0.6,0.05,FALSE,,0,FALSE,1.99,96.93,1.82,0.63,-0.45,,75,226,19,43,31,11,17,3,31,16,4,2,39,62,6,5,15,7,4,30,14,15,4,0,37,56,32,3,2,67,25,15,2,3,5,33,33,4,20,3,3,16.02,5.98,3.59,0.48,0.72,1.2,0.12,0.15,22.56,0.15,4.54,10.28,9.32,0.72,0.5,,974.4
A3Z physicality,Forwards,Forwards,A3Z tracked games; five on five,2022–23,20222023,13,8475231,Casey Cizikas,C,-0.88,1,303.07,312.93,26,0.32,0.46,-0.13,0.6,-0.06,FALSE,,0,FALSE,1.97,96.66,1.01,0.71,0.25,,71,191,29,47,26,15,30,7,40,28,18,5,48,81,7,4,12,13,12,37,18,23,3,0,35,61,47,0,6,67,32,10,0,4,6,52,52,3,33,6,4,13.26,6.34,1.98,0,0.79,1.19,0.06,0.12,19.53,0.18,5.74,9.3,9.5,1.39,0.28,,1177.45
A3Z physicality,Forwards,Forwards,A3Z tracked games; five on five,2022–23,20222023,14,8478434,Keegan Kolesar,R,0.84,2,286.7,288.08,26,0.35,0.7,0.1,0.59,0.01,FALSE,,0,FALSE,1.96,96.39,1.54,0.72,-0.29,,74,216,22,31,31,10,14,0,22,16,1,0,23,47,9,2,6,5,5,17,11,16,6,1,39,57,34,6,3,100,42,8,1,4,5,41,41,9,27,4,3,20.93,8.79,1.67,0.21,0.84,1.05,0.22,0.11,15.52,0.15,4.6,6.49,4.81,0,0,,849.07
A3Z physicality,Forwards,Forwards,A3Z tracked games; five on five,2022–23,20222023,15,8477353,Tyler Motte,C,-1.04,3,233.77,235.13,22,0.35,0.44,-0.13,0.58,-0.03,TRUE,blockedShotsPer60,0,FALSE,1.91,96.12,1.14,0.42,0.35,,70,194,6,33,10,3,12,2,28,20,4,2,25,50,5,3,8,11,3,21,15,17,2,0,10,17,34,4,1,57,30,27,0,0,3,42,42,7,33,7,4,14.63,7.7,6.93,0,0,0.77,0.17,0.12,25.39,0.21,1.54,8.47,6.42,0.51,0.5,,779.5
A3Z physicality,Forwards,Forwards,A3Z tracked games; five on five,2022–23,20222023,16,8480848,Ty Dellandrea,C,-0.3,3,315.6,318.82,27,0.33,0.52,-0.06,0.57,-0.03,FALSE,,0,FALSE,1.9,95.86,1.1,0.69,0.1,,74,185,16,49,25,5,16,0,44,30,11,4,39,65,13,6,14,10,11,38,29,17,4,3,46,68,41,1,5,45,52,14,0,4,0,38,38,5,27,7,3,8.56,9.89,2.66,0,0.76,0,0.13,0.11,22.7,0.26,3.04,9.32,7.41,0,0.36,,1164.43
A3Z physicality,Forwards,Forwards,A3Z tracked games; five on five,2022–23,20222023,17,8479772,Zack MacEwen,R,1.75,3,155.57,157.8,15,0.27,0.72,0.15,0.57,-0.03,FALSE,,0,FALSE,1.87,95.59,2.06,0.4,-0.59,,76,226,10,25,12,3,12,1,25,16,2,0,26,38,4,3,9,6,4,28,8,11,0,0,13,22,27,1,3,37,23,5,0,5,0,33,33,3,24,2,7,14.27,8.87,1.93,0,1.93,0,0.09,0.29,24.7,0.08,3.86,9.64,10.03,0.39,0,,648.15
A3Z physicality,Forwards,Forwards,A3Z tracked games; five on five,2022–23,20222023,18,8479671,Mathieu Olivier,R,1.17,2,208.58,211.68,19,0.29,0.69,0.14,0.56,0.01,FALSE,,0,FALSE,1.84,95.32,1.97,0.27,-0.4,,73,232,8,27,8,5,19,5,27,21,4,0,29,47,5,3,6,12,4,22,12,13,3,0,8,14,23,1,2,55,20,20,1,2,1,30,30,4,21,4,2,15.82,5.75,5.75,0.29,0.58,0.29,0.13,0.1,28.14,0.19,2.3,7.77,8.34,1.44,0,,767.6
A3Z physicality,Forwards,Forwards,A3Z tracked games; five on five,2022–23,20222023,19,8477508,Curtis Lazar,C,-0.17,3,217.5,220.3,22,0.45,0.5,-0.05,0.54,-0.03,FALSE,,0,FALSE,1.79,95.05,1.61,0.12,0.06,,72,203,12,37,5,3,19,2,22,16,10,2,26,44,3,1,6,9,4,14,12,14,2,0,13,18,31,2,3,53,30,16,0,3,4,36,36,6,26,2,4,14.62,8.28,4.41,0,0.83,1.1,0.17,0.15,18.84,0.08,3.31,10.21,7.17,0.55,0.2,,584.57
A3Z physicality,Forwards,Forwards,A3Z tracked games; five on five,2022–23,20222023,20,8481704,Juuso Parssinen,C,0.78,1,174.07,178.33,15,0.33,0.54,0.03,0.51,-0.06,FALSE,,0,FALSE,1.69,94.79,0.54,1.43,-0.27,typedShotsOnNet,75,207,12,21,9,3,11,1,19,15,7,4,20,30,5,1,4,2,6,16,8,15,3,2,19,24,26,4,5,30,17,9,0,1,3,26,26,5,15,3,4,10.34,5.86,3.1,0,0.34,1.03,0.19,0.27,16.42,0.2,4.14,7.24,6.89,0.34,0.57,,645
A3Z physicality,Forwards,Forwards,A3Z tracked games; five on five,2022–23,20222023,21,8478585,Derek Ryan,C,-1.37,1,287.95,294.75,31,0.39,0.33,-0.18,0.51,-0.06,FALSE,,0,FALSE,1.69,94.52,0.29,0.99,0.41,,70,185,16,36,24,8,18,1,28,20,12,4,35,51,6,3,8,5,7,26,15,22,0,1,38,59,39,8,4,27,39,18,0,4,4,46,46,6,32,10,5,5.63,8.13,3.75,0,0.83,0.83,0.13,0.16,22.01,0.31,3.33,7.5,7.29,0.21,0.33,,893.28
A3Z physicality,Forwards,Forwards,A3Z tracked games; five on five,2022–23,20222023,22,8480448,Parker Kelly,C,-0.57,5,164.03,166.42,21,0.38,0.47,-0.02,0.49,0.05,TRUE,fightsPer60,0,FALSE,1.63,94.25,1.04,0.35,0.24,typedShotsOnNet,73,185,12,27,13,2,8,1,18,15,4,1,12,30,4,0,3,4,4,10,10,9,1,1,15,20,23,0,4,55,31,6,3,0,5,25,25,2,18,1,3,20.12,11.34,2.19,1.1,0,1.83,0.08,0.17,33.24,0.06,4.39,9.88,4.39,0.37,0.25,,577.95
A3Z physicality,Forwards,Forwards,A3Z tracked games; five on five,2022–23,20222023,23,8473422,Nick Foligno,L,0.09,5,221.25,222.95,21,0.35,0.52,0.05,0.47,0.05,FALSE,,0,FALSE,1.57,93.98,1.04,0.51,0.02,typedShotsOnNet,72,210,9,13,9,4,10,3,25,16,7,2,23,49,4,3,9,2,6,11,24,9,3,0,17,30,21,1,2,38,16,6,0,2,4,25,25,3,19,3,4,10.31,4.34,1.63,0,0.54,1.08,0.12,0.21,22.2,0.16,2.44,3.53,6.24,0.81,0.29,,741.97
A3Z physicality,Forwards,Forwards,A3Z tracked games; five on five,2022–23,20222023,24,8479591,Michael Eyssimont,C,-0.46,4,173.13,175.28,15,0.28,0.47,-0.01,0.47,0.02,FALSE,,0,FALSE,1.56,93.72,0.91,0.55,0.1,,72,195,13,20,13,8,9,0,17,15,5,1,17,34,9,0,2,5,4,13,11,18,0,2,22,33,46,2,1,40,29,4,1,4,3,50,50,10,36,4,2,13.86,10.05,1.39,0.35,1.39,1.04,0.2,0.06,23.55,0.11,4.51,6.93,5.89,0,0.2,,661.7
A3Z physicality,Forwards,Forwards,A3Z tracked games; five on five,2022–23,20222023,25,8471698,T.J. Oshie,R,-0.76,2,290.47,290.68,23,0.4,0.4,-0.06,0.46,0.01,FALSE,,0,FALSE,1.51,93.45,1.05,0.22,0.25,,72,187,13,30,16,11,19,5,41,28,23,6,41,68,7,4,13,5,13,36,19,16,1,1,35,59,39,3,5,47,13,17,0,2,6,39,39,3,25,2,6,9.71,2.69,3.51,0,0.41,1.24,0.08,0.24,18.11,0.08,2.69,6.2,8.47,1.03,0.26,,969.97
A3Z physicality,Forwards,Forwards,A3Z tracked games; five on five,2022–23,20222023,26,8479393,Noah Gregor,L,-0.24,5,163.43,164.73,13,0.23,0.46,0.01,0.45,0.05,FALSE,,0,FALSE,1.48,93.18,1.19,0.16,0.13,,72,201,10,19,10,3,12,0,26,17,7,2,26,44,8,1,9,10,3,27,11,17,1,1,12,21,37,2,3,27,4,8,1,0,1,38,38,3,28,1,5,9.91,1.47,2.94,0.37,0,0.37,0.08,0.18,30.23,0.04,3.67,6.98,9.55,0,0.29,,739.52
A3Z physicality,Forwards,Forwards,A3Z tracked games; five on five,2022–23,20222023,27,8476374,Sean Kuraly,C,0.55,5,202.18,206,18,0.25,0.53,0.09,0.44,0.05,FALSE,,0,FALSE,1.46,92.91,1.47,0.13,-0.14,,74,208,13,24,12,6,15,6,17,14,5,1,30,51,8,4,3,5,4,14,9,18,1,0,21,26,28,4,1,42,17,8,0,3,1,32,32,3,26,1,2,12.46,5.04,2.37,0,0.89,0.3,0.09,0.08,31.8,0.04,3.86,7.12,8.9,1.78,0.2,,1070.22
A3Z physicality,Forwards,Forwards,A3Z tracked games; five on five,2022–23,20222023,28,8478432,Christian Fischer,R,0.7,2,215.47,219.35,19,0.24,0.53,0.09,0.44,0.01,FALSE,,0,FALSE,1.45,92.65,1.03,0.66,-0.24,,74,212,9,14,14,8,17,1,23,20,7,1,25,41,3,3,3,9,6,17,11,13,5,0,19,29,27,3,0,36,25,8,0,2,0,30,30,5,22,2,1,10.02,6.96,2.23,0,0.56,0,0.17,0.05,33.74,0.09,2.51,3.9,6.96,0.28,0.14,,1187.77
A3Z physicality,Forwards,Forwards,A3Z tracked games; five on five,2022–23,20222023,29,8479322,Wade Allison,R,0.44,2,222.28,226.08,18,0.3,0.5,0.06,0.44,0.01,FALSE,,0,FALSE,1.44,92.38,1.21,0.39,-0.16,,74,205,9,26,15,9,12,2,23,16,7,1,21,37,3,6,7,11,3,13,16,13,2,1,18,30,38,4,7,55,33,22,0,2,2,45,45,5,30,1,7,14.85,8.91,5.94,0,0.54,0.54,0.11,0.23,20,0.03,2.43,7.02,5.67,0.54,0.14,,773.68
A3Z physicality,Forwards,Forwards,A3Z tracked games; five on five,2022–23,20222023,30,8477573,Nathan Walker,L,-1.41,3,155.77,158.65,17,0.3,0.26,-0.17,0.43,-0.03,FALSE,,0,FALSE,1.42,92.11,1.12,-0.17,0.48,locatedAttempts; typedShotsOnNet,69,191,7,13,7,1,7,2,22,14,5,3,18,37,8,3,8,6,2,14,17,7,0,0,14,17,19,2,1,21,20,15,0,2,2,17,17,0,15,1,2,8.09,7.7,5.78,0,0.77,0.77,0,0.13,34.21,0.07,2.7,5.01,6.93,0.77,0.6,,575.9
A3Z physicality,Forwards,Forwards,A3Z tracked games; five on five,2022–23,20222023,31,8471817,Ryan Reaves,R,1.18,4,214.75,214.98,25,0.34,0.51,0.08,0.43,0.02,FALSE,,0,FALSE,1.42,91.84,1.11,0.5,-0.2,locatedAttempts; typedShotsOnNet,74,225,9,25,16,5,7,1,16,9,2,2,18,34,8,2,7,6,0,16,9,8,0,0,18,30,14,2,1,64,16,9,2,0,0,15,15,4,11,1,3,17.88,4.47,2.51,0.56,0,0,0.27,0.27,16.12,0.09,2.51,6.98,5.03,0.28,1,,680.42
A3Z physicality,Forwards,Forwards,A3Z tracked games; five on five,2022–23,20222023,32,8479661,Tanner Jeannot,L,1.03,1,284.7,292.03,25,0.33,0.47,0.05,0.42,-0.06,FALSE,,0,FALSE,1.39,91.58,1.04,0.7,-0.35,,74,221,15,44,22,15,16,2,29,23,10,2,32,52,5,5,6,6,7,22,12,21,2,0,25,46,49,3,10,105,44,22,3,1,4,55,55,12,42,4,6,22.13,9.27,4.64,0.63,0.21,0.84,0.22,0.14,18.44,0.1,3.16,9.27,6.74,0.42,0.2,,1083.23
A3Z physicality,Forwards,Forwards,A3Z tracked games; five on five,2022–23,20222023,33,8481477,Nico Sturm,C,0.85,5,250.6,255.85,22,0.3,0.54,0.12,0.41,0.05,FALSE,,0,FALSE,1.36,91.31,0.67,0.93,-0.24,,75,209,18,35,20,7,13,5,25,14,18,8,33,54,11,4,11,4,6,26,14,20,1,1,28,46,40,3,4,34,34,15,0,4,1,45,45,6,36,9,4,8.14,8.14,3.59,0,0.96,0.24,0.13,0.11,26.17,0.25,4.31,8.38,7.9,1.2,0.44,,1090.03
A3Z physicality,Forwards,Forwards,A3Z tracked games; five on five,2022–23,20222023,34,8482062,Cole Smith,R,0.34,2,220.3,223.27,21,0.3,0.46,0.05,0.41,0.01,FALSE,,0,FALSE,1.36,91.04,1.37,0.11,-0.12,,75,195,10,29,17,6,18,5,28,18,9,5,31,54,3,5,10,11,5,25,11,17,0,3,21,31,30,8,5,59,38,7,1,2,0,33,33,4,24,3,4,16.07,10.35,1.91,0.27,0.54,0,0.12,0.17,17,0.12,2.72,7.9,8.44,1.36,0.56,,879.23
A3Z physicality,Forwards,Forwards,A3Z tracked games; five on five,2022–23,20222023,35,8478104,Samuel Blais,L,0.48,1,196.35,199.55,20,0.28,0.4,-0,0.4,-0.06,FALSE,,0,FALSE,1.34,90.78,1.13,0.38,-0.17,typedShotsOnNet,74,206,10,31,15,10,12,4,27,20,4,0,23,48,4,3,7,6,6,14,16,19,1,1,19,38,35,1,2,71,30,7,0,1,3,30,30,4,16,2,2,21.7,9.17,2.14,0,0.31,0.92,0.13,0.12,23.31,0.12,3.06,9.47,7.03,1.22,0,,837.63
A3Z physicality,Forwards,Forwards,A3Z tracked games; five on five,2022–23,20222023,36,8476474,Stefan Noesen,R,0.17,4,259.38,262.5,29,0.37,0.43,0.03,0.4,0.02,TRUE,forecheckPressuresPer60,0,FALSE,1.34,90.51,0.43,0.92,-0.01,,73,205,17,62,30,10,8,0,27,13,7,3,21,37,5,3,14,4,3,22,20,37,4,1,29,44,54,5,5,26,31,7,1,3,1,52,52,11,35,7,5,6.01,7.17,1.62,0.23,0.69,0.23,0.21,0.14,14.77,0.2,3.93,14.34,4.86,0,0.43,,961.93
A3Z physicality,Forwards,Forwards,A3Z tracked games; five on five,2022–23,20222023,37,8480289,Morgan Barron,C,1.53,4,234.33,241.83,20,0.29,0.5,0.1,0.4,0.02,TRUE,dumpInRecoveriesPer60,0,FALSE,1.33,90.24,0.76,0.83,-0.26,,76,220,25,22,12,4,15,1,30,22,5,4,34,51,6,6,8,10,6,29,11,16,2,1,18,31,33,8,3,36,25,13,0,2,0,35,35,6,31,7,2,9.22,6.4,3.33,0,0.51,0,0.17,0.06,12.21,0.23,6.4,5.63,8.71,0.26,0.8,,928
A3Z physicality,Forwards,Forwards,A3Z tracked games; five on five,2022–23,20222023,38,8474709,Matt Martin,L,1.08,1,276.1,282.92,26,0.32,0.45,0.05,0.39,-0.06,TRUE,hitsPer60,0,FALSE,1.3,89.97,1.68,-0.02,-0.36,,75,215,17,44,15,6,20,4,25,17,6,3,34,59,8,2,8,2,7,21,14,20,1,1,21,32,34,2,3,108,24,12,0,2,1,40,40,3,26,1,4,23.47,5.22,2.61,0,0.43,0.22,0.07,0.15,25.44,0.04,3.69,9.56,7.39,0.87,0.5,,903.03
A3Z physicality,Forwards,Forwards,A3Z tracked games; five on five,2022–23,20222023,39,8475786,Zach Hyman,L,0.21,1,439.68,447.02,30,0.38,0.35,-0.03,0.37,-0.06,FALSE,,0,FALSE,1.24,89.71,-0.04,1.37,-0.09,,73,206,28,43,26,13,24,0,39,31,9,6,34,52,1,5,8,11,12,30,17,31,3,3,42,77,88,9,7,28,49,7,1,7,8,96,96,25,71,13,10,3.82,6.69,0.96,0.14,0.96,1.09,0.26,0.14,14.27,0.18,3.82,5.87,4.64,0,0.67,,1591.9
A3Z physicality,Forwards,Forwards,A3Z tracked games; five on five,2022–23,20222023,40,8480980,Connor Dewar,C,-1.29,2,222.4,224.32,26,0.32,0.26,-0.12,0.37,0.01,FALSE,,0,FALSE,1.24,89.44,0.28,0.52,0.43,,70,187,17,12,18,5,13,1,19,12,5,1,26,35,2,4,7,6,4,18,6,22,0,1,31,37,36,4,4,39,23,14,0,0,2,42,42,3,30,3,2,10.52,6.21,3.78,0,0,0.54,0.07,0.07,32.14,0.1,4.59,3.24,7.01,0.27,0.2,,887.92
A3Z physicality,Forwards,Forwards,A3Z tracked games; five on five,2022–23,20222023,41,8479944,Zach Aston-Reese,L,0.1,4,248.03,255.15,27,0.35,0.4,0.02,0.37,0.02,FALSE,,0,FALSE,1.23,89.17,0.51,0.72,-0,,73,203,22,41,14,3,12,3,20,17,9,3,22,40,3,6,3,6,4,10,12,23,3,0,19,27,37,2,4,54,50,8,0,4,4,40,40,7,23,2,1,13.06,12.1,1.94,0,0.97,0.97,0.17,0.04,18.14,0.09,5.32,9.92,5.32,0.73,0.33,,841.43
A3Z physicality,Forwards,Forwards,A3Z tracked games; five on five,2022–23,20222023,42,8479066,Ryan Lomberg,L,-1.67,3,264.62,267.53,25,0.3,0.16,-0.2,0.36,-0.03,FALSE,,0,FALSE,1.19,88.9,0.79,-0.16,0.56,,69,184,11,32,24,6,13,0,23,17,4,1,20,42,5,1,6,5,6,18,10,19,3,1,31,40,42,2,1,44,34,6,0,3,3,51,51,4,35,3,3,9.98,7.71,1.36,0,0.68,0.68,0.08,0.09,26.4,0.09,2.49,7.26,4.53,0,0.25,,927.33
A3Z physicality,Forwards,Forwards,A3Z tracked games; five on five,2022–23,20222023,43,8476392,Adam Lowry,C,1.43,5,264.43,268.53,23,0.28,0.54,0.18,0.36,0.05,FALSE,,0,FALSE,1.19,88.64,0.89,0.74,-0.43,,77,210,22,43,23,11,23,5,41,37,11,4,45,71,8,7,4,13,12,36,16,19,5,2,43,66,39,6,7,49,32,11,1,2,0,44,44,6,33,4,8,11.12,7.26,2.5,0.23,0.45,0,0.14,0.24,18.13,0.12,4.99,9.76,10.21,1.13,0.36,,1283.08
A3Z physicality,Forwards,Forwards,A3Z tracked games; five on five,2022–23,20222023,44,8478462,Nicolas Roy,C,0.79,1,275.62,277.45,22,0.34,0.38,0.03,0.35,-0.06,FALSE,,0,FALSE,1.16,88.37,0.46,0.98,-0.27,,76,200,16,33,38,17,23,3,34,26,8,5,40,60,6,6,8,13,9,30,12,19,2,3,45,73,40,4,2,28,19,13,0,2,1,39,39,8,28,5,3,6.1,4.14,2.83,0,0.44,0.22,0.21,0.11,20.02,0.18,3.48,7.18,8.71,0.65,0.62,,1059.4
A3Z physicality,Forwards,Forwards,A3Z tracked games; five on five,2022–23,20222023,45,8478472,Mathieu Joseph,R,-0.42,4,195.68,197.83,18,0.32,0.35,-0,0.35,0.02,FALSE,,0,FALSE,1.16,88.1,0.78,0.29,0.09,locatedAttempts; typedShotsOnNet,73,189,7,28,14,3,17,0,27,19,5,1,32,48,5,4,8,9,7,24,12,5,5,3,29,42,15,0,1,27,18,8,0,3,1,16,16,4,9,1,1,8.28,5.52,2.45,0,0.92,0.31,0.25,0.11,34.57,0.11,2.15,8.59,9.81,0,0.2,,785.37
A3Z physicality,Forwards,Forwards,A3Z tracked games; five on five,2022–23,20222023,46,8473533,Jordan Staal,C,1.53,5,360.78,369.7,29,0.36,0.54,0.19,0.35,0.05,FALSE,,0,FALSE,1.15,87.83,0.78,0.84,-0.47,,76,220,34,46,49,20,17,3,31,16,16,2,41,64,5,8,15,2,9,29,18,29,9,2,70,105,53,3,6,50,33,11,0,4,1,53,53,6,39,6,7,8.32,5.49,1.83,0,0.67,0.17,0.11,0.18,20.1,0.15,5.65,7.65,6.82,0.5,0.12,,1317.72
A3Z physicality,Forwards,Forwards,A3Z tracked games; five on five,2022–23,20222023,47,8476468,J.T. Miller,C,0.13,5,315.17,317.02,24,0.3,0.4,0.05,0.35,0.05,FALSE,,0,FALSE,1.15,87.57,1.15,-0.01,0.01,,72,211,21,25,25,12,25,4,31,27,3,0,44,81,11,7,4,8,5,17,20,21,1,1,42,66,37,1,2,47,15,11,1,2,2,33,33,2,23,0,3,8.95,2.86,2.09,0.19,0.38,0.38,0.06,0.13,33.02,0,4,4.76,8.38,0.76,0,,1675.05
A3Z physicality,Forwards,Forwards,A3Z tracked games; five on five,2022–23,20222023,48,8479525,Ross Colton,C,-0.5,1,249.18,256.33,25,0.31,0.23,-0.1,0.33,-0.06,FALSE,,0,FALSE,1.09,87.3,0.65,0.31,0.14,,72,194,18,34,29,15,12,4,21,18,5,2,25,44,6,4,3,11,2,18,9,21,2,0,40,62,61,4,7,61,33,6,0,0,1,56,56,4,42,4,6,14.69,7.95,1.44,0,0,0.24,0.07,0.14,15.81,0.1,4.33,8.19,6.02,0.96,0.4,,1000.45
A3Z physicality,Forwards,Forwards,A3Z tracked games; five on five,2022–23,20222023,49,8474102,David Perron,L,-0.21,3,267.7,270.08,21,0.26,0.28,-0.05,0.33,-0.03,FALSE,,0,FALSE,1.08,87.03,0.95,0.05,0.07,,72,202,10,36,21,10,25,1,29,24,7,0,34,57,11,3,5,4,14,25,10,18,2,1,36,60,49,6,7,40,22,6,0,5,4,48,48,9,36,2,7,8.97,4.93,1.34,0,1.12,0.9,0.19,0.19,21.22,0.06,2.24,8.07,7.62,0.22,0,,1387.32
A3Z physicality,Forwards,Forwards,A3Z tracked games; five on five,2022–23,20222023,50,8475343,Nic Dowd,C,0.07,4,220.52,226.05,23,0.35,0.35,0.02,0.32,0.02,TRUE,dumpInRecoveriesPer60,0,FALSE,1.07,86.76,0.62,0.45,0,locatedAttempts; typedShotsOnNet,74,195,22,33,28,17,24,4,37,27,8,4,42,63,3,6,10,8,11,26,21,11,1,2,33,58,17,2,1,47,30,13,0,4,7,18,18,1,13,2,0,12.79,8.16,3.54,0,1.09,1.9,0.06,0,14.23,0.15,5.99,8.98,11.43,1.09,0.5,,867.82
A3Z physicality,Forwards,Forwards,A3Z tracked games; five on five,2022–23,20222023,51,8479353,Brett Howden,C,0.29,1,214.58,216.88,17,0.31,0.3,-0.02,0.32,-0.06,FALSE,,0,FALSE,1.06,86.5,0.45,0.72,-0.12,,74,201,10,17,26,15,17,1,26,22,2,1,26,44,5,6,4,6,9,16,14,18,3,2,32,57,40,6,4,28,35,10,0,2,2,37,37,6,23,4,3,7.83,9.79,2.8,0,0.56,0.56,0.16,0.13,16.55,0.17,2.8,4.75,7.27,0.28,0.5,,705.18
A3Z physicality,Forwards,Forwards,A3Z tracked games; five on five,2022–23,20222023,52,8470610,Zach Parise,L,-0.73,5,320.92,324.72,27,0.33,0.28,-0.04,0.32,0.05,FALSE,,0,FALSE,1.05,86.23,0.36,0.4,0.29,,71,195,17,44,29,14,17,1,30,20,3,3,32,64,7,7,10,4,6,17,25,27,3,0,27,50,58,12,4,35,27,15,0,2,1,60,60,8,47,6,10,6.54,5.05,2.8,0,0.37,0.19,0.13,0.21,18.14,0.13,3.18,8.23,5.98,0.19,1,,1323.98
A3Z physicality,Forwards,Forwards,A3Z tracked games; five on five,2022–23,20222023,53,8476822,Luke Glendening,C,-0.92,3,210.6,214.5,23,0.33,0.2,-0.12,0.32,-0.03,FALSE,,0,FALSE,1.05,85.96,0.9,-0.16,0.31,typedShotsOnNet,71,190,10,15,7,2,6,2,14,7,4,1,13,29,6,1,7,6,1,12,10,11,1,0,12,17,23,1,2,29,33,13,1,3,3,27,27,1,12,1,2,8.26,9.4,3.7,0.28,0.85,0.85,0.04,0.17,21,0.08,2.85,4.27,3.7,0.57,0.25,,844.37
A3Z physicality,Forwards,Forwards,A3Z tracked games; five on five,2022–23,20222023,54,8476624,Barclay Goodrow,C,0.62,2,325.17,329.23,28,0.34,0.4,0.08,0.31,0.01,FALSE,,0,FALSE,1.04,85.7,1.06,0.2,-0.22,,74,210,11,32,16,6,18,4,39,28,4,3,40,88,19,7,11,7,7,26,25,17,2,3,31,55,33,1,4,41,28,14,2,3,2,35,35,5,28,4,4,7.57,5.17,2.58,0.37,0.55,0.37,0.14,0.14,18.36,0.14,2.03,5.9,7.38,0.74,0.75,,1162
A3Z physicality,Forwards,Forwards,A3Z tracked games; five on five,2022–23,20222023,55,8479337,Alex DeBrincat,R,-2.09,2,364.3,368.52,26,0.32,0.11,-0.2,0.31,0.01,FALSE,,0,FALSE,1.03,85.43,0.09,0.24,0.7,,68,180,16,34,22,16,32,1,51,45,13,3,47,87,9,5,6,10,15,33,28,31,2,5,49,83,83,6,4,31,21,9,0,2,5,76,76,7,65,4,8,5.11,3.46,1.48,0,0.33,0.82,0.09,0.12,26.52,0.06,2.64,5.6,7.74,0.16,0.23,,1558.52
A3Z physicality,Forwards,Forwards,A3Z tracked games; five on five,2022–23,20222023,56,8475752,Tyler Pitlick,C,0.22,1,173.63,177.52,18,0.3,0.28,-0.03,0.31,-0.06,FALSE,,0,FALSE,1.02,85.16,0.64,0.48,-0.09,locatedAttempts; typedShotsOnNet,74,199,13,23,16,8,11,0,22,17,4,3,29,48,10,4,5,5,5,12,15,7,1,0,16,30,17,0,2,28,25,10,0,2,3,17,17,2,12,1,1,9.68,8.64,3.46,0,0.69,1.04,0.12,0.08,27.02,0.08,4.49,7.95,10.02,0,0.75,,614.62
A3Z physicality,Forwards,Forwards,A3Z tracked games; five on five,2022–23,20222023,57,8478493,Joel Eriksson Ek,C,0.78,1,314.22,316.23,26,0.33,0.33,0.03,0.31,-0.06,FALSE,,0,FALSE,1.02,84.89,0.72,0.56,-0.27,,75,207,22,55,11,4,26,3,44,26,32,10,44,69,3,0,18,8,9,41,20,34,4,1,19,31,65,5,5,36,26,8,0,3,0,62,62,11,46,3,4,6.87,4.96,1.53,0,0.57,0,0.18,0.09,28.4,0.07,4.2,10.5,8.4,0.57,0.31,,1481.58
A3Z physicality,Forwards,Forwards,A3Z tracked games; five on five,2022–23,20222023,58,8480829,Jesperi Kotkaniemi,C,0.96,1,362.12,374.73,29,0.35,0.35,0.04,0.31,-0.06,FALSE,,0,FALSE,1.01,84.63,0.36,0.98,-0.33,,75,212,24,54,47,23,33,7,44,34,11,2,51,83,10,7,10,13,15,39,16,26,0,1,79,120,47,6,7,44,49,7,0,4,6,45,45,9,30,3,6,7.29,8.12,1.16,0,0.66,0.99,0.2,0.2,17.49,0.1,3.98,8.95,8.45,1.16,0.18,,1208.35
A3Z physicality,Forwards,Forwards,A3Z tracked games; five on five,2022–23,20222023,59,8477478,William Carrier,L,0.77,3,269.73,272.07,23,0.41,0.35,0.05,0.3,-0.03,FALSE,,0,FALSE,0.98,84.36,0.45,0.79,-0.26,,74,214,18,22,22,7,14,0,33,24,7,3,24,49,4,6,9,7,6,17,26,16,2,0,27,38,52,5,5,50,29,5,0,1,4,65,65,12,55,9,7,11.12,6.45,1.11,0,0.22,0.89,0.18,0.13,17.8,0.16,4,4.89,5.34,0,0.43,,704.77
A3Z physicality,Forwards,Forwards,A3Z tracked games; five on five,2022–23,20222023,60,8481481,Blake Lizotte,C,-1.97,2,268.68,274.82,26,0.32,0.1,-0.19,0.29,0.01,FALSE,,0,FALSE,0.96,84.09,-0.16,0.45,0.66,,69,176,25,35,21,6,27,5,38,26,19,3,46,84,10,6,12,6,5,26,29,21,2,1,47,63,48,1,5,24,50,9,0,5,6,52,52,6,36,3,4,5.36,11.17,2.01,0,1.12,1.34,0.12,0.11,21.92,0.08,5.58,7.82,10.27,1.12,0.16,,1048.45
A3Z physicality,Forwards,Forwards,A3Z tracked games; five on five,2022–23,20222023,61,8476480,Vladislav Namestnikov,C,-0.98,3,223.6,227.75,22,0.29,0.16,-0.13,0.29,-0.03,FALSE,,0,FALSE,0.95,83.82,0.6,0.02,0.33,,72,181,6,16,15,6,15,2,26,21,5,3,23,38,0,2,5,9,6,15,16,9,2,2,26,37,26,4,5,26,35,6,0,3,1,27,27,2,22,5,4,6.98,9.39,1.61,0,0.81,0.27,0.07,0.18,13,0.23,1.61,4.29,6.17,0.54,0.6,,972.07
A3Z physicality,Forwards,Forwards,A3Z tracked games; five on five,2022–23,20222023,62,8480801,Brady Tkachuk,L,1.75,2,339.4,345.52,26,0.32,0.48,0.2,0.29,0.01,TRUE,blockedShotsPer60,0,FALSE,0.95,83.56,1.41,0.14,-0.6,,76,226,28,52,39,11,24,3,43,35,13,5,40,72,6,4,8,11,7,25,28,37,10,2,56,89,99,7,8,75,24,1,0,7,5,97,97,9,70,8,7,13.26,4.24,0.18,0,1.24,0.88,0.09,0.1,23.09,0.11,4.95,9.19,7.07,0.53,0.38,,1527.83
A3Z physicality,Forwards,Forwards,A3Z tracked games; five on five,2022–23,20222023,63,8475766,Austin Watson,L,0.9,1,194.23,196.82,24,0.32,0.32,0.04,0.28,-0.06,FALSE,,0,FALSE,0.94,83.29,1.12,0.12,-0.31,typedShotsOnNet,76,203,9,17,6,2,13,2,27,16,8,2,26,48,6,3,11,7,4,22,16,15,2,0,10,16,25,2,0,54,22,9,1,1,1,24,24,2,18,3,1,16.68,6.8,2.78,0.31,0.31,0.31,0.08,0.06,29.6,0.17,2.78,5.25,8.03,0.62,0.25,,767.47
A3Z physicality,Forwards,Forwards,A3Z tracked games; five on five,2022–23,20222023,64,8477903,Garnet Hathaway,R,0.7,2,237.88,240.13,25,0.3,0.36,0.09,0.27,0.01,TRUE,hitsReceivedPer60,0,FALSE,0.9,83.02,0.94,0.2,-0.24,typedShotsOnNet,74,212,14,21,17,11,10,3,13,11,5,3,13,28,2,1,2,4,3,8,7,10,1,1,14,36,19,2,0,78,48,20,0,2,5,22,22,1,16,1,3,19.67,12.11,5.04,0,0.5,1.26,0.05,0.19,23.35,0.06,3.53,5.3,3.28,0.76,0.6,,990.8
A3Z physicality,Forwards,Forwards,A3Z tracked games; five on five,2022–23,20222023,65,8479414,Nathan Bastian,R,1.42,2,219.78,224.05,22,0.51,0.43,0.16,0.27,0.01,FALSE,,0,FALSE,0.89,82.75,0.97,0.41,-0.49,,76,217,15,27,14,6,8,2,24,14,3,1,23,40,4,6,10,4,6,16,15,19,1,1,16,27,39,6,4,51,35,14,0,2,2,41,41,9,30,5,2,13.92,9.55,3.82,0,0.55,0.55,0.22,0.07,17.03,0.17,4.09,7.37,6.28,0.55,0.33,,534.73
A3Z physicality,Forwards,Forwards,A3Z tracked games; five on five,2022–23,20222023,66,8475287,Erik Haula,L,-0.88,3,388.03,397.08,31,0.39,0.15,-0.12,0.27,-0.03,FALSE,,0,FALSE,0.88,82.49,0.48,0.1,0.3,,71,191,10,37,19,8,11,0,38,23,14,6,33,71,11,7,15,5,3,19,32,28,1,4,37,72,82,8,7,28,32,17,0,5,1,83,83,3,63,13,10,4.33,4.95,2.63,0,0.77,0.15,0.04,0.16,26.91,0.21,1.55,5.72,5.1,0,0.43,,1330.48
A3Z physicality,Forwards,Forwards,A3Z tracked games; five on five,2022–23,20222023,67,8480855,Jack McBain,C,1.49,1,216.6,219.75,20,0.24,0.36,0.09,0.27,-0.06,FALSE,,0,FALSE,0.88,82.22,1.78,-0.41,-0.49,locatedAttempts; typedShotsOnNet,76,219,9,26,10,6,20,3,33,24,1,0,40,64,15,4,9,13,6,35,15,8,0,1,22,30,19,0,0,66,28,14,1,5,1,19,19,2,12,1,0,18.28,7.76,3.88,0.28,1.39,0.28,0.11,0,20.81,0.08,2.49,7.2,11.08,0.83,0,,1146.45
A3Z physicality,Forwards,Forwards,A3Z tracked games; five on five,2022–23,20222023,68,8476389,Vincent Trocheck,C,-1.03,3,403.77,409.62,28,0.34,0.13,-0.13,0.26,-0.03,FALSE,,0,FALSE,0.87,81.95,0.52,0,0.35,,71,187,16,41,37,15,47,6,58,47,13,5,71,107,11,4,11,21,14,49,27,20,6,5,74,115,71,4,6,60,33,14,0,1,3,76,76,12,50,3,6,8.92,4.9,2.08,0,0.15,0.45,0.16,0.12,22.83,0.06,2.38,6.09,10.55,0.89,0.38,,1583.9
A3Z physicality,Forwards,Forwards,A3Z tracked games; five on five,2022–23,20222023,69,8479977,Kailer Yamamoto,R,-1.89,1,304.4,310.68,22,0.38,0.03,-0.23,0.26,-0.06,FALSE,,0,FALSE,0.87,81.68,-0.16,0.45,0.58,,69,178,9,39,29,12,24,1,30,27,8,2,37,50,3,7,3,13,10,25,9,13,2,1,39,59,36,3,5,31,40,7,0,1,5,36,36,7,33,3,10,6.11,7.88,1.38,0,0.2,0.99,0.19,0.3,15.57,0.09,1.77,7.69,7.29,0.2,0.25,,961.53
A3Z physicality,Forwards,Forwards,A3Z tracked games; five on five,2022–23,20222023,70,8478046,Danton Heinen,L,-0.23,5,235.1,238.58,23,0.35,0.28,0.01,0.26,0.05,FALSE,,0,FALSE,0.87,81.42,0.67,0.07,0.12,,74,187,19,33,21,10,11,4,23,15,7,2,22,44,2,4,8,6,5,15,17,24,1,2,33,46,49,5,0,35,24,8,0,2,0,44,44,2,37,3,2,8.93,6.13,2.04,0,0.51,0,0.05,0.05,31.03,0.08,4.85,8.42,5.61,1.02,0.29,,699.23
A3Z physicality,Forwards,Forwards,A3Z tracked games; five on five,2022–23,20222023,71,8479580,Dylan Gambrell,C,-0.61,2,162.07,165.48,17,0.28,0.21,-0.05,0.26,0.01,FALSE,,0,FALSE,0.86,81.15,1.94,-1.28,0.2,locatedAttempts; typedShotsOnNet,72,191,6,28,7,7,13,1,20,14,4,1,24,42,5,5,6,7,5,15,12,8,1,1,15,22,16,1,1,23,14,12,0,5,0,16,16,1,9,0,0,8.52,5.18,4.44,0,1.85,0,0.06,0,24.69,0,2.22,10.37,8.89,0.37,0.25,,683.33
A3Z physicality,Forwards,Forwards,A3Z tracked games; five on five,2022–23,20222023,72,8478431,Evgeny Svechnikov,L,0.82,4,191.77,194.37,20,0.34,0.32,0.06,0.26,0.02,FALSE,,0,FALSE,0.86,80.88,0.48,0.51,-0.13,,75,208,12,24,13,5,15,2,23,17,6,0,20,43,8,1,6,8,4,15,14,15,1,0,24,30,29,2,3,35,17,5,0,1,2,31,31,6,21,0,4,10.95,5.32,1.56,0,0.31,0.63,0.19,0.19,28.07,0,3.75,7.51,6.26,0.63,0,,634.12
A3Z physicality,Forwards,Forwards,A3Z tracked games; five on five,2022–23,20222023,73,8476479,Phillip Danault,C,-0.01,2,330.15,338.75,26,0.32,0.27,0.02,0.26,0.01,FALSE,,0,FALSE,0.86,80.61,0.4,0.46,-0,,73,200,8,30,37,18,39,7,44,37,38,10,62,89,7,7,7,4,20,39,16,17,4,2,63,105,45,5,5,24,28,12,0,5,3,49,49,8,40,7,7,4.36,5.09,2.18,0,0.91,0.55,0.16,0.17,20.25,0.17,1.45,5.45,11.27,1.27,0.26,,1502.65
A3Z physicality,Forwards,Forwards,A3Z tracked games; five on five,2022–23,20222023,74,8479383,Boris Katchouk,L,0.7,4,179.35,183.62,19,0.33,0.31,0.06,0.25,0.02,FALSE,,0,FALSE,0.83,80.35,0.76,0.19,-0.11,,74,212,10,25,14,2,5,1,19,11,4,2,15,38,8,4,8,4,0,10,15,15,2,0,15,18,32,1,1,28,9,3,0,2,2,31,31,1,23,3,5,9.37,3.01,1,0,0.67,0.67,0.03,0.22,26.08,0.13,3.35,8.36,5.02,0.33,0.5,,701.2
A3Z physicality,Forwards,Forwards,A3Z tracked games; five on five,2022–23,20222023,75,8482109,Alexis Lafrenière,L,-0.08,3,362.37,372.48,28,0.35,0.21,-0.04,0.25,-0.03,FALSE,,0,FALSE,0.82,80.08,0.63,0.16,0.03,,74,191,15,48,27,11,24,2,49,33,9,3,42,84,16,3,16,14,10,40,28,27,0,5,49,81,72,2,9,61,44,8,0,3,5,64,64,7,51,4,13,10.1,7.29,1.32,0,0.5,0.83,0.11,0.25,24.22,0.08,2.48,7.95,6.95,0.33,0.33,,1232.78
A3Z physicality,Forwards,Forwards,A3Z tracked games; five on five,2022–23,20222023,76,8476921,Jordan Martinook,L,0.28,2,352.45,363.25,29,0.35,0.29,0.05,0.25,0.01,FALSE,,0,FALSE,0.82,79.81,0.24,0.68,-0.1,,73,208,28,74,32,15,17,2,41,23,10,5,36,70,4,9,18,3,11,27,30,44,8,2,37,66,72,6,12,22,36,6,0,8,3,77,77,11,46,8,9,3.75,6.13,1.02,0,1.36,0.51,0.14,0.2,22.36,0.17,4.77,12.6,6.13,0.34,0.5,,1281.88
A3Z physicality,Forwards,Forwards,A3Z tracked games; five on five,2022–23,20222023,77,8480813,Joseph Veleno,C,0.02,5,235.83,239.67,21,0.26,0.28,0.04,0.24,0.05,FALSE,,0,FALSE,0.8,79.55,0.17,0.59,0.04,,73,201,18,30,13,5,16,4,34,22,15,7,31,59,6,4,12,13,2,20,26,12,1,2,18,43,26,1,3,45,28,7,0,0,1,26,26,4,22,1,4,11.45,7.12,1.78,0,0,0.25,0.15,0.18,23.95,0.05,4.58,7.63,7.89,1.02,0.47,,1034.85
A3Z physicality,Forwards,Forwards,A3Z tracked games; five on five,2022–23,20222023,78,8479346,Dillon Dube,C,-1.1,5,336.98,338.82,29,0.35,0.16,-0.07,0.24,0.05,FALSE,,0,FALSE,0.79,79.28,0.54,-0.17,0.42,,71,185,13,41,18,4,15,2,43,33,3,1,33,78,12,6,10,12,6,23,33,27,4,3,40,61,63,1,11,36,38,6,0,6,1,57,57,5,43,3,7,6.41,6.77,1.07,0,1.07,0.18,0.09,0.16,23,0.07,2.31,7.3,5.88,0.36,0.33,,1243.2
A3Z physicality,Forwards,Forwards,A3Z tracked games; five on five,2022–23,20222023,79,8473544,Derick Brassard,C,-0.01,4,197.38,198.48,20,0.32,0.25,0.02,0.24,0.02,FALSE,,0,FALSE,0.78,79.01,1.1,-0.34,0.02,typedShotsOnNet,73,200,8,20,15,8,15,3,27,19,6,1,26,45,3,4,8,7,7,24,12,10,2,1,23,38,26,5,0,35,9,2,0,3,1,26,26,1,19,2,1,10.64,2.74,0.61,0,0.91,0.3,0.04,0.05,21.03,0.11,2.43,6.08,7.9,0.91,0.17,,755.18
A3Z physicality,Forwards,Forwards,A3Z tracked games; five on five,2022–23,20222023,80,8479514,Rem Pitlick,C,-1.06,5,172.35,175.6,15,0.33,0.16,-0.07,0.24,0.05,FALSE,,0,FALSE,0.78,78.74,0.39,-0.02,0.41,typedShotsOnNet,71,186,8,23,13,7,13,1,18,14,4,2,22,36,8,2,4,5,7,18,7,8,3,0,19,27,19,2,2,7,5,5,0,3,3,21,21,2,14,2,1,2.44,1.74,1.74,0,1.04,1.04,0.1,0.07,21.26,0.14,2.79,8.01,7.66,0.35,0.5,,594.43
A3Z physicality,Forwards,Forwards,A3Z tracked games; five on five,2022–23,20222023,81,8480830,Andrei Svechnikov,R,0.52,4,351,358.45,26,0.41,0.28,0.05,0.23,0.02,FALSE,,0,FALSE,0.78,78.48,0.58,0.27,-0.08,,75,200,25,56,62,27,23,3,55,38,6,1,40,76,6,3,17,12,15,43,31,32,12,3,71,106,90,5,8,52,31,7,0,5,5,84,84,6,57,4,3,8.89,5.3,1.2,0,0.85,0.85,0.07,0.05,29.48,0.07,4.27,9.57,6.84,0.51,0.17,,1155.08
A3Z physicality,Forwards,Forwards,A3Z tracked games; five on five,2022–23,20222023,82,8476419,Jean-Gabriel Pageau,C,-1.29,5,229.92,231.68,20,0.29,0.14,-0.09,0.23,0.05,FALSE,,0,FALSE,0.77,78.21,0.37,-0.09,0.48,,71,180,15,26,23,10,17,1,27,22,15,6,34,58,9,4,5,8,7,22,14,16,2,1,45,64,29,2,7,52,27,8,0,0,2,31,31,3,21,1,2,13.57,7.05,2.09,0,0,0.52,0.1,0.1,18.03,0.05,3.91,6.79,8.87,0.26,0.4,,1233.25
A3Z physicality,Forwards,Forwards,A3Z tracked games; five on five,2022–23,20222023,83,8475314,Anders Lee,L,1.78,5,347.82,353.13,27,0.33,0.45,0.22,0.23,0.05,FALSE,,0,FALSE,0.76,77.94,0.71,0.6,-0.55,,75,234,18,53,30,16,20,2,47,30,3,2,37,70,8,4,17,8,14,37,31,31,1,1,40,66,60,8,9,45,26,13,0,3,5,76,76,19,54,7,8,7.76,4.49,2.24,0,0.52,0.86,0.25,0.15,13.67,0.13,3.11,9.14,6.38,0.35,0.67,,1412.28
A3Z physicality,Forwards,Forwards,A3Z tracked games; five on five,2022–23,20222023,84,8478508,Yakov Trenin,C,0.29,4,273.17,277.83,23,0.3,0.26,0.04,0.22,0.02,FALSE,,0,FALSE,0.74,77.67,0.63,0.15,-0.04,,74,201,18,36,20,12,16,0,27,18,7,2,37,50,8,7,9,9,7,29,9,36,3,1,32,47,59,6,6,50,25,7,0,3,4,53,53,2,38,2,5,10.98,5.49,1.54,0,0.66,0.88,0.04,0.13,31.4,0.05,3.95,7.91,8.13,0,0.29,,1166.3
A3Z physicality,Forwards,Forwards,A3Z tracked games; five on five,2022–23,20222023,85,8475793,Ryan Johansen,C,1.19,1,235.25,238.07,20,0.36,0.29,0.06,0.22,-0.06,FALSE,,0,FALSE,0.74,77.41,0.76,0.38,-0.4,typedShotsOnNet,75,218,7,21,29,11,11,1,23,15,9,3,25,40,3,5,8,6,4,17,13,13,1,1,48,65,22,4,2,20,12,6,0,5,1,20,20,3,18,3,3,5.1,3.06,1.53,0,1.28,0.26,0.15,0.17,18.47,0.17,1.79,5.36,6.38,0.26,0.33,,866.95
A3Z physicality,Forwards,Forwards,A3Z tracked games; five on five,2022–23,20222023,86,8477454,Adam Erne,L,0.32,3,181.98,185.22,16,0.26,0.23,0,0.22,-0.03,FALSE,,0,FALSE,0.73,77.14,0.6,0.24,-0.11,typedShotsOnNet,73,209,10,11,12,7,8,0,20,15,2,1,16,33,4,3,5,7,1,14,13,12,1,0,14,23,27,0,1,47,18,3,0,0,2,22,22,1,14,3,0,15.5,5.93,0.99,0,0,0.66,0.05,0,26.11,0.21,3.3,3.63,5.28,0,0.5,,816.23
A3Z physicality,Forwards,Forwards,A3Z tracked games; five on five,2022–23,20222023,87,8478542,Evan Rodrigues,C,-1.21,1,314.52,317.5,23,0.33,0.05,-0.16,0.22,-0.06,FALSE,,0,FALSE,0.73,76.87,-0.31,0.68,0.36,,71,182,18,31,22,14,17,1,32,24,11,5,27,55,5,2,8,9,6,17,24,18,2,0,41,71,66,6,2,18,35,8,0,2,3,69,69,12,58,9,3,3.43,6.68,1.53,0,0.38,0.57,0.17,0.05,24.21,0.16,3.43,5.91,5.15,0.19,0.45,,1232.08
A3Z physicality,Forwards,Forwards,A3Z tracked games; five on five,2022–23,20222023,88,8474034,Patrick Maroon,L,1.78,1,251.73,257.07,25,0.31,0.33,0.12,0.21,-0.06,FALSE,,0,FALSE,0.71,76.6,0.86,0.43,-0.58,,75,234,14,25,26,15,16,5,27,18,4,2,32,57,7,5,9,7,7,20,18,15,2,1,35,60,33,1,3,47,42,5,1,3,2,34,34,4,21,2,3,11.2,10.01,1.19,0.24,0.72,0.48,0.12,0.14,21.14,0.1,3.34,5.96,7.63,1.19,0.5,,827.58
A3Z physicality,Forwards,Forwards,A3Z tracked games; five on five,2022–23,20222023,89,8478569,Noel Acciari,C,-0.4,4,323.83,330.93,27,0.35,0.21,-0,0.21,0.02,FALSE,,0,FALSE,0.7,76.34,0.58,0.04,0.09,,71,204,14,41,13,6,23,5,26,20,10,2,44,62,10,6,6,6,8,22,11,27,0,3,25,41,43,4,6,94,47,22,0,1,3,43,43,5,30,2,3,17.42,8.71,4.08,0,0.19,0.56,0.12,0.1,20,0.07,2.59,7.6,8.15,0.93,0.2,,1102.08
A3Z physicality,Forwards,Forwards,A3Z tracked games; five on five,2022–23,20222023,90,8480853,Liam Foudy,C,-0.53,3,159,161.45,15,0.24,0.13,-0.08,0.21,-0.03,TRUE,backhandShare,0,FALSE,0.69,76.07,-0.51,1.02,0.18,locatedAttempts; typedShotsOnNet,73,186,11,12,10,3,9,0,23,14,1,0,21,42,7,3,9,11,2,15,14,8,3,0,9,14,18,1,2,15,13,4,0,0,3,19,19,2,15,5,2,5.66,4.91,1.51,0,0,1.13,0.11,0.13,16.16,0.33,4.15,4.53,7.92,0,0,,752.35
A3Z physicality,Forwards,Forwards,A3Z tracked games; five on five,2022–23,20222023,91,8476981,Josh Anderson,R,1.48,1,281.13,285.2,21,0.3,0.29,0.09,0.2,-0.06,FALSE,,0,FALSE,0.66,75.8,0.81,0.34,-0.49,,75,226,16,34,16,7,11,4,19,17,7,3,15,36,4,2,2,4,5,10,12,17,1,0,24,47,44,3,3,42,18,12,0,2,1,45,45,7,34,1,5,8.96,3.84,2.56,0,0.43,0.21,0.16,0.15,21.84,0.03,3.41,7.26,3.2,0.85,0.43,,1170.23
A3Z physicality,Forwards,Forwards,A3Z tracked games; five on five,2022–23,20222023,92,8480028,Morgan Frost,C,-0.54,2,293.55,297.87,23,0.28,0.16,-0.04,0.2,0.01,FALSE,,0,FALSE,0.66,75.53,0.55,-0.07,0.18,,72,193,10,31,16,11,20,1,26,21,15,5,35,52,8,4,5,7,9,22,9,18,1,3,31,44,46,4,4,25,21,13,0,2,0,41,41,3,32,3,4,5.11,4.29,2.66,0,0.41,0,0.07,0.12,26.08,0.09,2.04,6.34,7.15,0.2,0.33,,1323.78
A3Z physicality,Forwards,Forwards,A3Z tracked games; five on five,2022–23,20222023,93,8475760,Nick Bjugstad,C,1.69,3,299.73,305.02,23,0.29,0.34,0.14,0.2,-0.03,FALSE,,0,FALSE,0.65,75.27,1.27,-0.05,-0.57,,78,210,16,34,24,8,20,2,40,29,8,3,41,79,13,7,11,10,11,30,22,15,5,1,29,47,36,2,7,62,28,6,0,4,2,43,43,3,25,2,3,12.41,5.6,1.2,0,0.8,0.4,0.07,0.12,23.77,0.08,3.2,6.81,8.21,0.4,0.38,,1263.63
A3Z physicality,Forwards,Forwards,A3Z tracked games; five on five,2022–23,20222023,94,8471699,Andrew Cogliano,C,-1.59,5,284.28,290.95,27,0.34,0.07,-0.12,0.19,0.05,FALSE,,0,FALSE,0.65,74.73,0.26,-0.2,0.58,,70,179,23,35,26,9,14,3,32,20,14,6,34,54,8,1,12,6,8,31,16,11,4,0,31,54,30,2,4,16,29,17,0,8,7,29,29,1,24,1,1,3.38,6.12,3.59,0,1.69,1.48,0.03,0.04,29.27,0.04,4.85,7.39,7.18,0.63,0.43,,996.8
A3Z physicality,Forwards,Forwards,A3Z tracked games; five on five,2022–23,20222023,95,8477931,Tomas Nosek,L,0.48,4,223.6,227.68,23,0.35,0.24,0.05,0.19,0.02,FALSE,,0,FALSE,0.64,74.47,0.65,0.07,-0.07,typedShotsOnNet,75,199,8,24,15,6,22,5,29,22,3,1,33,54,5,3,7,5,12,26,12,4,2,0,22,36,23,0,1,24,28,9,0,5,1,23,23,3,17,5,2,6.44,7.51,2.42,0,1.34,0.27,0.13,0.12,31.06,0.29,2.15,6.44,8.86,1.34,0.33,,828.47
A3Z physicality,Forwards,Forwards,A3Z tracked games; five on five,2022–23,20222023,96,8480009,Eeli Tolvanen,R,-1.48,4,228.97,230.53,20,0.33,0.13,-0.06,0.19,0.02,FALSE,,0,FALSE,0.64,74.2,1.01,-0.65,0.28,,70,182,4,33,14,6,15,3,29,21,17,1,27,53,3,1,8,4,3,13,21,18,1,0,20,38,39,2,1,28,13,20,0,4,1,39,39,2,28,2,1,7.34,3.41,5.24,0,1.05,0.26,0.05,0.04,27.78,0.07,1.05,8.65,7.08,0.79,0.06,,885.5
A3Z physicality,Forwards,Forwards,A3Z tracked games; five on five,2022–23,20222023,97,8473512,Claude Giroux,R,-1.06,2,352.9,356.25,26,0.32,0.09,-0.09,0.19,0.01,FALSE,,0,FALSE,0.62,73.93,0.04,0.23,0.35,,71,186,14,41,39,15,15,5,47,32,10,5,33,76,10,5,15,6,6,31,31,24,4,5,75,112,58,3,6,20,12,9,0,3,7,68,68,6,49,5,8,3.4,2.04,1.53,0,0.51,1.19,0.09,0.16,25.51,0.1,2.38,6.97,5.61,0.85,0.5,,1541.27
A3Z physicality,Forwards,Forwards,A3Z tracked games; five on five,2022–23,20222023,98,8476442,Matt Nieto,L,-0.95,3,258.7,262.05,23,0.28,0.06,-0.13,0.18,-0.03,FALSE,,0,FALSE,0.61,73.66,-0.01,0.3,0.32,,71,189,14,28,29,12,20,3,29,20,3,0,31,45,3,2,9,9,8,27,9,14,2,0,35,53,38,0,3,12,23,9,0,4,1,40,40,4,29,4,2,2.78,5.33,2.09,0,0.93,0.23,0.1,0.07,26.01,0.14,3.25,6.49,7.19,0.7,0,,1095.5
A3Z physicality,Forwards,Forwards,A3Z tracked games; five on five,2022–23,20222023,99,8479314,Matthew Tkachuk,L,0.33,4,353.25,359.6,25,0.32,0.22,0.04,0.18,0.02,FALSE,,0,FALSE,0.61,73.4,0.12,0.53,-0.04,,74,202,27,39,47,24,27,4,60,42,8,5,51,85,7,5,18,8,17,44,32,29,13,5,86,121,83,5,5,22,11,9,0,3,5,77,77,11,61,7,7,3.74,1.87,1.53,0,0.51,0.85,0.14,0.11,20.59,0.11,4.59,6.62,8.66,0.68,0.62,,1614.43
A3Z physicality,Forwards,Forwards,A3Z tracked games; five on five,2022–23,20222023,100,8477947,Sonny Milano,L,-0.1,3,209.7,209.87,17,0.27,0.14,-0.04,0.18,-0.03,FALSE,,0,FALSE,0.6,73.13,-0.32,0.88,0.03,,72,205,14,15,18,6,12,1,30,16,5,2,31,46,2,3,14,4,6,28,14,5,6,2,29,44,31,2,1,9,27,6,0,3,1,33,33,7,23,5,1,2.58,7.73,1.72,0,0.86,0.29,0.21,0.04,18.68,0.22,4.01,4.29,8.87,0.29,0.4,,826.05
A3Z physicality,Forwards,Forwards,A3Z tracked games; five on five,2022–23,20222023,101,8476393,Nick Cousins,C,-0.88,4,264.33,267.25,24,0.3,0.15,-0.03,0.18,0.02,FALSE,,0,FALSE,0.59,72.86,0.12,0.3,0.17,,71,191,16,31,22,9,26,1,45,32,7,2,43,74,8,3,13,14,7,36,18,23,3,0,30,54,43,2,3,32,43,11,0,4,6,49,49,6,38,1,6,7.26,9.76,2.5,0,0.91,1.36,0.12,0.16,25.02,0.03,3.63,7.04,9.76,0.23,0.29,,871.02
A3Z physicality,Forwards,Forwards,A3Z tracked games; five on five,2022–23,20222023,102,8479351,Sam Steel,C,-0.83,5,265.7,270.47,22,0.34,0.13,-0.05,0.18,0.05,FALSE,,0,FALSE,0.59,72.59,-0.35,0.62,0.33,,72,185,12,19,25,14,23,2,33,25,12,3,33,57,6,1,8,6,11,25,18,21,4,1,41,67,40,3,7,12,24,6,0,3,0,41,41,6,27,6,3,2.71,5.42,1.35,0,0.68,0,0.15,0.11,21,0.22,2.71,4.29,7.45,0.45,0.25,,972.45
A3Z physicality,Forwards,Forwards,A3Z tracked games; five on five,2022–23,20222023,103,8478427,Sebastian Aho,C,-0.69,4,325.77,329.05,26,0.35,0.16,-0.02,0.17,0.02,FALSE,,0,FALSE,0.58,72.33,-0.28,0.71,0.14,,72,189,27,48,39,18,26,0,55,34,22,10,59,86,10,8,21,15,8,53,25,23,5,4,69,105,63,3,10,15,23,7,0,4,7,68,68,11,47,2,7,2.76,4.24,1.29,0,0.74,1.29,0.16,0.15,17.26,0.04,4.97,8.84,10.87,0,0.45,,1462.17
A3Z physicality,Forwards,Forwards,A3Z tracked games; five on five,2022–23,20222023,104,8477987,Ryan Donato,C,-0.65,2,270.43,274.67,27,0.38,0.12,-0.05,0.17,0.01,FALSE,,0,FALSE,0.55,72.06,0.15,0.19,0.21,,72,190,14,36,18,6,18,7,44,28,8,1,37,72,8,5,16,11,5,33,25,19,3,2,32,48,44,3,2,30,29,4,0,2,2,49,49,6,40,4,3,6.66,6.43,0.89,0,0.44,0.44,0.12,0.07,28.18,0.1,3.11,7.99,8.21,1.55,0.12,,799.05
A3Z physicality,Forwards,Forwards,A3Z tracked games; five on five,2022–23,20222023,105,8477404,Jake Guentzel,C,-1.43,4,349.12,349.75,23,0.29,0.11,-0.06,0.16,0.02,FALSE,,0,FALSE,0.55,71.79,-0.16,0.44,0.27,,71,176,22,41,45,22,27,4,48,36,6,2,38,83,4,3,12,10,11,29,33,43,4,5,69,110,85,3,11,24,39,10,0,3,4,71,71,10,53,3,10,4.12,6.7,1.72,0,0.52,0.69,0.14,0.19,16.16,0.06,3.78,7.05,6.53,0.69,0.33,,1569.05
A3Z physicality,Forwards,Forwards,A3Z tracked games; five on five,2022–23,20222023,106,8478904,Steven Lorentz,C,1.49,1,229.27,234.27,23,0.29,0.26,0.09,0.16,-0.06,FALSE,,0,FALSE,0.55,71.52,0.72,0.32,-0.49,,76,219,10,29,18,8,13,0,23,15,13,4,26,43,4,3,8,7,2,17,14,23,4,0,20,28,44,5,4,35,30,11,0,3,3,44,44,5,34,5,5,9.16,7.85,2.88,0,0.79,0.79,0.11,0.15,22.5,0.15,2.62,7.59,6.8,0,0.31,,946.67
A3Z physicality,Forwards,Forwards,A3Z tracked games; five on five,2022–23,20222023,107,8479390,Taylor Raddysh,R,0.29,4,363.35,366.48,29,0.37,0.2,0.04,0.16,0.02,FALSE,,0,FALSE,0.54,71.26,0.31,0.27,-0.04,,74,201,16,58,24,7,17,1,35,21,9,3,45,74,11,11,14,9,6,34,15,10,4,3,36,52,40,4,4,33,20,13,0,1,0,47,47,9,37,5,2,5.45,3.3,2.15,0,0.17,0,0.19,0.05,25.5,0.14,2.64,9.58,7.43,0.17,0.33,,1292.3
A3Z physicality,Forwards,Forwards,A3Z tracked games; five on five,2022–23,20222023,108,8476881,Tomas Hertl,C,1.26,1,361.95,367.2,25,0.32,0.23,0.07,0.16,-0.06,FALSE,,0,FALSE,0.53,70.99,0.25,0.7,-0.42,,75,220,16,36,39,16,35,11,50,36,12,5,58,97,10,4,14,15,10,36,27,23,7,2,72,105,60,6,11,30,23,20,0,4,5,53,53,9,36,4,9,4.97,3.81,3.32,0,0.66,0.83,0.17,0.25,15.03,0.11,2.65,5.97,9.61,1.82,0.42,,1523.22
A3Z physicality,Forwards,Forwards,A3Z tracked games; five on five,2022–23,20222023,109,8476925,Colton Sissons,C,-0.01,4,284.05,291.87,25,0.3,0.17,0.02,0.15,0.02,FALSE,,0,FALSE,0.51,70.72,0.46,0.03,0.02,,73,200,10,28,21,9,19,4,35,22,20,5,37,63,4,3,13,6,7,22,26,13,1,1,30,51,36,1,7,57,27,12,0,1,3,31,31,4,20,4,3,12.04,5.7,2.53,0,0.21,0.63,0.13,0.15,22.09,0.2,2.11,5.91,7.82,0.84,0.25,,1297.85
A3Z physicality,Forwards,Forwards,A3Z tracked games; five on five,2022–23,20222023,110,8475855,Jesper Fast,R,-0.34,3,345,352.42,28,0.35,0.09,-0.06,0.15,-0.03,FALSE,,0,FALSE,0.51,70.45,0.11,0.28,0.12,typedShotsOnNet,73,191,32,76,36,11,24,0,48,30,18,11,44,66,4,4,18,8,14,47,19,20,4,1,46,65,33,5,8,38,47,10,0,2,4,36,36,6,19,1,5,6.61,8.17,1.74,0,0.35,0.7,0.17,0.26,13.8,0.05,5.57,13.22,7.65,0,0.61,,1178.52
A3Z physicality,Forwards,Forwards,A3Z tracked games; five on five,2022–23,20222023,111,8474053,Logan Couture,C,0.21,4,319.57,318.13,25,0.3,0.18,0.03,0.15,0.02,FALSE,,0,FALSE,0.5,70.19,0.43,0.09,-0.02,,73,206,16,34,21,15,20,6,31,21,9,4,40,70,8,7,10,5,9,29,11,17,6,3,39,61,46,5,7,41,15,16,0,0,0,46,46,5,33,2,4,7.7,2.82,3,0,0,0,0.11,0.12,17.86,0.06,3,6.38,7.51,1.13,0.44,,1568.78
A3Z physicality,Forwards,Forwards,A3Z tracked games; five on five,2022–23,20222023,112,8475799,Nino Niederreiter,R,0.92,2,292.85,297.27,23,0.29,0.26,0.11,0.15,0.01,FALSE,,0,FALSE,0.49,69.92,0.13,0.68,-0.32,,74,218,15,42,11,7,24,4,39,29,7,0,39,63,7,4,10,9,11,31,18,31,1,1,18,39,63,7,7,52,36,7,0,1,5,67,67,12,53,7,11,10.65,7.38,1.43,0,0.2,1.02,0.18,0.21,18.03,0.13,3.07,8.61,7.99,0.82,0,,1270.37
A3Z physicality,Forwards,Forwards,A3Z tracked games; five on five,2022–23,20222023,113,8478414,Timo Meier,R,0.72,3,432.27,435.57,28,0.36,0.19,0.05,0.15,-0.03,FALSE,,0,FALSE,0.49,69.65,0.34,0.39,-0.24,,73,220,21,54,30,24,40,18,62,50,32,5,71,121,13,13,12,16,13,47,33,52,5,7,73,110,115,13,13,52,51,15,0,3,6,116,116,15,85,10,16,7.22,7.08,2.08,0,0.42,0.83,0.13,0.19,23.11,0.12,2.91,7.5,9.86,2.5,0.16,,1512.28
A3Z physicality,Forwards,Forwards,A3Z tracked games; five on five,2022–23,20222023,114,8481032,Paul Cotter,L,0.73,3,222.68,224.35,19,0.35,0.19,0.05,0.14,-0.03,FALSE,,0,FALSE,0.48,69.39,0.95,-0.22,-0.24,,74,213,12,31,14,5,9,0,24,16,6,4,21,43,8,5,8,5,4,17,13,11,3,2,17,27,27,2,2,49,40,10,0,1,2,29,29,1,23,2,4,13.2,10.78,2.69,0,0.27,0.54,0.03,0.17,21,0.09,3.23,8.35,5.66,0,0.67,,705.48
A3Z physicality,Forwards,Forwards,A3Z tracked games; five on five,2022–23,20222023,115,8478043,Sam Lafferty,C,0.44,3,303.32,307.5,26,0.37,0.16,0.02,0.14,-0.03,FALSE,,0,FALSE,0.47,69.12,0.63,-0.02,-0.15,,74,205,9,35,15,7,24,4,35,26,9,2,46,83,14,9,9,5,10,26,22,13,2,1,39,51,44,4,4,45,28,9,1,2,3,52,52,4,40,5,5,8.9,5.54,1.78,0.2,0.4,0.59,0.08,0.12,28.02,0.12,1.78,6.92,9.1,0.79,0.22,,1022.6
A3Z physicality,Forwards,Forwards,A3Z tracked games; five on five,2022–23,20222023,116,8475722,Jason Zucker,L,-0.62,4,336.23,342.08,24,0.31,0.13,-0.01,0.14,0.02,FALSE,,0,FALSE,0.47,68.85,-0,0.34,0.13,,71,198,23,42,41,16,22,2,37,25,11,4,40,70,7,2,12,4,8,28,19,26,6,0,48,83,69,6,4,58,31,7,0,0,5,68,68,5,51,9,6,10.35,5.53,1.25,0,0,0.89,0.07,0.12,22.69,0.18,4.1,7.49,7.14,0.36,0.36,,1221.17
A3Z physicality,Forwards,Forwards,A3Z tracked games; five on five,2022–23,20222023,117,8478474,Lawson Crouse,L,1.31,5,221.85,225.22,17,0.22,0.31,0.17,0.14,0.05,FALSE,,0,FALSE,0.46,68.58,0.94,-0.09,-0.39,,76,214,6,19,12,10,13,3,35,27,5,0,33,66,9,4,8,9,6,25,23,17,0,1,29,43,32,2,4,47,10,5,0,0,0,32,32,3,26,3,3,12.71,2.7,1.35,0,0,0,0.09,0.12,27.1,0.12,1.62,5.14,8.92,0.81,0,,1367.07
A3Z physicality,Forwards,Forwards,A3Z tracked games; five on five,2022–23,20222023,118,8477476,Artturi Lehkonen,L,-1.32,5,354.65,357.18,24,0.38,0.04,-0.1,0.14,0.05,FALSE,,0,FALSE,0.46,68.05,0.06,-0.1,0.49,,71,179,19,59,22,13,26,1,54,39,11,7,43,75,4,8,15,10,16,34,35,19,1,2,36,74,52,7,4,29,40,15,0,4,3,45,45,7,33,0,3,4.91,6.77,2.54,0,0.68,0.51,0.16,0.09,24.84,0,3.21,9.98,7.27,0.17,0.64,,1308.95
A3Z physicality,Forwards,Forwards,A3Z tracked games; five on five,2022–23,20222023,119,8477964,Ivan Barbashev,L,-0.17,2,369.57,373.27,27,0.33,0.14,-0,0.14,0.01,FALSE,,0,FALSE,0.46,67.78,0.38,0.03,0.05,,72,203,12,36,37,17,27,3,43,38,8,6,40,84,10,4,5,9,14,23,24,15,2,1,50,86,42,5,3,63,35,15,1,1,8,44,44,3,31,4,5,10.23,5.68,2.44,0.16,0.16,1.3,0.07,0.16,24.52,0.13,1.95,5.84,6.49,0.49,0.75,,1374
A3Z physicality,Forwards,Forwards,A3Z tracked games; five on five,2022–23,20222023,120,8479368,Max Jones,L,1.11,3,197,200.15,18,0.26,0.22,0.09,0.13,-0.03,FALSE,,0,FALSE,0.45,67.51,0.81,0.01,-0.37,,75,216,11,28,4,3,6,1,17,11,10,2,19,39,7,6,6,6,2,16,8,14,0,0,11,17,25,1,0,31,14,2,0,4,4,28,28,3,22,2,3,9.44,4.26,0.61,0,1.22,1.22,0.11,0.14,19.04,0.09,3.35,8.53,5.79,0.3,0.2,,877.23
A3Z physicality,Forwards,Forwards,A3Z tracked games; five on five,2022–23,20222023,121,8476927,Teddy Blueger,C,-0.83,5,169.13,173.78,17,0.27,0.08,-0.05,0.13,0.05,FALSE,,0,FALSE,0.43,67.25,0.14,-0.04,0.33,locatedAttempts; typedShotsOnNet,72,185,10,20,12,8,10,0,19,13,6,1,21,42,6,5,6,3,5,11,15,2,2,1,22,31,15,2,1,15,14,13,0,1,2,19,19,1,15,3,0,5.32,4.97,4.61,0,0.35,0.71,0.05,0,24.74,0.2,3.55,7.09,7.45,0,0.17,,813.32
A3Z physicality,Forwards,Forwards,A3Z tracked games; five on five,2022–23,20222023,122,8477425,Miles Wood,L,0.59,4,295.35,301.48,28,0.37,0.18,0.05,0.13,0.02,FALSE,,0,FALSE,0.43,66.98,0.47,0.05,-0.09,,74,209,21,33,17,6,17,2,39,24,6,4,31,65,9,4,15,10,6,22,34,21,1,1,30,49,59,1,1,35,34,5,0,7,5,72,72,2,54,3,4,7.11,6.91,1.02,0,1.42,1.02,0.03,0.07,31.36,0.06,4.27,6.7,6.3,0.41,0.67,,920.13
A3Z physicality,Forwards,Forwards,A3Z tracked games; five on five,2022–23,20222023,123,8474149,Evgenii Dadonov,L,-0.99,2,208.9,211.67,18,0.25,0.04,-0.08,0.13,0.01,FALSE,,0,FALSE,0.42,66.71,-0.21,0.3,0.33,,71,188,7,13,15,13,8,1,19,14,3,3,16,36,4,3,5,3,4,14,11,6,1,2,28,43,25,4,4,8,12,8,0,2,2,27,27,3,20,1,3,2.3,3.45,2.3,0,0.57,0.57,0.11,0.15,21.59,0.05,2.01,3.73,4.6,0.29,1,,1074.85
A3Z physicality,Forwards,Forwards,A3Z tracked games; five on five,2022–23,20222023,124,8482116,Tim Stützle,C,-0.76,5,340.25,350.37,24,0.31,0.08,-0.04,0.12,0.05,FALSE,,0,FALSE,0.41,66.44,0.22,-0.11,0.3,,72,187,12,19,31,15,44,12,57,49,8,5,70,113,9,10,8,18,20,40,24,25,3,5,71,107,62,6,5,38,48,13,0,4,2,50,50,4,38,6,1,6.7,8.46,2.29,0,0.71,0.35,0.08,0.03,24.13,0.16,2.12,3.35,12.34,2.12,0.62,,1658.67
A3Z physicality,Forwards,Forwards,A3Z tracked games; five on five,2022–23,20222023,125,8478843,Denis Malgin,C,-1.75,1,193.8,197.97,20,0.31,-0.1,-0.22,0.12,-0.06,FALSE,,0,FALSE,0.4,66.18,0.35,-0.48,0.53,,69,182,7,23,17,10,19,2,29,25,6,3,30,49,9,3,4,7,9,25,13,11,4,0,24,46,42,4,1,18,23,6,0,2,1,44,44,3,32,3,2,5.57,7.12,1.86,0,0.62,0.31,0.07,0.06,18.4,0.09,2.17,7.12,9.29,0.62,0.5,,709.77
A3Z physicality,Forwards,Forwards,A3Z tracked games; five on five,2022–23,20222023,126,8474870,Tyler Johnson,C,-1.68,2,239.6,242.92,20,0.36,-0.04,-0.16,0.12,0.01,FALSE,,0,FALSE,0.39,65.91,0.47,-0.64,0.56,,68,191,4,32,7,3,11,2,32,18,5,0,27,58,12,2,14,6,6,29,14,18,0,2,15,26,45,4,2,27,9,7,0,0,0,43,43,5,28,5,1,6.76,2.25,1.75,0,0,0,0.12,0.04,25.71,0.18,1,8.01,6.76,0.5,0,,927.72
A3Z physicality,Forwards,Forwards,A3Z tracked games; five on five,2022–23,20222023,127,8471669,Paul Stastny,C,-0.54,2,256,261.68,26,0.36,0.08,-0.04,0.12,0.01,FALSE,,0,FALSE,0.39,65.64,-0.37,0.58,0.18,typedShotsOnNet,72,193,10,38,25,4,6,1,21,10,12,3,18,34,5,1,11,2,3,18,14,12,1,1,32,47,20,3,4,9,7,4,0,1,1,28,28,7,18,2,4,2.11,1.64,0.94,0,0.23,0.23,0.25,0.22,11.78,0.11,2.34,8.91,4.22,0.23,0.25,,866.52
A3Z physicality,Forwards,Forwards,A3Z tracked games; five on five,2022–23,20222023,128,8475193,Tomas Tatar,L,-1.81,5,378.17,382.95,31,0.38,-0.03,-0.15,0.12,0.05,FALSE,,0,FALSE,0.39,65.37,-0.34,0.07,0.66,,70,173,15,41,31,20,35,2,45,38,17,6,55,89,14,6,7,17,8,31,24,29,9,3,61,96,76,10,5,20,39,11,0,4,2,75,75,8,55,8,4,3.17,6.19,1.75,0,0.63,0.32,0.11,0.07,24.02,0.15,2.38,6.51,8.73,0.32,0.35,,1239.6
A3Z physicality,Forwards,Forwards,A3Z tracked games; five on five,2022–23,20222023,129,8476934,Brock McGinn,L,-0.61,4,225.53,228.42,21,0.28,0.1,-0.01,0.11,0.02,FALSE,,0,FALSE,0.37,65.11,-0.11,0.35,0.13,,72,191,18,28,9,3,10,1,24,13,9,5,26,52,7,3,11,4,4,25,11,16,0,0,18,26,31,5,6,30,19,6,0,0,3,34,34,2,25,4,2,7.98,5.05,1.6,0,0,0.8,0.06,0.08,22.27,0.16,4.79,7.45,6.92,0.27,0.56,,977.55
A3Z physicality,Forwards,Forwards,A3Z tracked games; five on five,2022–23,20222023,130,8476432,Boone Jenner,C,0.4,1,273.33,277.28,18,0.26,0.1,-0.01,0.11,-0.06,FALSE,,0,FALSE,0.37,64.84,0.27,0.25,-0.15,,74,204,11,34,16,9,16,3,28,24,6,3,26,53,10,3,4,9,8,18,16,16,2,1,31,47,55,2,3,32,16,18,0,1,3,58,58,8,41,5,5,7.02,3.51,3.95,0,0.22,0.66,0.14,0.12,21.58,0.12,2.41,7.46,5.71,0.66,0.5,,1374.1
A3Z physicality,Forwards,Forwards,A3Z tracked games; five on five,2022–23,20222023,131,8478466,Daniel Sprong,R,-0.46,2,212.85,214.3,23,0.35,0.08,-0.03,0.11,0.01,FALSE,,0,FALSE,0.36,64.57,-0.32,0.52,0.15,,72,195,14,22,21,10,6,0,23,17,1,1,13,38,5,4,6,3,4,6,21,18,5,1,37,51,65,1,3,11,19,5,0,2,2,56,56,6,39,1,4,3.1,5.36,1.41,0,0.56,0.56,0.11,0.1,29.7,0.03,3.95,6.2,3.66,0,1,,753.65
A3Z physicality,Forwards,Forwards,A3Z tracked games; five on five,2022–23,20222023,132,8475184,Chris Kreider,L,1.7,3,361.28,364.77,28,0.35,0.25,0.15,0.1,-0.03,FALSE,,0,FALSE,0.34,64.3,0.69,0.22,-0.57,,75,232,24,42,31,16,19,2,45,33,8,3,37,73,12,4,12,8,10,29,30,26,3,1,46,83,77,9,10,46,19,6,0,3,1,75,75,8,51,3,9,7.64,3.16,1,0,0.5,0.17,0.11,0.18,22.47,0.06,3.99,6.98,6.14,0.33,0.38,,1454.63
A3Z physicality,Forwards,Forwards,A3Z tracked games; five on five,2022–23,20222023,133,8478400,Colin White,C,-0.2,3,178.97,182.55,20,0.29,0.05,-0.05,0.1,-0.03,TRUE,backhandShare,0,FALSE,0.34,64.04,-0.42,0.69,0.07,typedShotsOnNet,73,195,10,22,12,3,16,2,20,17,8,2,28,40,5,4,3,6,8,16,11,11,3,0,21,29,22,0,2,11,10,8,0,0,1,24,24,1,18,6,2,3.69,3.35,2.68,0,0,0.34,0.04,0.11,24.34,0.33,3.35,7.38,9.39,0.67,0.25,,655.2
A3Z physicality,Forwards,Forwards,A3Z tracked games; five on five,2022–23,20222023,134,8479370,Tyson Jost,C,-1.03,1,271.85,275.62,23,0.32,-0.05,-0.15,0.1,-0.06,FALSE,,0,FALSE,0.33,63.77,-0.36,0.4,0.3,,71,187,13,36,18,9,26,3,37,29,7,2,43,69,8,4,8,9,10,29,20,15,3,3,27,47,41,3,4,21,32,9,0,1,5,46,46,6,34,5,4,4.63,7.06,1.99,0,0.22,1.1,0.13,0.12,20.71,0.15,2.87,7.95,9.49,0.66,0.29,,940.3
A3Z physicality,Forwards,Forwards,A3Z tracked games; five on five,2022–23,20222023,135,8473453,Trevor Lewis,C,0.17,2,288.62,294.83,29,0.35,0.13,0.03,0.1,0.01,FALSE,,0,FALSE,0.33,63.5,0.28,0.11,-0.07,,73,205,16,43,16,3,17,1,39,29,10,4,29,66,8,1,10,8,8,24,24,24,1,0,28,37,55,2,1,46,39,8,0,1,1,72,72,5,54,7,4,9.56,8.11,1.66,0,0.21,0.21,0.07,0.07,36.23,0.13,3.33,8.94,6.03,0.21,0.4,,993.73
A3Z physicality,Forwards,Forwards,A3Z tracked games; five on five,2022–23,20222023,136,8476278,Colin Blackwell,C,-2.05,5,215.83,219.57,22,0.42,-0.08,-0.17,0.1,0.05,FALSE,,0,FALSE,0.33,63.24,-0.47,0.05,0.74,typedShotsOnNet,68,181,7,29,19,7,20,7,35,24,12,6,36,67,7,6,11,11,8,26,20,8,2,1,25,38,20,3,0,20,19,4,0,0,4,26,26,2,18,3,3,5.56,5.28,1.11,0,0,1.11,0.08,0.17,27,0.17,1.95,8.06,10.01,1.95,0.5,,625.45
A3Z physicality,Forwards,Forwards,A3Z tracked games; five on five,2022–23,20222023,137,8478057,Dakota Joshua,C,1.19,2,242.35,246.28,24,0.3,0.23,0.14,0.09,0.01,FALSE,,0,FALSE,0.32,62.97,0.58,0.15,-0.41,,75,218,17,38,16,7,20,1,36,26,5,2,35,56,5,4,10,10,9,31,13,14,3,0,23,33,29,7,1,63,42,5,0,2,4,36,36,7,26,8,2,15.6,10.4,1.24,0,0.5,0.99,0.19,0.08,14.35,0.31,4.21,9.41,8.67,0.25,0.4,,910.2
A3Z physicality,Forwards,Forwards,A3Z tracked games; five on five,2022–23,20222023,138,8474641,Adam Henrique,C,-0.46,5,286.62,289.18,23,0.37,0.08,-0.01,0.09,0.05,FALSE,,0,FALSE,0.32,62.7,0.03,0.08,0.2,,72,195,10,22,15,8,21,7,42,27,14,3,43,82,6,8,15,7,10,25,31,17,2,4,37,53,35,4,4,15,13,13,0,2,2,32,32,4,24,3,4,3.14,2.72,2.72,0,0.42,0.42,0.12,0.17,16.14,0.12,2.09,4.61,9,1.47,0.21,,1127.17
A3Z physicality,Forwards,Forwards,A3Z tracked games; five on five,2022–23,20222023,139,8481540,Cole Caufield,R,-2.27,5,190.02,193.72,14,0.3,-0.1,-0.19,0.09,0.05,FALSE,,0,FALSE,0.31,62.43,-0.34,-0.16,0.81,,68,175,7,15,13,7,5,5,19,15,4,3,13,40,7,3,4,1,2,10,16,24,1,1,26,44,58,3,2,11,6,3,0,0,2,51,51,5,34,3,1,3.47,1.89,0.95,0,0,0.63,0.1,0.03,27.66,0.09,2.21,4.74,4.1,1.58,0.75,,830.28
A3Z physicality,Forwards,Forwards,A3Z tracked games; five on five,2022–23,20222023,140,8475692,Mats Zuccarello,R,-2.05,5,400.63,404.32,27,0.35,-0.08,-0.17,0.09,0.05,FALSE,,0,FALSE,0.31,62.17,-0.06,-0.37,0.74,,68,181,14,34,31,23,21,4,49,31,11,3,43,77,9,2,18,7,12,44,24,30,2,11,71,105,65,3,3,19,19,21,0,3,5,63,63,3,40,4,2,2.85,2.85,3.15,0,0.45,0.75,0.05,0.05,29.55,0.1,2.1,5.09,6.44,0.6,0.27,,1575.1
A3Z physicality,Forwards,Forwards,A3Z tracked games; five on five,2022–23,20222023,141,8480762,Eric Robinson,L,0.99,1,179.23,182.48,17,0.24,0.14,0.05,0.09,-0.06,FALSE,,0,FALSE,0.31,61.9,0.64,0.01,-0.34,typedShotsOnNet,74,220,12,18,13,4,8,1,23,15,5,1,18,33,5,1,8,9,1,20,11,15,2,0,16,22,25,4,4,27,15,6,0,1,1,25,25,1,18,1,3,9.04,5.02,2.01,0,0.33,0.33,0.04,0.17,19.65,0.06,4.02,6.03,6.03,0.33,0.2,,1004.25
A3Z physicality,Forwards,Forwards,A3Z tracked games; five on five,2022–23,20222023,142,8477451,Ryan Hartman,R,-0.39,4,245.03,252.18,19,0.32,0.09,-0,0.09,0.02,FALSE,,0,FALSE,0.3,61.63,0.38,-0.17,0.09,,72,197,9,32,21,6,16,1,36,25,6,5,36,63,7,8,11,5,7,29,22,22,1,1,32,44,57,2,5,21,13,9,0,4,5,62,62,4,37,3,4,5.14,3.18,2.2,0,0.98,1.22,0.06,0.11,34.21,0.08,2.2,7.84,8.82,0.24,0.83,,961.58
A3Z physicality,Forwards,Forwards,A3Z tracked games; five on five,2022–23,20222023,143,8476399,Blake Coleman,L,-0.58,4,365.78,368.78,29,0.35,0.07,-0.01,0.09,0.02,FALSE,,0,FALSE,0.29,61.36,-0.05,0.21,0.12,,71,199,16,56,29,10,21,0,44,34,9,3,48,87,18,9,10,8,12,36,22,33,4,1,42,67,66,7,10,40,36,14,0,1,4,71,71,11,55,8,4,6.56,5.91,2.3,0,0.16,0.66,0.15,0.07,24.84,0.15,2.62,9.19,7.87,0,0.33,,1246.65
A3Z physicality,Forwards,Forwards,A3Z tracked games; five on five,2022–23,20222023,144,8477330,Dominik Kubalik,L,-0.04,3,248.48,250.02,20,0.25,0.05,-0.03,0.08,-0.03,FALSE,,0,FALSE,0.29,61.1,0.32,-0.05,0.02,,74,192,5,41,16,5,11,0,20,15,10,3,20,36,4,2,5,6,5,19,9,17,2,4,31,44,45,4,1,23,13,8,0,2,3,48,48,4,34,6,5,5.55,3.14,1.93,0,0.48,0.72,0.08,0.15,27.59,0.18,1.21,9.9,4.83,0,0.3,,1208
A3Z physicality,Forwards,Forwards,A3Z tracked games; five on five,2022–23,20222023,145,8471675,Sidney Crosby,C,-0.55,3,378.38,379.77,25,0.3,0,-0.08,0.08,-0.03,FALSE,,0,FALSE,0.28,60.83,-0.35,0.44,0.19,,71,200,20,50,67,30,48,2,56,44,17,8,75,109,6,12,12,16,19,46,25,36,21,5,105,159,89,10,11,26,27,9,0,1,2,82,82,11,56,9,8,4.12,4.28,1.43,0,0.16,0.32,0.13,0.14,20.13,0.16,3.17,7.93,11.89,0.32,0.47,,1651.77
A3Z physicality,Forwards,Forwards,A3Z tracked games; five on five,2022–23,20222023,146,8475768,Jaden Schwartz,L,-1.37,5,380.63,383.08,27,0.38,-0.02,-0.1,0.08,0.05,FALSE,,0,FALSE,0.28,60.56,-0.35,0.12,0.51,,70,185,24,49,28,19,37,3,67,45,13,4,57,108,9,5,22,17,13,45,45,35,7,2,53,85,73,2,9,25,41,4,0,3,0,58,58,7,46,2,3,3.94,6.46,0.63,0,0.47,0,0.12,0.07,27.12,0.04,3.78,7.72,8.99,0.47,0.31,,1237.05
A3Z physicality,Forwards,Forwards,A3Z tracked games; five on five,2022–23,20222023,147,8475170,Brayden Schenn,C,-0.01,1,380.27,383.6,26,0.32,0.03,-0.05,0.08,-0.06,FALSE,,0,FALSE,0.28,60.29,0.86,-0.56,-0.02,,73,200,13,40,28,20,34,9,55,52,14,5,53,102,10,7,3,6,18,31,31,23,3,7,60,91,57,3,3,55,20,7,1,5,4,48,48,3,37,4,1,8.68,3.16,1.1,0.16,0.79,0.63,0.06,0.03,28.32,0.11,2.05,6.31,8.36,1.42,0.36,,1511.2
A3Z physicality,Forwards,Forwards,A3Z tracked games; five on five,2022–23,20222023,148,8471214,Alex Ovechkin,L,1.92,4,299.6,302.98,22,0.3,0.21,0.12,0.08,0.02,FALSE,,0,FALSE,0.28,60.03,1.16,-0.56,-0.33,,75,238,7,22,15,10,18,0,34,28,11,2,38,61,9,6,6,6,10,29,17,24,2,2,25,53,74,1,3,59,10,7,0,2,0,62,62,5,44,2,4,11.82,2,1.4,0,0.4,0,0.08,0.09,28.85,0.05,1.4,4.41,7.61,0,0.18,,1474.9
A3Z physicality,Forwards,Forwards,A3Z tracked games; five on five,2022–23,20222023,149,8482745,Mason McTavish,C,0.69,3,284.65,287.95,23,0.29,0.12,0.04,0.08,-0.03,FALSE,,0,FALSE,0.26,59.76,0.43,0.06,-0.23,,73,219,9,28,15,7,20,2,28,23,10,5,34,53,10,3,5,9,8,27,10,17,1,1,29,44,34,3,0,21,16,9,0,5,3,38,38,4,29,3,5,4.43,3.37,1.9,0,1.05,0.63,0.11,0.17,24.3,0.1,1.9,5.9,7.17,0.42,0.5,,1229.95
A3Z physicality,Forwards,Forwards,A3Z tracked games; five on five,2022–23,20222023,150,8474189,Lars Eller,C,0.51,5,279.48,282.02,23,0.27,0.17,0.09,0.08,0.05,FALSE,,0,FALSE,0.25,59.49,0.07,0.31,-0.13,,74,207,23,35,24,14,28,2,42,37,5,1,45,74,11,3,5,14,12,31,20,20,1,5,39,62,46,3,2,31,36,10,0,2,1,38,38,3,25,3,0,6.66,7.73,2.15,0,0.43,0.21,0.08,0,31.31,0.12,4.94,7.51,9.66,0.43,0.2,,1242.52
A3Z physicality,Forwards,Forwards,A3Z tracked games; five on five,2022–23,20222023,151,8474564,Steven Stamkos,C,-0.27,5,329.58,331.6,25,0.31,0.08,0.01,0.07,0.05,FALSE,,0,FALSE,0.25,59.22,0.52,-0.42,0.14,,73,193,7,31,25,15,18,1,35,28,11,4,34,67,9,1,7,7,10,25,19,29,3,2,41,84,74,6,6,29,23,14,0,4,4,61,61,4,42,5,7,5.28,4.19,2.55,0,0.73,0.73,0.07,0.17,21.38,0.12,1.27,5.64,6.19,0.18,0.36,,1540.68
A3Z physicality,Forwards,Forwards,A3Z tracked games; five on five,2022–23,20222023,152,8475745,Charlie Coyle,C,1.3,1,312.93,318.43,25,0.3,0.15,0.08,0.07,-0.06,FALSE,,0,FALSE,0.24,58.96,0.09,0.59,-0.43,,75,221,17,37,18,15,31,2,44,27,14,6,51,88,6,6,17,5,13,35,26,30,1,2,51,74,60,5,8,22,16,15,0,2,2,57,57,8,43,4,9,4.22,3.07,2.88,0,0.38,0.38,0.14,0.21,17.46,0.09,3.26,7.09,9.78,0.38,0.43,,1392.88
A3Z physicality,Forwards,Forwards,A3Z tracked games; five on five,2022–23,20222023,153,8476456,Jonathan Huberdeau,L,-0.01,5,332.8,340.72,28,0.35,0.11,0.04,0.07,0.05,FALSE,,0,FALSE,0.24,58.69,-0.08,0.26,0.05,,73,200,14,51,40,15,26,1,51,44,5,1,44,90,11,3,7,6,18,27,31,12,5,4,66,95,36,1,4,21,13,6,0,1,5,34,34,4,22,3,3,3.79,2.34,1.08,0,0.18,0.9,0.12,0.14,27.11,0.14,2.52,9.19,7.93,0.18,0.2,,1332.27
A3Z physicality,Forwards,Forwards,A3Z tracked games; five on five,2022–23,20222023,154,8478233,Andrew Mangiapane,L,-1.44,4,367.68,370.93,29,0.35,0.01,-0.06,0.07,0.02,FALSE,,0,FALSE,0.22,58.42,-0.17,0.12,0.28,,70,183,18,42,26,14,24,4,35,33,6,5,34,58,5,4,2,10,9,22,17,27,2,2,54,78,69,6,8,29,26,10,0,0,1,62,62,6,42,4,6,4.73,4.24,1.63,0,0,0.16,0.1,0.14,20.38,0.1,2.94,6.85,5.55,0.65,0.83,,1379.38
A3Z physicality,Forwards,Forwards,A3Z tracked games; five on five,2022–23,20222023,155,8476448,William Karlsson,C,-0.65,1,353.57,359.77,28,0.34,-0.04,-0.11,0.07,-0.06,FALSE,,0,FALSE,0.22,58.16,-0.95,0.99,0.18,,72,190,27,30,35,13,29,3,48,38,16,4,47,89,8,8,10,12,12,28,29,26,7,4,65,96,63,8,5,8,32,11,0,1,1,58,58,7,37,7,4,1.36,5.43,1.87,0,0.17,0.17,0.12,0.11,25.93,0.19,4.58,5.09,7.98,0.51,0.25,,1432.45
A3Z physicality,Forwards,Forwards,A3Z tracked games; five on five,2022–23,20222023,156,8477500,Bo Horvat,C,0.91,3,414.9,414.28,29,0.37,0.13,0.06,0.07,-0.03,FALSE,,0,FALSE,0.22,57.89,-0.18,0.71,-0.3,,73,225,34,41,47,13,35,7,43,31,11,3,58,87,7,6,12,16,10,38,18,29,6,4,66,99,65,1,13,23,26,17,0,2,2,71,71,12,55,4,14,3.33,3.76,2.46,0,0.29,0.29,0.17,0.25,18.79,0.07,4.92,5.93,8.39,1.01,0.27,,1631.67
A3Z physicality,Forwards,Forwards,A3Z tracked games; five on five,2022–23,20222023,157,8477998,Warren Foegele,L,0.44,1,286.13,290.97,25,0.37,0.06,-0.01,0.07,-0.06,FALSE,,0,FALSE,0.22,57.62,0.44,-0.05,-0.16,,74,205,10,49,24,9,23,3,46,32,6,3,46,73,2,8,14,16,5,36,21,26,4,2,25,46,54,1,2,34,25,5,0,2,2,64,64,10,41,5,2,7.13,5.24,1.05,0,0.42,0.42,0.16,0.05,23.17,0.12,2.1,10.27,9.65,0.63,0.5,,851.02
A3Z physicality,Forwards,Forwards,A3Z tracked games; five on five,2022–23,20222023,158,8475151,Kyle Palmieri,C,-0.58,2,232.4,235.2,18,0.33,0.02,-0.04,0.06,0.01,FALSE,,0,FALSE,0.22,57.35,-0.34,0.37,0.19,,72,192,9,28,13,3,16,1,29,25,12,5,28,51,11,5,4,12,5,21,16,18,0,0,27,33,40,1,4,28,21,5,0,0,3,37,37,4,21,3,4,7.23,5.42,1.29,0,0,0.77,0.11,0.19,23.02,0.14,2.32,7.23,7.23,0.26,0.42,,940.42
A3Z physicality,Forwards,Forwards,A3Z tracked games; five on five,2022–23,20222023,159,8475172,Nazem Kadri,C,-0.83,1,365.8,370.52,29,0.35,-0.06,-0.13,0.06,-0.06,FALSE,,0,FALSE,0.22,57.09,0.02,-0.04,0.24,,72,185,22,38,39,22,43,4,60,50,15,5,64,105,9,5,10,18,20,42,29,38,6,4,62,108,96,10,2,30,37,11,0,5,11,93,93,5,66,7,4,4.92,6.07,1.8,0,0.82,1.8,0.05,0.06,29.83,0.11,3.61,6.23,10.5,0.66,0.33,,1411.12
A3Z physicality,Forwards,Forwards,A3Z tracked games; five on five,2022–23,20222023,160,8480025,MacKenzie Entwistle,R,0.63,1,236.53,238.7,23,0.35,0.07,0.01,0.06,-0.06,FALSE,,0,FALSE,0.21,56.82,1.19,-0.76,-0.22,typedShotsOnNet,75,203,5,31,11,5,14,0,25,22,4,0,26,54,12,5,3,5,8,15,13,8,0,1,16,26,28,1,0,46,24,8,0,4,2,25,25,2,13,2,0,11.67,6.09,2.03,0,1.01,0.51,0.08,0,31.62,0.15,1.27,7.86,6.6,0,0,,786.52
A3Z physicality,Forwards,Forwards,A3Z tracked games; five on five,2022–23,20222023,161,8481641,Joel Kiviranta,L,-1.1,5,240.07,243.83,24,0.34,-0.02,-0.07,0.06,0.05,FALSE,,0,FALSE,0.2,56.55,-0.2,-0.02,0.42,,71,185,13,32,27,9,11,1,29,20,5,2,22,44,3,3,9,10,3,19,20,19,3,0,32,48,34,3,2,38,47,5,0,1,3,28,28,4,20,1,2,9.5,11.75,1.25,0,0.25,0.75,0.14,0.1,17.47,0.05,3.25,8,5.5,0.25,0.4,,850.8
A3Z physicality,Forwards,Forwards,A3Z tracked games; five on five,2022–23,20222023,162,8480011,Klim Kostin,C,1.97,2,211.25,213.27,21,0.37,0.28,0.22,0.06,0.01,TRUE,contactPenaltiesDrawnPer60,0,FALSE,0.2,56.28,0.21,0.66,-0.68,,76,232,12,20,15,8,19,4,38,23,5,3,33,63,6,3,15,7,8,27,21,14,0,0,15,31,39,1,2,49,25,3,0,1,8,34,34,5,25,3,3,13.92,7.1,0.85,0,0.28,2.27,0.15,0.12,24.63,0.12,3.41,5.68,9.37,1.14,0.6,,573.38
A3Z physicality,Forwards,Forwards,A3Z tracked games; five on five,2022–23,20222023,163,8475169,Evander Kane,L,0.92,4,221.12,223.8,14,0.34,0.13,0.07,0.06,0.02,FALSE,,0,FALSE,0.19,56.02,0.59,-0.24,-0.15,,74,218,9,15,12,7,13,2,32,24,6,3,22,46,3,4,8,6,6,20,19,25,2,1,22,39,61,2,4,42,17,6,1,1,3,53,53,4,37,5,3,11.4,4.61,1.63,0.27,0.27,0.81,0.08,0.08,26.91,0.14,2.44,4.07,5.97,0.54,0.5,,766.83
A3Z physicality,Forwards,Forwards,A3Z tracked games; five on five,2022–23,20222023,164,8475166,John Tavares,C,0.61,3,372.37,376.15,29,0.36,0.09,0.03,0.06,-0.03,FALSE,,0,FALSE,0.19,55.75,0.45,-0.06,-0.2,,73,217,18,40,26,14,28,9,51,44,18,9,42,87,4,7,7,14,12,26,31,31,5,0,51,90,93,4,10,43,42,10,0,4,4,90,90,9,62,5,7,6.93,6.77,1.61,0,0.64,0.64,0.1,0.11,21.46,0.08,2.9,6.45,6.77,1.45,0.5,,1412.52
A3Z physicality,Forwards,Forwards,A3Z tracked games; five on five,2022–23,20222023,165,8481557,Matt Boldy,L,0.29,1,350.23,356.52,27,0.33,0.04,-0.02,0.06,-0.06,FALSE,,0,FALSE,0.19,55.48,-0.2,0.51,-0.12,,74,201,25,43,35,21,28,2,47,39,13,2,52,81,14,7,8,17,13,45,18,38,5,1,50,85,85,5,5,26,35,6,0,1,2,79,79,9,57,6,5,4.45,6,1.03,0,0.17,0.34,0.11,0.09,25,0.11,4.28,7.37,8.91,0.34,0.15,,1498.48
A3Z physicality,Forwards,Forwards,A3Z tracked games; five on five,2022–23,20222023,166,8481523,Kirby Dach,C,1.56,4,208.43,212.5,16,0.28,0.15,0.1,0.05,0.02,FALSE,,0,FALSE,0.17,55.21,0.14,0.29,-0.26,,76,221,8,23,20,10,32,5,35,33,12,2,43,63,5,3,2,3,23,28,11,16,4,3,43,65,29,2,2,12,21,8,0,5,3,27,27,6,21,4,3,3.45,6.05,2.3,0,1.44,0.86,0.22,0.14,21.02,0.19,2.3,6.62,12.38,1.44,0.17,,1072.75
A3Z physicality,Forwards,Forwards,A3Z tracked games; five on five,2022–23,20222023,167,8470794,Joe Pavelski,C,-0.16,4,364.73,370.35,27,0.33,0.06,0.01,0.05,0.02,FALSE,,0,FALSE,0.17,54.95,-0.12,0.24,0.05,,73,196,14,43,35,13,33,4,63,51,15,4,56,102,9,7,12,5,20,39,40,32,4,2,53,89,58,5,6,31,20,19,0,1,7,56,56,8,45,7,11,5.1,3.29,3.13,0,0.16,1.15,0.14,0.24,20.17,0.16,2.3,7.07,9.21,0.66,0.27,,1453.27
A3Z physicality,Forwards,Forwards,A3Z tracked games; five on five,2022–23,20222023,168,8480281,Alexey Toropchenko,R,2.25,2,235.13,238.98,23,0.33,0.3,0.25,0.05,0.01,FALSE,,0,FALSE,0.16,54.68,0.59,0.34,-0.77,,78,225,14,30,10,2,19,2,27,19,11,3,29,42,3,1,8,8,7,22,9,14,1,1,16,22,21,1,0,41,23,8,0,1,2,24,24,3,22,4,3,10.46,5.87,2.04,0,0.26,0.51,0.12,0.14,20.31,0.18,3.57,7.66,7.4,0.51,0.27,,833.27
A3Z physicality,Forwards,Forwards,A3Z tracked games; five on five,2022–23,20222023,169,8480144,David Kampf,C,0.18,3,338.63,345.4,30,0.37,0.03,-0.01,0.04,-0.03,FALSE,,0,FALSE,0.14,54.41,-0.12,0.32,-0.06,,74,198,21,46,27,12,26,8,39,34,19,5,43,82,6,7,5,15,8,22,24,16,1,1,44,77,43,7,4,31,52,12,0,1,2,48,48,8,40,5,4,5.49,9.21,2.13,0,0.18,0.35,0.17,0.1,17.4,0.12,3.72,8.15,7.62,1.42,0.26,,1255.22
A3Z physicality,Forwards,Forwards,A3Z tracked games; five on five,2022–23,20222023,170,8476483,Rickard Rakell,R,-0.23,3,376.3,378.65,25,0.3,-0.01,-0.05,0.04,-0.03,FALSE,,0,FALSE,0.14,54.14,0.3,-0.24,0.08,,73,194,16,43,27,14,16,2,34,25,8,1,40,77,13,8,9,3,8,23,29,43,3,3,39,65,80,9,5,45,47,16,0,1,2,76,76,5,53,5,6,7.18,7.49,2.55,0,0.16,0.32,0.07,0.11,21.24,0.09,2.55,6.86,6.38,0.32,0.12,,1511.9
A3Z physicality,Forwards,Forwards,A3Z tracked games; five on five,2022–23,20222023,171,8482093,Seth Jarvis,R,-1.55,5,368.42,378.37,29,0.35,-0.08,-0.12,0.04,0.05,FALSE,,0,FALSE,0.13,53.88,-0.99,0.55,0.57,,70,180,26,79,38,14,34,2,46,31,12,7,55,74,6,4,15,8,19,49,13,29,4,1,52,86,64,6,4,23,57,18,0,1,3,59,59,11,41,5,5,3.75,9.28,2.93,0,0.16,0.49,0.19,0.12,18.03,0.12,4.23,12.87,8.96,0.33,0.58,,1328.68
A3Z physicality,Forwards,Forwards,A3Z tracked games; five on five,2022–23,20222023,172,8477450,Jason Dickinson,C,0.25,1,310.37,315.3,26,0.33,0.01,-0.02,0.04,-0.06,FALSE,,0,FALSE,0.13,53.61,0.52,-0.28,-0.1,,74,200,10,27,12,5,31,6,38,30,10,6,63,93,18,8,8,8,13,33,16,10,0,2,20,41,32,1,2,35,44,18,0,3,1,36,36,3,30,2,4,6.77,8.51,3.48,0,0.58,0.19,0.08,0.13,24.73,0.07,1.93,5.22,12.18,1.16,0.6,,1243.23
A3Z physicality,Forwards,Forwards,A3Z tracked games; five on five,2022–23,20222023,173,8474150,Mikael Backlund,C,-0.06,4,348.6,353.27,28,0.34,0.05,0.02,0.03,0.02,FALSE,,0,FALSE,0.11,53.34,0.21,-0.13,0.03,,72,206,13,43,24,10,38,10,59,50,16,10,59,109,7,9,9,17,13,32,35,36,1,0,54,85,78,5,5,26,18,8,0,3,3,79,79,8,57,5,4,4.48,3.1,1.38,0,0.52,0.52,0.1,0.07,30.48,0.09,2.24,7.4,10.15,1.72,0.62,,1489.37
A3Z physicality,Forwards,Forwards,A3Z tracked games; five on five,2022–23,20222023,174,8480901,Karson Kuhlman,C,-1.14,2,167.3,173.48,17,0.36,-0.07,-0.1,0.03,0.01,FALSE,,0,FALSE,0.1,53.07,-0.42,0.13,0.38,typedShotsOnNet,71,184,5,19,5,2,8,1,14,8,7,2,18,25,2,2,6,4,4,18,2,7,1,0,8,13,27,3,4,13,25,9,0,1,2,26,26,4,16,1,1,4.66,8.97,3.23,0,0.36,0.72,0.15,0.06,29.03,0.06,1.79,6.81,6.46,0.36,0.29,,556.65
A3Z physicality,Forwards,Forwards,A3Z tracked games; five on five,2022–23,20222023,175,8478439,Travis Konecny,R,-1.11,1,261.1,261.68,18,0.3,-0.13,-0.15,0.03,-0.06,FALSE,,0,FALSE,0.09,52.81,-0.56,0.32,0.33,,70,192,16,26,37,15,32,1,45,40,7,2,40,73,8,7,5,12,16,27,20,19,6,4,54,81,60,2,1,9,28,6,0,3,4,46,46,6,36,2,3,2.07,6.43,1.38,0,0.69,0.92,0.13,0.08,31.25,0.06,3.68,5.97,9.19,0.23,0.29,,1206.98
A3Z physicality,Forwards,Forwards,A3Z tracked games; five on five,2022–23,20222023,176,8481186,Logan O'Connor,R,-1.2,3,329.05,333.87,28,0.34,-0.13,-0.15,0.02,-0.03,FALSE,,0,FALSE,0.08,52.54,0.53,-0.85,0.41,,72,175,11,48,20,20,22,2,42,28,7,1,39,66,8,3,14,16,4,33,25,17,0,1,19,48,53,4,3,37,45,9,0,4,2,51,51,3,33,0,6,6.75,8.21,1.64,0,0.73,0.36,0.06,0.18,21.4,0,2.01,8.75,7.11,0.36,0.14,,1164.77
A3Z physicality,Forwards,Forwards,A3Z tracked games; five on five,2022–23,20222023,177,8476918,Jimmy Vesey,L,0.37,2,314.25,315.35,27,0.33,0.08,0.05,0.02,0.01,FALSE,,0,FALSE,0.08,52.27,0.27,-0.05,-0.13,,74,203,11,29,22,17,17,1,51,29,12,6,46,88,11,6,22,6,8,41,32,22,1,2,41,70,52,4,4,32,11,13,0,0,2,49,49,6,36,5,3,6.11,2.1,2.48,0,0,0.38,0.12,0.08,21.4,0.14,2.1,5.54,8.78,0.19,0.5,,1102.45
A3Z physicality,Forwards,Forwards,A3Z tracked games; five on five,2022–23,20222023,178,8475794,Tyler Seguin,C,0.44,1,317.73,321.28,26,0.34,0.02,-0.01,0.02,-0.06,FALSE,,0,FALSE,0.08,52.01,0.32,-0.08,-0.16,,74,205,18,39,34,12,25,2,43,31,5,4,42,76,12,5,12,4,14,33,24,23,6,3,57,80,47,0,6,27,8,5,0,3,4,51,51,3,34,1,7,5.1,1.51,0.94,0,0.57,0.76,0.06,0.21,24.41,0.03,3.4,7.36,7.93,0.38,0.8,,1262.93
A3Z physicality,Forwards,Forwards,A3Z tracked games; five on five,2022–23,20222023,179,8478047,Michael Bunting,L,-0.8,5,416.25,423.58,30,0.37,-0.02,-0.04,0.02,0.05,FALSE,,0,FALSE,0.08,51.74,-0.14,-0.09,0.32,,72,186,21,67,23,13,17,2,30,22,9,5,26,52,6,1,8,10,5,16,19,35,7,0,42,64,80,9,8,32,39,7,0,3,7,81,81,13,49,3,3,4.61,5.62,1.01,0,0.43,1.01,0.16,0.06,16.97,0.06,3.03,9.66,3.75,0.29,0.56,,1295.35
A3Z physicality,Forwards,Forwards,A3Z tracked games; five on five,2022–23,20222023,180,8480188,Fabian Zetterlund,L,-0.25,3,259.57,262.47,21,0.31,-0.04,-0.05,0.02,-0.03,FALSE,,0,FALSE,0.06,51.47,-0.2,0.18,0.09,,71,208,10,33,16,4,12,2,32,24,6,2,24,59,13,2,8,9,7,18,23,21,3,4,35,45,54,1,0,21,21,4,0,1,1,50,50,6,40,3,2,4.85,4.85,0.92,0,0.23,0.23,0.12,0.05,38.97,0.07,2.31,7.63,5.55,0.46,0.33,,888.22
A3Z physicality,Forwards,Forwards,A3Z tracked games; five on five,2022–23,20222023,181,8475791,Taylor Hall,L,0.36,4,261.02,266.6,21,0.34,0.05,0.04,0.01,0.02,FALSE,,0,FALSE,0.05,51.2,-0.25,0.35,-0.05,,73,210,15,43,20,16,24,1,37,35,7,4,31,63,8,3,2,18,6,20,21,19,7,3,46,68,55,3,6,13,33,10,0,4,4,53,53,5,44,5,6,2.99,7.59,2.3,0,0.92,0.92,0.09,0.14,22.8,0.11,3.45,9.88,7.13,0.23,0.57,,971.68
A3Z physicality,Forwards,Forwards,A3Z tracked games; five on five,2022–23,20222023,182,8474586,Jordan Eberle,R,-1.29,1,395.78,399.13,30,0.37,-0.16,-0.17,0.01,-0.06,FALSE,,0,FALSE,0.03,50.94,-0.12,-0.23,0.38,,71,180,13,49,23,14,25,4,47,33,8,4,39,77,8,3,14,12,9,31,29,27,1,8,42,71,70,2,6,14,23,4,0,7,3,61,61,5,46,5,6,2.12,3.49,0.61,0,1.06,0.45,0.08,0.13,21.84,0.11,1.97,7.43,5.91,0.61,0.5,,1368.12
A3Z physicality,Forwards,Forwards,A3Z tracked games; five on five,2022–23,20222023,183,8470604,Jeff Carter,C,1.22,5,270.18,275.25,24,0.3,0.17,0.16,0.01,0.05,FALSE,,0,FALSE,0.03,50.67,0.27,0.13,-0.37,,75,219,9,31,17,6,20,5,35,24,13,5,43,77,7,10,11,6,11,25,24,22,1,1,29,41,40,1,3,25,23,15,0,2,0,49,49,8,37,4,5,5.55,5.11,3.33,0,0.44,0,0.16,0.14,19.21,0.11,2,6.88,9.55,1.11,0.38,,1082.8
A3Z physicality,Forwards,Forwards,A3Z tracked games; five on five,2022–23,20222023,184,8476889,Radek Faksa,C,1.11,4,310.47,313.12,27,0.33,0.08,0.08,0,0.02,FALSE,,0,FALSE,0.02,50.4,-0.02,0.23,-0.18,,75,216,16,31,29,9,21,4,35,23,13,5,44,69,8,7,12,8,11,32,19,16,1,1,34,51,32,1,3,26,48,11,0,3,2,32,32,5,24,2,3,5.02,9.28,2.13,0,0.58,0.39,0.16,0.12,20.8,0.08,3.09,5.99,8.5,0.77,0.38,,1111.37
A3Z physicality,Forwards,Forwards,A3Z tracked games; five on five,2022–23,20222023,185,8476872,Scott Laughton,C,-0.38,4,291.62,295.1,21,0.27,0,-0,0,0.02,FALSE,,0,FALSE,0.02,50.13,0.5,-0.57,0.08,,73,190,8,28,19,7,16,2,36,20,22,5,38,62,13,3,16,5,9,34,22,13,1,1,27,45,42,1,3,41,12,10,0,0,0,45,45,2,39,3,2,8.44,2.47,2.06,0,0,0,0.04,0.05,33.84,0.08,1.65,5.76,7.82,0.41,0.23,,1426.23
A3Z physicality,Forwards,Forwards,A3Z tracked games; five on five,2022–23,20222023,186,8473419,Brad Marchand,L,-1.82,4,221.38,222.13,18,0.25,-0.08,-0.08,0,0.02,FALSE,,0,FALSE,0.02,49.87,-0.17,-0.16,0.34,,69,180,15,23,27,13,20,1,39,31,4,2,28,58,3,3,8,5,10,22,24,10,7,7,49,72,44,7,0,11,16,4,0,3,4,34,34,1,24,1,0,2.98,4.34,1.08,0,0.81,1.08,0.03,0,26.15,0.04,4.07,6.23,7.59,0.27,0.5,,1352.55
A3Z physicality,Forwards,Forwards,A3Z tracked games; five on five,2022–23,20222023,187,8482222,Alexander Barabanov,L,-1,4,311.32,312.35,22,0.32,-0.03,-0.03,0,0.02,FALSE,,0,FALSE,0.01,49.33,-0.4,0.21,0.2,,70,195,12,40,19,10,22,0,46,31,6,2,40,71,6,5,15,16,8,32,25,10,6,4,38,65,34,6,7,8,26,13,0,2,0,38,38,4,30,3,10,1.54,5.01,2.51,0,0.39,0,0.11,0.33,18.18,0.1,2.31,7.71,7.71,0,0.33,,1227.62
A3Z physicality,Forwards,Forwards,A3Z tracked games; five on five,2022–23,20222023,188,8473994,Jamie Benn,L,0.89,4,295.68,296.5,27,0.33,0.06,0.07,-0,0.02,FALSE,,0,FALSE,-0.01,49.06,0.06,0.07,-0.14,,75,210,15,27,29,9,26,2,48,32,7,3,43,80,5,6,16,16,13,35,28,35,4,2,60,94,71,7,4,35,19,11,0,0,2,73,73,7,54,8,6,7.1,3.86,2.23,0,0,0.41,0.1,0.11,21.63,0.15,3.04,5.48,8.73,0.41,0.43,,1294.25
A3Z physicality,Forwards,Forwards,A3Z tracked games; five on five,2022–23,20222023,189,8473449,Kyle Okposo,R,0.31,3,237.9,243.92,20,0.27,-0,0,-0,-0.03,FALSE,,0,FALSE,-0.01,48.8,0.34,-0.25,-0.1,,72,216,11,21,17,14,16,1,30,24,4,1,31,57,12,3,6,6,6,25,16,18,1,0,37,55,47,4,4,24,20,3,0,4,3,52,52,1,40,2,4,6.05,5.04,0.76,0,1.01,0.76,0.02,0.1,33.07,0.05,2.77,5.3,7.82,0.25,0.25,,1100.07
A3Z physicality,Forwards,Forwards,A3Z tracked games; five on five,2022–23,20222023,190,8478444,Brock Boeser,R,0.28,3,279.93,282.6,21,0.28,-0.01,0,-0.01,-0.03,FALSE,,0,FALSE,-0.02,48.53,-0.35,0.42,-0.09,,73,208,13,27,18,9,17,5,30,22,5,0,24,52,6,3,8,11,5,19,17,20,1,1,36,55,41,4,0,13,9,15,0,0,0,38,38,3,26,4,1,2.79,1.93,3.22,0,0,0,0.08,0.04,36.1,0.15,2.79,5.79,5.14,1.07,0,,1275.87
A3Z physicality,Forwards,Forwards,A3Z tracked games; five on five,2022–23,20222023,191,8480208,Drake Batherson,R,0.85,5,353.07,363.62,26,0.32,0.11,0.12,-0.01,0.05,FALSE,,0,FALSE,-0.03,48.26,0.44,-0.23,-0.24,,75,209,14,45,34,9,23,5,52,41,3,3,47,91,13,8,11,7,14,33,37,33,7,2,51,78,79,9,3,37,27,9,0,3,4,81,81,6,60,6,4,6.29,4.59,1.53,0,0.51,0.68,0.07,0.07,26.91,0.1,2.38,7.65,7.99,0.85,1,,1525.7
A3Z physicality,Forwards,Forwards,A3Z tracked games; five on five,2022–23,20222023,192,8482705,Cole Sillinger,C,-0.21,4,231.62,238.28,21,0.33,-0,0.01,-0.01,0.02,FALSE,,0,FALSE,-0.03,47.99,0.23,-0.31,0.05,,72,202,8,20,6,3,19,4,29,24,6,1,36,58,10,2,5,11,9,27,12,20,1,2,18,27,39,4,4,24,24,5,0,1,0,44,44,3,28,2,3,6.22,6.22,1.3,0,0.26,0,0.07,0.11,28.9,0.07,2.07,5.18,9.33,1.04,0.17,,851.78
A3Z physicality,Forwards,Forwards,A3Z tracked games; five on five,2022–23,20222023,193,8478864,Kirill Kaprizov,L,-0.74,5,367.65,370.2,24,0.36,-0.05,-0.04,-0.01,0.05,FALSE,,0,FALSE,-0.04,47.73,-0.34,0,0.3,,70,202,18,56,33,30,33,2,50,44,4,1,47,79,10,3,6,19,12,37,21,37,6,5,82,131,80,2,6,16,27,5,0,4,7,65,65,8,45,3,5,2.61,4.41,0.82,0,0.65,1.14,0.12,0.11,22.67,0.07,2.94,9.14,7.67,0.33,0.25,,1414.55
A3Z physicality,Forwards,Forwards,A3Z tracked games; five on five,2022–23,20222023,194,8476439,Brett Ritchie,R,1.34,5,166.6,169.9,17,0.34,0.16,0.17,-0.02,0.05,FALSE,,0,FALSE,-0.06,47.46,0.6,-0.25,-0.41,,76,215,12,19,15,5,10,0,15,11,2,0,17,30,4,3,4,1,5,11,8,13,1,0,13,22,30,3,0,24,19,3,0,2,4,31,31,0,24,3,1,8.64,6.84,1.08,0,0.72,1.44,0,0.04,28.32,0.12,4.32,6.84,6.12,0,0,,502.52
A3Z physicality,Forwards,Forwards,A3Z tracked games; five on five,2022–23,20222023,195,8477839,Conor Sheary,L,-2.09,4,298.93,303.98,25,0.3,-0.12,-0.09,-0.02,0.02,FALSE,,0,FALSE,-0.07,47.19,-0.43,-0.02,0.39,,68,180,14,38,23,11,26,2,36,30,12,3,41,67,9,8,6,13,7,28,14,17,1,5,45,68,54,1,5,15,31,5,0,1,1,59,59,2,45,6,7,3.01,6.22,1,0,0.2,0.2,0.03,0.16,26.08,0.13,2.81,7.63,8.23,0.4,0.25,,1292.78
A3Z physicality,Forwards,Forwards,A3Z tracked games; five on five,2022–23,20222023,196,8478402,Connor McDavid,C,-0.23,3,477.37,485.75,32,0.39,-0.08,-0.05,-0.02,-0.03,FALSE,,0,FALSE,-0.07,46.93,-0.1,-0.05,0.08,,73,194,15,39,63,34,78,7,107,100,22,7,96,149,7,7,7,45,33,73,42,24,17,16,151,201,98,10,3,37,31,16,0,4,13,99,99,14,77,11,6,4.65,3.9,2.01,0,0.5,1.63,0.14,0.08,17,0.14,1.89,4.9,12.07,0.88,0.32,,1835.62
A3Z physicality,Forwards,Forwards,A3Z tracked games; five on five,2022–23,20222023,197,8482665,Matty Beniers,C,-0.45,5,406.87,411.23,30,0.38,-0.04,-0.01,-0.03,0.05,FALSE,,0,FALSE,-0.09,46.66,-0.87,0.58,0.2,,74,181,21,55,30,17,68,9,79,66,14,6,115,154,13,13,13,27,25,69,27,25,5,5,73,106,65,6,10,36,60,19,0,0,6,60,60,10,41,4,6,5.31,8.85,2.8,0,0,0.88,0.17,0.15,28.29,0.1,3.1,8.11,16.96,1.33,0.43,,1367.37
A3Z physicality,Forwards,Forwards,A3Z tracked games; five on five,2022–23,20222023,198,8475810,Bryan Rust,R,-0.47,3,313.08,315.73,24,0.3,-0.11,-0.08,-0.03,-0.03,FALSE,,0,FALSE,-0.1,46.39,-0.6,0.34,0.16,,71,202,15,40,35,16,23,3,40,28,7,3,49,77,11,6,12,9,9,37,19,30,9,4,49,74,68,5,4,25,36,3,0,1,3,67,67,9,48,10,3,4.79,6.9,0.57,0,0.19,0.57,0.13,0.06,19.7,0.21,2.87,7.67,9.39,0.57,0.43,,1449.87
A3Z physicality,Forwards,Forwards,A3Z tracked games; five on five,2022–23,20222023,199,8475765,Vladimir Tarasenko,R,0.69,1,343.65,345,24,0.35,-0.02,0.02,-0.03,-0.06,FALSE,,0,FALSE,-0.11,46.12,0.19,-0.05,-0.24,,73,219,12,22,30,11,18,3,44,34,6,1,36,85,18,5,10,10,5,26,33,25,1,4,55,89,71,5,4,33,20,12,0,2,4,54,54,5,36,3,5,5.76,3.49,2.1,0,0.35,0.7,0.09,0.14,21.93,0.08,2.1,3.84,6.29,0.52,0.17,,1159.22
A3Z physicality,Forwards,Forwards,A3Z tracked games; five on five,2022–23,20222023,200,8479415,Michael McLeod,C,-0.11,3,314.67,321.8,31,0.39,-0.07,-0.04,-0.03,-0.03,FALSE,,0,FALSE,-0.11,45.86,0.39,-0.54,0.04,,74,190,15,47,33,7,33,9,45,38,11,2,50,85,10,7,7,19,9,32,20,12,5,3,61,78,31,3,1,46,47,17,0,1,5,34,34,1,26,2,2,8.77,8.96,3.24,0,0.19,0.95,0.03,0.08,23.47,0.08,2.86,8.96,9.53,1.72,0.18,,980.13
A3Z physicality,Forwards,Forwards,A3Z tracked games; five on five,2022–23,20222023,201,8481618,Alex Newhook,C,-0.55,5,327.73,334.12,28,0.34,-0.05,-0.02,-0.03,0.05,FALSE,,0,FALSE,-0.11,45.59,-0.31,-0.03,0.23,,71,200,9,27,17,12,21,5,37,28,19,4,44,75,10,8,9,16,4,30,19,13,0,0,47,73,33,5,4,18,34,4,0,4,3,32,32,5,26,1,4,3.3,6.22,0.73,0,0.73,0.55,0.16,0.15,24.71,0.04,1.65,4.94,8.06,0.92,0.21,,1144.15
A3Z physicality,Forwards,Forwards,A3Z tracked games; five on five,2022–23,20222023,202,8474679,Gustav Nyquist,R,-1.29,4,202.18,205.52,15,0.29,-0.09,-0.05,-0.03,0.02,FALSE,,0,FALSE,-0.11,45.32,0.14,-0.5,0.25,,71,180,5,21,10,5,12,0,21,18,5,0,21,36,5,3,3,4,7,15,13,18,0,3,32,52,37,0,1,14,15,6,0,1,0,33,33,2,23,0,3,4.15,4.45,1.78,0,0.3,0,0.06,0.13,25.63,0,1.48,6.23,6.23,0,0,,898.6
A3Z physicality,Forwards,Forwards,A3Z tracked games; five on five,2022–23,20222023,203,8475191,Reilly Smith,R,-0.57,2,345.22,349.15,28,0.36,-0.08,-0.04,-0.04,0.01,FALSE,,0,FALSE,-0.12,45.05,-0.01,-0.3,0.19,,73,185,11,38,27,13,29,3,73,62,9,3,53,114,10,12,11,12,19,38,46,27,2,2,48,80,63,1,0,16,26,11,0,3,0,67,67,6,54,7,4,2.78,4.52,1.91,0,0.52,0,0.09,0.07,25,0.13,1.91,6.6,9.21,0.52,0.33,,1323.63
A3Z physicality,Forwards,Forwards,A3Z tracked games; five on five,2022–23,20222023,204,8480459,Pius Suter,C,-1.58,4,241.62,248.2,21,0.27,-0.11,-0.07,-0.04,0.02,FALSE,,0,FALSE,-0.14,44.79,-0.25,-0.19,0.3,,71,172,5,35,14,7,19,2,32,23,8,3,30,51,5,2,9,6,11,28,15,13,2,1,28,46,31,4,4,9,6,10,0,0,0,34,34,5,25,2,3,2.23,1.49,2.48,0,0,0,0.15,0.12,20.52,0.08,1.24,8.69,7.45,0.5,0.38,,1110.88
A3Z physicality,Forwards,Forwards,A3Z tracked games; five on five,2022–23,20222023,205,8477496,Elias Lindholm,C,-0.01,1,325.45,327.07,28,0.35,-0.09,-0.05,-0.04,-0.06,FALSE,,0,FALSE,-0.14,44.52,-0.3,0.18,-0.02,,73,200,16,30,35,7,23,0,32,24,11,5,35,58,5,3,8,6,10,21,19,27,4,3,60,85,55,7,5,19,20,5,0,1,2,49,49,6,30,2,3,3.5,3.69,0.92,0,0.18,0.37,0.12,0.1,29.15,0.07,2.95,5.53,6.45,0,0.45,,1492.12
A3Z physicality,Forwards,Forwards,A3Z tracked games; five on five,2022–23,20222023,206,8482740,Wyatt Johnston,C,-0.49,4,338.92,342.78,27,0.33,-0.05,-0.01,-0.04,0.02,FALSE,,0,FALSE,-0.14,44.25,-0.51,0.26,0.1,,73,187,16,48,25,11,23,2,54,35,7,5,41,78,4,5,19,4,16,33,41,30,5,2,45,66,70,6,8,6,22,10,0,3,1,71,71,10,57,7,7,1.06,3.89,1.77,0,0.53,0.18,0.14,0.12,17.69,0.12,2.83,8.5,7.26,0.35,0.71,,1269.5
A3Z physicality,Forwards,Forwards,A3Z tracked games; five on five,2022–23,20222023,207,8478099,Kevin Labanc,R,-1.1,1,270.8,273.03,21,0.29,-0.2,-0.15,-0.04,-0.06,FALSE,,0,FALSE,-0.14,43.98,0.2,-0.67,0.32,,71,185,9,25,22,9,19,2,40,24,2,1,33,67,12,4,16,2,15,28,24,23,2,1,35,48,55,3,7,15,19,7,0,3,0,52,52,3,38,1,4,3.32,4.21,1.55,0,0.66,0,0.06,0.11,27.81,0.03,1.99,5.54,7.31,0.44,0.5,,1031.48
A3Z physicality,Forwards,Forwards,A3Z tracked games; five on five,2022–23,20222023,208,8480798,Philipp Kurashev,C,-0.65,4,383.63,389.42,29,0.41,-0.06,-0.02,-0.05,0.02,FALSE,,0,FALSE,-0.15,43.72,-0.11,-0.17,0.13,,72,190,14,39,19,12,33,3,50,36,15,8,53,102,13,10,14,11,14,30,26,11,1,1,31,53,34,0,1,23,26,16,0,1,1,44,44,4,34,4,3,3.6,4.07,2.5,0,0.16,0.16,0.09,0.09,26.32,0.12,2.19,6.1,8.29,0.47,0.53,,1219.43
A3Z physicality,Forwards,Forwards,A3Z tracked games; five on five,2022–23,20222023,209,8474009,Nick Bonino,C,-0.09,1,276.13,279.93,25,0.4,-0.11,-0.06,-0.05,-0.06,FALSE,,0,FALSE,-0.16,43.45,-0.42,0.25,0,,73,198,7,31,20,3,17,2,39,22,10,2,35,69,7,3,17,4,6,26,27,18,6,1,36,49,31,5,3,6,20,24,0,3,0,31,31,6,26,3,4,1.3,4.35,5.21,0,0.65,0,0.19,0.15,21.47,0.12,1.52,6.74,7.61,0.43,0.2,,986.73
A3Z physicality,Forwards,Forwards,A3Z tracked games; five on five,2022–23,20222023,210,8482078,Lucas Raymond,L,-1.06,5,254.92,257.48,19,0.26,-0.13,-0.07,-0.05,0.05,FALSE,,0,FALSE,-0.17,43.18,-0.51,-0.08,0.41,,71,186,11,33,11,6,16,2,51,30,5,3,40,73,8,2,21,8,7,40,32,18,2,1,31,53,30,4,2,9,15,6,0,2,6,27,27,1,21,3,5,2.12,3.53,1.41,0,0.47,1.41,0.04,0.24,23.02,0.14,2.59,7.77,9.41,0.47,0.6,,1285.82
A3Z physicality,Forwards,Forwards,A3Z tracked games; five on five,2022–23,20222023,211,8482149,Cole Perfetti,C,-1.1,2,236.95,238.47,18,0.35,-0.16,-0.1,-0.06,0.01,FALSE,,0,FALSE,-0.19,42.91,0.26,-0.82,0.37,,71,185,3,35,19,10,18,2,31,24,8,4,26,47,6,2,7,6,9,20,19,24,2,4,33,55,43,3,4,18,15,8,0,1,0,44,44,4,33,4,2,4.56,3.8,2.03,0,0.25,0,0.09,0.06,25.35,0.12,0.76,8.86,6.58,0.51,0.5,,763.43
A3Z physicality,Forwards,Forwards,A3Z tracked games; five on five,2022–23,20222023,212,8476410,Josh Leivo,L,-0.04,3,193.65,194.47,18,0.35,-0.09,-0.03,-0.06,-0.03,FALSE,,0,FALSE,-0.2,42.65,-0.21,-0.01,0.02,,74,192,12,26,17,7,11,2,17,12,6,3,22,41,6,3,5,3,6,14,10,21,2,0,19,32,50,3,2,25,13,2,0,0,2,45,45,4,38,4,3,7.75,4.03,0.62,0,0,0.62,0.09,0.08,20.25,0.11,3.72,8.06,6.82,0.62,0.5,,606.45
A3Z physicality,Forwards,Forwards,A3Z tracked games; five on five,2022–23,20222023,213,8478366,Frank Vatrano,R,-0.44,4,298.25,303.83,23,0.28,-0.07,-0,-0.06,0.02,FALSE,,0,FALSE,-0.2,42.38,0.41,-0.7,0.09,,71,203,6,24,11,7,15,2,27,21,10,5,25,48,7,1,6,4,6,20,17,25,0,0,17,35,57,1,2,31,16,20,0,2,3,62,62,3,46,2,4,6.24,3.22,4.02,0,0.4,0.6,0.05,0.09,34.7,0.04,1.21,4.83,5.03,0.4,0.5,,1350.97
A3Z physicality,Forwards,Forwards,A3Z tracked games; five on five,2022–23,20222023,214,8479996,Cody Glass,C,0.56,4,247.28,251.63,22,0.31,-0.01,0.05,-0.06,0.02,FALSE,,0,FALSE,-0.2,42.11,0.09,-0.21,-0.08,,75,201,7,21,17,9,24,1,39,34,17,4,40,76,12,4,5,12,8,19,27,23,1,1,19,44,41,4,5,21,20,10,0,1,1,39,39,6,29,2,3,5.1,4.85,2.43,0,0.24,0.24,0.15,0.1,20.25,0.07,1.7,5.1,9.71,0.24,0.24,,1063.23
A3Z physicality,Forwards,Forwards,A3Z tracked games; five on five,2022–23,20222023,215,8477953,Kasperi Kapanen,R,-0.23,1,185.35,187.8,17,0.26,-0.14,-0.07,-0.07,-0.06,FALSE,,0,FALSE,-0.22,41.84,0.5,-0.78,0.05,,73,194,4,15,14,5,6,3,21,14,6,2,21,49,6,5,7,5,3,13,18,12,2,3,26,36,33,2,0,31,17,5,0,1,3,36,36,2,31,4,1,10.04,5.5,1.62,0,0.32,0.97,0.06,0.03,23.56,0.13,1.29,4.86,6.8,0.97,0.33,,903.15
A3Z physicality,Forwards,Forwards,A3Z tracked games; five on five,2022–23,20222023,216,8477505,Alexander Wennberg,C,-0.11,2,405.43,407.82,30,0.37,-0.07,0.01,-0.07,0.01,FALSE,,0,FALSE,-0.23,41.58,-0.89,0.63,0.03,,74,190,6,51,40,23,41,6,39,35,14,6,56,86,7,6,4,11,17,25,18,15,7,3,70,104,37,3,5,13,33,25,0,1,3,36,36,8,27,3,7,1.92,4.88,3.7,0,0.15,0.44,0.22,0.26,18.12,0.11,0.89,7.55,8.29,0.89,0.43,,1532.87
A3Z physicality,Forwards,Forwards,A3Z tracked games; five on five,2022–23,20222023,217,8471218,Blake Wheeler,R,1.87,3,287.07,288.25,21,0.29,0.09,0.16,-0.07,-0.03,FALSE,,0,FALSE,-0.23,41.31,0.36,0.04,-0.63,,77,222,15,32,30,23,22,2,38,32,6,3,39,61,8,5,6,2,17,32,17,15,2,4,46,89,41,2,3,16,18,11,0,4,0,36,36,2,27,2,4,3.34,3.76,2.3,0,0.84,0,0.06,0.15,27.85,0.07,3.14,6.69,8.15,0.42,0.5,,1227.18
A3Z physicality,Forwards,Forwards,A3Z tracked games; five on five,2022–23,20222023,218,8480031,Maxime Comtois,L,0.62,5,222.6,224.28,18,0.28,0.03,0.1,-0.07,0.05,FALSE,,0,FALSE,-0.23,41.04,-0.02,-0.05,-0.16,,74,210,6,21,10,5,17,3,28,22,5,2,37,60,14,3,6,4,10,26,13,10,1,1,15,25,29,3,1,15,23,5,1,2,0,33,33,5,25,2,2,4.04,6.2,1.35,0.27,0.54,0,0.15,0.08,25.5,0.08,1.62,5.66,9.97,0.81,0.4,,883.87
A3Z physicality,Forwards,Forwards,A3Z tracked games; five on five,2022–23,20222023,219,8477456,J.T. Compher,L,-0.61,5,374.85,380.82,28,0.34,-0.1,-0.02,-0.07,0.05,FALSE,,0,FALSE,-0.24,40.78,-0.22,-0.27,0.25,,72,191,14,48,31,12,28,4,36,28,22,7,47,65,5,4,8,11,11,36,10,23,3,4,57,94,51,5,4,16,21,19,0,3,4,47,47,4,37,2,5,2.56,3.36,3.04,0,0.48,0.64,0.09,0.14,25.08,0.05,2.24,7.68,7.52,0.64,0.32,,1684.33
A3Z physicality,Forwards,Forwards,A3Z tracked games; five on five,2022–23,20222023,220,8477021,Alexander Kerfoot,C,-1.1,3,354.1,361.82,30,0.37,-0.21,-0.14,-0.07,-0.03,FALSE,,0,FALSE,-0.24,40.51,-1.08,0.47,0.37,,71,185,24,43,34,19,42,6,63,52,15,9,69,114,7,14,11,21,15,46,25,19,8,4,60,96,60,7,4,10,65,17,0,3,6,53,53,4,42,10,3,1.69,11.01,2.88,0,0.51,1.02,0.08,0.07,19.24,0.24,4.07,7.29,11.69,1.02,0.6,,1198.75
A3Z physicality,Forwards,Forwards,A3Z tracked games; five on five,2022–23,20222023,221,8480068,Ryan Poehling,C,0.48,2,162.02,166.15,19,0.36,-0.02,0.07,-0.09,0.01,FALSE,,0,FALSE,-0.28,40.24,-0.74,0.63,-0.17,,74,206,10,17,10,1,9,2,23,11,9,3,24,42,6,5,12,7,2,20,16,13,2,1,20,26,26,5,2,19,25,10,0,0,4,29,29,5,20,2,2,7.04,9.26,3.7,0,0,1.48,0.17,0.1,23,0.1,3.7,6.3,8.89,0.74,0.33,,623.85
A3Z physicality,Forwards,Forwards,A3Z tracked games; five on five,2022–23,20222023,222,8477402,Pavel Buchnevich,L,-0.16,2,223.72,223.35,16,0.25,-0.09,0,-0.09,0.01,FALSE,,0,FALSE,-0.29,39.97,-0.05,-0.28,0.05,typedShotsOnNet,73,196,9,33,30,17,24,0,39,32,6,2,32,61,5,2,7,3,14,23,23,14,1,4,47,75,30,4,2,22,14,3,0,0,0,26,26,2,18,3,2,5.9,3.75,0.8,0,0,0,0.08,0.11,23.33,0.17,2.41,8.85,8.58,0,0.33,,1225.53
A3Z physicality,Forwards,Forwards,A3Z tracked games; five on five,2022–23,20222023,223,8480849,Barrett Hayton,C,-0.01,4,242.38,244.52,20,0.24,-0.07,0.02,-0.09,0.02,FALSE,,0,FALSE,-0.29,39.71,-0.03,-0.28,0.02,,73,200,6,21,9,8,24,5,26,20,13,2,46,57,11,8,6,7,13,32,2,17,1,1,20,36,39,3,4,29,28,6,0,1,3,45,45,7,30,2,3,7.18,6.93,1.49,0,0.25,0.74,0.16,0.1,22.67,0.07,1.49,5.2,11.39,1.24,0.15,,1434.82
A3Z physicality,Forwards,Forwards,A3Z tracked games; five on five,2022–23,20222023,224,8480015,Owen Tippett,R,0.36,5,286.05,289.47,20,0.26,-0.02,0.07,-0.09,0.05,FALSE,,0,FALSE,-0.3,39.44,-0.19,-0.03,-0.07,,73,210,13,26,16,9,27,2,31,27,10,5,38,62,10,6,4,18,9,27,11,34,0,3,39,56,70,4,4,27,32,24,0,1,4,62,62,4,45,6,2,5.66,6.71,5.03,0,0.21,0.84,0.06,0.04,29.01,0.13,2.73,5.45,7.97,0.42,0.5,,1341.9
A3Z physicality,Forwards,Forwards,A3Z tracked games; five on five,2022–23,20222023,225,8476897,Oskar Sundqvist,C,0.89,2,211.28,212.3,19,0.28,0.01,0.11,-0.09,0.01,FALSE,,0,FALSE,-0.31,39.17,0.05,-0.05,-0.31,locatedAttempts; typedShotsOnNet,75,210,6,19,15,7,15,3,30,21,6,3,28,46,6,4,9,6,5,23,19,11,0,1,21,28,17,1,0,14,11,7,0,2,5,16,16,4,9,1,0,3.98,3.12,1.99,0,0.57,1.42,0.25,0,21.71,0.11,1.7,5.4,7.95,0.85,0.5,,928.97
A3Z physicality,Forwards,Forwards,A3Z tracked games; five on five,2022–23,20222023,226,8477426,Nick Paul,L,2.04,4,311.63,320.85,25,0.31,0.04,0.13,-0.09,0.02,FALSE,,0,FALSE,-0.31,38.9,0.09,-0.04,-0.35,,76,234,10,37,24,14,29,4,44,38,12,6,46,79,10,5,6,15,12,30,25,18,2,1,37,70,42,4,4,34,44,13,0,3,4,47,47,7,35,8,2,6.55,8.47,2.5,0,0.58,0.77,0.15,0.06,25.32,0.23,1.93,7.12,8.86,0.77,0.5,,1292.73
A3Z physicality,Forwards,Forwards,A3Z tracked games; five on five,2022–23,20222023,227,8480220,Noah Cates,L,0.03,5,311.77,313.93,23,0.28,-0.06,0.04,-0.1,0.05,TRUE,netFrontAttemptShare; medianShotDistance,0,FALSE,-0.32,38.64,-0.61,0.26,0.04,,74,194,10,44,14,7,20,2,37,24,14,6,37,63,4,5,13,8,7,28,20,20,2,0,17,34,41,5,5,28,37,17,0,0,1,36,36,10,25,3,3,5.39,7.12,3.27,0,0,0.19,0.28,0.12,11.26,0.12,1.92,8.47,7.12,0.38,0.43,,1456.92
A3Z physicality,Forwards,Forwards,A3Z tracked games; five on five,2022–23,20222023,228,8478445,Mathew Barzal,C,-0.53,2,283.32,284.93,20,0.34,-0.14,-0.04,-0.1,0.01,FALSE,,0,FALSE,-0.32,38.37,-1.19,0.69,0.17,,73,186,22,23,37,23,27,6,42,37,13,5,42,70,4,3,5,25,6,26,21,20,3,3,77,112,45,1,4,4,14,10,0,1,2,42,42,7,29,3,2,0.85,2.96,2.12,0,0.21,0.42,0.17,0.07,23.68,0.1,4.66,4.87,8.89,1.27,0.38,,1085.53
A3Z physicality,Forwards,Forwards,A3Z tracked games; five on five,2022–23,20222023,229,8479344,Jesse Puljujarvi,R,1.38,2,306.8,314.5,28,0.37,0.05,0.16,-0.11,0.01,FALSE,,0,FALSE,-0.34,38.1,0.85,-0.72,-0.48,,76,216,15,42,17,12,12,1,26,17,9,4,28,53,4,6,9,1,6,18,19,21,3,0,17,39,51,4,3,42,36,15,0,4,2,46,46,2,35,5,1,8.21,7.04,2.93,0,0.78,0.39,0.04,0.03,28.5,0.14,2.93,8.21,5.48,0.2,0.44,,917.38
A3Z physicality,Forwards,Forwards,A3Z tracked games; five on five,2022–23,20222023,230,8476458,Ryan Strome,C,-0.31,2,316.58,320.03,23,0.28,-0.12,-0.01,-0.11,0.01,FALSE,,0,FALSE,-0.34,37.83,0.17,-0.61,0.1,,73,192,7,24,24,13,22,5,27,21,10,6,47,64,15,7,6,6,13,34,6,8,5,1,54,85,29,1,3,11,16,7,1,5,2,33,33,1,25,3,2,2.08,3.03,1.33,0.19,0.95,0.38,0.03,0.08,28.3,0.12,1.33,4.55,8.91,0.95,0.6,,1397.25
A3Z physicality,Forwards,Forwards,A3Z tracked games; five on five,2022–23,20222023,231,8475754,Brock Nelson,C,0.97,4,350.3,356.83,27,0.33,-0.04,0.07,-0.11,0.02,FALSE,,0,FALSE,-0.35,37.57,-0.17,-0.02,-0.16,,76,205,12,35,38,15,31,7,45,34,29,6,54,82,6,4,11,11,16,38,23,23,2,2,72,96,65,11,5,15,23,14,0,3,3,55,55,7,41,6,6,2.57,3.94,2.4,0,0.51,0.51,0.13,0.15,21.84,0.15,2.06,5.99,9.25,1.2,0.21,,1511.7
A3Z physicality,Forwards,Forwards,A3Z tracked games; five on five,2022–23,20222023,232,8476292,Ondrej Palat,L,-0.5,5,276.7,279.27,20,0.41,-0.12,-0.01,-0.11,0.05,FALSE,,0,FALSE,-0.35,37.3,-0.04,-0.53,0.22,,72,194,6,28,20,8,19,1,53,27,8,2,52,84,12,5,26,10,5,41,29,14,2,2,43,69,35,2,3,24,23,19,0,1,2,36,36,2,24,5,1,5.2,4.99,4.12,0,0.22,0.43,0.06,0.04,21.1,0.21,1.3,6.07,11.28,0.22,0.25,,761.23
A3Z physicality,Forwards,Forwards,A3Z tracked games; five on five,2022–23,20222023,233,8482110,Dawson Mercer,C,-1.02,4,403.25,404.77,31,0.38,-0.14,-0.04,-0.11,0.02,FALSE,,0,FALSE,-0.35,37.03,-0.58,0.03,0.2,,72,180,21,55,26,12,34,6,64,47,7,2,55,106,8,5,17,15,14,39,41,23,3,3,51,85,51,4,3,13,37,23,0,1,1,48,48,4,36,5,1,1.93,5.51,3.42,0,0.15,0.15,0.08,0.03,26.77,0.14,3.12,8.18,8.18,0.89,0.29,,1357.95
A3Z physicality,Forwards,Forwards,A3Z tracked games; five on five,2022–23,20222023,234,8480797,Joel Farabee,L,-0.8,1,306.48,311.48,23,0.28,-0.24,-0.12,-0.11,-0.06,FALSE,,0,FALSE,-0.37,36.76,-0.07,-0.53,0.23,,72,186,7,28,19,10,23,3,43,32,11,4,37,66,4,4,11,8,15,30,23,24,4,3,38,58,56,2,3,21,33,14,1,3,4,46,46,3,38,6,2,4.11,6.46,2.74,0.2,0.59,0.78,0.07,0.05,30.07,0.16,1.37,5.48,7.24,0.59,0.36,,1394.88
A3Z physicality,Forwards,Forwards,A3Z tracked games; five on five,2022–23,20222023,235,8480012,Elias Pettersson,C,-0.63,3,330.12,330.4,24,0.3,-0.21,-0.09,-0.12,-0.03,FALSE,,0,FALSE,-0.39,36.5,-0.65,0.05,0.21,,74,176,14,28,34,18,36,9,54,38,15,9,56,99,4,5,16,22,5,32,33,26,6,4,60,86,58,3,2,15,21,20,0,1,7,62,62,4,44,6,5,2.73,3.82,3.64,0,0.18,1.27,0.06,0.11,22.52,0.14,2.54,5.09,10.18,1.64,0.6,,1644.38
A3Z physicality,Forwards,Forwards,A3Z tracked games; five on five,2022–23,20222023,236,8480185,Eetu Luostarinen,C,0.19,5,300.72,304.97,25,0.3,-0.06,0.06,-0.12,0.05,FALSE,,0,FALSE,-0.39,36.23,-0.67,0.3,-0.02,,75,191,16,54,29,12,26,4,39,21,8,7,46,74,5,6,18,8,9,32,24,20,4,5,49,74,37,3,5,25,34,11,0,0,0,41,41,5,30,3,8,4.99,6.78,2.19,0,0,0,0.12,0.27,19.65,0.1,3.19,10.77,9.18,0.8,0.88,,1310.83
A3Z physicality,Forwards,Forwards,A3Z tracked games; five on five,2022–23,20222023,237,8478495,Denis Gurianov,R,0.71,4,254.52,258.72,23,0.35,-0.07,0.06,-0.12,0.02,FALSE,,0,FALSE,-0.4,35.96,-0.48,0.19,-0.11,,75,205,18,24,21,3,13,0,28,19,8,3,28,51,9,4,9,3,5,22,19,27,2,2,31,40,57,1,5,11,13,7,0,0,1,50,50,3,40,3,5,2.59,3.06,1.65,0,0,0.24,0.06,0.12,29.61,0.07,4.24,5.66,6.6,0,0.38,,870.95
A3Z physicality,Forwards,Forwards,A3Z tracked games; five on five,2022–23,20222023,238,8475798,Mikael Granlund,C,-1.07,2,305.1,309.53,23,0.29,-0.22,-0.09,-0.13,0.01,FALSE,,0,FALSE,-0.43,35.7,-0.86,0.08,0.36,typedShotsOnNet,70,193,9,32,31,14,17,3,32,27,17,5,36,63,9,5,5,5,11,21,20,11,7,3,57,90,29,2,5,22,37,13,0,0,3,24,24,1,17,0,4,4.33,7.28,2.56,0,0,0.59,0.04,0.24,27.78,0,1.77,6.29,7.08,0.59,0.29,,1408.2
A3Z physicality,Forwards,Forwards,A3Z tracked games; five on five,2022–23,20222023,239,8477946,Dylan Larkin,C,0.13,4,268.48,268.82,21,0.26,-0.1,0.03,-0.13,0.02,FALSE,,0,FALSE,-0.43,35.43,-0.06,-0.36,-0.01,,73,204,12,22,16,10,23,2,44,29,10,4,44,70,9,4,15,15,10,44,18,16,3,4,51,71,58,7,2,11,13,8,0,2,1,46,46,2,34,1,2,2.46,2.91,1.79,0,0.45,0.22,0.04,0.06,29.88,0.03,2.68,4.92,9.83,0.45,0.4,,1564.45
A3Z physicality,Forwards,Forwards,A3Z tracked games; five on five,2022–23,20222023,240,8478398,Kyle Connor,L,-0.64,4,352.68,355.97,23,0.28,-0.15,-0.02,-0.13,0.02,FALSE,,0,FALSE,-0.43,35.16,-0.08,-0.48,0.13,,73,183,12,34,27,17,24,1,43,36,5,3,34,70,8,3,7,12,12,26,26,18,2,4,51,84,56,5,6,11,18,8,0,4,1,57,57,1,43,5,3,1.87,3.06,1.36,0,0.68,0.17,0.02,0.07,19.03,0.12,2.04,5.78,5.78,0.17,0.6,,1683.4
A3Z physicality,Forwards,Forwards,A3Z tracked games; five on five,2022–23,20222023,241,8478975,Mason Marchment,L,1.5,4,351.93,355.8,26,0.38,-0.03,0.1,-0.14,0.02,FALSE,,0,FALSE,-0.44,34.89,-0.1,-0.09,-0.25,,77,212,13,39,27,6,33,1,64,43,4,3,62,102,12,10,21,18,18,55,37,33,2,3,38,55,68,5,4,36,44,20,0,2,6,68,68,6,51,10,5,6.14,7.5,3.41,0,0.34,1.02,0.09,0.1,26.88,0.2,2.22,6.65,10.57,0.17,0.75,,1067.98
A3Z physicality,Forwards,Forwards,A3Z tracked games; five on five,2022–23,20222023,242,8479343,Clayton Keller,R,-1.74,5,306.2,309.05,20,0.24,-0.28,-0.14,-0.14,0.05,FALSE,,0,FALSE,-0.45,34.63,-1.06,-0.02,0.63,,70,175,11,24,18,17,24,4,35,31,17,3,40,70,10,6,4,11,7,27,15,21,5,8,57,89,57,3,2,3,9,4,0,2,3,43,43,4,30,4,2,0.59,1.76,0.78,0,0.39,0.59,0.09,0.07,25.08,0.13,2.16,4.7,7.84,0.78,0.18,,1701.52
A3Z physicality,Forwards,Forwards,A3Z tracked games; five on five,2022–23,20222023,243,8475714,Calle Jarnkrok,C,-0.54,1,285.62,289.57,28,0.38,-0.24,-0.1,-0.14,-0.06,FALSE,,0,FALSE,-0.45,34.36,-0.2,-0.4,0.15,,72,193,10,32,21,10,12,2,26,14,8,3,22,52,6,3,12,2,4,14,21,28,2,0,25,45,52,5,4,15,29,6,0,3,3,44,44,4,30,1,4,3.15,6.09,1.26,0,0.63,0.63,0.09,0.13,19.79,0.03,2.1,6.72,4.62,0.42,0.38,,1049.92
A3Z physicality,Forwards,Forwards,A3Z tracked games; five on five,2022–23,20222023,244,8474037,James van Riemsdyk,L,0.89,1,215.28,217.1,16,0.26,-0.1,0.04,-0.14,-0.06,FALSE,,0,FALSE,-0.45,34.09,-0.1,-0.05,-0.3,,75,210,10,24,18,6,10,0,30,20,2,1,20,42,4,6,10,8,5,16,22,14,7,0,27,43,31,2,2,5,16,6,0,5,0,25,25,2,21,2,2,1.39,4.46,1.67,0,1.39,0,0.08,0.1,29.12,0.1,2.79,6.69,5.57,0,0.5,,936.58
A3Z physicality,Forwards,Forwards,A3Z tracked games; five on five,2022–23,20222023,245,8480078,Filip Chytil,C,0.62,5,285.58,292.37,24,0.32,-0.04,0.1,-0.14,0.05,FALSE,,0,FALSE,-0.46,33.82,-0.2,-0.1,-0.16,,74,210,8,35,19,7,28,8,44,32,15,9,45,75,5,2,12,18,10,38,19,20,3,2,32,54,67,5,4,13,30,14,0,5,2,57,57,8,43,6,2,2.73,6.3,2.94,0,1.05,0.42,0.14,0.05,22.67,0.14,1.68,7.35,9.45,1.68,0.6,,1086.6
A3Z physicality,Forwards,Forwards,A3Z tracked games; five on five,2022–23,20222023,246,8479992,Michael Rasmussen,C,2.14,4,185.87,188.7,16,0.29,-0,0.14,-0.14,0.02,FALSE,,0,FALSE,-0.46,33.56,-0.02,-0.07,-0.37,typedShotsOnNet,78,222,7,16,9,5,7,1,24,13,7,4,25,44,9,6,11,7,2,23,16,7,0,1,15,22,26,2,4,29,34,19,0,1,4,25,25,3,19,3,2,9.36,10.98,6.13,0,0.32,1.29,0.12,0.11,23,0.16,2.26,5.16,8.07,0.32,0.57,,845.47
A3Z physicality,Forwards,Forwards,A3Z tracked games; five on five,2022–23,20222023,247,8478010,Brayden Point,C,-1.4,5,360.58,364.78,25,0.3,-0.25,-0.11,-0.14,0.05,FALSE,,0,FALSE,-0.46,33.29,-1.44,0.46,0.52,,71,177,19,25,16,17,41,6,51,50,17,5,52,85,6,4,1,20,16,32,23,15,1,2,51,106,81,11,6,8,26,8,1,0,1,72,72,12,59,7,8,1.33,4.33,1.33,0.17,0,0.17,0.17,0.14,15.59,0.12,3.16,4.16,8.65,1,0.29,,1612.92
A3Z physicality,Forwards,Forwards,A3Z tracked games; five on five,2022–23,20222023,248,8480039,Martin Necas,C,0.34,3,397.68,405.88,29,0.35,-0.13,0.01,-0.14,-0.03,FALSE,,0,FALSE,-0.46,33.02,-0.5,0.15,-0.11,,75,195,16,40,43,26,26,6,39,33,16,3,38,71,5,4,6,14,9,26,20,48,3,3,74,121,84,6,7,20,38,6,0,5,5,82,82,11,59,3,9,3.02,5.73,0.91,0,0.75,0.75,0.13,0.15,28.96,0.05,2.41,6.03,5.73,0.91,0.19,,1509.8
A3Z physicality,Forwards,Forwards,A3Z tracked games; five on five,2022–23,20222023,249,8480802,Ryan McLeod,C,0.67,3,308.05,316.45,27,0.47,-0.1,0.04,-0.14,-0.03,FALSE,,0,FALSE,-0.46,32.75,-0.6,0.36,-0.22,,75,204,21,26,40,19,26,9,43,27,15,6,65,98,12,9,16,11,10,49,18,23,2,2,63,86,39,2,3,21,37,9,0,0,1,39,39,4,28,4,2,4.09,7.21,1.75,0,0,0.19,0.1,0.07,19.65,0.14,4.09,5.06,12.66,1.75,0.4,,808.58
A3Z physicality,Forwards,Forwards,A3Z tracked games; five on five,2022–23,20222023,250,8477942,Kevin Fiala,L,-0.1,2,305.68,312.88,24,0.35,-0.14,0.01,-0.14,0.01,FALSE,,0,FALSE,-0.47,32.49,-0.31,-0.19,0.03,,72,205,9,18,37,23,34,6,60,50,12,5,49,93,8,7,10,16,17,37,37,16,6,11,80,125,52,3,1,13,19,6,0,4,6,46,46,5,37,4,1,2.55,3.73,1.18,0,0.79,1.18,0.11,0.03,27.39,0.11,1.77,3.53,9.62,1.18,0.42,,1214.07
A3Z physicality,Forwards,Forwards,A3Z tracked games; five on five,2022–23,20222023,251,8478856,Conor Garland,R,-2.11,5,297.93,302.83,24,0.3,-0.32,-0.18,-0.15,0.05,FALSE,,0,FALSE,-0.47,32.22,-1.09,-0.14,0.76,,70,165,14,32,34,13,16,1,54,37,3,1,36,78,4,6,17,17,4,30,38,20,8,1,38,57,45,2,2,12,29,2,0,1,5,50,50,3,36,2,7,2.42,5.84,0.4,0,0.2,1.01,0.06,0.19,24.73,0.06,2.82,6.44,7.25,0.2,0.33,,1224.22
A3Z physicality,Forwards,Forwards,A3Z tracked games; five on five,2022–23,20222023,252,8478483,Mitch Marner,R,-1.02,2,426.37,429.88,30,0.38,-0.24,-0.09,-0.15,0.01,FALSE,,0,FALSE,-0.48,31.95,-0.41,-0.41,0.34,,72,180,13,53,52,33,55,4,74,63,16,7,90,140,16,8,11,24,22,56,33,30,8,6,117,160,89,1,1,24,35,8,0,2,2,63,63,3,40,4,2,3.38,4.93,1.13,0,0.28,0.28,0.05,0.05,36.77,0.1,1.83,7.46,12.67,0.56,0.44,,1702.1
A3Z physicality,Forwards,Forwards,A3Z tracked games; five on five,2022–23,20222023,253,8476539,Jonathan Marchessault,R,-1.64,5,334.2,334.98,25,0.33,-0.29,-0.13,-0.16,0.05,FALSE,,0,FALSE,-0.53,31.68,-0.3,-0.82,0.6,,69,185,9,36,26,11,24,5,64,47,3,0,43,89,8,6,17,11,15,40,39,28,3,2,55,75,78,5,1,25,24,1,0,1,1,69,69,3,49,3,1,4.49,4.31,0.18,0,0.18,0.18,0.04,0.02,28.64,0.06,1.62,6.46,7.72,0.9,0,,1302.67
A3Z physicality,Forwards,Forwards,A3Z tracked games; five on five,2022–23,20222023,254,8480023,Robert Thomas,C,-0.02,2,340.37,341.08,23,0.32,-0.15,0.01,-0.16,0.01,FALSE,,0,FALSE,-0.53,31.42,-0.77,0.24,0,,72,207,14,27,42,13,40,6,48,41,10,3,53,79,5,4,7,14,17,39,17,8,10,6,82,112,24,3,3,8,20,11,0,2,2,32,32,4,21,1,3,1.41,3.53,1.94,0,0.35,0.35,0.12,0.14,18.69,0.05,2.47,4.76,9.34,1.06,0.3,,1412.07
A3Z physicality,Forwards,Forwards,A3Z tracked games; five on five,2022–23,20222023,255,8478449,Roope Hintz,C,1.15,4,343.57,349.3,27,0.37,-0.09,0.08,-0.17,0.02,FALSE,,0,FALSE,-0.57,31.15,-0.45,0.08,-0.19,,75,217,18,48,41,17,33,2,51,40,16,5,47,83,2,5,11,13,14,33,30,32,9,5,64,101,77,5,5,15,32,11,0,3,6,64,64,6,51,4,3,2.62,5.59,1.92,0,0.52,1.05,0.09,0.06,18.59,0.08,3.14,8.38,8.21,0.35,0.31,,1281.72
A3Z physicality,Forwards,Forwards,A3Z tracked games; five on five,2022–23,20222023,256,8476887,Filip Forsberg,L,0.17,3,242.52,247.32,20,0.4,-0.19,-0.01,-0.18,-0.03,FALSE,,0,FALSE,-0.57,30.88,-0.18,-0.33,-0.06,,73,205,7,22,14,12,27,1,43,35,8,3,39,78,7,1,8,8,16,33,21,24,1,3,24,46,61,0,1,25,14,7,0,0,3,64,64,6,45,3,2,6.19,3.46,1.73,0,0,0.74,0.09,0.04,29.65,0.07,1.73,5.44,9.65,0.25,0.38,,873.6
A3Z physicality,Forwards,Forwards,A3Z tracked games; five on five,2022–23,20222023,257,8475225,Craig Smith,C,0.1,1,212.52,215.47,21,0.33,-0.21,-0.04,-0.18,-0.06,FALSE,,0,FALSE,-0.57,30.61,0.22,-0.74,-0.05,,73,203,7,21,15,4,14,1,25,12,3,1,32,48,6,6,13,2,6,27,11,19,1,2,26,35,35,1,2,17,30,8,0,3,2,32,32,2,23,1,1,4.8,8.47,2.26,0,0.85,0.56,0.06,0.04,33.15,0.04,1.98,5.93,9.03,0.28,0.33,,703.98
A3Z physicality,Forwards,Forwards,A3Z tracked games; five on five,2022–23,20222023,258,8476454,Ryan Nugent-Hopkins,C,-0.31,3,408.23,410.38,32,0.39,-0.24,-0.06,-0.18,-0.03,FALSE,,0,FALSE,-0.58,30.35,-0.46,-0.22,0.11,,73,192,14,51,45,28,35,2,55,48,15,3,56,94,7,5,7,12,18,35,29,30,2,3,66,103,68,4,2,21,22,8,0,2,2,67,67,7,52,6,2,3.09,3.23,1.18,0,0.29,0.29,0.1,0.04,24.76,0.12,2.06,7.5,8.23,0.29,0.2,,1623.7
A3Z physicality,Forwards,Forwards,A3Z tracked games; five on five,2022–23,20222023,259,8482496,Nils Aman,C,-0.52,3,193.98,196.73,18,0.26,-0.26,-0.08,-0.18,-0.03,FALSE,,0,FALSE,-0.59,30.08,-0.14,-0.63,0.18,locatedAttempts; typedShotsOnNet,74,179,5,18,8,3,18,2,19,12,6,0,28,41,1,0,7,3,7,15,9,4,1,0,13,20,13,1,1,17,16,5,0,1,3,18,18,1,13,0,2,5.26,4.95,1.55,0,0.31,0.93,0.06,0.15,31.04,0,1.55,5.57,8.66,0.62,0,,863.75
A3Z physicality,Forwards,Forwards,A3Z tracked games; five on five,2022–23,20222023,260,8479318,Auston Matthews,C,1.08,2,414.03,418.68,27,0.36,-0.05,0.13,-0.18,0.01,FALSE,,0,FALSE,-0.59,29.81,-0.17,-0.05,-0.37,,75,215,16,46,41,17,47,4,56,46,16,5,73,101,9,4,10,15,15,45,23,48,11,3,68,118,132,10,9,35,29,30,0,1,9,112,112,12,83,11,7,5.07,4.2,4.35,0,0.14,1.3,0.11,0.08,24.52,0.13,2.32,6.67,10.58,0.58,0.31,,1500.6
A3Z physicality,Forwards,Forwards,A3Z tracked games; five on five,2022–23,20222023,261,8479400,Pierre-Luc Dubois,C,1.53,5,267.93,270.75,19,0.26,0.01,0.19,-0.18,0.05,FALSE,,0,FALSE,-0.6,29.55,0.21,-0.34,-0.47,,76,220,9,31,20,10,20,8,22,21,14,5,31,54,12,1,1,8,8,22,8,19,3,3,38,62,57,5,5,20,26,10,0,4,4,55,55,3,35,6,2,4.48,5.82,2.24,0,0.9,0.9,0.05,0.06,23,0.17,2.02,6.94,6.94,1.79,0.36,,1346.98
A3Z physicality,Forwards,Forwards,A3Z tracked games; five on five,2022–23,20222023,262,8470638,Patrice Bergeron,C,-0.16,5,267.75,267.38,24,0.31,-0.17,0.02,-0.19,0.05,FALSE,,0,FALSE,-0.61,29.28,-0.04,-0.67,0.1,,73,196,5,38,9,13,28,2,43,31,14,3,45,75,4,5,12,3,14,30,27,28,1,2,43,71,73,8,5,15,15,7,0,2,2,72,72,7,53,2,5,3.36,3.36,1.57,0,0.45,0.45,0.1,0.09,27.26,0.04,1.12,8.52,10.08,0.45,0.21,,1356.55
A3Z physicality,Forwards,Forwards,A3Z tracked games; five on five,2022–23,20222023,263,8481711,Matias Maccelli,L,-1.03,2,167.25,168.43,13,0.2,-0.28,-0.09,-0.19,0.01,TRUE,deflectionShare,0,FALSE,-0.63,29.01,-1.46,0.49,0.34,locatedAttempts; typedShotsOnNet,71,187,5,12,19,11,16,2,24,22,7,2,27,45,10,3,2,11,6,20,10,6,3,2,35,45,12,1,1,4,11,6,0,0,2,7,7,0,5,0,2,1.43,3.95,2.15,0,0,0.72,0,0.4,33.29,0,1.79,4.3,9.69,0.72,0.29,,1003.62
A3Z physicality,Forwards,Forwards,A3Z tracked games; five on five,2022–23,20222023,264,8473986,Alex Killorn,L,0.17,3,306.05,308.85,25,0.3,-0.21,-0.01,-0.19,-0.03,FALSE,,0,FALSE,-0.64,28.74,-0.81,0.23,-0.06,,73,205,24,35,33,17,30,2,48,37,15,4,51,86,10,9,11,11,12,34,28,19,5,1,41,73,42,2,4,15,27,2,0,2,2,37,37,3,27,2,4,2.94,5.29,0.39,0,0.39,0.39,0.08,0.15,21.38,0.07,4.71,6.86,10,0.39,0.27,,1411.13
A3Z physicality,Forwards,Forwards,A3Z tracked games; five on five,2022–23,20222023,265,8482097,Jack Quinn,R,-0.57,1,231.33,233.85,20,0.27,-0.3,-0.1,-0.2,-0.06,FALSE,,0,FALSE,-0.64,28.48,-0.33,-0.47,0.16,,73,185,8,21,8,8,18,0,32,27,5,0,28,50,6,3,5,9,11,24,16,16,1,2,25,38,46,1,0,14,20,1,0,1,2,42,42,2,33,4,2,3.63,5.19,0.26,0,0.26,0.52,0.05,0.06,28.37,0.12,2.07,5.45,7.26,0,0,,1038.53
A3Z physicality,Forwards,Forwards,A3Z tracked games; five on five,2022–23,20222023,266,8478020,Michael Amadio,R,0.21,5,261.95,263.18,23,0.34,-0.14,0.06,-0.2,0.05,FALSE,,0,FALSE,-0.65,28.21,-0.68,0.05,-0.02,,73,206,15,35,26,5,19,1,28,23,2,2,34,55,6,7,5,4,11,20,12,15,6,3,51,67,43,0,7,22,29,9,0,0,2,51,51,5,36,0,11,5.04,6.64,2.06,0,0,0.46,0.1,0.31,24.76,0,3.44,8.02,7.79,0.23,1,,818.23
A3Z physicality,Forwards,Forwards,A3Z tracked games; five on five,2022–23,20222023,267,8471276,David Krejci,C,-0.58,2,286.47,294.93,23,0.33,-0.24,-0.04,-0.2,0.01,FALSE,,0,FALSE,-0.65,27.94,-0.6,-0.25,0.19,,72,192,10,19,26,10,18,3,36,33,8,4,33,65,9,4,3,6,9,24,22,11,5,4,47,77,38,0,6,16,19,14,0,0,2,35,35,1,22,3,4,3.35,3.98,2.93,0,0,0.42,0.03,0.18,20.02,0.14,2.09,3.98,6.91,0.63,0.5,,1203.62
A3Z physicality,Forwards,Forwards,A3Z tracked games; five on five,2022–23,20222023,268,8482113,Anton Lundell,C,-0.16,4,259.22,262.3,21,0.29,-0.19,0.01,-0.2,0.02,FALSE,,0,FALSE,-0.66,27.67,-0.53,-0.18,0.05,,73,196,12,40,30,13,24,2,29,27,13,6,46,58,8,10,2,8,15,25,10,20,4,3,43,69,47,2,0,10,11,8,0,1,5,42,42,2,35,2,1,2.31,2.55,1.85,0,0.23,1.16,0.05,0.03,28.71,0.06,2.78,9.26,10.65,0.46,0.46,,1195.05
A3Z physicality,Forwards,Forwards,A3Z tracked games; five on five,2022–23,20222023,269,8476960,Andreas Athanasiou,C,-0.11,3,371.8,377.12,29,0.36,-0.24,-0.04,-0.2,-0.03,FALSE,,0,FALSE,-0.66,27.41,-0.41,-0.3,0.04,,74,190,6,33,13,6,26,4,46,35,4,3,49,88,12,7,11,10,11,35,25,16,1,5,45,66,59,2,1,15,22,16,0,3,4,62,62,9,40,5,1,2.42,3.55,2.58,0,0.48,0.65,0.15,0.03,26.1,0.12,0.97,5.33,7.91,0.65,0.75,,1296.28
A3Z physicality,Forwards,Forwards,A3Z tracked games; five on five,2022–23,20222023,270,8478403,Jack Eichel,C,0.55,4,323.42,323.25,23,0.34,-0.15,0.05,-0.2,0.02,FALSE,,0,FALSE,-0.67,27.14,-0.24,-0.35,-0.08,,74,208,11,45,30,17,31,1,50,47,23,9,43,75,7,5,3,22,15,32,24,17,5,7,58,98,71,2,2,22,22,12,0,1,4,72,72,3,59,8,2,4.08,4.08,2.23,0,0.19,0.74,0.04,0.03,26.64,0.14,2.04,8.35,7.98,0.19,0.39,,1257.38
A3Z physicality,Forwards,Forwards,A3Z tracked games; five on five,2022–23,20222023,271,8480806,Isac Lundeström,C,-0.31,1,157.78,160.08,15,0.25,-0.29,-0.08,-0.21,-0.06,FALSE,,0,FALSE,-0.68,26.87,-0.8,0.05,0.07,locatedAttempts; typedShotsOnNet,73,192,4,12,7,8,12,3,15,13,10,3,19,27,2,1,2,8,4,12,5,5,0,0,17,26,16,1,1,5,10,5,0,0,0,15,15,2,11,1,2,1.9,3.8,1.9,0,0,0,0.13,0.18,24.35,0.09,1.52,4.56,7.23,1.14,0.3,,874.37
A3Z physicality,Forwards,Forwards,A3Z tracked games; five on five,2022–23,20222023,272,8477960,Adrian Kempe,R,0.44,1,327.12,330.8,26,0.32,-0.22,-0.01,-0.21,-0.06,FALSE,,0,FALSE,-0.7,26.6,0.7,-1.24,-0.16,,74,205,7,39,21,11,24,5,49,37,26,6,49,92,17,4,12,13,9,41,26,37,3,2,38,62,88,3,2,35,25,9,0,5,2,72,72,3,52,3,1,6.42,4.59,1.65,0,0.92,0.37,0.04,0.02,29.42,0.06,1.28,7.15,8.99,0.92,0.23,,1538.15
A3Z physicality,Forwards,Forwards,A3Z tracked games; five on five,2022–23,20222023,273,8481596,Shane Pinto,C,0.74,3,318.78,323.97,26,0.32,-0.17,0.05,-0.21,-0.03,FALSE,,0,FALSE,-0.7,26.34,-0.55,0.1,-0.25,,75,206,11,36,30,5,24,1,43,35,20,8,49,83,15,6,8,12,10,34,27,18,2,2,43,71,42,2,4,17,24,11,0,1,3,42,42,4,31,3,6,3.2,4.52,2.07,0,0.19,0.56,0.1,0.19,26.1,0.1,2.07,6.78,9.22,0.19,0.4,,1310.27
A3Z physicality,Forwards,Forwards,A3Z tracked games; five on five,2022–23,20222023,274,8476329,Travis Boyd,C,-0.65,5,263.6,266.63,20,0.24,-0.24,-0.03,-0.21,0.05,FALSE,,0,FALSE,-0.7,26.07,-0.73,-0.24,0.27,typedShotsOnNet,72,190,5,11,11,5,21,3,24,21,13,4,40,59,13,3,3,3,10,23,12,14,1,0,28,40,28,3,5,7,23,13,0,3,2,27,27,2,19,3,4,1.59,5.24,2.96,0,0.68,0.46,0.07,0.21,16.16,0.16,1.14,2.5,9.1,0.68,0.31,,1355.48
A3Z physicality,Forwards,Forwards,A3Z tracked games; five on five,2022–23,20222023,275,8476905,Chandler Stephenson,C,-0.24,5,403.8,405.03,28,0.35,-0.2,0.01,-0.21,0.05,FALSE,,0,FALSE,-0.7,25.8,-1.09,0.26,0.13,,72,201,21,42,39,28,19,2,30,19,11,2,41,60,10,7,11,6,7,30,15,13,5,7,84,136,39,3,2,23,45,13,0,0,6,35,35,5,26,4,1,3.42,6.69,1.93,0,0,0.89,0.14,0.04,19.7,0.15,3.12,6.24,6.09,0.3,0.18,,1540.38
A3Z physicality,Forwards,Forwards,A3Z tracked games; five on five,2022–23,20222023,276,8483808,Andrei Kuzmenko,L,-0.55,2,301.03,303.67,24,0.3,-0.26,-0.04,-0.22,0.01,FALSE,,0,FALSE,-0.72,25.53,-1.11,0.21,0.18,,71,200,11,27,27,8,18,1,35,28,12,8,31,55,8,3,7,11,9,28,14,18,4,3,41,70,48,3,1,6,14,5,0,1,2,49,49,8,37,0,3,1.2,2.79,1,0,0.2,0.4,0.16,0.08,23.35,0,2.19,5.38,6.18,0.2,0.67,,1315.58
A3Z physicality,Forwards,Forwards,A3Z tracked games; five on five,2022–23,20222023,277,8477492,Nathan MacKinnon,C,-0.28,2,402.15,407.02,24,0.34,-0.23,-0.01,-0.22,0.01,FALSE,,0,FALSE,-0.73,25.27,-0.32,-0.5,0.09,,72,200,17,33,40,31,42,6,50,42,21,5,62,89,8,4,8,18,14,42,22,41,3,13,102,163,128,5,4,15,26,13,0,4,4,108,108,6,85,4,2,2.24,3.88,1.94,0,0.6,0.6,0.06,0.02,29.76,0.05,2.54,4.92,9.25,0.9,0.24,,1584.53
A3Z physicality,Forwards,Forwards,A3Z tracked games; five on five,2022–23,20222023,278,8482660,Kent Johnson,C,-1.39,1,222.15,226.28,20,0.25,-0.4,-0.18,-0.22,-0.06,FALSE,,0,FALSE,-0.73,25,-0.89,-0.25,0.42,,72,170,5,14,12,7,12,7,29,21,2,2,25,56,9,3,8,8,6,18,19,11,1,4,24,43,25,1,2,4,21,8,0,1,0,32,32,3,26,4,2,1.08,5.67,2.16,0,0.27,0,0.09,0.08,23.78,0.15,1.35,3.78,6.75,1.89,1,,1146.8
A3Z physicality,Forwards,Forwards,A3Z tracked games; five on five,2022–23,20222023,279,8475744,Evgeny Kuznetsov,C,0.51,1,308.02,308.47,24,0.3,-0.22,0,-0.22,-0.06,FALSE,,0,FALSE,-0.73,24.73,-0.05,-0.5,-0.19,,74,207,11,16,15,4,32,6,33,30,10,2,52,75,9,6,3,10,13,32,9,12,2,6,57,78,38,1,2,10,7,6,0,6,3,34,34,2,25,0,4,1.95,1.36,1.17,0,1.17,0.58,0.06,0.16,31.54,0,2.14,3.12,10.13,1.17,0.2,,1462.83
A3Z physicality,Forwards,Forwards,A3Z tracked games; five on five,2022–23,20222023,280,8474613,Derek Stepan,C,-0.7,4,206.35,210,26,0.36,-0.24,-0.02,-0.22,0.02,FALSE,,0,FALSE,-0.74,24.47,-0.7,-0.17,0.14,,71,196,11,30,19,3,10,0,23,13,4,3,22,34,3,2,10,3,5,24,11,22,0,4,31,40,43,4,0,10,17,6,0,0,2,42,42,1,33,2,1,2.91,4.94,1.74,0,0,0.58,0.02,0.03,31.61,0.06,3.2,8.72,6.4,0,0.75,,662.88
A3Z physicality,Forwards,Forwards,A3Z tracked games; five on five,2022–23,20222023,281,8477494,Jonathan Drouin,L,-0.95,2,186.17,188.5,16,0.28,-0.31,-0.08,-0.22,0.01,FALSE,,0,FALSE,-0.74,24.2,-0.45,-0.6,0.32,locatedAttempts; typedShotsOnNet,71,189,6,16,11,9,8,1,19,15,8,1,20,36,7,3,4,3,4,15,11,10,1,1,35,51,20,0,0,9,5,12,0,0,3,19,19,1,14,0,1,2.9,1.61,3.87,0,0,0.97,0.05,0.07,24.35,0,1.93,5.16,6.45,0.32,0.12,,864.67
A3Z physicality,Forwards,Forwards,A3Z tracked games; five on five,2022–23,20222023,282,8477956,David Pastrnak,R,-0.32,2,354.07,360.65,25,0.3,-0.24,-0.02,-0.23,0.01,FALSE,,0,FALSE,-0.74,23.93,-0.68,-0.16,0.1,,72,199,18,39,22,18,20,5,46,38,3,0,38,78,10,9,8,13,9,30,28,30,0,5,55,85,113,3,0,28,37,3,0,1,4,91,91,4,69,6,4,4.74,6.27,0.51,0,0.17,0.68,0.04,0.06,35.13,0.09,3.05,6.61,6.44,0.85,0,,1604.28
A3Z physicality,Forwards,Forwards,A3Z tracked games; five on five,2022–23,20222023,283,8477919,Freddy Gaudreau,C,-0.87,4,325.8,331.27,27,0.33,-0.25,-0.03,-0.23,0.02,FALSE,,0,FALSE,-0.74,23.66,-0.69,-0.22,0.17,,72,184,14,31,31,15,21,5,36,29,15,7,44,74,12,8,7,15,10,34,14,32,2,4,41,69,50,2,3,8,23,12,0,2,4,44,44,3,34,3,2,1.47,4.24,2.21,0,0.37,0.74,0.07,0.06,29.34,0.09,2.58,5.71,8.1,0.92,0.47,,1315.52
A3Z physicality,Forwards,Forwards,A3Z tracked games; five on five,2022–23,20222023,284,8477429,Andrew Copp,C,-0.01,1,272.87,276.67,21,0.26,-0.28,-0.05,-0.23,-0.06,FALSE,,0,FALSE,-0.74,23.4,-0.34,-0.39,-0.02,typedShotsOnNet,73,200,9,26,24,7,23,2,28,25,12,5,33,62,7,3,3,3,13,17,15,11,4,3,37,65,23,3,2,9,15,8,0,3,2,27,27,3,19,0,3,1.98,3.3,1.76,0,0.66,0.44,0.11,0.16,21.19,0,1.98,5.72,7.26,0.44,0.42,,1488.72
A3Z physicality,Forwards,Forwards,A3Z tracked games; five on five,2022–23,20222023,285,8478463,Anthony Beauvillier,R,-1.25,4,254.82,258.72,20,0.24,-0.28,-0.05,-0.23,0.02,FALSE,,0,FALSE,-0.75,23.13,-0.56,-0.43,0.24,,71,181,6,30,18,10,14,1,26,14,5,3,30,46,6,3,12,4,7,28,9,12,2,1,25,45,36,5,0,16,24,7,0,0,2,37,37,3,31,6,1,3.77,5.65,1.65,0,0,0.47,0.08,0.03,23.54,0.19,1.41,7.06,7.06,0.24,0.6,,1333.87
A3Z physicality,Forwards,Forwards,A3Z tracked games; five on five,2022–23,20222023,286,8477409,Carter Verhaeghe,C,-0.37,3,345.13,352.33,25,0.31,-0.3,-0.07,-0.24,-0.03,FALSE,,0,FALSE,-0.77,22.86,-0.85,-0.05,0.13,,74,183,28,55,43,11,37,1,52,37,6,5,57,85,10,5,15,9,16,45,24,34,10,2,73,105,90,6,3,12,33,8,0,3,4,77,77,3,59,6,2,2.09,5.74,1.39,0,0.52,0.7,0.04,0.03,26.57,0.1,4.87,9.56,9.91,0.17,0.83,,1417.67
A3Z physicality,Forwards,Forwards,A3Z tracked games; five on five,2022–23,20222023,287,8478413,Jordan Greenway,L,2.47,2,190.45,192.2,16,0.26,0.03,0.27,-0.24,0.01,FALSE,,0,FALSE,-0.78,22.59,-0.05,0.12,-0.85,,78,231,13,24,16,6,9,1,28,15,4,3,17,36,1,1,13,5,4,18,22,11,2,4,22,31,36,4,2,24,20,9,0,0,1,33,33,2,24,2,2,7.56,6.3,2.84,0,0,0.32,0.06,0.08,31.78,0.08,4.1,7.56,5.36,0.32,0.75,,837.3
A3Z physicality,Forwards,Forwards,A3Z tracked games; five on five,2022–23,20222023,288,8471215,Evgeni Malkin,C,1.54,2,349.18,349.07,25,0.3,-0.07,0.18,-0.24,0.01,FALSE,,0,FALSE,-0.79,22.33,-0.3,0.04,-0.53,,77,213,19,41,48,25,35,5,45,38,10,5,64,96,13,12,7,11,18,43,16,36,9,1,85,128,66,4,2,11,23,8,0,5,3,61,61,8,50,7,4,1.89,3.95,1.37,0,0.86,0.52,0.13,0.08,20.02,0.14,3.26,7.05,11,0.86,0.5,,1523.6
A3Z physicality,Forwards,Forwards,A3Z tracked games; five on five,2022–23,20222023,289,8476453,Nikita Kucherov,R,-1.28,4,380.4,382.65,25,0.3,-0.3,-0.05,-0.25,0.02,FALSE,,0,FALSE,-0.8,22.06,-0.66,-0.39,0.25,,72,173,10,38,43,42,34,5,64,60,7,3,49,99,8,5,4,10,22,34,39,33,2,3,105,168,85,3,3,19,24,10,0,0,5,69,69,6,46,6,3,3,3.79,1.58,0,0,0.79,0.09,0.07,28.07,0.13,1.58,5.99,7.73,0.79,0.43,,1650.85
A3Z physicality,Forwards,Forwards,A3Z tracked games; five on five,2022–23,20222023,290,8475158,Ryan O'Reilly,C,0.25,3,280.85,283.73,20,0.38,-0.25,-0,-0.25,-0.03,FALSE,,0,FALSE,-0.81,21.79,-0.68,-0.05,-0.08,,73,207,12,34,29,12,25,4,33,28,14,5,38,58,4,4,5,3,15,27,14,22,5,4,46,75,47,5,4,8,12,10,0,2,2,49,49,6,39,3,6,1.71,2.56,2.14,0,0.43,0.43,0.12,0.15,20,0.08,2.56,7.26,8.12,0.85,0.36,,950.77
A3Z physicality,Forwards,Forwards,A3Z tracked games; five on five,2022–23,20222023,291,8477955,Jared McCann,L,-0.34,4,326.15,327.08,28,0.35,-0.25,0,-0.25,0.02,FALSE,,0,FALSE,-0.82,21.52,-0.5,-0.4,0.08,,73,191,11,29,27,8,27,5,54,36,14,6,57,102,10,9,18,11,13,43,33,26,1,4,40,68,60,2,2,17,24,5,0,1,4,54,54,3,40,3,3,3.13,4.42,0.92,0,0.18,0.74,0.06,0.07,31.04,0.07,2.02,5.33,10.49,0.92,0.43,,1290.8
A3Z physicality,Forwards,Forwards,A3Z tracked games; five on five,2022–23,20222023,292,8481068,Yegor Sharangovich,C,0.11,1,333.8,341.05,28,0.37,-0.29,-0.04,-0.25,-0.06,FALSE,,0,FALSE,-0.83,20.99,-0.51,-0.26,-0.06,,74,196,14,51,19,8,23,3,37,25,5,2,41,74,16,2,12,5,11,27,25,31,2,2,30,55,61,6,2,6,25,13,0,4,0,66,66,3,47,7,5,1.08,4.49,2.34,0,0.72,0,0.05,0.11,26.38,0.15,2.52,9.17,7.37,0.54,0.4,,1081.37
A3Z physicality,Forwards,Forwards,A3Z tracked games; five on five,2022–23,20222023,293,8478519,Anthony Cirelli,C,-0.27,5,209.67,211.53,16,0.28,-0.24,0.01,-0.25,0.05,FALSE,,0,FALSE,-0.83,20.72,-1.28,0.31,0.14,,73,193,9,29,23,13,17,4,27,22,9,3,27,48,2,6,5,8,10,17,15,19,3,1,34,54,44,6,6,7,17,13,0,0,4,41,41,6,27,4,6,2,4.86,3.72,0,0,1.14,0.15,0.22,15.13,0.15,2.58,8.3,7.73,1.14,0.33,,960.53
A3Z physicality,Forwards,Forwards,A3Z tracked games; five on five,2022–23,20222023,294,8477493,Aleksander Barkov,C,1.04,1,252.7,252.62,19,0.28,-0.21,0.05,-0.26,-0.06,FALSE,,0,FALSE,-0.86,20.45,-0.53,0.02,-0.35,,75,214,9,31,22,11,33,5,55,43,9,3,52,74,4,4,12,14,17,44,20,19,4,4,50,77,43,4,2,14,18,10,0,0,1,42,42,6,30,2,4,3.32,4.27,2.37,0,0,0.24,0.14,0.13,22.4,0.07,2.14,7.36,12.35,1.19,0.33,,1443.25
A3Z physicality,Forwards,Forwards,A3Z tracked games; five on five,2022–23,20222023,295,8478115,Pierre Engvall,L,1.62,5,338.67,344.28,30,0.39,-0.06,0.2,-0.26,0.05,FALSE,,0,FALSE,-0.87,20.19,-0.68,0.32,-0.5,,78,208,29,48,38,16,33,3,55,47,11,5,53,100,12,10,8,23,12,38,24,19,3,3,62,87,68,5,7,20,40,3,0,2,3,60,60,5,48,4,5,3.54,7.09,0.53,0,0.35,0.53,0.08,0.1,24.21,0.08,5.14,8.5,9.39,0.53,0.45,,1036.4
A3Z physicality,Forwards,Forwards,A3Z tracked games; five on five,2022–23,20222023,296,8478067,Oskar Lindblom,L,-0.34,5,214.7,219.2,23,0.32,-0.26,0,-0.27,0.05,FALSE,,0,FALSE,-0.87,19.92,-0.17,-0.86,0.16,,73,191,10,27,14,4,6,0,28,16,7,4,23,45,10,2,12,7,3,27,15,19,1,1,17,29,34,2,7,12,12,9,0,1,1,28,28,0,21,0,5,3.35,3.35,2.52,0,0.28,0.28,0,0.24,22.43,0,2.79,7.55,6.43,0,0.57,,771.9
A3Z physicality,Forwards,Forwards,A3Z tracked games; five on five,2022–23,20222023,297,8478498,Jake DeBrusk,L,-0.09,1,221.47,222.2,19,0.3,-0.32,-0.06,-0.27,-0.06,FALSE,,0,FALSE,-0.88,19.65,0.17,-1.05,0,,73,198,3,23,16,8,15,1,28,23,6,1,27,43,3,2,5,10,6,22,12,14,0,0,28,42,36,2,2,22,25,8,0,1,1,46,46,3,35,3,2,5.96,6.77,2.17,0,0.27,0.27,0.07,0.06,23.18,0.09,0.81,6.23,7.31,0.27,0.17,,1073.7
A3Z physicality,Forwards,Forwards,A3Z tracked games; five on five,2022–23,20222023,298,8477949,Alex Tuch,R,1.49,2,234.58,237.52,18,0.24,-0.1,0.17,-0.27,0.01,FALSE,,0,FALSE,-0.88,19.39,0.21,-0.58,-0.51,,76,219,12,35,21,6,20,3,40,32,9,5,31,62,5,4,8,8,11,24,23,16,6,6,44,66,44,2,1,13,11,6,0,2,1,44,44,2,30,2,2,3.33,2.81,1.53,0,0.51,0.26,0.05,0.07,26.76,0.07,3.07,8.95,7.93,0.77,0.56,,1417.4
A3Z physicality,Forwards,Forwards,A3Z tracked games; five on five,2022–23,20222023,299,8476882,Teuvo Teravainen,C,-0.88,3,299.22,304.62,25,0.37,-0.39,-0.12,-0.28,-0.03,FALSE,,0,FALSE,-0.91,19.12,-0.88,-0.33,0.3,,71,191,10,51,39,14,23,3,54,35,11,3,47,80,4,10,19,7,15,42,29,24,2,5,59,82,40,1,4,7,6,7,0,1,0,45,45,1,31,3,6,1.4,1.2,1.4,0,0.2,0,0.02,0.19,28.46,0.1,2.01,10.23,9.42,0.6,0.27,,1149.8
A3Z physicality,Forwards,Forwards,A3Z tracked games; five on five,2022–23,20222023,300,8477511,Anthony Mantha,R,2.53,5,290.87,295.32,23,0.34,0.02,0.3,-0.28,0.05,FALSE,,0,FALSE,-0.92,18.85,-0.54,0.42,-0.81,,77,240,14,20,20,9,19,1,38,28,10,1,40,76,10,8,10,5,8,24,27,23,5,2,41,66,50,2,4,19,18,5,0,0,0,51,51,10,36,2,4,3.92,3.71,1.03,0,0,0,0.2,0.11,22.09,0.06,2.89,4.13,8.25,0.21,0.1,,952.63
A3Z physicality,Forwards,Forwards,A3Z tracked games; five on five,2022–23,20222023,301,8477934,Leon Draisaitl,C,0.59,3,474.88,482.53,31,0.39,-0.25,0.03,-0.28,-0.03,FALSE,,0,FALSE,-0.93,18.58,-0.87,0.13,-0.2,,74,209,17,32,58,27,59,8,74,66,8,1,94,155,20,9,8,18,25,55,34,26,6,11,106,167,76,1,3,16,51,9,0,6,7,71,71,5,48,9,3,2.02,6.44,1.14,0,0.76,0.88,0.07,0.06,24,0.19,2.15,4.04,11.88,1.01,0.12,,1738.72
A3Z physicality,Forwards,Forwards,A3Z tracked games; five on five,2022–23,20222023,302,8477989,Christian Dvorak,C,-0.38,1,236.1,239.62,20,0.31,-0.37,-0.09,-0.29,-0.06,FALSE,,0,FALSE,-0.94,18.32,-1.29,0.25,0.1,,73,190,8,17,10,3,14,4,27,20,11,2,32,52,6,6,7,4,8,20,13,9,2,5,30,42,23,2,1,3,15,13,0,1,3,27,27,4,22,4,1,0.76,3.81,3.3,0,0.25,0.76,0.15,0.05,25.5,0.18,2.03,4.32,8.13,1.02,0.18,,1079.08
A3Z physicality,Forwards,Forwards,A3Z tracked games; five on five,2022–23,20222023,303,8480008,Adam Ruzicka,C,1.34,3,162.27,164.43,16,0.36,-0.18,0.11,-0.29,-0.03,FALSE,,0,FALSE,-0.96,18.05,-0.21,-0.3,-0.45,,76,215,9,26,13,0,13,2,23,15,4,2,26,45,3,4,8,3,4,17,11,11,0,0,21,25,27,0,0,11,19,3,0,2,2,27,27,0,21,2,1,4.07,7.03,1.11,0,0.74,0.74,0,0.05,34.13,0.1,3.33,9.61,9.61,0.74,0.5,,509.33
A3Z physicality,Forwards,Forwards,A3Z tracked games; five on five,2022–23,20222023,304,8481656,Aliaksei Protas,L,3.17,1,163.65,167.13,16,0.28,-0.04,0.25,-0.29,-0.06,TRUE,weight,0,FALSE,-0.96,17.78,0.54,-0.47,-1.02,,78,250,6,20,13,5,19,4,22,16,6,1,33,50,5,5,6,3,8,19,11,10,3,1,18,31,29,3,4,13,11,3,0,3,1,37,37,1,28,3,4,4.77,4.03,1.1,0,1.1,0.37,0.03,0.14,27.78,0.11,2.2,7.33,12.1,1.47,0.17,,668
A3Z physicality,Forwards,Forwards,A3Z tracked games; five on five,2022–23,20222023,305,8470621,Corey Perry,R,0.89,3,229.2,231.28,25,0.31,-0.23,0.06,-0.29,-0.03,FALSE,,0,FALSE,-0.96,17.51,-0.85,0.19,-0.3,,75,210,14,27,28,10,17,3,34,23,3,1,33,65,4,7,11,4,10,24,21,19,3,3,32,51,37,2,1,13,22,9,1,0,3,38,38,7,26,1,3,3.4,5.76,2.36,0.26,0,0.79,0.18,0.12,22.49,0.04,3.66,7.07,8.64,0.79,0.33,,936.55
A3Z physicality,Forwards,Forwards,A3Z tracked games; five on five,2022–23,20222023,306,8479987,Morgan Geekie,C,0.96,5,226.75,230.22,25,0.36,-0.16,0.14,-0.3,0.05,FALSE,,0,FALSE,-0.97,17.25,-0.47,-0.22,-0.28,,75,212,9,32,4,3,23,4,33,21,6,1,39,59,6,2,12,7,9,29,16,12,1,1,24,40,35,3,7,19,20,12,0,0,2,34,34,3,24,0,9,5.03,5.29,3.18,0,0,0.53,0.09,0.38,23.4,0,2.38,8.47,10.32,1.06,0.17,,721.4
A3Z physicality,Forwards,Forwards,A3Z tracked games; five on five,2022–23,20222023,307,8478550,Artemi Panarin,L,-1.17,1,423.03,425.13,28,0.34,-0.46,-0.16,-0.3,-0.06,FALSE,,0,FALSE,-0.98,16.98,-0.85,-0.47,0.35,,72,176,24,35,55,33,38,4,67,52,17,5,64,131,24,5,15,22,10,44,43,24,5,10,112,165,78,4,4,7,14,4,0,2,1,63,63,1,45,4,2,0.99,1.99,0.57,0,0.28,0.14,0.02,0.04,22.47,0.09,3.4,4.96,9.08,0.57,0.29,,1607.83
A3Z physicality,Forwards,Forwards,A3Z tracked games; five on five,2022–23,20222023,308,8480113,Alex Iafallo,L,-0.24,3,221.57,223.37,18,0.31,-0.35,-0.05,-0.3,-0.03,FALSE,,0,FALSE,-0.98,16.71,-0.78,-0.29,0.08,,72,201,7,34,15,5,15,2,33,21,7,2,29,55,3,6,12,8,9,26,20,15,3,0,26,37,39,3,5,8,13,5,0,1,1,37,37,4,27,1,4,2.17,3.52,1.35,0,0.27,0.27,0.11,0.15,29,0.04,1.9,9.21,7.85,0.54,0.29,,961.7
A3Z physicality,Forwards,Forwards,A3Z tracked games; five on five,2022–23,20222023,309,8473548,Phil Kessel,R,-0.25,4,305.43,309.32,28,0.34,-0.3,0.01,-0.3,0.02,FALSE,,0,FALSE,-1,16.44,-0.73,-0.32,0.06,,71,208,8,21,25,12,21,2,37,28,7,1,29,66,10,3,9,14,9,23,22,17,4,3,42,64,54,4,6,4,18,6,0,2,1,59,59,9,37,3,3,0.79,3.54,1.18,0,0.39,0.2,0.15,0.08,23.09,0.08,1.57,4.13,5.7,0.39,0.14,,1050.32
A3Z physicality,Forwards,Forwards,A3Z tracked games; five on five,2022–23,20222023,310,8477392,Hudson Fasching,R,1.04,3,172.4,175.35,14,0.29,-0.23,0.08,-0.31,-0.03,FALSE,,0,FALSE,-1,16.18,-0.21,-0.45,-0.35,,75,214,6,19,13,7,6,1,13,9,9,1,9,25,5,1,4,4,2,5,12,10,3,0,18,29,26,4,3,16,12,9,0,0,3,26,26,4,22,1,3,5.57,4.18,3.13,0,0,1.04,0.15,0.14,13.7,0.05,2.09,6.61,3.13,0.35,0.11,,611.65
A3Z physicality,Forwards,Forwards,A3Z tracked games; five on five,2022–23,20222023,311,8477444,Andre Burakovsky,L,0.63,5,302.02,302.63,22,0.45,-0.21,0.1,-0.31,0.05,FALSE,,0,FALSE,-1.03,15.91,-0.78,-0.09,-0.17,,75,203,18,28,38,18,30,3,51,42,7,3,49,84,10,4,9,16,13,37,25,18,0,1,47,78,60,0,3,10,35,5,0,4,2,48,48,1,36,3,2,1.99,6.95,0.99,0,0.79,0.4,0.02,0.06,37.42,0.08,3.58,5.56,9.73,0.6,0.43,,811.13
A3Z physicality,Forwards,Forwards,A3Z tracked games; five on five,2022–23,20222023,312,8479365,Trent Frederic,C,1.3,1,245.7,248.78,23,0.29,-0.24,0.08,-0.31,-0.06,FALSE,,0,FALSE,-1.03,15.64,0.17,-0.77,-0.43,,75,221,5,34,17,10,14,0,25,22,9,3,27,46,9,5,3,11,4,18,16,12,3,1,23,40,46,5,2,27,35,10,1,1,1,45,45,4,35,2,3,6.59,8.55,2.44,0.24,0.24,0.24,0.09,0.09,31.02,0.06,1.22,8.3,6.59,0,0.33,,941.5
A3Z physicality,Forwards,Forwards,A3Z tracked games; five on five,2022–23,20222023,313,8481528,Dylan Cozens,C,0.71,3,270.38,272.87,23,0.28,-0.27,0.04,-0.32,-0.03,FALSE,,0,FALSE,-1.04,15.37,-0.21,-0.6,-0.24,,75,205,5,43,16,6,28,4,45,42,8,4,52,92,17,7,3,21,12,32,23,19,3,3,37,65,60,5,2,18,23,9,0,2,4,63,63,8,45,4,3,3.99,5.1,2,0,0.44,0.89,0.13,0.07,23,0.09,1.11,9.54,11.54,0.89,0.5,,1336.25
A3Z physicality,Forwards,Forwards,A3Z tracked games; five on five,2022–23,20222023,314,8479339,Patrik Laine,L,1.08,1,208.98,211.25,15,0.27,-0.27,0.06,-0.32,-0.06,FALSE,,0,FALSE,-1.05,15.11,0.11,-0.8,-0.37,,76,208,9,11,22,4,24,5,28,25,6,1,39,67,18,3,3,10,9,28,10,22,1,1,36,52,49,1,1,12,7,4,0,3,3,41,41,0,27,3,0,3.45,2.01,1.15,0,0.86,0.86,0,0,35.78,0.11,2.58,3.16,11.2,1.44,0.17,,1051.65
A3Z physicality,Forwards,Forwards,A3Z tracked games; five on five,2022–23,20222023,315,8479999,Casey Mittelstadt,C,0.17,4,289.57,293.3,23,0.28,-0.3,0.03,-0.33,0.02,FALSE,,0,FALSE,-1.07,14.84,-0.58,-0.47,-0.01,,73,205,6,38,28,12,29,7,40,33,7,1,47,84,15,6,7,17,11,33,19,11,8,5,57,81,37,2,1,14,25,2,0,1,3,31,31,3,25,2,1,2.9,5.18,0.41,0,0.21,0.62,0.1,0.04,28.3,0.08,1.24,7.87,9.74,1.45,0.14,,1289.72
A3Z physicality,Forwards,Forwards,A3Z tracked games; five on five,2022–23,20222023,316,8480018,Nick Suzuki,C,-0.29,5,332,337.67,22,0.27,-0.32,0.01,-0.33,0.05,FALSE,,0,FALSE,-1.07,14.57,-1.17,-0.05,0.15,,71,207,11,31,33,12,40,7,37,31,14,5,64,92,13,6,6,14,11,34,15,13,3,9,66,101,36,2,0,12,23,9,0,0,6,38,38,3,27,4,2,2.17,4.16,1.63,0,0,1.08,0.08,0.07,28.28,0.15,1.99,5.6,11.57,1.27,0.36,,1729.83
A3Z physicality,Forwards,Forwards,A3Z tracked games; five on five,2022–23,20222023,317,8471685,Anze Kopitar,C,1.44,1,351.98,354.37,26,0.32,-0.24,0.09,-0.33,-0.06,FALSE,,0,FALSE,-1.07,14.3,-0.44,-0.15,-0.48,,75,225,15,37,38,18,31,5,34,25,29,8,55,88,17,5,9,5,9,31,21,18,5,1,69,114,48,5,5,17,25,27,0,1,2,48,48,3,37,4,4,2.9,4.26,4.6,0,0.17,0.34,0.06,0.11,27.32,0.11,2.56,6.31,9.38,0.85,0.28,,1664.78
A3Z physicality,Forwards,Forwards,A3Z tracked games; five on five,2022–23,20222023,318,8476346,Johnny Gaudreau,L,-2.45,4,309.92,312.85,21,0.26,-0.44,-0.11,-0.33,0.02,TRUE,weight; hitsReceivedPer60,0,FALSE,-1.08,14.04,-0.72,-0.81,0.46,,69,163,8,24,22,15,22,1,40,37,9,6,34,71,12,2,3,12,9,21,21,16,7,5,65,101,55,3,1,2,5,4,0,3,3,54,54,1,38,4,0,0.39,0.97,0.77,0,0.58,0.58,0.02,0,23.54,0.11,1.55,4.65,6.58,0.19,0.67,,1553.45
A3Z physicality,Forwards,Forwards,A3Z tracked games; five on five,2022–23,20222023,319,8475726,Tyler Toffoli,C,-0.1,2,326.1,331.03,29,0.35,-0.32,0.01,-0.33,0.01,FALSE,,0,FALSE,-1.08,13.77,-0.46,-0.65,0.03,,72,205,18,35,24,9,20,1,54,43,4,2,35,83,8,3,11,6,14,38,30,47,3,0,45,67,85,4,2,28,15,5,0,0,6,74,74,2,51,4,1,5.15,2.76,0.92,0,0,1.1,0.03,0.02,31.71,0.08,3.31,6.44,6.44,0.18,0.5,,1362.1
A3Z physicality,Forwards,Forwards,A3Z tracked games; five on five,2022–23,20222023,320,8476438,Brandon Saad,L,0.25,3,267.92,271.68,20,0.28,-0.33,-0,-0.33,-0.03,FALSE,,0,FALSE,-1.09,13.5,-0.68,-0.33,-0.08,,73,207,10,39,19,11,21,3,41,35,5,3,33,61,8,4,6,15,8,22,22,10,3,0,31,46,31,1,3,8,6,9,0,1,1,36,36,1,22,3,2,1.79,1.34,2.02,0,0.22,0.22,0.03,0.09,25.04,0.14,2.24,8.73,7.39,0.67,0.6,,1182.5
A3Z physicality,Forwards,Forwards,A3Z tracked games; five on five,2022–23,20222023,321,8476878,Zemgus Girgensons,C,0.41,2,239.88,247.08,23,0.29,-0.28,0.06,-0.33,0.01,FALSE,,0,FALSE,-1.1,13.24,0.14,-1.1,-0.15,,75,197,14,30,12,4,18,1,28,22,8,4,28,49,3,3,6,8,8,21,14,18,1,0,24,34,38,3,1,31,32,8,0,1,1,41,41,0,26,3,1,7.75,8,2,0,0.25,0.25,0,0.04,24.6,0.12,3.5,7.5,7,0.25,0.5,,1038.15
A3Z physicality,Forwards,Forwards,A3Z tracked games; five on five,2022–23,20222023,322,8475149,Marcus Johansson,L,0.1,4,298.47,302.5,25,0.31,-0.31,0.02,-0.34,0.02,FALSE,,0,FALSE,-1.11,12.97,-0.69,-0.41,-0,,73,203,9,28,20,13,21,2,27,21,17,5,42,63,10,4,6,3,11,25,13,14,3,1,45,71,46,2,2,8,35,10,0,1,0,42,42,3,32,1,3,1.61,7.04,2.01,0,0.2,0,0.07,0.09,31.33,0.03,1.81,5.63,8.44,0.4,0.29,,1319.2
A3Z physicality,Forwards,Forwards,A3Z tracked games; five on five,2022–23,20222023,323,8481533,Trevor Zegras,C,-0.83,2,346.97,351.33,23,0.28,-0.41,-0.07,-0.34,0.01,FALSE,,0,FALSE,-1.11,12.7,-0.51,-0.88,0.28,,72,185,7,26,22,13,19,6,33,26,6,1,38,74,12,8,7,12,7,21,20,19,5,5,53,77,56,3,2,13,25,4,0,4,4,53,53,1,39,2,4,2.25,4.32,0.69,0,0.69,0.69,0.02,0.1,23.09,0.05,1.21,4.5,6.57,1.04,0.17,,1525
A3Z physicality,Forwards,Forwards,A3Z tracked games; five on five,2022–23,20222023,324,8478420,Mikko Rantanen,R,1.82,1,441.7,446.18,28,0.34,-0.21,0.13,-0.34,-0.06,FALSE,,0,FALSE,-1.12,12.43,-0.61,0.1,-0.6,,76,228,19,43,42,15,35,2,67,54,14,6,58,95,11,4,13,27,12,53,31,34,7,6,84,135,108,3,8,27,39,15,0,1,9,89,89,9,70,6,9,3.67,5.3,2.04,0,0.14,1.22,0.1,0.13,31.14,0.09,2.58,5.84,7.88,0.27,0.43,,1822.38
A3Z physicality,Forwards,Forwards,A3Z tracked games; five on five,2022–23,20222023,325,8482124,Quinton Byfield,R,2.16,5,220.55,220.42,19,0.36,-0.08,0.26,-0.34,0.05,FALSE,,0,FALSE,-1.12,12.17,-0.55,0.11,-0.68,typedShotsOnNet,77,230,12,25,22,10,22,1,44,31,9,5,39,76,9,4,13,16,3,23,40,11,3,2,31,50,26,0,2,15,25,5,0,1,2,26,26,4,16,0,2,4.08,6.8,1.36,0,0.27,0.54,0.15,0.12,26.7,0,3.26,6.8,10.61,0.27,0.56,,745.38
A3Z physicality,Forwards,Forwards,A3Z tracked games; five on five,2022–23,20222023,326,8478042,Viktor Arvidsson,L,-1.52,4,315.42,322.38,24,0.31,-0.42,-0.06,-0.36,0.02,FALSE,,0,FALSE,-1.17,11.9,-1.24,-0.22,0.29,,70,181,15,30,31,11,24,0,57,35,14,4,41,85,10,1,22,12,11,40,41,27,4,3,53,94,85,4,2,7,50,14,0,1,4,77,77,4,59,3,4,1.33,9.51,2.66,0,0.19,0.76,0.05,0.07,30.36,0.05,2.85,5.71,7.8,0,0.29,,1316.4
A3Z physicality,Forwards,Forwards,A3Z tracked games; five on five,2022–23,20222023,327,8477501,Valeri Nichushkin,R,1.16,2,209.45,212.35,16,0.3,-0.22,0.14,-0.36,0.01,FALSE,,0,FALSE,-1.17,11.63,-0.43,-0.34,-0.4,,76,210,11,28,19,11,22,0,36,29,8,0,31,48,4,0,7,11,8,29,15,13,0,2,26,48,50,1,3,19,16,5,0,0,2,44,44,1,36,2,3,5.44,4.58,1.43,0,0,0.57,0.02,0.08,33.8,0.06,3.15,8.02,8.88,0,0,,1074.37
A3Z physicality,Forwards,Forwards,A3Z tracked games; five on five,2022–23,20222023,328,8474141,Patrick Kane,R,-1.7,5,425.78,430.02,29,0.4,-0.49,-0.14,-0.36,0.05,FALSE,,0,FALSE,-1.17,11.36,-1.23,-0.57,0.62,,70,176,4,18,23,14,36,5,51,41,6,3,63,112,16,11,10,9,18,34,28,17,5,5,61,92,71,2,3,5,12,8,0,1,3,66,66,4,52,8,2,0.7,1.69,1.13,0,0.14,0.42,0.06,0.04,29.76,0.15,0.56,2.54,8.88,0.7,0.5,,1409.53
A3Z physicality,Forwards,Forwards,A3Z tracked games; five on five,2022–23,20222023,329,8473604,Jonathan Toews,C,0.29,4,240.92,242.95,20,0.38,-0.33,0.04,-0.37,0.02,TRUE,hitsPer60,0,FALSE,-1.21,11.1,-0.82,-0.35,-0.04,typedShotsOnNet,74,201,6,19,21,14,13,1,22,19,2,2,32,53,6,9,3,4,6,15,12,9,1,2,28,50,21,2,1,1,10,7,0,3,2,23,23,3,19,1,2,0.25,2.49,1.74,0,0.75,0.5,0.13,0.11,34.37,0.05,1.49,4.73,7.97,0.25,1,,938.67
A3Z physicality,Forwards,Forwards,A3Z tracked games; five on five,2022–23,20222023,330,8477933,Sam Reinhart,C,-0.16,2,339.58,338.83,25,0.3,-0.38,0,-0.38,0.01,FALSE,,0,FALSE,-1.26,10.83,-1.42,0.11,0.05,,73,196,21,43,36,17,25,4,53,38,13,5,49,98,8,11,15,14,9,31,35,23,7,6,61,94,54,2,5,13,54,10,0,1,3,61,61,4,41,2,6,2.3,9.54,1.77,0,0.18,0.53,0.07,0.15,24.7,0.05,3.71,7.6,8.66,0.71,0.38,,1622.05
A3Z physicality,Forwards,Forwards,A3Z tracked games; five on five,2022–23,20222023,331,8480027,Jason Robertson,L,0.67,5,387.25,391.17,27,0.33,-0.28,0.11,-0.38,0.05,FALSE,,0,FALSE,-1.26,10.56,-0.97,-0.11,-0.18,,75,204,20,49,45,19,23,2,54,37,8,4,46,87,11,5,17,15,7,42,33,44,4,2,84,122,91,9,3,10,26,6,0,2,1,82,82,6,59,4,4,1.55,4.03,0.93,0,0.31,0.15,0.07,0.07,29.77,0.07,3.1,7.59,7.13,0.31,0.5,,1544.78
A3Z physicality,Forwards,Forwards,A3Z tracked games; five on five,2022–23,20222023,332,8479407,Jesper Bratt,L,-1.74,3,406.9,413.22,31,0.38,-0.6,-0.2,-0.39,-0.03,FALSE,,0,FALSE,-1.29,10.29,-2.01,0.14,0.59,,70,175,25,48,44,22,30,6,63,46,12,4,58,109,14,6,17,16,11,35,42,28,8,13,87,140,95,3,3,6,22,5,0,0,3,94,94,11,67,8,0,0.88,3.24,0.74,0,0,0.44,0.12,0,26.4,0.12,3.69,7.08,8.55,0.88,0.33,,1424.13
A3Z physicality,Forwards,Forwards,A3Z tracked games; five on five,2022–23,20222023,333,8475168,Matt Duchene,C,-0.14,5,338.88,344.35,24,0.34,-0.38,0.02,-0.4,0.05,FALSE,,0,FALSE,-1.31,10.03,-1.04,-0.37,0.1,,71,211,10,22,30,20,21,3,37,30,14,2,36,71,7,5,7,7,10,25,20,15,2,3,58,96,59,5,1,8,26,12,0,2,3,56,56,4,38,5,1,1.42,4.6,2.12,0,0.35,0.53,0.07,0.03,23.67,0.13,1.77,3.9,6.37,0.53,0.14,,1300.72
A3Z physicality,Forwards,Forwards,A3Z tracked games; five on five,2022–23,20222023,334,8477939,William Nylander,R,-0.28,2,399.8,407.93,30,0.37,-0.41,-0.01,-0.4,0.01,FALSE,,0,FALSE,-1.32,9.76,-1.47,0.05,0.09,,72,200,21,46,41,33,29,1,67,53,9,4,49,94,9,2,14,21,13,42,35,33,9,7,99,137,120,7,4,7,34,9,0,2,5,101,101,9,78,14,8,1.05,5.1,1.35,0,0.3,0.75,0.09,0.1,23.85,0.18,3.15,6.9,7.35,0.15,0.44,,1520.45
A3Z physicality,Forwards,Forwards,A3Z tracked games; five on five,2022–23,20222023,335,8478440,Dylan Strome,C,0.79,3,319.7,323.72,25,0.31,-0.36,0.05,-0.41,-0.03,FALSE,,0,FALSE,-1.34,9.49,-0.7,-0.38,-0.26,,76,200,10,33,29,8,27,2,43,38,14,1,38,65,4,4,5,5,18,26,22,18,5,7,68,98,42,8,5,7,16,10,0,4,2,42,42,3,27,3,4,1.31,3,1.88,0,0.75,0.38,0.07,0.15,16.25,0.11,1.88,6.19,7.13,0.38,0.07,,1351.65
A3Z physicality,Forwards,Forwards,A3Z tracked games; five on five,2022–23,20222023,336,8476460,Mark Scheifele,C,0.78,3,360.7,361.15,23,0.28,-0.36,0.05,-0.41,-0.03,FALSE,,0,FALSE,-1.35,9.22,-0.83,-0.27,-0.26,,75,207,13,22,39,19,48,4,58,54,7,5,69,105,14,3,4,26,15,50,21,20,11,3,77,119,56,7,4,16,18,12,1,0,2,48,48,4,36,2,3,2.66,2.99,2,0.17,0,0.33,0.08,0.08,25.11,0.06,2.16,3.66,11.48,0.67,0.71,,1658.78
A3Z physicality,Forwards,Forwards,A3Z tracked games; five on five,2022–23,20222023,337,8476459,Mika Zibanejad,C,0.55,1,381.68,383.72,28,0.34,-0.42,0,-0.42,-0.06,FALSE,,0,FALSE,-1.38,8.96,-0.54,-0.64,-0.2,,74,208,10,43,25,21,14,1,45,26,15,6,39,76,10,5,19,8,9,39,27,31,1,6,64,110,77,3,2,20,22,7,0,1,5,79,79,4,62,4,9,3.14,3.46,1.1,0,0.16,0.79,0.05,0.15,31.95,0.06,1.57,6.76,6.13,0.16,0.4,,1636.9
A3Z physicality,Forwards,Forwards,A3Z tracked games; five on five,2022–23,20222023,338,8478458,Jack Roslovic,C,-0.09,1,240.5,244.1,20,0.26,-0.48,-0.06,-0.42,-0.06,FALSE,,0,FALSE,-1.39,8.69,-0.9,-0.5,0,typedShotsOnNet,73,198,14,33,27,16,23,6,44,33,8,4,40,76,7,3,11,12,11,29,21,13,0,3,51,74,29,4,1,12,16,10,0,0,5,29,29,1,19,2,0,2.99,3.99,2.49,0,0,1.25,0.03,0,29.15,0.11,3.49,8.23,9.98,1.5,0.5,,1266.38
A3Z physicality,Forwards,Forwards,A3Z tracked games; five on five,2022–23,20222023,339,8470595,Eric Staal,C,0.6,5,257.72,261.98,23,0.32,-0.32,0.1,-0.42,0.05,FALSE,,0,FALSE,-1.4,8.42,-0.61,-0.63,-0.16,,76,195,8,27,26,10,24,5,34,28,7,2,41,72,6,8,6,4,11,19,23,21,3,0,33,47,33,2,4,8,12,16,0,1,1,37,37,3,27,2,2,1.86,2.79,3.73,0,0.23,0.23,0.08,0.07,16.16,0.07,1.86,6.29,9.55,1.16,0.29,,1025.07
A3Z physicality,Forwards,Forwards,A3Z tracked games; five on five,2022–23,20222023,340,8475913,Mark Stone,R,0.89,3,285.27,287.8,20,0.47,-0.37,0.06,-0.43,-0.03,FALSE,,0,FALSE,-1.41,8.16,-1.25,0.13,-0.3,,75,210,7,40,31,18,29,2,57,42,16,6,57,93,10,10,15,10,14,45,34,22,2,5,64,93,52,9,7,9,17,8,0,0,2,53,53,14,37,6,4,1.89,3.58,1.68,0,0,0.42,0.26,0.11,15.65,0.16,1.47,8.41,11.99,0.42,0.38,,833.2
A3Z physicality,Forwards,Forwards,A3Z tracked games; five on five,2022–23,20222023,341,8474884,Mike Hoffman,C,-0.65,4,217.33,218.92,18,0.27,-0.45,-0.02,-0.43,0.02,TRUE,dumpInRecoveriesPer60; forecheckPressuresPer60,0,FALSE,-1.43,7.89,-0.43,-1.13,0.13,,72,190,1,9,10,5,15,6,23,17,9,3,25,41,3,6,6,7,4,15,13,10,4,1,19,38,40,6,1,6,6,5,0,1,2,36,36,4,30,3,0,1.66,1.66,1.38,0,0.28,0.55,0.11,0,30.47,0.1,0.28,2.48,6.9,1.66,0.33,,1050.13
A3Z physicality,Forwards,Forwards,A3Z tracked games; five on five,2022–23,20222023,342,8475784,Jeff Skinner,L,-0.55,5,308.72,313.08,23,0.29,-0.45,-0.02,-0.43,0.05,FALSE,,0,FALSE,-1.43,7.62,-1.29,-0.37,0.23,,71,200,4,25,23,7,15,2,35,26,5,4,30,61,13,2,9,8,10,32,17,36,9,4,49,70,77,7,2,9,17,3,0,0,11,62,62,9,43,6,3,1.75,3.3,0.58,0,0,2.14,0.15,0.07,18.03,0.14,0.78,4.86,5.83,0.39,0.8,,1374.38
A3Z physicality,Forwards,Forwards,A3Z tracked games; five on five,2022–23,20222023,343,8480014,Gabriel Vilardi,C,1.11,3,296.38,298.02,25,0.4,-0.35,0.09,-0.44,-0.03,FALSE,,0,FALSE,-1.44,7.35,-1.03,-0.04,-0.37,,75,216,13,37,28,8,17,7,42,28,15,7,34,76,6,5,14,7,7,22,38,32,2,3,39,61,63,6,7,15,26,8,0,1,10,58,58,8,43,2,7,3.04,5.26,1.62,0,0.2,2.02,0.14,0.16,22.95,0.05,2.63,7.49,6.88,1.42,0.47,,983.02
A3Z physicality,Forwards,Forwards,A3Z tracked games; five on five,2022–23,20222023,344,8481013,Jonatan Berggren,R,-0.73,3,165.98,167.7,15,0.22,-0.54,-0.1,-0.44,-0.03,FALSE,,0,FALSE,-1.44,7.09,-0.94,-0.76,0.25,typedShotsOnNet,71,195,7,19,15,11,17,5,26,19,2,2,25,43,3,0,7,10,4,21,14,12,2,4,24,36,27,1,1,5,17,7,0,1,2,27,27,0,16,1,1,1.81,6.15,2.53,0,0.36,0.72,0,0.06,25.5,0.06,2.53,6.87,9.04,1.81,1,,901.8
A3Z physicality,Forwards,Forwards,A3Z tracked games; five on five,2022–23,20222023,345,8477416,Oliver Bjorkstrand,R,-1.2,2,388.17,391.72,30,0.37,-0.55,-0.11,-0.44,0.01,FALSE,,0,FALSE,-1.46,6.82,-0.84,-1.02,0.4,,72,175,10,73,32,15,39,5,71,57,10,7,58,113,13,9,14,19,18,43,44,40,2,2,46,82,88,6,6,23,39,13,0,0,2,86,86,4,58,3,4,3.56,6.03,2.01,0,0,0.31,0.05,0.07,26.8,0.05,1.55,11.28,8.97,0.77,0.7,,1265.5
A3Z physicality,Forwards,Forwards,A3Z tracked games; five on five,2022–23,20222023,346,8477503,Max Domi,C,-0.52,1,374.15,378.68,27,0.34,-0.55,-0.1,-0.45,-0.06,FALSE,,0,FALSE,-1.49,6.55,-1.18,-0.45,0.14,,70,208,4,21,20,10,32,6,40,37,9,5,55,87,5,7,3,9,16,30,14,16,2,4,49,76,48,1,1,5,9,7,0,1,3,46,46,4,35,7,3,0.8,1.44,1.12,0,0.16,0.48,0.09,0.09,28.4,0.2,0.64,3.37,8.82,0.96,0.56,,1421.67
A3Z physicality,Forwards,Forwards,A3Z tracked games; five on five,2022–23,20222023,347,8481522,Peyton Krebs,C,-0.72,2,249.52,254.17,22,0.3,-0.51,-0.06,-0.45,0.01,FALSE,,0,FALSE,-1.49,6.28,-0.88,-0.85,0.24,typedShotsOnNet,72,188,9,35,20,9,23,2,27,24,4,1,37,57,9,4,3,10,7,18,18,8,2,2,30,55,20,0,0,22,33,4,0,0,2,23,23,1,16,1,1,5.29,7.94,0.96,0,0,0.48,0.04,0.06,24.74,0.06,2.16,8.42,8.9,0.48,0.25,,1023.9
A3Z physicality,Forwards,Forwards,A3Z tracked games; five on five,2022–23,20222023,348,8477930,Pierre-Edouard Bellemare,L,-0.62,1,180.35,183.23,21,0.29,-0.57,-0.11,-0.46,-0.06,FALSE,,0,FALSE,-1.51,6.02,-0.39,-1.29,0.17,locatedAttempts; typedShotsOnNet,71,198,4,25,14,4,13,5,18,13,14,5,27,50,6,5,5,2,5,13,12,5,1,1,23,30,14,1,2,16,34,11,0,0,1,14,14,0,8,0,2,5.32,11.31,3.66,0,0,0.33,0,0.25,30.24,0,1.33,8.32,8.98,1.66,0.36,,823.65
A3Z physicality,Forwards,Forwards,A3Z tracked games; five on five,2022–23,20222023,349,8481554,Kaapo Kakko,R,0.54,3,355.93,365.68,28,0.34,-0.43,0.03,-0.46,-0.03,FALSE,,0,FALSE,-1.52,5.75,-1.5,0.16,-0.18,,73,215,15,33,25,9,26,2,49,38,12,5,39,73,8,3,11,13,15,32,29,23,3,3,50,81,58,6,6,7,22,9,0,1,4,54,54,11,40,3,5,1.18,3.71,1.52,0,0.17,0.67,0.2,0.12,19.09,0.07,2.53,5.56,6.57,0.34,0.42,,1255.17
A3Z physicality,Forwards,Forwards,A3Z tracked games; five on five,2022–23,20222023,350,8480003,Jesper Boqvist,C,-0.34,5,249.7,254.27,22,0.31,-0.46,0,-0.46,0.05,FALSE,,0,FALSE,-1.52,5.48,-0.97,-0.71,0.16,,73,191,6,42,12,11,13,4,24,16,12,5,26,46,6,4,8,10,3,19,16,11,3,1,31,52,35,3,3,19,35,10,0,0,2,30,30,1,22,2,4,4.57,8.41,2.4,0,0,0.48,0.03,0.18,23.79,0.09,1.44,10.09,6.25,0.96,0.42,,812.4
A3Z physicality,Forwards,Forwards,A3Z tracked games; five on five,2022–23,20222023,351,8480002,Nico Hischier,C,-0.01,5,392.08,392.32,30,0.37,-0.43,0.04,-0.46,0.05,FALSE,,0,FALSE,-1.52,5.21,-1.33,-0.24,0.05,,73,200,18,43,35,18,33,2,57,41,22,12,54,96,5,10,16,18,10,35,36,26,3,5,68,105,79,5,6,14,48,16,0,1,6,75,75,6,53,2,6,2.14,7.35,2.45,0,0.15,0.92,0.08,0.11,25.5,0.04,2.75,6.58,8.26,0.31,0.55,,1562.43
A3Z physicality,Forwards,Forwards,A3Z tracked games; five on five,2022–23,20222023,352,8474040,Sam Gagner,C,-0.55,3,161.28,162.22,16,0.33,-0.55,-0.08,-0.46,-0.03,FALSE,,0,FALSE,-1.52,4.95,-0.84,-0.87,0.19,,71,200,1,19,6,3,8,1,14,12,2,0,17,36,4,4,2,4,3,11,8,17,0,0,10,16,32,2,4,9,14,4,0,0,1,31,31,1,21,2,4,3.35,5.21,1.49,0,0,0.37,0.03,0.19,25.02,0.1,0.37,7.07,6.32,0.37,0,,584.25
A3Z physicality,Forwards,Forwards,A3Z tracked games; five on five,2022–23,20222023,353,8477951,Nick Schmaltz,C,-0.87,1,197.17,198.27,14,0.22,-0.62,-0.13,-0.48,-0.06,FALSE,,0,FALSE,-1.6,4.68,-1.7,-0.15,0.25,typedShotsOnNet,72,184,7,20,14,13,19,0,32,26,9,6,30,46,4,4,6,10,11,28,11,7,4,4,40,75,27,0,3,1,10,6,0,1,5,23,23,2,13,1,2,0.3,3.04,1.83,0,0.3,1.52,0.09,0.15,23.02,0.08,2.13,6.09,9.13,0,0.67,,1241.68
A3Z physicality,Forwards,Forwards,A3Z tracked games; five on five,2022–23,20222023,354,8479542,Brandon Hagel,L,-0.26,3,344.78,348.6,25,0.31,-0.54,-0.05,-0.49,-0.03,FALSE,,0,FALSE,-1.61,4.41,-1.04,-0.66,0.09,,74,186,17,60,31,16,34,1,50,39,7,3,57,91,11,11,11,12,16,37,30,16,3,2,54,93,55,8,7,12,48,13,0,3,10,51,51,6,34,0,3,2.09,8.35,2.26,0,0.52,1.74,0.12,0.09,20.62,0,2.96,10.44,9.92,0.17,0.43,,1510.4
A3Z physicality,Forwards,Forwards,A3Z tracked games; five on five,2022–23,20222023,355,8478873,Troy Terry,R,-0.54,2,311.65,318.02,22,0.31,-0.53,-0.04,-0.49,0.01,FALSE,,0,FALSE,-1.62,4.14,-1.42,-0.37,0.18,,72,193,13,27,26,17,43,3,57,53,7,5,57,90,12,3,4,30,10,43,21,23,4,4,52,79,65,2,1,5,24,4,0,3,7,62,62,2,39,4,4,0.96,4.62,0.77,0,0.58,1.35,0.03,0.1,25.5,0.1,2.5,5.2,10.97,0.58,0.71,,1355.75
A3Z physicality,Forwards,Forwards,A3Z tracked games; five on five,2022–23,20222023,356,8478401,Pavel Zacha,C,1.2,5,302.82,309.32,25,0.3,-0.34,0.16,-0.5,0.05,FALSE,,0,FALSE,-1.64,3.88,-0.54,-0.74,-0.36,,76,211,7,39,20,11,28,3,25,24,16,6,39,61,9,1,1,10,11,21,8,14,1,3,42,69,39,3,5,15,25,2,0,2,3,41,41,1,34,3,6,2.97,4.95,0.4,0,0.4,0.59,0.02,0.18,24.02,0.09,1.39,7.73,7.73,0.59,0.38,,1316.58
A3Z physicality,Forwards,Forwards,A3Z tracked games; five on five,2022–23,20222023,357,8479385,Jordan Kyrou,R,-0.42,3,387.88,390.6,26,0.33,-0.58,-0.07,-0.51,-0.03,FALSE,,0,FALSE,-1.67,3.61,-1.22,-0.59,0.14,,73,189,10,46,29,12,32,2,61,51,6,2,48,93,11,6,10,20,13,37,35,15,2,5,43,80,87,4,1,8,30,8,0,2,1,76,76,3,60,7,0,1.24,4.64,1.24,0,0.31,0.15,0.04,0,31.06,0.12,1.55,7.12,7.42,0.31,0.33,,1422.28
A3Z physicality,Forwards,Forwards,A3Z tracked games; five on five,2022–23,20222023,358,8479420,Tage Thompson,C,2.06,3,313.37,318,23,0.29,-0.33,0.18,-0.52,-0.03,FALSE,,0,FALSE,-1.7,3.34,-0.5,-0.51,-0.69,,78,220,9,34,28,9,29,6,32,29,11,4,47,68,3,7,3,14,10,24,13,37,3,4,47,74,97,3,1,12,26,7,0,5,4,76,76,4,53,3,4,2.3,4.98,1.34,0,0.96,0.77,0.05,0.08,30.21,0.06,1.72,6.51,9,1.15,0.36,,1450.03
A3Z physicality,Forwards,Forwards,A3Z tracked games; five on five,2022–23,20222023,359,8478109,Victor Olofsson,L,-1.29,5,267.77,269.63,23,0.31,-0.62,-0.09,-0.53,0.05,FALSE,,0,FALSE,-1.74,3.07,-1.31,-0.92,0.48,,71,180,6,34,21,11,18,0,28,24,10,6,28,53,4,5,4,9,3,11,22,23,1,2,34,57,61,3,0,7,15,4,0,0,2,55,55,3,45,1,2,1.57,3.36,0.9,0,0,0.45,0.05,0.04,31.38,0.02,1.34,7.62,6.27,0,0.6,,1076.63
A3Z physicality,Forwards,Forwards,A3Z tracked games; five on five,2022–23,20222023,360,8482089,Jake Neighbours,L,-0.24,2,179.95,183.42,16,0.37,-0.55,-0.01,-0.54,0.01,FALSE,,0,FALSE,-1.77,2.81,-0.67,-1.18,0.08,,72,201,6,21,6,3,12,0,22,15,3,0,25,44,10,3,7,8,4,14,13,11,0,1,10,19,29,1,1,19,31,8,0,0,1,27,27,0,20,6,1,6.34,10.34,2.67,0,0,0.33,0,0.05,25.24,0.3,2,7,8.34,0,0,,534.38
A3Z physicality,Forwards,Forwards,A3Z tracked games; five on five,2022–23,20222023,361,8482175,John-Jason Peterka,R,-0.69,4,247.07,252.45,20,0.26,-0.57,-0.02,-0.55,0.02,FALSE,,0,FALSE,-1.83,2.54,-1.28,-0.69,0.14,,72,189,5,29,14,9,16,3,23,18,10,3,25,45,3,5,5,8,5,13,17,16,3,4,30,47,51,5,1,5,19,2,0,0,3,45,45,3,29,2,0,1.21,4.61,0.49,0,0,0.73,0.07,0,24.08,0.07,1.21,7.04,6.07,0.73,0.3,,1050.83
A3Z physicality,Forwards,Forwards,A3Z tracked games; five on five,2022–23,20222023,362,8481624,Ilya Mikheyev,R,-0.04,1,221.68,224.43,17,0.37,-0.63,-0.05,-0.58,-0.06,FALSE,,0,FALSE,-1.9,2.27,-1.47,-0.43,-0.01,typedShotsOnNet,74,192,6,15,14,9,18,2,18,14,5,1,24,42,8,0,4,6,2,12,9,9,3,1,21,35,28,2,1,3,9,3,0,0,2,26,26,1,19,3,2,0.81,2.44,0.81,0,0,0.54,0.04,0.11,23.87,0.16,1.62,4.06,6.5,0.54,0.2,,777.97
A3Z physicality,Forwards,Forwards,A3Z tracked games; five on five,2022–23,20222023,363,8479675,Trevor Moore,L,-0.73,2,212.35,215.28,17,0.29,-0.65,-0.06,-0.59,0.01,FALSE,,0,FALSE,-1.95,2.01,-1.52,-0.67,0.24,,71,195,7,22,20,11,26,5,46,37,10,2,39,72,9,3,9,11,13,37,23,17,1,2,29,44,43,3,1,7,18,7,0,0,4,49,49,5,38,5,0,1.98,5.09,1.98,0,0,1.13,0.1,0,25.18,0.13,1.98,6.22,11.02,1.41,0.2,,1002.32
A3Z physicality,Forwards,Forwards,A3Z tracked games; five on five,2022–23,20222023,364,8475164,Jakob Silfverberg,R,0.25,5,230.2,233.08,22,0.27,-0.55,0.06,-0.61,0.05,TRUE,medianShotDistance,0,FALSE,-2.01,1.74,-1.44,-0.53,-0.04,,73,207,8,18,12,7,11,1,18,14,11,2,26,50,9,7,4,8,4,17,4,16,1,1,17,28,34,2,2,2,12,9,0,1,1,43,43,1,31,1,1,0.52,3.13,2.35,0,0.26,0.26,0.02,0.03,43.42,0.03,2.09,4.69,6.78,0.26,0.18,,1229.52
A3Z physicality,Forwards,Forwards,A3Z tracked games; five on five,2022–23,20222023,365,8474573,Josh Bailey,R,-0.01,3,285.65,289.27,25,0.39,-0.65,-0.03,-0.62,-0.03,FALSE,,0,FALSE,-2.04,1.47,-1.58,-0.47,0.01,,73,200,5,30,25,11,16,6,31,17,10,2,25,55,7,1,14,1,8,15,30,9,0,3,43,62,24,3,3,5,5,6,0,0,2,29,29,2,26,3,5,1.05,1.05,1.26,0,0,0.42,0.07,0.19,19.03,0.12,1.05,6.3,5.25,1.26,0.2,,968.87
A3Z physicality,Forwards,Forwards,A3Z tracked games; five on five,2022–23,20222023,366,8475763,Kevin Hayes,R,1.15,1,311.68,314.73,22,0.27,-0.57,0.06,-0.63,-0.06,FALSE,,0,FALSE,-2.08,1.2,-0.95,-0.74,-0.39,,75,217,7,31,25,11,37,5,52,37,16,6,58,91,7,4,15,11,16,38,31,24,1,5,55,86,51,3,0,9,16,6,0,1,5,55,55,6,38,2,1,1.73,3.08,1.16,0,0.19,0.96,0.11,0.03,28.02,0.05,1.35,5.97,11.17,0.96,0.38,,1422.82
A3Z physicality,Forwards,Forwards,A3Z tracked games; five on five,2022–23,20222023,367,8481559,Jack Hughes,C,-1.47,5,423.77,430.95,28,0.36,-0.75,-0.11,-0.64,0.05,FALSE,,0,FALSE,-2.11,0.94,-2.26,-0.39,0.54,,71,175,12,35,37,21,47,16,76,62,13,7,67,136,11,4,14,29,16,46,46,34,8,12,103,160,118,2,3,4,41,7,0,0,2,101,101,7,78,10,5,0.57,5.81,0.99,0,0,0.28,0.07,0.06,22.36,0.13,1.7,4.96,9.49,2.27,0.54,,1557.35
A3Z physicality,Forwards,Forwards,A3Z tracked games; five on five,2022–23,20222023,368,8477406,Mattias Janmark,C,0.44,3,288.18,290.37,24,0.36,-0.73,0.02,-0.74,-0.03,FALSE,,0,FALSE,-2.44,0.67,-1.88,-0.42,-0.15,,74,205,6,28,18,7,14,2,28,20,9,3,29,52,5,4,8,4,8,18,18,10,4,1,34,50,24,6,4,6,35,1,0,2,5,33,33,6,26,1,5,1.25,7.29,0.21,0,0.42,1.04,0.18,0.19,16.4,0.04,1.25,5.83,6.04,0.42,0.33,,967.82
A3Z physicality,Forwards,Forwards,A3Z tracked games; five on five,2022–23,20222023,369,8481517,Brett Leason,R,1.79,1,182.15,186.32,17,0.31,-0.66,0.12,-0.78,-0.06,FALSE,,0,FALSE,-2.57,0.4,-0.91,-1.07,-0.59,locatedAttempts; typedShotsOnNet,77,220,4,23,3,0,4,1,14,9,6,3,19,37,11,4,5,3,2,17,7,11,0,1,9,15,16,2,2,9,16,5,0,0,3,19,19,0,9,1,1,2.96,5.27,1.65,0,0,0.99,0,0.11,33.12,0.11,1.32,7.58,6.26,0.33,0.5,,588.17
A3Z physicality,Forwards,Forwards,A3Z tracked games; five on five,2022–23,20222023,370,8481601,Simon Holmstrom,R,0.28,2,154.27,156.73,16,0.32,-0.84,0.05,-0.89,0.01,FALSE,,0,FALSE,-2.93,0.13,-1.63,-1.2,-0.1,locatedAttempts; typedShotsOnNet,73,208,8,17,17,7,13,3,24,14,3,2,26,38,6,0,10,3,9,30,7,4,1,1,19,29,14,1,0,2,9,6,0,0,1,14,14,0,8,1,0,0.78,3.5,2.33,0,0,0.39,0,0,29.03,0.12,3.11,6.61,10.11,1.17,0.67,,554.87
A3Z physicality,Forwards,Forwards,A3Z tracked games; five on five,2023–24,20232024,1,8475842,Sam Carrick,C,-0.17,1,176.67,179.22,19,0.25,0.84,-0.04,0.88,-0.02,FALSE,,0,FALSE,3.88,99.58,3.04,0.78,0.06,,72,202,14,16,10,6,20,4,36,25,7,2,43,58,9,3,11,12,6,25,11,6,2,0,17,24,19,2,1,46,19,6,3,4,3,26,26,3,21,0,1,15.62,6.45,2.04,1.02,1.36,1.02,0.12,0.05,33.16,0,4.75,5.43,14.6,1.36,0.29,,941.12
A3Z physicality,Forwards,Forwards,A3Z tracked games; five on five,2023–24,20232024,2,8479661,Tanner Jeannot,L,1.05,5,160.87,164.52,15,0.27,0.67,0.04,0.63,-0,FALSE,,0,FALSE,2.78,99.3,2.83,0.15,-0.2,locatedAttempts; typedShotsOnNet,74,221,13,14,11,4,19,2,31,22,11,3,31,50,2,4,9,6,8,15,16,5,1,1,10,18,14,1,1,63,21,7,3,3,3,15,15,0,11,1,2,23.5,7.83,2.61,1.12,1.12,1.12,0,0.18,25.81,0.09,4.85,5.22,11.56,0.75,0.27,,661
A3Z physicality,Forwards,Forwards,A3Z tracked games; five on five,2023–24,20232024,3,8477903,Garnet Hathaway,R,0.72,2,235.22,246.92,25,0.3,0.66,0.05,0.61,0.02,TRUE,contactPenaltiesTakenPer60; contactPenaltiesDrawnPer60,0,FALSE,2.71,99.03,2.74,0.09,-0.12,,74,212,16,30,7,1,14,1,34,23,4,1,27,44,3,3,11,5,9,19,15,12,2,1,18,22,32,3,1,93,42,10,3,10,10,52,52,8,36,8,6,23.72,10.71,2.55,0.77,2.55,2.55,0.15,0.17,19.34,0.22,4.08,7.65,6.89,0.26,0.25,,1024.03
A3Z physicality,Forwards,Forwards,A3Z tracked games; five on five,2023–24,20232024,4,8480009,Eeli Tolvanen,R,-1.42,4,350.57,350.45,27,0.33,0.47,-0.12,0.6,-0,FALSE,,0,FALSE,2.63,98.75,1.98,0.13,0.53,,70,182,16,43,19,13,20,3,47,29,10,3,40,66,6,3,18,4,11,29,18,22,2,0,32,56,49,5,4,75,27,32,0,3,1,55,55,4,44,7,6,12.84,4.62,5.48,0,0.51,0.17,0.07,0.14,27.51,0.16,2.74,7.36,6.85,0.51,0.3,,1267.02
A3Z physicality,Forwards,Forwards,A3Z tracked games; five on five,2023–24,20232024,5,8477935,Sam Bennett,C,-0.23,4,236.48,244.83,19,0.28,0.58,-0.02,0.59,-0,FALSE,,0,FALSE,2.63,98.47,2.1,0.47,0.06,,73,193,17,32,14,6,36,4,41,32,9,4,51,77,12,4,9,17,7,24,17,14,3,1,28,45,39,1,4,48,19,14,1,5,3,47,47,8,33,5,7,12.18,4.82,3.55,0.25,1.27,0.76,0.17,0.21,24.21,0.15,4.31,8.12,12.94,1.01,0.44,,1146.08
A3Z physicality,Forwards,Forwards,A3Z tracked games; five on five,2023–24,20232024,6,8479941,Justin Danforth,R,-1.54,4,204.92,208.45,18,0.25,0.41,-0.13,0.55,-0,FALSE,,0,FALSE,2.41,98.19,1.33,0.51,0.57,typedShotsOnNet,68,193,13,22,11,4,12,1,15,9,5,2,19,29,1,1,6,8,0,11,4,8,0,3,19,27,17,1,1,35,14,11,0,2,3,24,24,5,14,1,3,10.25,4.1,3.22,0,0.59,0.88,0.21,0.21,15.7,0.07,3.81,6.44,5.56,0.29,0.4,,1013.43
A3Z physicality,Forwards,Forwards,A3Z tracked games; five on five,2023–24,20232024,7,8479520,Brandon Duhaime,L,0.65,1,173.38,174.58,21,0.26,0.56,0.02,0.54,-0.02,FALSE,,0,FALSE,2.39,97.91,1.92,0.68,-0.2,typedShotsOnNet,74,210,9,19,9,5,11,4,23,14,4,2,18,40,6,3,9,7,2,9,14,6,0,0,12,19,14,1,1,51,17,8,2,0,3,23,23,2,18,0,6,17.65,5.88,2.77,0.69,0,1.04,0.09,0.33,29.41,0,3.11,6.58,6.23,1.38,0.5,,868.78
A3Z physicality,Forwards,Forwards,A3Z tracked games; five on five,2023–24,20232024,8,8473422,Nick Foligno,L,0.13,4,293.58,295.72,24,0.32,0.52,0.02,0.51,-0,FALSE,,0,FALSE,2.24,97.63,1.54,0.78,-0.08,,72,210,17,32,22,8,22,3,58,27,13,6,59,98,10,9,31,13,6,35,23,6,3,1,31,46,33,3,1,55,14,8,1,1,4,47,47,15,36,7,2,11.24,2.86,1.63,0.2,0.2,0.82,0.32,0.06,16.28,0.19,3.47,6.54,12.06,0.61,0.46,,1314.58
A3Z physicality,Forwards,Forwards,A3Z tracked games; five on five,2023–24,20232024,9,8476392,Adam Lowry,C,1.43,1,369.58,374.67,29,0.36,0.57,0.08,0.49,-0.02,FALSE,,0,FALSE,2.18,97.35,1.56,1.07,-0.45,,77,210,32,42,29,19,39,3,42,37,23,9,59,88,11,5,5,12,16,26,16,23,8,4,52,93,48,7,11,67,35,14,3,1,1,63,63,11,39,2,12,10.88,5.68,2.27,0.49,0.16,0.16,0.17,0.31,21.02,0.05,5.2,6.82,9.58,0.49,0.39,,1304.43
A3Z physicality,Forwards,Forwards,A3Z tracked games; five on five,2023–24,20232024,10,8482062,Cole Smith,R,0.36,4,232,234.1,22,0.28,0.49,0.04,0.45,-0,FALSE,,0,FALSE,2,97.08,2.08,0.09,-0.18,,75,195,16,42,13,7,21,1,39,25,6,5,40,59,8,3,14,14,7,26,13,12,2,0,17,26,27,2,3,65,35,4,3,1,2,43,43,8,31,3,4,16.81,9.05,1.03,0.78,0.26,0.52,0.19,0.13,14,0.1,4.14,10.86,10.34,0.26,0.83,,1095.15
A3Z physicality,Forwards,Forwards,A3Z tracked games; five on five,2023–24,20232024,11,8481186,Logan O'Connor,R,-1.15,4,188,192.12,17,0.3,0.33,-0.1,0.43,-0,FALSE,,0,FALSE,1.89,96.8,0.92,0.54,0.42,typedShotsOnNet,72,175,11,21,10,6,15,1,31,17,9,4,31,50,8,2,14,11,2,18,13,12,2,0,17,26,22,1,1,13,24,8,2,3,2,28,28,3,19,4,2,4.15,7.66,2.55,0.64,0.96,0.64,0.11,0.11,22.42,0.21,3.51,6.7,9.89,0.32,0.44,,852.17
A3Z physicality,Forwards,Forwards,A3Z tracked games; five on five,2023–24,20232024,12,8476624,Barclay Goodrow,C,0.65,3,259.82,261.52,27,0.34,0.45,0.03,0.42,0.01,FALSE,,0,FALSE,1.87,96.52,1.73,0.22,-0.08,typedShotsOnNet,74,210,4,28,8,4,16,2,28,18,16,6,40,55,10,6,10,7,4,16,12,4,1,1,17,21,13,2,3,51,29,16,2,4,2,21,21,6,16,4,3,11.78,6.7,3.69,0.46,0.92,0.46,0.29,0.19,15,0.25,0.92,6.47,9.24,0.46,0.38,,1005.13
A3Z physicality,Forwards,Forwards,A3Z tracked games; five on five,2023–24,20232024,13,8476872,Scott Laughton,C,-0.34,1,265.18,270.48,24,0.29,0.37,-0.05,0.42,-0.02,FALSE,,0,FALSE,1.84,96.24,1.59,0.14,0.12,,73,190,11,20,11,4,31,5,36,22,15,6,51,71,9,4,14,5,14,26,10,17,2,3,27,44,40,2,4,48,9,8,1,5,3,42,42,3,34,3,3,10.86,2.04,1.81,0.23,1.13,0.68,0.07,0.09,30.85,0.09,2.49,4.53,11.54,1.13,0.4,,1283.73
A3Z physicality,Forwards,Forwards,A3Z tracked games; five on five,2023–24,20232024,14,8476432,Boone Jenner,C,0.43,4,181.53,182,13,0.22,0.46,0.04,0.42,-0,FALSE,,0,FALSE,1.84,95.96,1.85,0.19,-0.2,,74,204,6,12,10,5,15,3,27,18,6,2,25,39,3,1,9,5,8,14,13,7,2,0,13,23,23,0,4,29,9,17,0,1,1,35,35,2,20,1,5,9.59,2.97,5.62,0,0.33,0.33,0.06,0.25,27.31,0.05,1.98,3.97,8.26,0.99,0.33,,1165.57
A3Z physicality,Forwards,Forwards,A3Z tracked games; five on five,2023–24,20232024,15,8479293,Brandon Tanev,L,-0.64,4,224.73,232.85,20,0.3,0.36,-0.05,0.41,-0,FALSE,,0,FALSE,1.83,95.68,1.24,0.37,0.22,,72,189,12,31,15,5,17,3,33,21,5,2,36,46,4,2,12,13,4,23,10,6,0,0,22,37,17,3,4,40,28,10,1,1,3,31,31,7,21,2,5,10.68,7.48,2.67,0.27,0.27,0.8,0.23,0.24,19.31,0.1,3.2,8.28,9.61,0.8,0.4,,962.75
A3Z physicality,Forwards,Forwards,A3Z tracked games; five on five,2023–24,20232024,16,8480980,Connor Dewar,C,-1.23,1,163.27,165.93,19,0.26,0.3,-0.11,0.41,-0.02,FALSE,,0,FALSE,1.82,95.4,1.08,0.33,0.4,typedShotsOnNet,70,187,13,17,5,2,10,3,18,7,7,0,25,42,7,2,11,3,3,10,8,9,0,0,5,10,15,0,1,27,15,6,0,3,1,21,21,1,13,0,1,9.92,5.51,2.2,0,1.1,0.37,0.05,0.08,27.02,0,4.78,6.25,9.19,1.1,0,,862.1
A3Z physicality,Forwards,Forwards,A3Z tracked games; five on five,2023–24,20232024,17,8476374,Sean Kuraly,C,0.57,1,174.7,179.73,15,0.24,0.43,0.02,0.41,-0.02,FALSE,,0,FALSE,1.82,95.13,1.71,0.28,-0.18,,74,208,11,18,7,2,17,4,32,24,5,0,30,53,11,5,8,15,5,16,16,11,0,1,10,16,24,3,1,44,14,8,0,5,2,41,41,5,29,2,0,15.11,4.81,2.75,0,1.72,0.69,0.12,0,35.13,0.07,3.78,6.18,10.3,1.37,0,,851.58
A3Z physicality,Forwards,Forwards,A3Z tracked games; five on five,2023–24,20232024,18,8479359,Beck Malenstyn,L,0.87,2,281.77,286.28,25,0.31,0.47,0.06,0.41,0.02,FALSE,,0,FALSE,1.82,94.85,1.6,0.36,-0.15,,75,209,13,32,4,2,11,3,35,15,15,4,29,62,8,3,20,10,1,16,19,14,1,0,7,11,38,2,3,94,45,29,0,2,4,51,51,12,35,4,3,20.02,9.58,6.18,0,0.43,0.85,0.24,0.09,21.93,0.11,2.77,6.81,6.18,0.64,0.27,,1153.73
A3Z physicality,Forwards,Forwards,A3Z tracked games; five on five,2023–24,20232024,19,8476419,Jean-Gabriel Pageau,C,-1.23,2,352.62,357.72,29,0.35,0.38,-0.03,0.4,0.02,FALSE,,0,FALSE,1.79,94.57,1.14,0.41,0.23,typedShotsOnNet,71,180,15,37,20,10,36,11,57,42,19,4,62,88,3,7,15,21,9,37,20,8,0,2,27,53,20,5,1,68,30,27,0,2,3,33,33,7,19,1,4,11.57,5.1,4.59,0,0.34,0.51,0.21,0.21,13.6,0.05,2.55,6.3,10.55,1.87,0.21,,1304.48
A3Z physicality,Forwards,Forwards,A3Z tracked games; five on five,2023–24,20232024,20,8478434,Keegan Kolesar,R,0.87,1,219.57,225.47,23,0.29,0.43,0.04,0.39,-0.02,FALSE,,0,FALSE,1.72,94.29,3.02,-1.03,-0.27,,74,216,7,23,20,6,20,3,39,29,2,1,36,65,8,5,10,12,7,17,22,6,5,1,27,43,19,1,0,79,28,8,3,5,3,26,26,0,21,4,1,21.59,7.65,2.19,0.82,1.37,0.82,0,0.05,24.8,0.19,1.91,6.29,9.84,0.82,0.5,,858.2
A3Z physicality,Forwards,Forwards,A3Z tracked games; five on five,2023–24,20232024,21,8473504,Cal Clutterbuck,R,0.05,1,267.67,273.53,29,0.35,0.36,-0.02,0.38,-0.02,FALSE,,0,FALSE,1.69,94.01,2.03,-0.33,-0.01,,71,215,7,30,10,2,13,4,33,20,11,4,30,60,6,5,13,7,7,17,16,12,3,0,15,19,20,2,2,100,22,15,0,3,1,30,30,3,21,2,3,22.42,4.93,3.36,0,0.67,0.22,0.1,0.14,23.27,0.1,1.57,6.72,6.72,0.9,0.36,,974.12
A3Z physicality,Forwards,Forwards,A3Z tracked games; five on five,2023–24,20232024,22,8475170,Brayden Schenn,C,0.02,5,312.92,316.05,24,0.29,0.34,-0.01,0.35,-0,FALSE,,0,FALSE,1.54,93.73,1.48,0.04,0.01,,73,200,9,17,15,8,32,4,55,45,11,4,54,87,10,6,10,9,17,31,24,9,3,3,34,60,39,4,3,50,16,15,1,4,3,48,48,3,28,0,5,9.59,3.07,2.88,0.19,0.77,0.58,0.06,0.18,26.32,0,1.73,3.26,10.35,0.77,0.36,,1458.03
A3Z physicality,Forwards,Forwards,A3Z tracked games; five on five,2023–24,20232024,23,8478057,Dakota Joshua,C,1.2,5,224.42,227.22,19,0.3,0.39,0.05,0.35,-0,TRUE,netFrontAttemptShare; medianShotDistance,0,FALSE,1.53,93.45,1.47,0.29,-0.23,,75,218,8,23,8,6,14,1,25,17,1,0,28,48,8,5,8,5,6,14,11,10,1,0,19,34,21,6,2,73,24,5,1,3,3,35,35,14,26,4,3,19.52,6.42,1.34,0.27,0.8,0.8,0.4,0.12,9.22,0.15,2.14,6.15,7.49,0.27,0,,906.27
A3Z physicality,Forwards,Forwards,A3Z tracked games; five on five,2023–24,20232024,24,8474709,Matt Martin,L,1.09,2,173.05,173.93,20,0.35,0.41,0.07,0.34,0.02,TRUE,medianShotDistance,0,FALSE,1.52,93.18,2.18,-0.48,-0.18,typedShotsOnNet,75,215,6,19,7,3,17,2,33,13,3,1,36,59,3,4,20,3,4,17,16,8,2,0,7,13,16,2,0,48,9,14,1,1,2,21,21,1,16,0,2,16.64,3.12,4.85,0.35,0.35,0.69,0.05,0.12,44.1,0,2.08,6.59,12.48,0.69,0.33,,530.82
A3Z physicality,Forwards,Forwards,A3Z tracked games; five on five,2023–24,20232024,25,8479393,Noah Gregor,L,-0.2,3,196.83,201.5,21,0.33,0.34,-0.01,0.34,0.01,FALSE,,0,FALSE,1.51,92.9,1.43,0.03,0.05,,72,201,14,22,8,5,9,1,38,20,4,1,23,49,7,1,18,11,3,19,19,11,1,0,9,16,34,0,1,58,17,6,1,2,4,45,45,4,34,1,4,17.68,5.18,1.83,0.3,0.61,1.22,0.09,0.12,31.62,0.03,4.27,6.71,7.01,0.3,0.25,,718.13
A3Z physicality,Forwards,Forwards,A3Z tracked games; five on five,2023–24,20232024,26,8480855,Jack McBain,C,1.5,5,163.77,167.33,15,0.22,0.4,0.06,0.34,-0,FALSE,,0,FALSE,1.49,92.62,1.54,0.24,-0.29,locatedAttempts; typedShotsOnNet,76,219,7,12,6,1,12,2,23,15,4,2,28,40,5,4,8,7,4,15,8,4,1,0,12,14,9,1,0,46,17,6,0,5,2,17,17,1,12,2,3,16.85,6.23,2.2,0,1.83,0.73,0.06,0.25,20.88,0.17,2.56,4.4,10.26,0.73,0.5,,845.83
A3Z physicality,Forwards,Forwards,A3Z tracked games; five on five,2023–24,20232024,27,8476927,Teddy Blueger,C,-0.79,1,214.38,220.8,17,0.25,0.25,-0.08,0.33,-0.02,FALSE,,0,FALSE,1.47,92.34,0.55,0.66,0.26,,72,185,13,25,15,7,20,4,43,19,9,3,44,64,10,2,24,8,7,29,14,17,3,1,23,43,30,4,2,23,20,9,0,1,0,35,35,6,25,3,5,6.44,5.6,2.52,0,0.28,0,0.17,0.2,29.73,0.12,3.64,7,12.31,1.12,0.33,,1015.6
A3Z physicality,Forwards,Forwards,A3Z tracked games; five on five,2023–24,20232024,28,8482705,Cole Sillinger,C,-0.17,4,230.03,232.08,18,0.23,0.29,-0.01,0.3,-0,FALSE,,0,FALSE,1.34,92.06,1.48,-0.17,0.03,,72,202,8,14,7,4,12,5,28,19,6,1,24,49,6,1,9,6,4,10,18,18,1,1,15,28,41,1,4,27,18,15,1,2,1,52,52,4,33,1,2,7.04,4.69,3.91,0.26,0.52,0.26,0.08,0.06,26.4,0.03,2.09,3.65,6.26,1.3,0.17,,1241.2
A3Z physicality,Forwards,Forwards,A3Z tracked games; five on five,2023–24,20232024,29,8482157,Will Cuylle,L,0.98,3,292.65,295.82,27,0.33,0.32,0.04,0.28,0.01,FALSE,,0,FALSE,1.24,91.78,1.29,0.08,-0.14,,75,212,13,29,12,8,19,2,53,36,6,2,34,76,7,3,17,13,8,25,28,18,2,2,19,35,46,1,5,85,29,9,1,2,1,55,55,5,44,6,9,17.43,5.95,1.85,0.21,0.41,0.21,0.09,0.2,27.59,0.14,2.67,5.95,6.97,0.41,0.33,,901.17
A3Z physicality,Forwards,Forwards,A3Z tracked games; five on five,2023–24,20232024,30,8479415,Michael McLeod,C,-0.08,4,205.27,208.58,16,0.36,0.28,-0,0.28,-0,FALSE,,0,FALSE,1.23,91.5,0.42,0.81,-0,,74,190,13,27,15,7,26,1,46,38,4,2,39,68,6,5,8,19,12,25,21,9,2,0,27,46,38,5,1,33,19,5,0,1,4,44,44,6,31,7,6,9.65,5.55,1.46,0,0.29,1.17,0.14,0.19,17.35,0.23,3.8,7.89,11.4,0.29,0.5,,681.48
A3Z physicality,Forwards,Forwards,A3Z tracked games; five on five,2023–24,20232024,31,8481789,Tye Kartye,L,-0.43,3,257.33,264.12,24,0.31,0.26,-0.01,0.28,0.01,FALSE,,0,FALSE,1.22,91.23,1.33,-0.2,0.09,,71,202,10,46,10,6,20,2,43,32,3,2,31,63,15,0,11,12,13,26,17,12,2,0,19,30,34,5,2,75,31,6,1,4,1,46,46,6,33,3,3,17.49,7.23,1.4,0.23,0.93,0.23,0.13,0.09,27.91,0.09,2.33,10.73,7.23,0.47,0.67,,911.37
A3Z physicality,Forwards,Forwards,A3Z tracked games; five on five,2023–24,20232024,32,8475220,Marcus Foligno,L,1.49,2,185.03,188.25,16,0.29,0.36,0.08,0.28,0.02,FALSE,,0,FALSE,1.22,90.95,1.64,-0.16,-0.26,locatedAttempts; typedShotsOnNet,75,226,9,31,12,4,15,4,30,20,2,1,32,56,9,6,10,6,6,15,15,7,2,1,21,27,12,0,3,61,10,12,0,1,3,13,13,2,10,1,3,19.78,3.24,3.89,0,0.32,0.97,0.15,0.3,21.26,0.1,2.92,10.05,10.38,1.3,0.5,,796.52
A3Z physicality,Forwards,Forwards,A3Z tracked games; five on five,2023–24,20232024,33,8476858,Phillip Di Giuseppe,L,-0.49,4,238.28,239.82,20,0.39,0.23,-0.04,0.27,-0,FALSE,,0,FALSE,1.21,90.67,0.82,0.24,0.16,,72,193,10,27,4,3,12,0,28,16,3,1,23,38,1,2,12,7,5,15,13,6,1,1,15,24,21,3,0,32,14,9,0,0,1,30,30,2,20,3,4,8.06,3.53,2.27,0,0,0.25,0.07,0.2,27.87,0.15,2.52,6.8,5.79,0,0.33,,616.87
A3Z physicality,Forwards,Forwards,A3Z tracked games; five on five,2023–24,20232024,34,8471698,T.J. Oshie,R,-0.71,3,267.77,270.3,20,0.38,0.25,-0.02,0.27,0.01,FALSE,,0,FALSE,1.21,90.39,0.84,0.23,0.14,,72,187,8,25,15,8,29,1,38,32,14,2,45,79,8,3,6,6,11,18,20,13,2,0,26,43,30,1,4,35,13,17,0,4,7,35,35,7,21,3,4,7.84,2.91,3.81,0,0.9,1.57,0.2,0.19,15,0.14,1.79,5.6,10.08,0.22,0.14,,877.18
A3Z physicality,Forwards,Forwards,A3Z tracked games; five on five,2023–24,20232024,35,8477353,Tyler Motte,C,-0.98,1,224.82,227.9,21,0.3,0.17,-0.1,0.27,-0.02,FALSE,,0,FALSE,1.18,90.11,0.32,0.53,0.32,,70,194,13,29,6,1,25,0,34,21,14,7,40,57,3,5,13,12,6,23,11,11,1,0,13,17,26,1,3,32,30,6,0,1,0,32,32,5,22,3,4,8.54,8.01,1.6,0,0.27,0,0.16,0.18,33.3,0.14,3.47,7.74,10.68,0,0.5,,858.57
A3Z physicality,Forwards,Forwards,A3Z tracked games; five on five,2023–24,20232024,36,8477964,Ivan Barbashev,L,-0.13,4,310.78,316.57,23,0.28,0.26,-0.01,0.26,-0,FALSE,,0,FALSE,1.17,89.83,1.35,-0.2,0.02,,72,203,9,43,19,7,18,4,33,29,6,4,30,59,8,4,4,10,8,15,18,7,3,4,37,65,32,5,1,63,22,12,0,3,2,37,37,4,25,3,2,12.16,4.25,2.32,0,0.58,0.39,0.11,0.08,24.76,0.12,1.74,8.3,5.79,0.77,0.67,,1321.28
A3Z physicality,Forwards,Forwards,A3Z tracked games; five on five,2023–24,20232024,37,8478432,Christian Fischer,R,0.72,3,279.02,285.63,27,0.34,0.29,0.03,0.26,0.01,FALSE,,0,FALSE,1.17,89.55,1.01,0.25,-0.09,,74,212,23,38,13,1,18,3,33,25,6,2,36,53,7,4,8,11,7,21,12,17,3,2,21,32,41,1,5,35,19,10,1,4,1,54,54,10,43,6,3,7.53,4.09,2.15,0.22,0.86,0.22,0.19,0.07,17.69,0.14,4.95,8.17,7.74,0.65,0.33,,901.13
A3Z physicality,Forwards,Forwards,A3Z tracked games; five on five,2023–24,20232024,38,8478366,Frank Vatrano,R,-0.39,3,227.8,230.72,18,0.22,0.25,-0.01,0.26,0.01,FALSE,,0,FALSE,1.16,89.28,1.05,0.03,0.08,,71,203,7,18,8,13,12,5,26,20,9,2,24,43,3,4,6,6,3,10,16,10,1,0,20,38,36,1,1,34,14,14,0,5,3,45,45,5,36,2,4,8.96,3.69,3.69,0,1.32,0.79,0.11,0.11,31.78,0.06,1.84,4.74,6.32,1.32,0.22,,1504.27
A3Z physicality,Forwards,Forwards,A3Z tracked games; five on five,2023–24,20232024,39,8480801,Brady Tkachuk,L,1.75,2,361.27,367.9,25,0.31,0.35,0.09,0.26,0.02,FALSE,,0,FALSE,1.13,89,1.37,0.07,-0.3,,76,226,21,40,23,7,29,2,57,43,16,6,53,94,10,5,14,22,7,30,27,32,5,1,45,67,89,5,9,92,31,10,1,7,7,106,106,15,75,8,8,15.28,5.15,1.66,0.17,1.16,1.16,0.14,0.11,30.34,0.11,3.49,6.64,8.8,0.33,0.38,,1550.52
A3Z physicality,Forwards,Forwards,A3Z tracked games; five on five,2023–24,20232024,40,8477508,Curtis Lazar,C,-0.13,3,246.9,249.82,22,0.31,0.24,-0,0.25,0.01,FALSE,,0,FALSE,1.08,88.72,1.06,-0.02,0.04,typedShotsOnNet,72,203,11,33,5,6,20,3,40,29,7,2,42,66,8,4,11,9,9,24,16,8,1,0,14,22,25,1,3,63,31,18,0,4,7,30,30,3,19,4,2,15.31,7.53,4.37,0,0.97,1.7,0.1,0.11,22.72,0.21,2.67,8.02,10.21,0.73,0.29,,879.67
A3Z physicality,Forwards,Forwards,A3Z tracked games; five on five,2023–24,20232024,41,8476468,J.T. Miller,C,0.16,5,320.6,319.87,23,0.28,0.24,-0,0.24,-0,FALSE,,0,FALSE,1.08,88.44,0.87,0.23,-0.02,,72,211,18,30,22,19,39,6,43,33,11,4,63,89,11,5,10,13,11,27,16,8,3,3,51,75,41,5,7,49,24,13,0,3,1,42,42,4,31,3,6,9.17,4.49,2.43,0,0.56,0.19,0.1,0.19,25.55,0.1,3.37,5.61,11.79,1.12,0.36,,1578.68
A3Z physicality,Forwards,Forwards,A3Z tracked games; five on five,2023–24,20232024,42,8476925,Colton Sissons,C,0.02,1,249.15,251.78,22,0.27,0.22,-0.02,0.24,-0.02,FALSE,,0,FALSE,1.07,88.16,0.97,0.09,0,,73,200,10,17,14,6,22,1,48,26,15,5,45,72,6,5,22,8,6,24,24,17,6,0,23,32,30,3,1,36,20,10,0,3,1,36,36,3,25,2,2,8.67,4.82,2.41,0,0.72,0.24,0.08,0.08,25.12,0.08,2.41,4.09,10.84,0.24,0.33,,1342.47
A3Z physicality,Forwards,Forwards,A3Z tracked games; five on five,2023–24,20232024,43,8477496,Elias Lindholm,C,0.02,1,278.1,281.63,21,0.28,0.21,-0.02,0.24,-0.02,FALSE,,0,FALSE,1.05,87.88,0.64,0.41,0,,73,200,11,27,13,4,24,2,39,30,3,1,36,66,3,2,9,9,10,19,20,15,2,1,26,44,37,0,0,17,15,14,1,3,4,56,56,7,39,0,6,3.67,3.24,3.02,0.22,0.65,0.86,0.12,0.15,28.82,0,2.37,5.83,7.77,0.43,0.33,,1477.02
A3Z physicality,Forwards,Forwards,A3Z tracked games; five on five,2023–24,20232024,44,8478508,Yakov Trenin,C,0.32,2,281.28,285.07,23,0.3,0.27,0.03,0.24,0.02,FALSE,,0,FALSE,1.05,87.6,1.25,-0.16,-0.05,,74,201,18,41,24,5,24,3,41,25,12,4,42,67,6,4,16,8,9,23,18,22,5,0,36,47,37,0,3,69,35,6,1,4,1,54,54,7,36,3,4,14.72,7.47,1.28,0.21,0.85,0.21,0.13,0.11,26.25,0.08,3.84,8.75,8.96,0.64,0.33,,1107.58
A3Z physicality,Forwards,Forwards,A3Z tracked games; five on five,2023–24,20232024,45,8475314,Anders Lee,L,1.78,4,387.45,391.13,29,0.36,0.4,0.16,0.24,-0,FALSE,,0,FALSE,1.04,87.33,0.82,0.96,-0.74,,75,234,24,46,17,11,21,2,56,29,10,2,47,86,7,7,27,9,12,27,29,28,2,2,27,45,65,10,13,55,41,15,1,3,6,87,87,26,53,8,11,8.52,6.35,2.32,0.15,0.46,0.93,0.3,0.21,12.17,0.15,3.72,7.12,7.28,0.31,0.2,,1260.93
A3Z physicality,Forwards,Forwards,A3Z tracked games; five on five,2023–24,20232024,46,8479353,Brett Howden,C,0.32,2,219,226.33,20,0.28,0.27,0.03,0.23,0.02,FALSE,,0,FALSE,1.03,87.05,0.92,0.16,-0.05,typedShotsOnNet,74,201,8,24,10,6,13,2,28,18,8,2,24,49,9,3,10,9,3,12,16,14,2,1,18,32,23,4,3,25,15,15,0,2,0,25,25,4,14,1,2,6.85,4.11,4.11,0,0.55,0,0.16,0.14,22.2,0.07,2.19,6.58,6.58,0.55,0.25,,952.37
A3Z physicality,Forwards,Forwards,A3Z tracked games; five on five,2023–24,20232024,47,8473994,Jamie Benn,L,0.91,3,340.03,342.52,31,0.38,0.27,0.03,0.23,0.01,FALSE,,0,FALSE,1.02,86.77,0.99,0.15,-0.12,,75,210,20,40,30,4,31,2,65,35,12,3,63,104,9,6,30,10,10,37,28,14,5,4,57,72,29,0,2,52,22,15,1,3,4,37,37,5,30,5,3,9.18,3.88,2.65,0.18,0.53,0.71,0.14,0.1,19,0.17,3.53,7.06,11.12,0.35,0.25,,1239.83
A3Z physicality,Forwards,Forwards,A3Z tracked games; five on five,2023–24,20232024,48,8479336,Carl Grundstrom,R,-0.24,3,199.13,201.38,20,0.4,0.22,-0.01,0.23,0.01,FALSE,,0,FALSE,1.01,86.49,0.7,0.24,0.06,,72,200,15,17,1,2,17,2,41,28,5,2,32,61,3,3,13,7,7,20,21,10,0,0,11,23,35,2,2,54,21,3,0,2,1,49,49,6,34,2,3,16.27,6.33,0.9,0,0.6,0.3,0.12,0.09,26.83,0.06,4.52,5.12,9.64,0.6,0.4,,546.85
A3Z physicality,Forwards,Forwards,A3Z tracked games; five on five,2023–24,20232024,49,8480281,Alexey Toropchenko,R,2.24,4,269.22,274.33,24,0.29,0.43,0.2,0.23,-0,FALSE,,0,FALSE,1,86.21,1.12,0.8,-0.92,,78,225,23,38,12,7,14,1,25,18,11,4,24,42,7,1,7,9,4,13,12,9,1,1,11,27,25,3,2,48,29,17,0,2,4,36,36,8,26,4,6,10.7,6.46,3.79,0,0.45,0.89,0.22,0.23,14.59,0.15,5.13,8.47,5.35,0.22,0.36,,1026.8
A3Z physicality,Forwards,Forwards,A3Z tracked games; five on five,2023–24,20232024,50,8481481,Blake Lizotte,C,-1.9,1,154.3,158.43,18,0.29,0.06,-0.16,0.22,-0.02,TRUE,hitsReceivedPer60,0,FALSE,0.99,85.93,-0.06,0.44,0.62,typedShotsOnNet,69,176,14,22,7,6,20,5,21,14,8,6,36,57,6,5,7,6,2,8,13,8,2,1,21,30,15,1,2,16,32,7,0,1,2,24,24,1,19,2,4,6.22,12.44,2.72,0,0.39,0.78,0.04,0.21,31.49,0.11,5.44,8.55,14,1.94,0.75,,732.9
A3Z physicality,Forwards,Forwards,A3Z tracked games; five on five,2023–24,20232024,51,8476880,Tom Wilson,R,1.71,5,318.08,320.98,23,0.31,0.29,0.07,0.22,-0,FALSE,,0,FALSE,0.97,85.65,1.2,0.11,-0.34,,76,225,12,35,11,5,39,3,50,38,14,6,62,104,18,10,12,14,16,31,19,19,1,1,24,45,41,2,0,66,32,11,1,6,6,59,59,10,43,2,7,12.45,6.04,2.07,0.19,1.13,1.13,0.17,0.16,30.48,0.05,2.26,6.6,11.7,0.57,0.43,,1339.55
A3Z physicality,Forwards,Forwards,A3Z tracked games; five on five,2023–24,20232024,52,8475768,Jaden Schwartz,L,-1.31,4,312.58,315.9,24,0.39,0.11,-0.11,0.22,-0,FALSE,,0,FALSE,0.97,85.38,-0.18,0.66,0.48,,70,185,12,28,10,6,29,3,49,40,8,4,45,79,9,5,9,13,11,27,22,6,4,1,39,58,27,3,5,14,17,14,0,2,2,38,38,5,26,4,6,2.69,3.26,2.69,0,0.38,0.38,0.13,0.23,24.57,0.15,2.3,5.37,8.64,0.58,0.5,,1014.47
A3Z physicality,Forwards,Forwards,A3Z tracked games; five on five,2023–24,20232024,53,8476389,Vincent Trocheck,C,-0.97,1,405.35,408.17,27,0.33,0.12,-0.1,0.22,-0.02,FALSE,,0,FALSE,0.97,85.1,1.04,-0.4,0.32,,71,187,17,52,21,7,35,5,62,45,21,6,65,106,14,7,17,17,16,37,25,22,8,10,56,97,72,2,9,58,37,25,0,3,2,81,81,5,51,9,7,8.59,5.48,3.7,0,0.44,0.3,0.06,0.14,24.52,0.18,2.52,7.7,9.62,0.74,0.29,,1759.28
A3Z physicality,Forwards,Forwards,A3Z tracked games; five on five,2023–24,20232024,54,8476826,Yanni Gourde,C,-2,2,385.62,395.1,27,0.34,0.16,-0.06,0.22,0.02,FALSE,,0,FALSE,0.96,84.82,0.56,0.03,0.37,,69,173,26,49,23,17,40,11,61,47,7,1,80,120,12,12,14,13,15,30,31,13,4,3,44,66,42,1,6,51,40,15,0,6,5,59,59,9,41,4,7,7.94,6.22,2.33,0,0.93,0.78,0.15,0.17,27.29,0.1,4.05,7.62,12.45,1.71,0.14,,1395.82
A3Z physicality,Forwards,Forwards,A3Z tracked games; five on five,2023–24,20232024,55,8475151,Kyle Palmieri,C,-0.53,4,372.13,378.43,29,0.35,0.17,-0.04,0.21,-0,FALSE,,0,FALSE,0.95,84.54,0.1,0.67,0.18,,72,192,20,25,18,4,22,3,41,23,9,4,43,76,8,4,18,10,8,23,18,22,0,1,29,38,64,4,3,33,29,15,0,1,9,79,79,10,56,8,6,5.32,4.68,2.42,0,0.16,1.45,0.13,0.11,24.33,0.14,3.22,4.03,6.93,0.48,0.44,,1412.02
A3Z physicality,Forwards,Forwards,A3Z tracked games; five on five,2023–24,20232024,56,8475722,Jason Zucker,L,-0.57,5,172.17,172.4,14,0.2,0.18,-0.03,0.21,-0,FALSE,,0,FALSE,0.93,84.26,0.75,0.05,0.13,,71,198,5,19,7,4,12,1,26,14,5,2,24,36,2,3,12,8,4,17,9,6,1,2,17,25,26,2,4,19,9,4,0,2,1,37,37,4,22,5,4,6.62,3.14,1.39,0,0.7,0.35,0.11,0.18,23.43,0.23,1.74,6.62,8.36,0.35,0.4,,953.85
A3Z physicality,Forwards,Forwards,A3Z tracked games; five on five,2023–24,20232024,57,8475343,Nic Dowd,C,0.1,3,201.02,206.35,16,0.25,0.21,0.01,0.21,0.01,FALSE,,0,FALSE,0.91,83.98,0.77,0.14,0.01,typedShotsOnNet,74,195,8,18,15,9,21,3,41,20,9,2,46,67,6,2,21,9,5,27,14,11,1,0,26,36,19,2,3,24,15,15,0,3,3,23,23,4,16,0,3,7.16,4.48,4.48,0,0.9,0.9,0.17,0.19,24.19,0,2.39,5.37,13.73,0.9,0.22,,972.97
A3Z physicality,Forwards,Forwards,A3Z tracked games; five on five,2023–24,20232024,58,8479977,Kailer Yamamoto,R,-1.82,1,186.33,187.63,20,0.34,0.05,-0.16,0.21,-0.02,FALSE,,0,FALSE,0.91,83.7,0.34,-0.02,0.59,typedShotsOnNet,69,178,16,36,10,2,14,1,19,14,1,1,17,29,3,0,5,7,5,13,6,7,4,2,22,32,16,3,2,12,22,8,0,2,0,21,21,2,18,1,1,3.86,7.08,2.58,0,0.64,0,0.1,0.06,25.08,0.06,5.15,11.59,5.47,0.32,1,,707.5
A3Z physicality,Forwards,Forwards,A3Z tracked games; five on five,2023–24,20232024,59,8478414,Timo Meier,R,0.75,2,221.37,222.73,17,0.25,0.26,0.05,0.2,0.02,FALSE,,0,FALSE,0.91,83.43,1.04,-0.01,-0.12,,73,220,12,20,9,4,20,4,50,35,4,1,36,72,8,0,15,17,7,25,25,20,5,1,16,26,42,3,3,31,10,5,1,4,4,50,50,4,30,0,4,8.4,2.71,1.36,0.27,1.08,1.08,0.08,0.13,22.93,0,3.25,5.42,9.76,1.08,0.25,,1214.5
A3Z physicality,Forwards,Forwards,A3Z tracked games; five on five,2023–24,20232024,60,8473419,Brad Marchand,L,-1.75,1,279.73,278.93,21,0.26,0.05,-0.15,0.2,-0.02,FALSE,,0,FALSE,0.89,83.15,-0.09,0.41,0.57,,69,180,16,29,15,7,23,0,49,41,5,4,36,75,7,5,8,20,9,21,28,7,1,3,33,60,42,4,2,21,22,8,0,2,2,51,51,8,36,2,4,4.5,4.72,1.72,0,0.43,0.43,0.16,0.11,23.41,0.06,3.43,6.22,7.72,0,0.8,,1566.35
A3Z physicality,Forwards,Forwards,A3Z tracked games; five on five,2023–24,20232024,61,8480289,Morgan Barron,C,1.53,1,253.92,258.57,29,0.36,0.28,0.09,0.2,-0.02,FALSE,,0,FALSE,0.88,82.87,1.2,0.16,-0.48,,76,220,15,28,17,12,20,6,53,30,9,3,34,67,10,1,23,17,8,27,26,14,2,1,19,40,34,1,4,43,24,13,1,2,4,43,43,5,34,1,1,10.16,5.67,3.07,0.24,0.47,0.95,0.12,0.03,27.59,0.03,3.54,6.62,8.03,1.42,0.33,,839.75
A3Z physicality,Forwards,Forwards,A3Z tracked games; five on five,2023–24,20232024,62,8479525,Ross Colton,C,-0.46,3,267.8,273.53,25,0.31,0.18,-0.01,0.19,0.01,FALSE,,0,FALSE,0.84,82.59,0.87,-0.13,0.1,,72,194,11,31,10,11,16,5,24,14,12,4,31,46,5,5,10,9,0,10,14,16,1,2,26,41,46,4,2,40,20,14,0,4,2,65,65,6,46,4,2,8.96,4.48,3.14,0,0.9,0.45,0.09,0.04,25.61,0.09,2.46,6.95,6.95,1.12,0.33,,1097.53
A3Z physicality,Forwards,Forwards,A3Z tracked games; five on five,2023–24,20232024,63,8476399,Blake Coleman,L,-0.54,3,313.25,316.15,23,0.29,0.17,-0.02,0.19,0.01,FALSE,,0,FALSE,0.84,82.31,0.79,-0.06,0.11,,71,199,8,30,8,4,27,3,58,48,7,0,46,84,7,5,10,24,5,32,26,20,0,1,28,40,40,3,4,31,13,18,0,5,3,57,57,6,41,3,7,5.94,2.49,3.45,0,0.96,0.57,0.11,0.17,25.06,0.07,1.53,5.75,8.81,0.57,0,,1336.38
A3Z physicality,Forwards,Forwards,A3Z tracked games; five on five,2023–24,20232024,64,8478233,Andrew Mangiapane,L,-1.38,1,287.88,290.22,22,0.29,0.06,-0.13,0.19,-0.02,FALSE,,0,FALSE,0.83,82.03,0.11,0.27,0.45,,70,183,19,29,17,12,22,2,37,28,6,2,32,53,5,4,9,13,8,20,17,11,7,2,34,46,29,4,1,27,20,8,0,5,7,38,38,4,27,2,3,5.63,4.17,1.67,0,1.04,1.46,0.11,0.11,20.41,0.07,3.96,6.04,6.67,0.42,0.33,,1199.65
A3Z physicality,Forwards,Forwards,A3Z tracked games; five on five,2023–24,20232024,65,8476822,Luke Glendening,C,-0.86,3,234.68,239.88,26,0.32,0.16,-0.03,0.19,0.01,FALSE,,0,FALSE,0.83,81.75,0.84,-0.17,0.16,typedShotsOnNet,71,190,9,36,2,1,16,7,25,15,6,2,26,42,3,3,10,6,5,15,10,6,1,1,8,11,14,3,0,45,30,13,0,4,3,25,25,2,19,3,3,11.5,7.67,3.32,0,1.02,0.77,0.08,0.16,29.73,0.16,2.3,9.2,6.65,1.79,0.33,,940.92
A3Z physicality,Forwards,Forwards,A3Z tracked games; five on five,2023–24,20232024,66,8480748,Kiefer Sherwood,L,-0.46,1,225.7,227.9,21,0.31,0.13,-0.06,0.19,-0.02,FALSE,,0,FALSE,0.82,81.48,0.27,0.4,0.16,,72,194,16,26,16,10,15,1,35,19,7,3,37,50,3,7,16,10,7,25,10,13,2,0,20,33,35,0,3,60,29,7,0,0,3,38,38,1,24,0,4,15.95,7.71,1.86,0,0,0.8,0.03,0.17,33.1,0,4.25,6.91,9.84,0.27,0.43,,827.55
A3Z physicality,Forwards,Forwards,A3Z tracked games; five on five,2023–24,20232024,67,8479316,Luke Kunin,C,-0.35,1,213.12,215.83,18,0.23,0.13,-0.05,0.18,-0.02,FALSE,,0,FALSE,0.82,81.2,0.62,0.07,0.12,typedShotsOnNet,72,197,3,14,4,0,15,1,27,19,0,0,28,43,4,4,8,5,10,16,11,16,1,1,10,13,23,4,3,35,16,7,0,1,1,28,28,7,19,1,2,9.85,4.5,1.97,0,0.28,0.28,0.25,0.11,18.86,0.05,0.84,3.94,7.88,0.28,NA,,1212.03
A3Z physicality,Forwards,Forwards,A3Z tracked games; five on five,2023–24,20232024,68,8475799,Nino Niederreiter,R,0.94,4,355.95,359.92,28,0.36,0.27,0.09,0.18,-0,FALSE,,0,FALSE,0.8,80.92,0.26,0.95,-0.4,,74,218,23,33,22,16,30,3,55,34,6,3,55,85,5,4,21,11,14,35,20,22,2,3,28,59,68,11,8,40,42,17,0,2,5,96,96,21,74,10,18,6.74,7.08,2.87,0,0.34,0.84,0.22,0.24,17.75,0.14,3.88,5.56,9.27,0.51,0.5,,1152.3
A3Z physicality,Forwards,Forwards,A3Z tracked games; five on five,2023–24,20232024,69,8479414,Nathan Bastian,R,1.42,1,154.42,156.15,19,0.35,0.26,0.08,0.18,-0.02,FALSE,,0,FALSE,0.79,80.64,1.87,-0.63,-0.45,typedShotsOnNet,76,217,7,30,11,4,4,1,13,8,5,2,15,27,8,1,5,4,1,5,8,5,3,0,15,20,19,2,1,50,24,8,0,4,1,25,25,4,16,3,1,19.43,9.33,3.11,0,1.55,0.39,0.16,0.06,17.46,0.19,2.72,11.66,5.83,0.39,0.4,,548.93
A3Z physicality,Forwards,Forwards,A3Z tracked games; five on five,2023–24,20232024,70,8481716,Dmitri Voronkov,L,2.3,1,190.42,193.72,18,0.24,0.32,0.14,0.18,-0.02,TRUE,backhandShare,0,FALSE,0.78,80.36,1.55,-0.04,-0.73,,77,234,7,21,4,2,5,0,12,7,3,1,12,25,4,2,5,0,3,3,9,14,1,0,12,17,27,1,2,25,3,14,0,3,3,34,34,7,21,7,2,7.88,0.95,4.41,0,0.95,0.95,0.21,0.1,27.04,0.33,2.21,6.62,3.78,0,0.33,,1009.27
A3Z physicality,Forwards,Forwards,A3Z tracked games; five on five,2023–24,20232024,71,8479351,Sam Steel,C,-0.79,4,299.08,302.87,27,0.35,0.11,-0.07,0.17,-0,FALSE,,0,FALSE,0.77,80.08,-0.55,1.04,0.28,,72,185,13,30,17,10,28,3,50,34,7,1,46,81,8,3,16,14,9,27,23,8,3,1,26,41,29,3,4,21,33,7,0,3,1,42,42,9,27,6,6,4.21,6.62,1.4,0,0.6,0.2,0.21,0.22,19.56,0.22,2.61,6.02,9.23,0.6,0.14,,1019.62
A3Z physicality,Forwards,Forwards,A3Z tracked games; five on five,2023–24,20232024,72,8475231,Casey Cizikas,C,-0.83,3,268.77,273,25,0.36,0.14,-0.03,0.17,0.01,FALSE,,0,FALSE,0.76,79.81,0.37,0.23,0.15,,71,191,16,32,10,2,26,3,35,18,13,7,50,76,6,4,17,8,5,18,17,11,1,1,14,20,25,3,4,44,37,13,0,1,2,31,31,6,24,2,4,9.82,8.26,2.9,0,0.22,0.45,0.19,0.17,15.65,0.08,3.57,7.14,11.16,0.67,0.54,,975.87
A3Z physicality,Forwards,Forwards,A3Z tracked games; five on five,2023–24,20232024,73,8477451,Ryan Hartman,R,-0.35,5,218.55,227.92,18,0.24,0.14,-0.02,0.17,-0,FALSE,,0,FALSE,0.75,79.53,0.68,-0.02,0.09,,72,197,14,18,9,8,17,0,40,32,5,0,31,68,9,6,8,4,9,13,27,15,3,1,14,35,38,4,2,18,15,9,0,8,8,51,51,6,27,5,0,4.94,4.12,2.47,0,2.2,2.2,0.12,0,20.59,0.19,3.84,4.94,8.51,0,0,,1222.23
A3Z physicality,Forwards,Forwards,A3Z tracked games; five on five,2023–24,20232024,74,8476878,Zemgus Girgensons,C,0.43,1,230.05,233.03,21,0.33,0.17,0.01,0.17,-0.02,FALSE,,0,FALSE,0.74,79.25,0.74,0.13,-0.13,typedShotsOnNet,75,197,14,25,8,3,14,5,43,21,18,8,33,61,6,2,22,14,3,24,19,5,0,1,16,23,17,0,0,50,37,9,1,0,2,28,28,0,17,1,4,13.04,9.65,2.35,0.26,0,0.52,0,0.24,31.24,0.06,3.65,6.52,8.61,1.3,0.44,,746.53
A3Z physicality,Forwards,Forwards,A3Z tracked games; five on five,2023–24,20232024,75,8481535,Nils Hoglander,L,-1.57,4,234.5,238.18,22,0.28,0.02,-0.14,0.16,-0,FALSE,,0,FALSE,0.7,78.69,-0.65,0.76,0.59,,69,185,15,30,16,10,18,1,34,26,2,0,28,46,5,2,8,10,9,21,13,14,4,1,24,44,30,4,6,19,34,8,0,0,4,47,47,12,32,5,6,4.86,8.7,2.05,0,0,1.02,0.26,0.19,16.03,0.16,3.84,7.68,7.16,0.26,0,,968.5
A3Z physicality,Forwards,Forwards,A3Z tracked games; five on five,2023–24,20232024,76,8479066,Ryan Lomberg,L,-1.6,3,221.53,226.95,25,0.33,0.1,-0.06,0.16,0.01,FALSE,,0,FALSE,0.69,78.41,0.67,-0.26,0.28,,69,184,12,35,10,4,15,0,32,21,5,1,26,44,5,1,11,8,6,18,14,11,0,1,12,16,24,1,0,73,25,5,0,1,4,28,28,1,20,6,0,19.77,6.77,1.35,0,0.27,1.08,0.04,0,22.66,0.3,3.25,9.48,7.04,0,0.2,,715.52
A3Z physicality,Forwards,Forwards,A3Z tracked games; five on five,2023–24,20232024,77,8479591,Michael Eyssimont,C,-0.42,1,283.67,287.73,25,0.31,0.1,-0.06,0.16,-0.02,FALSE,,0,FALSE,0.69,78.13,0.81,-0.27,0.14,,72,195,13,40,14,8,13,4,33,25,9,4,22,49,3,3,8,12,5,15,18,18,2,2,29,41,60,2,0,47,57,9,1,4,3,71,71,6,56,3,1,9.94,12.06,1.9,0.21,0.85,0.63,0.08,0.02,33.97,0.05,2.75,8.46,4.65,0.85,0.44,,960.08
A3Z physicality,Forwards,Forwards,A3Z tracked games; five on five,2023–24,20232024,78,8479314,Matthew Tkachuk,L,0.35,2,331.03,334.12,25,0.31,0.19,0.04,0.15,0.02,FALSE,,0,FALSE,0.67,77.86,0.42,0.3,-0.05,,74,202,20,40,43,20,39,3,64,45,7,3,61,100,6,6,19,13,15,32,32,23,13,9,83,108,62,5,3,42,32,9,1,4,10,79,79,18,52,4,7,7.61,5.8,1.63,0.18,0.73,1.81,0.23,0.13,24.08,0.08,3.63,7.25,11.06,0.54,0.43,,1491.2
A3Z physicality,Forwards,Forwards,A3Z tracked games; five on five,2023–24,20232024,79,8478133,Jake Evans,C,-0.6,5,181.12,185,17,0.21,0.11,-0.04,0.14,-0,FALSE,,0,FALSE,0.63,77.58,0.45,0.05,0.14,typedShotsOnNet,72,190,5,12,9,4,19,3,27,18,4,2,35,48,5,5,9,10,4,17,10,8,0,2,21,30,17,5,2,21,16,11,0,2,3,25,25,2,17,1,3,6.96,5.3,3.64,0,0.66,0.99,0.08,0.18,26.57,0.06,1.66,3.98,11.59,0.99,0.5,,1313.5
A3Z physicality,Forwards,Forwards,A3Z tracked games; five on five,2023–24,20232024,80,8482092,Ridly Greig,C,-0.82,5,173.13,177.62,16,0.22,0.1,-0.05,0.14,-0,FALSE,,0,FALSE,0.63,77.3,0.23,0.21,0.19,typedShotsOnNet,72,184,9,22,9,5,19,3,27,20,4,3,37,55,6,6,7,10,5,14,13,5,1,2,15,24,13,1,1,16,21,7,0,4,3,21,21,3,16,2,3,5.54,7.28,2.43,0,1.39,1.04,0.14,0.19,22.85,0.12,3.12,7.62,12.82,1.04,0.75,,1061.5
A3Z physicality,Forwards,Forwards,A3Z tracked games; five on five,2023–24,20232024,81,8479365,Trent Frederic,C,1.31,3,257.38,260.07,21,0.26,0.19,0.05,0.14,0.01,FALSE,,0,FALSE,0.62,77.02,0.6,0.21,-0.19,,75,221,11,27,10,6,18,1,38,24,7,3,41,64,8,7,14,12,6,25,13,8,1,2,25,40,26,1,2,38,33,13,0,3,1,37,37,7,29,3,5,8.86,7.69,3.03,0,0.7,0.23,0.19,0.17,18.38,0.1,2.56,6.29,9.56,0.23,0.43,,1127.98
A3Z physicality,Forwards,Forwards,A3Z tracked games; five on five,2023–24,20232024,82,8475169,Evander Kane,L,0.94,1,457.3,465.87,31,0.4,0.18,0.04,0.14,-0.02,FALSE,,0,FALSE,0.62,76.74,0.39,0.52,-0.29,,74,218,25,48,16,6,24,2,71,45,7,1,56,119,16,11,26,19,8,34,37,43,2,1,23,41,90,3,13,106,49,5,0,5,3,118,118,20,74,6,12,13.91,6.43,0.66,0,0.66,0.39,0.17,0.16,24.83,0.08,3.28,6.3,7.35,0.26,0.14,,1291.82
A3Z physicality,Forwards,Forwards,A3Z tracked games; five on five,2023–24,20232024,83,8476393,Nick Cousins,C,-0.83,4,270.88,273.47,23,0.33,0.06,-0.07,0.13,-0,FALSE,,0,FALSE,0.59,76.46,0.54,-0.24,0.29,,71,191,14,35,24,5,29,0,52,36,3,1,55,82,11,4,16,16,10,34,18,18,4,2,33,47,35,6,4,48,56,10,1,1,3,38,38,2,31,4,2,10.63,12.4,2.21,0.22,0.22,0.66,0.05,0.06,28.35,0.13,3.1,7.75,12.18,0,0.33,,840.83
A3Z physicality,Forwards,Forwards,A3Z tracked games; five on five,2023–24,20232024,84,8476539,Jonathan Marchessault,R,-1.57,4,303.72,305.5,23,0.28,-0,-0.14,0.13,-0,FALSE,,0,FALSE,0.59,76.18,-0.06,0.06,0.59,,69,185,12,21,15,7,21,3,67,55,6,2,38,101,10,10,12,15,10,20,47,16,3,3,37,50,44,1,3,31,22,4,0,7,3,58,58,7,42,2,5,6.12,4.35,0.79,0,1.38,0.59,0.12,0.12,27.21,0.05,2.37,4.15,7.51,0.59,0.33,,1467.38
A3Z physicality,Forwards,Forwards,A3Z tracked games; five on five,2023–24,20232024,85,8478462,Nicolas Roy,C,0.8,4,184.85,189.72,16,0.23,0.2,0.08,0.13,-0,TRUE,forecheckPressuresPer60,0,FALSE,0.56,75.91,0.58,0.33,-0.35,typedShotsOnNet,76,200,10,38,16,5,24,2,39,31,4,2,32,56,5,4,8,10,13,19,20,8,3,1,23,36,22,5,3,20,18,9,0,2,0,25,25,8,15,3,1,6.49,5.84,2.92,0,0.65,0,0.32,0.07,14.76,0.2,3.25,12.33,10.39,0.65,0.5,,1081.68
A3Z physicality,Forwards,Forwards,A3Z tracked games; five on five,2023–24,20232024,86,8481028,Martin Pospisil,C,-0.7,2,166.1,169.05,15,0.24,0.12,-0.01,0.12,0.02,FALSE,,0,FALSE,0.54,75.63,0.78,-0.37,0.14,,74,173,7,30,12,5,13,1,28,20,5,3,24,47,7,5,8,12,3,16,12,9,0,2,21,35,27,3,2,52,20,2,0,3,5,31,31,4,23,1,3,18.78,7.22,0.72,0,1.08,1.81,0.13,0.13,28.02,0.04,2.53,10.84,8.67,0.36,0.6,,801.33
A3Z physicality,Forwards,Forwards,A3Z tracked games; five on five,2023–24,20232024,87,8477846,Ryan Carpenter,C,-0.05,5,163.6,166.42,17,0.27,0.11,-0.01,0.12,-0,FALSE,,0,FALSE,0.53,75.35,0.15,0.36,0.03,locatedAttempts; typedShotsOnNet,73,198,5,12,8,4,19,2,27,18,9,1,42,66,13,3,9,5,5,11,16,4,1,0,11,21,8,0,3,19,13,11,0,0,0,18,18,4,12,1,3,6.97,4.77,4.03,0,0,0,0.22,0.25,23.39,0.08,1.83,4.4,15.4,0.73,0.11,,688.38
A3Z physicality,Forwards,Forwards,A3Z tracked games; five on five,2023–24,20232024,88,8477450,Jason Dickinson,C,0.28,4,291.28,294.35,25,0.3,0.15,0.03,0.12,-0,FALSE,,0,FALSE,0.52,75.07,1.6,-0.93,-0.15,,74,200,20,34,17,9,30,6,48,35,9,4,46,77,9,2,13,16,10,24,24,13,2,1,26,44,37,1,0,46,27,18,1,3,1,53,53,2,36,0,3,9.48,5.56,3.71,0.21,0.62,0.21,0.04,0.08,32.39,0,4.12,7,9.48,1.24,0.44,,1358.82
A3Z physicality,Forwards,Forwards,A3Z tracked games; five on five,2023–24,20232024,89,8470621,Corey Perry,R,0.91,4,245.38,246.28,23,0.43,0.2,0.09,0.11,-0,FALSE,,0,FALSE,0.51,74.79,0.14,0.76,-0.39,,75,210,15,28,9,6,19,1,29,25,2,0,30,55,4,6,4,2,9,12,17,9,4,0,17,29,23,2,2,17,22,6,1,7,4,35,35,10,23,4,3,4.16,5.38,1.47,0.24,1.71,0.98,0.29,0.13,19.03,0.17,3.67,6.85,7.34,0.24,0,,722.63
A3Z physicality,Forwards,Forwards,A3Z tracked games; five on five,2023–24,20232024,90,8478043,Sam Lafferty,C,0.46,3,246.75,251.62,22,0.28,0.13,0.02,0.11,0.01,FALSE,,0,FALSE,0.51,74.51,0.35,0.21,-0.05,,74,205,16,35,14,7,20,2,35,25,7,3,39,61,5,6,10,11,8,20,15,6,2,1,24,36,18,2,1,50,47,8,0,3,4,28,28,5,20,2,5,12.16,11.43,1.95,0,0.73,0.97,0.18,0.25,19.68,0.1,3.89,8.51,9.48,0.49,0.43,,938.47
A3Z physicality,Forwards,Forwards,A3Z tracked games; five on five,2023–24,20232024,91,8476474,Stefan Noesen,R,0.2,2,363.57,372.98,37,0.46,0.14,0.03,0.11,0.02,FALSE,,0,FALSE,0.5,74.23,0.29,0.23,-0.02,,73,205,9,45,16,10,25,3,50,30,12,8,44,73,8,2,20,7,13,28,22,12,9,2,30,49,28,4,6,50,30,10,0,2,3,62,62,13,39,5,7,8.25,4.95,1.65,0,0.33,0.5,0.21,0.18,17.5,0.13,1.49,7.43,7.26,0.5,0.67,,960.92
A3Z physicality,Forwards,Forwards,A3Z tracked games; five on five,2023–24,20232024,92,8474102,David Perron,L,-0.17,5,321.02,321.3,28,0.37,0.1,-0.02,0.11,-0,FALSE,,0,FALSE,0.5,73.96,0.61,-0.17,0.05,,72,202,10,45,12,5,17,4,61,29,5,2,49,94,6,11,32,8,8,29,32,14,1,0,21,36,31,1,3,31,17,10,0,4,4,36,36,2,28,0,5,5.79,3.18,1.87,0,0.75,0.75,0.06,0.18,26.43,0,1.87,8.41,9.16,0.75,0.4,,1187.8
A3Z physicality,Forwards,Forwards,A3Z tracked games; five on five,2023–24,20232024,93,8480448,Parker Kelly,C,-0.53,1,201.9,207.9,25,0.31,0.05,-0.06,0.11,-0.02,TRUE,hitsReceivedPer60,0,FALSE,0.5,73.68,0.87,-0.55,0.18,typedShotsOnNet,73,185,7,24,7,3,19,1,48,37,3,2,33,73,3,5,11,15,8,17,31,7,0,1,11,18,14,0,0,49,46,16,0,1,4,22,22,0,15,2,2,14.56,13.67,4.75,0,0.3,1.19,0,0.13,34.93,0.13,2.08,7.13,9.81,0.3,0.67,,936.53
A3Z physicality,Forwards,Forwards,A3Z tracked games; five on five,2023–24,20232024,94,8480821,Filip Zadina,R,-0.6,5,221.55,225.58,19,0.26,0.08,-0.04,0.11,-0,FALSE,,0,FALSE,0.5,73.4,0.61,-0.26,0.14,,72,190,5,17,7,2,11,2,20,13,3,0,25,41,10,3,7,6,6,13,7,16,1,1,13,18,33,1,2,15,9,8,0,3,2,40,40,1,29,3,3,4.06,2.44,2.17,0,0.81,0.54,0.03,0.1,29.11,0.1,1.35,4.6,6.77,0.54,0,,960.47
A3Z physicality,Forwards,Forwards,A3Z tracked games; five on five,2023–24,20232024,95,8476483,Rickard Rakell,R,-0.2,4,306.72,306.93,22,0.31,0.1,-0.01,0.11,-0,FALSE,,0,FALSE,0.49,73.12,0.36,0.09,0.04,,73,194,14,30,13,13,20,0,41,29,13,6,36,65,6,4,12,4,14,23,18,15,3,4,28,59,45,1,4,36,30,14,0,0,3,65,65,5,44,4,7,7.04,5.87,2.74,0,0,0.59,0.08,0.16,26.31,0.09,2.74,5.87,7.04,0,0.46,,1156.1
A3Z physicality,Forwards,Forwards,A3Z tracked games; five on five,2023–24,20232024,96,8477446,Michael McCarron,C,2.49,5,169.92,172.07,16,0.23,0.22,0.11,0.11,-0,FALSE,,0,FALSE,0.48,72.84,0.58,0.39,-0.5,typedShotsOnNet,78,232,8,13,12,2,9,2,25,15,4,2,23,35,4,4,10,7,5,14,11,11,1,1,15,19,20,2,3,31,26,6,2,0,1,25,25,5,15,2,3,10.95,9.18,2.12,0.71,0,0.35,0.2,0.2,18.11,0.13,2.82,4.59,8.12,0.71,0.5,,893.68
A3Z physicality,Forwards,Forwards,A3Z tracked games; five on five,2023–24,20232024,97,8477952,Robby Fabbri,C,-1.05,2,229.32,231.52,22,0.32,0.09,-0.02,0.11,0.02,FALSE,,0,FALSE,0.47,72.56,0.05,0.22,0.2,typedShotsOnNet,71,185,7,27,13,4,22,5,34,24,7,0,41,69,11,6,10,9,7,19,15,7,1,2,20,34,22,5,2,17,26,11,0,2,1,21,21,4,15,0,2,4.45,6.8,2.88,0,0.52,0.26,0.19,0.13,15.03,0,1.83,7.06,10.73,1.31,0,,875.05
A3Z physicality,Forwards,Forwards,A3Z tracked games; five on five,2023–24,20232024,98,8470794,Joe Pavelski,C,-0.12,2,406.97,413.17,31,0.38,0.12,0.02,0.11,0.02,FALSE,,0,FALSE,0.47,72.28,0.46,-0.02,0.03,,73,196,8,38,10,8,33,2,67,55,8,2,52,102,6,4,12,7,21,33,34,21,1,1,29,55,52,7,7,35,13,24,0,2,4,65,65,6,50,2,7,5.16,1.92,3.54,0,0.29,0.59,0.09,0.14,24.41,0.04,1.18,5.6,7.67,0.29,0.25,,1378.37
A3Z physicality,Forwards,Forwards,A3Z tracked games; five on five,2023–24,20232024,99,8476292,Ondrej Palat,L,-0.46,2,235.83,236.95,19,0.27,0.11,0,0.11,0.02,FALSE,,0,FALSE,0.47,72.01,0.57,-0.19,0.09,,72,194,10,23,19,9,25,3,53,38,6,2,47,82,10,8,15,14,9,26,27,9,2,0,32,49,29,4,1,25,27,8,1,2,1,37,37,2,29,1,4,6.36,6.87,2.04,0.25,0.51,0.25,0.05,0.14,21.63,0.03,2.54,5.85,11.96,0.76,0.33,,1111.05
A3Z physicality,Forwards,Forwards,A3Z tracked games; five on five,2023–24,20232024,100,8478569,Noel Acciari,C,-0.35,5,169.15,172.52,18,0.33,0.08,-0.02,0.11,-0,FALSE,,0,FALSE,0.46,71.73,0.47,-0.1,0.09,typedShotsOnNet,71,204,3,20,1,1,12,2,21,13,10,7,21,35,2,2,8,3,4,10,11,8,1,0,6,7,17,0,4,43,19,14,0,0,1,24,24,4,16,2,2,15.25,6.74,4.97,0,0,0.35,0.17,0.12,17.86,0.12,1.06,7.09,7.45,0.71,0.7,,713.4
A3Z physicality,Forwards,Forwards,A3Z tracked games; five on five,2023–24,20232024,101,8482089,Jake Neighbours,L,-0.2,2,273.93,278.63,23,0.3,0.12,0.01,0.1,0.02,FALSE,,0,FALSE,0.46,71.45,0.22,0.2,0.05,,72,201,8,22,15,8,22,2,51,41,5,2,37,77,7,5,10,17,7,22,29,12,0,1,24,39,27,2,5,37,39,13,0,1,3,36,36,4,26,4,2,8.1,8.54,2.85,0,0.22,0.66,0.11,0.08,23.31,0.15,1.75,4.82,8.1,0.44,0.4,,1209.43
A3Z physicality,Forwards,Forwards,A3Z tracked games; five on five,2023–24,20232024,102,8478493,Joel Eriksson Ek,C,0.8,2,228.93,229.88,18,0.23,0.16,0.05,0.1,0.02,FALSE,,0,FALSE,0.45,71.17,0.44,0.14,-0.13,,75,207,19,39,12,6,19,4,38,23,11,4,36,60,3,3,15,8,6,21,17,22,3,1,17,31,40,2,1,31,21,4,0,4,1,49,49,14,36,2,0,8.12,5.5,1.05,0,1.05,0.26,0.29,0,27.31,0.06,4.98,10.22,9.44,1.05,0.36,,1580.62
A3Z physicality,Forwards,Forwards,A3Z tracked games; five on five,2023–24,20232024,103,8477021,Alexander Kerfoot,C,-1.05,4,203.37,207.6,18,0.22,0,-0.09,0.09,-0,FALSE,,0,FALSE,0.42,70.89,-0.41,0.45,0.38,,71,185,7,20,14,6,29,4,37,26,10,5,51,73,10,5,11,7,14,22,15,8,3,0,23,37,22,1,1,12,26,10,0,1,0,28,28,10,21,1,5,3.54,7.67,2.95,0,0.3,0,0.36,0.24,17.9,0.05,2.07,5.9,15.05,1.18,0.5,,1429.6
A3Z physicality,Forwards,Forwards,A3Z tracked games; five on five,2023–24,20232024,104,8474870,Tyler Johnson,C,-1.61,3,251.78,254.53,21,0.31,0.04,-0.06,0.09,0.01,FALSE,,0,FALSE,0.42,70.61,0.07,0.06,0.28,,68,191,5,25,5,4,12,1,32,18,4,1,36,63,11,6,14,5,6,19,13,13,0,0,18,26,26,2,2,17,10,8,0,1,1,42,42,11,27,0,4,4.05,2.38,1.91,0,0.24,0.24,0.26,0.15,20.99,0,1.19,5.96,8.58,0.24,0.25,,1041.08
A3Z physicality,Forwards,Forwards,A3Z tracked games; five on five,2023–24,20232024,105,8480025,MacKenzie Entwistle,R,0.65,3,189.27,191.42,19,0.28,0.12,0.03,0.09,0.01,FALSE,,0,FALSE,0.4,70.33,0.66,-0.17,-0.08,,75,203,7,19,6,7,10,1,25,12,6,4,28,40,1,4,13,2,5,18,7,14,1,2,16,20,22,3,1,33,25,7,0,4,2,29,29,1,22,2,4,10.46,7.93,2.22,0,1.27,0.63,0.03,0.18,30.02,0.09,2.22,6.02,8.88,0.32,0.67,,762.93
A3Z physicality,Forwards,Forwards,A3Z tracked games; five on five,2023–24,20232024,106,8474715,Cam Atkinson,R,-2.08,1,279.33,283,23,0.33,-0.09,-0.18,0.09,-0.02,FALSE,,0,FALSE,0.39,70.06,-0.47,0.19,0.68,,68,178,10,17,11,2,17,5,46,30,4,0,37,62,6,5,16,6,11,27,19,23,1,0,26,41,53,2,4,7,10,13,0,1,2,60,60,5,47,7,6,1.5,2.15,2.79,0,0.21,0.43,0.08,0.13,27.4,0.15,2.15,3.65,7.95,1.07,0,,1116.18
A3Z physicality,Forwards,Forwards,A3Z tracked games; five on five,2023–24,20232024,107,8475855,Jesper Fast,R,-0.31,5,363.65,372.45,34,0.47,0.06,-0.02,0.09,-0,TRUE,medianShotDistance,0,FALSE,0.38,69.78,-0.33,0.63,0.08,,73,191,25,61,37,6,22,1,51,29,14,3,42,67,7,2,22,6,14,31,20,13,3,1,49,67,29,6,6,35,56,6,0,5,4,48,48,17,40,7,13,5.77,9.24,0.99,0,0.82,0.66,0.35,0.32,10.67,0.17,4.12,10.06,6.93,0.16,0.21,,920.13
A3Z physicality,Forwards,Forwards,A3Z tracked games; five on five,2023–24,20232024,108,8476897,Oskar Sundqvist,C,0.91,2,223.73,226.77,23,0.32,0.14,0.06,0.09,0.02,FALSE,,0,FALSE,0.38,69.22,0.26,0.27,-0.15,,75,210,8,18,9,4,18,3,26,18,4,3,39,55,8,5,8,5,5,15,11,14,1,2,13,17,28,3,1,22,22,12,0,3,7,36,36,5,23,1,5,5.9,5.9,3.22,0,0.8,1.88,0.14,0.22,29.7,0.04,2.15,4.83,10.46,0.8,0.75,,940.73
A3Z physicality,Forwards,Forwards,A3Z tracked games; five on five,2023–24,20232024,109,8477503,Max Domi,C,-0.47,5,279.13,285.12,25,0.31,0.05,-0.03,0.08,-0,FALSE,,0,FALSE,0.37,68.94,0.66,-0.4,0.11,,70,208,7,18,13,7,26,3,48,35,9,3,48,77,8,5,13,9,14,27,21,15,2,6,41,60,45,2,1,16,17,6,1,6,2,51,51,1,36,2,1,3.44,3.65,1.29,0.21,1.29,0.43,0.02,0.03,37.64,0.06,1.5,3.87,10.32,0.64,0.33,,1102.8
A3Z physicality,Forwards,Forwards,A3Z tracked games; five on five,2023–24,20232024,110,8479390,Taylor Raddysh,R,0.32,5,254.57,259.48,22,0.3,0.09,0.01,0.08,-0,FALSE,,0,FALSE,0.35,68.66,0.44,-0.04,-0.05,,74,201,11,27,10,5,19,1,41,25,5,3,36,60,5,4,16,7,9,23,18,5,1,2,20,31,26,1,1,24,22,7,0,3,0,37,37,6,25,5,1,5.66,5.19,1.65,0,0.71,0,0.16,0.04,21.59,0.2,2.59,6.36,8.49,0.24,0.6,,1159.45
A3Z physicality,Forwards,Forwards,A3Z tracked games; five on five,2023–24,20232024,111,8477960,Adrian Kempe,R,0.46,1,280.28,284.12,22,0.29,0.09,0.01,0.08,-0.02,FALSE,,0,FALSE,0.34,68.38,0.15,0.33,-0.14,,74,205,15,24,11,8,34,6,57,44,11,1,53,97,13,6,13,18,12,30,27,17,0,2,28,43,59,5,0,35,19,8,0,4,10,61,61,5,46,5,4,7.49,4.07,1.71,0,0.86,2.14,0.08,0.09,34.41,0.11,3.21,5.14,11.35,1.28,0.09,,1457.92
A3Z physicality,Forwards,Forwards,A3Z tracked games; five on five,2023–24,20232024,112,8478047,Michael Bunting,L,-0.75,5,366.2,371.9,31,0.38,0.03,-0.04,0.07,-0,FALSE,,0,FALSE,0.33,68.11,0.27,-0.11,0.17,,72,186,19,50,31,11,21,0,47,28,8,2,39,65,9,3,19,10,11,28,19,17,4,3,46,68,51,3,0,20,20,8,1,5,6,56,56,3,35,10,3,3.28,3.28,1.31,0.16,0.82,0.98,0.05,0.09,26.24,0.29,3.11,8.19,6.39,0,0.25,,1270.53
A3Z physicality,Forwards,Forwards,A3Z tracked games; five on five,2023–24,20232024,113,8477987,Ryan Donato,C,-0.6,5,292.68,294.12,25,0.32,0.04,-0.04,0.07,-0,FALSE,,0,FALSE,0.32,67.83,0.24,-0.05,0.14,,72,190,4,27,11,5,27,6,52,25,3,1,58,87,13,2,27,9,10,36,16,12,5,1,22,28,32,1,2,32,25,11,1,1,3,42,42,9,40,8,4,6.56,5.12,2.25,0.2,0.2,0.61,0.21,0.1,18.31,0.2,0.82,5.53,11.89,1.23,0.33,,1091.93
A3Z physicality,Forwards,Forwards,A3Z tracked games; five on five,2023–24,20232024,114,8479407,Jesper Bratt,L,-1.67,4,307.03,307.27,23,0.28,-0.07,-0.15,0.07,-0,FALSE,,0,FALSE,0.32,67.55,-0.36,0.05,0.63,,70,175,7,27,14,7,27,1,45,33,17,4,43,72,7,7,12,14,9,23,22,10,2,10,52,75,51,1,1,16,18,11,0,0,3,52,52,5,39,6,2,3.13,3.52,2.15,0,0,0.59,0.1,0.05,30.21,0.15,1.37,5.28,8.4,0.2,0.24,,1583.2
A3Z physicality,Forwards,Forwards,A3Z tracked games; five on five,2023–24,20232024,115,8480797,Joel Farabee,L,-0.75,4,319.73,329.3,25,0.3,0.01,-0.06,0.07,-0,FALSE,,0,FALSE,0.31,67.27,0.38,-0.32,0.26,,72,186,11,32,10,7,26,1,51,37,4,1,44,75,3,5,14,16,9,30,21,19,2,1,37,54,50,2,2,20,21,15,1,1,3,62,62,2,47,5,4,3.75,3.94,2.81,0.19,0.19,0.56,0.03,0.09,33.74,0.11,2.06,6.01,8.26,0.19,0.25,,1327.28
A3Z physicality,Forwards,Forwards,A3Z tracked games; five on five,2023–24,20232024,116,8480068,Ryan Poehling,C,0.5,3,246.15,256.4,23,0.3,0.09,0.02,0.07,0.01,FALSE,,0,FALSE,0.31,66.99,0.12,0.25,-0.06,,74,206,12,23,15,6,22,1,40,27,18,5,42,61,5,4,13,16,7,27,13,16,0,3,32,42,33,3,1,27,25,18,0,0,4,38,38,9,25,1,2,6.58,6.09,4.39,0,0,0.98,0.24,0.08,20.2,0.04,2.93,5.61,10.24,0.24,0.28,,1154.67
A3Z physicality,Forwards,Forwards,A3Z tracked games; five on five,2023–24,20232024,117,8480064,Josh Norris,C,0.14,2,285.8,290.82,21,0.42,0.1,0.03,0.07,0.02,FALSE,,0,FALSE,0.31,66.71,0.66,-0.34,-0.01,,74,196,10,42,18,3,30,4,45,31,11,3,51,87,10,5,14,12,11,25,20,16,1,0,29,47,36,2,5,43,31,12,0,3,2,45,45,4,38,1,6,9.03,6.51,2.52,0,0.63,0.42,0.09,0.16,20.62,0.03,2.1,8.82,10.71,0.84,0.27,,881.87
A3Z physicality,Forwards,Forwards,A3Z tracked games; five on five,2023–24,20232024,118,8477330,Dominik Kubalik,L,-0.01,3,268.15,271.53,24,0.32,0.07,0,0.07,0.01,FALSE,,0,FALSE,0.3,66.43,0.62,-0.34,0.02,,74,192,3,21,11,3,18,4,35,29,5,0,32,57,11,7,6,12,9,19,16,13,3,1,16,24,28,1,3,15,6,10,1,2,1,34,34,1,24,1,4,3.36,1.34,2.24,0.22,0.45,0.22,0.03,0.17,38.95,0.04,0.67,4.7,7.16,0.9,0,,897.02
A3Z physicality,Forwards,Forwards,A3Z tracked games; five on five,2023–24,20232024,119,8479400,Pierre-Luc Dubois,C,1.53,3,279.25,285.33,23,0.28,0.13,0.06,0.07,0.01,FALSE,,0,FALSE,0.3,66.16,0.4,0.12,-0.22,,76,220,10,21,11,8,22,7,33,29,16,3,39,65,10,4,4,15,7,17,16,8,5,0,36,54,29,2,0,32,26,8,0,10,7,39,39,6,28,1,2,6.88,5.59,1.72,0,2.15,1.5,0.15,0.07,22.83,0.04,2.15,4.51,8.38,1.5,0.19,,1287.5
A3Z physicality,Forwards,Forwards,A3Z tracked games; five on five,2023–24,20232024,120,8482149,Cole Perfetti,C,-1.05,4,278.25,280.25,25,0.35,-0.02,-0.09,0.07,-0,FALSE,,0,FALSE,0.3,65.88,-0.27,0.19,0.38,,71,185,7,41,13,9,21,0,44,26,7,2,35,69,6,1,18,10,7,20,24,13,1,5,18,33,49,3,5,10,11,10,0,2,0,65,65,10,46,6,9,2.16,2.37,2.16,0,0.43,0,0.15,0.2,20,0.13,1.51,8.84,7.55,0,0.29,,964.78
A3Z physicality,Forwards,Forwards,A3Z tracked games; five on five,2023–24,20232024,121,8478445,Mathew Barzal,C,-0.49,3,464,468.33,29,0.36,0.05,-0.02,0.07,0.01,FALSE,,0,FALSE,0.29,65.6,0.08,0.11,0.1,,73,186,29,38,39,31,62,8,83,71,17,10,88,140,19,4,12,39,18,47,36,22,6,11,97,143,66,2,4,27,18,18,0,4,6,77,77,4,54,10,4,3.49,2.33,2.33,0,0.52,0.78,0.05,0.07,29.41,0.19,3.75,4.91,11.38,1.03,0.59,,1610.6
A3Z physicality,Forwards,Forwards,A3Z tracked games; five on five,2023–24,20232024,122,8476981,Josh Anderson,R,1.49,5,221.95,222.25,17,0.22,0.12,0.06,0.06,-0,FALSE,,0,FALSE,0.28,65.32,0.48,0.09,-0.29,,75,226,12,27,11,5,14,5,28,21,8,1,27,50,7,4,7,10,6,17,11,13,0,2,16,30,36,1,3,26,13,8,0,2,5,42,42,4,29,5,4,7.03,3.51,2.16,0,0.54,1.35,0.1,0.14,25.16,0.17,3.24,7.3,7.3,1.35,0.12,,1206.15
A3Z physicality,Forwards,Forwards,A3Z tracked games; five on five,2023–24,20232024,123,8481580,Connor McMichael,L,-0.97,3,301.8,304.88,25,0.31,0.03,-0.03,0.06,0.01,FALSE,,0,FALSE,0.26,65.04,-0.09,0.17,0.18,,72,180,16,27,13,9,23,5,48,36,9,3,41,75,4,3,12,16,9,25,23,16,2,1,27,48,41,1,1,19,16,8,0,2,2,54,54,6,36,5,4,3.78,3.18,1.59,0,0.4,0.4,0.11,0.11,24.88,0.14,3.18,5.37,8.15,0.99,0.33,,1278.93
A3Z physicality,Forwards,Forwards,A3Z tracked games; five on five,2023–24,20232024,124,8476480,Vladislav Namestnikov,C,-0.93,4,324.7,327.58,28,0.36,-0.02,-0.08,0.06,-0,FALSE,,0,FALSE,0.25,64.76,-0.45,0.36,0.34,typedShotsOnNet,72,181,12,39,29,16,33,4,44,36,15,5,57,77,9,4,8,17,11,28,16,11,2,5,46,79,22,1,1,26,45,13,0,1,5,31,31,4,18,4,1,4.8,8.32,2.4,0,0.18,0.92,0.13,0.06,22.02,0.22,2.22,7.21,10.53,0.74,0.33,,1128.27
A3Z physicality,Forwards,Forwards,A3Z tracked games; five on five,2023–24,20232024,125,8478472,Mathieu Joseph,R,-0.38,1,292.68,298.9,23,0.32,0,-0.05,0.05,-0.02,FALSE,,0,FALSE,0.24,64.48,0.21,-0.1,0.13,,73,189,12,28,9,7,29,6,69,48,6,0,44,97,6,2,21,19,10,33,36,15,2,3,21,45,43,2,8,31,38,11,1,1,4,53,53,2,39,2,6,6.35,7.79,2.25,0.2,0.2,0.82,0.04,0.15,26,0.05,2.46,5.74,9.02,1.23,0,,1185.98
A3Z physicality,Forwards,Forwards,A3Z tracked games; five on five,2023–24,20232024,126,8475184,Chris Kreider,L,1.71,2,333.48,337.77,27,0.33,0.14,0.09,0.05,0.02,FALSE,,0,FALSE,0.23,64.21,0.07,0.46,-0.3,,75,232,12,23,16,11,26,5,61,43,9,2,48,92,10,7,18,8,16,29,32,19,4,2,38,65,66,2,13,30,15,4,0,5,2,84,84,13,57,5,13,5.4,2.7,0.72,0,0.9,0.36,0.15,0.23,26.98,0.09,2.16,4.14,8.64,0.9,0.22,,1540.25
A3Z physicality,Forwards,Forwards,A3Z tracked games; five on five,2023–24,20232024,127,8471699,Andrew Cogliano,C,-1.53,2,183.78,185.95,24,0.32,0.01,-0.04,0.05,0.02,TRUE,medianShotDistance,0,FALSE,0.23,63.93,0.15,-0.2,0.29,locatedAttempts; typedShotsOnNet,70,179,9,16,14,7,16,3,34,20,5,0,31,48,7,3,14,6,8,22,12,6,2,1,22,33,16,1,1,12,17,9,0,4,3,17,17,1,14,0,2,3.92,5.55,2.94,0,1.31,0.98,0.06,0.14,40.5,0,2.94,5.22,10.12,0.98,0,,795.73
A3Z physicality,Forwards,Forwards,A3Z tracked games; five on five,2023–24,20232024,128,8477392,Hudson Fasching,R,1.05,3,213.78,216,18,0.4,0.09,0.04,0.05,0.01,FALSE,,0,FALSE,0.22,63.65,0.17,0.2,-0.15,typedShotsOnNet,75,214,6,24,4,2,14,2,35,23,9,3,30,50,5,4,12,11,5,20,15,10,0,1,10,18,16,0,1,16,12,17,0,0,2,23,23,7,16,1,3,4.49,3.37,4.77,0,0,0.56,0.3,0.19,16.12,0.06,1.68,6.74,8.42,0.56,0.33,,541.92
A3Z physicality,Forwards,Forwards,A3Z tracked games; five on five,2023–24,20232024,129,8476479,Phillip Danault,C,0.02,2,302.85,306.63,23,0.29,0.07,0.02,0.05,0.02,FALSE,,0,FALSE,0.22,63.37,-0.26,0.47,0.01,,73,200,14,26,13,10,40,6,47,34,12,1,68,103,13,3,13,7,15,25,22,8,3,3,39,61,37,3,2,17,18,13,0,2,5,52,52,10,39,6,4,3.37,3.57,2.58,0,0.4,0.99,0.19,0.1,20.53,0.15,2.77,5.15,13.47,1.19,0.08,,1405.65
A3Z physicality,Forwards,Forwards,A3Z tracked games; five on five,2023–24,20232024,130,8473449,Kyle Okposo,R,0.34,4,205.5,209,19,0.28,0.08,0.04,0.05,-0,FALSE,,0,FALSE,0.22,63.09,0.75,-0.36,-0.17,typedShotsOnNet,72,216,8,25,10,5,21,0,39,24,7,2,35,61,7,5,15,9,11,22,17,11,1,1,14,19,24,1,1,22,15,9,0,3,0,28,28,3,19,1,2,6.42,4.38,2.63,0,0.88,0,0.11,0.11,25.32,0.05,2.34,7.3,10.22,0,0.29,,894.63
A3Z physicality,Forwards,Forwards,A3Z tracked games; five on five,2023–24,20232024,131,8475193,Tomas Tatar,L,-1.74,3,254.2,259.07,23,0.33,-0.01,-0.06,0.05,0.01,FALSE,,0,FALSE,0.22,62.81,-0.3,0.21,0.3,typedShotsOnNet,70,173,11,22,11,4,19,1,23,14,8,3,34,44,6,1,9,9,4,16,7,9,1,1,29,41,24,1,2,15,24,4,0,4,1,32,32,5,15,1,3,3.54,5.66,0.94,0,0.94,0.24,0.16,0.2,25.25,0.07,2.6,5.19,8.03,0.24,0.38,,871.67
A3Z physicality,Forwards,Forwards,A3Z tracked games; five on five,2023–24,20232024,132,8482667,William Eklund,L,-1.31,4,266.57,267.93,19,0.24,-0.06,-0.11,0.05,-0,FALSE,,0,FALSE,0.21,62.53,-0.34,0.07,0.48,,70,185,9,24,18,6,15,3,25,20,3,1,26,39,4,2,5,9,6,15,10,9,6,1,35,46,22,1,2,8,11,12,0,4,3,27,27,4,21,2,1,1.8,2.48,2.7,0,0.9,0.68,0.15,0.05,22.83,0.1,2.03,5.4,5.85,0.68,0.33,,1492.97
A3Z physicality,Forwards,Forwards,A3Z tracked games; five on five,2023–24,20232024,133,8477406,Mattias Janmark,C,0.46,4,240.25,242.3,25,0.35,0.09,0.05,0.05,-0,FALSE,,0,FALSE,0.2,62.26,-0.01,0.43,-0.22,typedShotsOnNet,74,205,7,27,3,9,12,1,19,18,2,1,17,32,3,0,1,6,3,7,12,6,2,0,18,25,16,1,4,21,18,6,0,3,3,28,28,6,19,1,6,5.24,4.5,1.5,0,0.75,0.75,0.21,0.32,13.3,0.05,1.75,6.74,4.25,0.25,0.5,,844.57
A3Z physicality,Forwards,Forwards,A3Z tracked games; five on five,2023–24,20232024,134,8474564,Steven Stamkos,C,-0.23,5,333.18,334.43,25,0.32,0.03,-0.02,0.04,-0,FALSE,,0,FALSE,0.2,61.98,0.19,-0.06,0.06,,73,193,7,24,17,7,29,4,43,35,11,6,44,76,7,4,8,5,13,20,23,19,2,3,34,57,54,2,4,28,21,10,0,3,5,60,60,8,45,2,5,5.04,3.78,1.8,0,0.54,0.9,0.13,0.11,23.59,0.04,1.26,4.32,7.92,0.72,0.55,,1440.05
A3Z physicality,Forwards,Forwards,A3Z tracked games; five on five,2023–24,20232024,135,8477479,Tyler Bertuzzi,L,0.28,1,340.15,347.32,25,0.31,0.04,-0,0.04,-0.02,FALSE,,0,FALSE,0.19,61.7,0.25,0.03,-0.08,,74,200,18,49,20,9,28,3,61,41,5,2,46,86,12,4,20,17,15,30,31,20,5,3,31,49,42,3,3,31,39,10,0,7,4,60,60,8,36,4,6,5.47,6.88,1.76,0,1.23,0.71,0.13,0.17,20.62,0.11,3.18,8.64,8.11,0.53,0.4,,1283.65
A3Z physicality,Forwards,Forwards,A3Z tracked games; five on five,2023–24,20232024,136,8475287,Erik Haula,L,-0.83,2,267.1,271.82,22,0.29,0.03,-0.01,0.04,0.02,FALSE,,0,FALSE,0.19,61.42,0.07,-0.04,0.16,,71,191,4,24,13,4,12,3,30,19,5,2,33,58,13,5,11,5,7,17,13,9,4,3,26,35,33,4,2,20,17,6,0,4,1,46,46,4,33,1,5,4.49,3.82,1.35,0,0.9,0.22,0.09,0.15,26.03,0.03,0.9,5.39,7.41,0.67,0.4,,1282.72
A3Z physicality,Forwards,Forwards,A3Z tracked games; five on five,2023–24,20232024,137,8478413,Jordan Greenway,L,2.45,4,270.15,273.87,21,0.31,0.27,0.22,0.04,-0,FALSE,,0,FALSE,0.18,61.14,1.88,-0.69,-1,,78,231,8,34,7,2,11,4,32,18,7,3,26,63,9,3,14,7,3,10,22,7,0,1,15,27,30,1,0,42,14,12,1,6,1,43,43,4,33,2,3,9.33,3.11,2.67,0.22,1.33,0.22,0.09,0.09,36.24,0.06,1.78,7.55,5.77,0.89,0.43,,1155.72
A3Z physicality,Forwards,Forwards,A3Z tracked games; five on five,2023–24,20232024,138,8480028,Morgan Frost,C,-0.49,3,230.97,234.05,19,0.27,0.02,-0.02,0.04,0.01,FALSE,,0,FALSE,0.18,60.86,0.01,0.07,0.1,typedShotsOnNet,72,193,10,28,12,4,25,3,26,19,15,7,45,56,9,6,7,10,6,21,5,8,2,0,26,39,24,2,1,19,11,12,0,0,5,28,28,5,19,2,1,4.94,2.86,3.12,0,0,1.3,0.18,0.05,32.08,0.11,2.6,7.27,11.69,0.78,0.47,,1123.72
A3Z physicality,Forwards,Forwards,A3Z tracked games; five on five,2023–24,20232024,139,8474034,Patrick Maroon,L,1.78,4,180.95,183.75,15,0.29,0.2,0.16,0.04,-0,FALSE,,0,FALSE,0.17,60.58,0.41,0.5,-0.74,,75,234,11,12,18,9,22,1,28,22,5,1,34,49,5,3,6,9,10,20,8,6,7,2,20,30,15,1,0,21,20,7,0,2,0,23,23,5,20,1,3,6.96,6.63,2.32,0,0.66,0,0.22,0.15,21.93,0.05,3.65,3.98,11.27,0.33,0.2,,654.93
A3Z physicality,Forwards,Forwards,A3Z tracked games; five on five,2023–24,20232024,140,8476881,Tomas Hertl,C,1.27,5,245.07,246.55,16,0.3,0.09,0.05,0.04,-0,FALSE,,0,FALSE,0.17,60.31,0.21,0.21,-0.25,,75,220,16,23,19,13,38,4,35,31,22,6,63,82,10,6,4,13,12,25,10,12,7,2,30,46,32,3,1,22,11,16,0,0,1,37,37,7,29,4,2,5.39,2.69,3.92,0,0,0.24,0.19,0.07,20,0.14,3.92,5.63,15.42,0.98,0.27,,1106.43
A3Z physicality,Forwards,Forwards,A3Z tracked games; five on five,2023–24,20232024,141,8484145,Zach Benson,L,-1.6,1,183.43,184.68,15,0.21,-0.1,-0.14,0.04,-0.02,FALSE,,0,FALSE,0.17,60.03,-0.34,-0.01,0.52,locatedAttempts; typedShotsOnNet,70,177,5,25,10,4,10,1,25,20,1,0,16,39,6,0,5,3,4,11,14,7,3,1,16,22,11,1,1,4,22,8,0,5,2,15,15,4,11,2,3,1.31,7.2,2.62,0,1.64,0.65,0.27,0.27,15.81,0.18,1.64,8.18,5.23,0.33,0,,1030.73
A3Z physicality,Forwards,Forwards,A3Z tracked games; five on five,2023–24,20232024,142,8478498,Jake DeBrusk,L,-0.05,3,272.63,276.67,21,0.26,0.03,-0,0.03,0.01,FALSE,,0,FALSE,0.15,59.75,0.1,0.02,0.03,,73,198,14,32,18,8,23,6,48,34,6,1,35,66,6,1,14,19,5,26,22,12,5,4,38,52,45,4,4,28,29,8,0,2,1,47,47,6,34,4,1,6.16,6.38,1.76,0,0.44,0.22,0.13,0.03,23.77,0.12,3.08,7.04,7.7,1.32,0.17,,1346.58
A3Z physicality,Forwards,Forwards,A3Z tracked games; five on five,2023–24,20232024,143,8480813,Joseph Veleno,C,0.06,3,322.02,329.3,28,0.35,0.04,0,0.03,0.01,FALSE,,0,FALSE,0.14,59.47,0.38,-0.25,0.01,typedShotsOnNet,73,201,22,53,18,13,26,9,37,30,16,7,47,76,9,7,7,14,7,18,19,4,4,3,37,59,24,2,2,41,29,9,0,3,1,28,28,2,16,1,0,7.64,5.4,1.68,0,0.56,0.19,0.07,0,27.45,0.06,4.1,9.88,8.76,1.68,0.44,,1116.52
A3Z physicality,Forwards,Forwards,A3Z tracked games; five on five,2023–24,20232024,144,8475786,Zach Hyman,L,0.24,3,499.47,503.55,32,0.4,0.04,0.01,0.03,0.01,FALSE,,0,FALSE,0.14,59.19,-0.15,0.31,-0.02,,73,206,32,80,18,12,37,1,55,45,6,2,54,81,5,7,10,16,17,36,19,24,2,1,34,69,82,8,8,36,61,20,0,5,6,112,112,32,76,13,12,4.32,7.33,2.4,0,0.6,0.72,0.29,0.16,14.59,0.17,3.84,9.61,6.49,0.12,0.33,,1560.03
A3Z physicality,Forwards,Forwards,A3Z tracked games; five on five,2023–24,20232024,145,8480830,Andrei Svechnikov,R,0.54,2,390.38,394.77,29,0.49,0.07,0.04,0.03,0.02,FALSE,,0,FALSE,0.12,58.64,0.93,-0.72,-0.09,,75,200,19,71,31,20,24,0,62,38,8,5,51,88,13,4,24,12,12,35,27,23,5,7,56,93,66,3,6,78,50,11,0,7,1,74,74,4,43,3,1,11.99,7.68,1.69,0,1.08,0.15,0.05,0.02,29.2,0.07,2.92,10.91,7.84,0,0.62,,1001.8
A3Z physicality,Forwards,Forwards,A3Z tracked games; five on five,2023–24,20232024,146,8479987,Morgan Geekie,C,0.98,3,245.65,248.58,19,0.25,0.06,0.04,0.02,0.01,FALSE,,0,FALSE,0.1,58.36,0.36,-0.13,-0.14,,75,212,12,27,10,6,25,3,32,24,10,3,38,60,5,1,8,7,10,19,13,5,2,1,24,39,28,0,5,25,28,15,0,2,1,36,36,2,24,1,4,6.11,6.84,3.66,0,0.49,0.24,0.06,0.17,28.29,0.04,2.93,6.59,9.28,0.73,0.3,,1171.08
A3Z physicality,Forwards,Forwards,A3Z tracked games; five on five,2023–24,20232024,147,8476458,Ryan Strome,C,-0.27,5,201.83,206.6,16,0.2,0,-0.02,0.02,-0,FALSE,,0,FALSE,0.1,58.08,-0,0.03,0.07,,73,192,6,16,11,4,18,1,35,26,2,1,32,58,7,5,9,10,8,18,17,11,6,1,27,39,31,5,1,14,10,3,0,1,1,36,36,8,29,2,2,4.16,2.97,0.89,0,0.3,0.3,0.22,0.07,23.17,0.07,1.78,4.76,9.51,0.3,0.5,,1248.12
A3Z physicality,Forwards,Forwards,A3Z tracked games; five on five,2023–24,20232024,148,8480002,Nico Hischier,C,0.02,3,218.88,217.42,17,0.24,0.02,0,0.02,0.01,FALSE,,0,FALSE,0.1,57.8,0.08,0,0.02,,73,200,6,19,8,7,14,3,31,20,9,3,35,60,10,6,11,4,5,14,17,15,3,2,26,36,32,5,2,17,17,8,0,2,2,36,36,4,26,1,6,4.66,4.66,2.19,0,0.55,0.55,0.11,0.23,23.17,0.04,1.64,5.21,9.59,0.82,0.33,,1383.23
A3Z physicality,Forwards,Forwards,A3Z tracked games; five on five,2023–24,20232024,149,8482745,Mason McTavish,C,0.71,1,201.87,206.72,16,0.25,0.05,0.03,0.02,-0.02,FALSE,,0,FALSE,0.08,57.52,0.01,0.3,-0.22,,73,219,4,10,8,4,12,2,25,18,2,1,26,40,6,3,7,8,5,14,11,10,1,1,19,26,26,4,3,10,7,7,0,4,5,37,37,7,24,3,4,2.97,2.08,2.08,0,1.19,1.49,0.19,0.17,19.1,0.12,1.19,2.97,7.73,0.59,0.5,,1041.65
A3Z physicality,Forwards,Forwards,A3Z tracked games; five on five,2023–24,20232024,150,8478483,Mitch Marner,R,-0.97,1,311.03,312.42,21,0.3,-0.08,-0.1,0.02,-0.02,FALSE,,0,FALSE,0.07,57.24,0.24,-0.49,0.32,,72,180,8,31,21,14,24,5,60,43,13,6,47,92,13,6,17,14,13,28,32,21,6,2,55,71,49,0,1,24,17,12,0,2,2,53,53,2,36,3,3,4.63,3.28,2.31,0,0.39,0.39,0.04,0.08,31.76,0.08,1.54,5.98,9.07,0.96,0.46,,1468.08
A3Z physicality,Forwards,Forwards,A3Z tracked games; five on five,2023–24,20232024,151,8480012,Elias Pettersson,C,-0.59,2,306.87,308.63,23,0.28,0.01,-0,0.01,0.02,FALSE,,0,FALSE,0.06,56.96,-0.17,0.12,0.12,,74,176,8,32,16,13,43,3,48,34,10,4,63,92,6,5,14,17,8,27,21,11,1,4,44,69,36,3,5,25,29,16,0,0,2,49,49,7,32,1,7,4.89,5.67,3.13,0,0,0.39,0.14,0.22,23.41,0.03,1.56,6.26,12.32,0.59,0.4,,1611.33
A3Z physicality,Forwards,Forwards,A3Z tracked games; five on five,2023–24,20232024,152,8481553,Bobby Brink,R,-2.41,2,202.7,208.37,18,0.32,-0.06,-0.08,0.01,0.02,FALSE,,0,FALSE,0.06,56.69,-0.73,0.35,0.45,locatedAttempts; typedShotsOnNet,68,169,7,22,14,9,20,0,26,20,3,2,32,44,5,2,6,8,9,20,6,7,5,2,28,39,19,2,0,12,15,7,0,0,4,18,18,4,14,2,1,3.55,4.44,2.07,0,0,1.18,0.22,0.07,22.52,0.14,2.07,6.51,9.47,0,0.67,,786.2
A3Z physicality,Forwards,Forwards,A3Z tracked games; five on five,2023–24,20232024,153,8474157,Max Pacioretty,L,0.9,5,154.27,155.18,13,0.28,0.05,0.03,0.01,-0,FALSE,,0,FALSE,0.06,56.41,0.11,0.11,-0.17,,74,217,6,9,3,0,8,1,24,13,4,0,15,32,2,2,11,2,6,8,16,13,3,1,6,11,25,1,3,15,20,7,0,2,1,28,28,2,20,3,3,5.83,7.78,2.72,0,0.78,0.39,0.07,0.15,33.93,0.15,2.33,3.5,5.83,0.39,0,,678.38
A3Z physicality,Forwards,Forwards,A3Z tracked games; five on five,2023–24,20232024,154,8479992,Michael Rasmussen,C,2.13,4,353.97,360.13,28,0.37,0.21,0.19,0.01,-0,FALSE,,0,FALSE,0.05,56.13,0.7,0.22,-0.87,,78,222,17,29,20,9,29,2,52,28,16,6,58,89,10,5,24,17,7,29,23,10,3,0,27,43,25,2,3,46,48,26,0,6,7,32,32,3,22,2,3,7.8,8.14,4.41,0,1.02,1.19,0.09,0.14,26.26,0.09,2.88,4.92,9.83,0.34,0.38,,1139.32
A3Z physicality,Forwards,Forwards,A3Z tracked games; five on five,2023–24,20232024,155,8478401,Pavel Zacha,C,1.2,5,277.88,280.63,21,0.27,0.06,0.05,0.01,-0,FALSE,,0,FALSE,0.05,55.85,0.12,0.16,-0.23,,76,211,8,32,12,8,34,1,38,34,7,3,49,77,7,6,4,8,13,21,17,11,4,2,41,57,28,1,8,29,13,4,0,1,4,28,28,2,25,3,9,6.26,2.81,0.86,0,0.22,0.86,0.07,0.36,20.57,0.12,1.73,6.91,10.58,0.22,0.43,,1412.32
A3Z physicality,Forwards,Forwards,A3Z tracked games; five on five,2023–24,20232024,156,8477494,Jonathan Drouin,L,-0.9,4,292.62,296.3,23,0.29,-0.07,-0.08,0.01,-0,FALSE,,0,FALSE,0.05,55.57,-1.04,0.76,0.32,,71,189,8,24,17,11,26,4,56,41,14,4,43,82,6,3,15,6,16,29,27,7,3,1,39,74,28,2,4,9,27,9,0,3,0,38,38,6,25,2,8,1.85,5.54,1.85,0,0.62,0,0.16,0.32,13.25,0.08,1.64,4.92,8.82,0.82,0.29,,1436.63
A3Z physicality,Forwards,Forwards,A3Z tracked games; five on five,2023–24,20232024,157,8471675,Sidney Crosby,C,-0.5,2,345.82,345.27,23,0.28,0.01,0,0.01,0.02,FALSE,,0,FALSE,0.04,55.29,-0.28,0.21,0.1,,71,200,17,37,36,19,38,4,57,38,8,2,63,95,3,6,19,9,17,34,23,17,8,9,90,125,61,5,7,20,9,10,0,1,3,80,80,13,50,9,8,3.47,1.56,1.74,0,0.17,0.52,0.16,0.16,22.15,0.18,2.95,6.42,10.93,0.69,0.25,,1647.12
A3Z physicality,Forwards,Forwards,A3Z tracked games; five on five,2023–24,20232024,158,8479318,Auston Matthews,C,1.09,2,380.47,382.5,25,0.31,0.07,0.07,0.01,0.02,FALSE,,0,FALSE,0.04,55.01,0.5,-0.28,-0.18,,75,215,22,54,37,21,46,6,43,35,18,4,66,90,5,6,8,11,15,27,16,40,8,1,54,90,99,9,9,34,26,26,0,2,1,108,108,10,75,7,11,5.36,4.1,4.1,0,0.32,0.16,0.09,0.15,23.35,0.09,3.47,8.52,10.41,0.95,0.22,,1698.28
A3Z physicality,Forwards,Forwards,A3Z tracked games; five on five,2023–24,20232024,159,8475794,Tyler Seguin,C,0.46,3,326.77,330.75,25,0.37,0.03,0.02,0.01,0.01,TRUE,dumpInRecoveriesPer60,0,FALSE,0.03,54.74,0.19,-0.1,-0.05,,74,205,3,30,16,7,22,2,50,33,5,3,34,74,10,4,17,5,12,22,28,17,2,3,32,52,48,1,7,30,11,5,0,2,1,59,59,6,40,7,8,5.51,2.02,0.92,0,0.37,0.18,0.1,0.2,27.51,0.17,0.55,5.51,6.24,0.37,0.6,,1125.2
A3Z physicality,Forwards,Forwards,A3Z tracked games; five on five,2023–24,20232024,160,8475744,Evgeny Kuznetsov,C,0.54,4,323.87,323.4,23,0.37,0.06,0.05,0.01,-0,TRUE,forecheckPressuresPer60,0,FALSE,0.03,54.46,-0.45,0.72,-0.25,,74,207,4,11,13,9,15,4,36,24,10,3,35,61,10,3,12,5,7,16,20,16,2,3,33,54,36,2,3,12,10,7,0,2,0,47,47,8,38,3,6,2.22,1.85,1.3,0,0.37,0,0.17,0.16,28.79,0.08,0.74,2.04,6.48,0.74,0.3,,1105.78
A3Z physicality,Forwards,Forwards,A3Z tracked games; five on five,2023–24,20232024,161,8478519,Anthony Cirelli,C,-0.23,2,341.2,343.73,25,0.32,0.02,0.01,0.01,0.02,FALSE,,0,FALSE,0.02,54.18,0.06,-0.09,0.05,,73,193,15,38,27,14,29,5,42,30,15,8,45,75,6,5,12,13,11,23,19,11,7,2,52,76,31,0,5,24,20,18,0,3,8,41,41,4,24,2,1,4.22,3.52,3.17,0,0.53,1.41,0.1,0.04,22.56,0.08,2.64,6.68,7.91,0.88,0.53,,1462.98
A3Z physicality,Forwards,Forwards,A3Z tracked games; five on five,2023–24,20232024,162,8478542,Evan Rodrigues,C,-1.16,3,318.77,322.78,24,0.3,-0.04,-0.04,0,0.01,FALSE,,0,FALSE,0.02,53.9,-0.09,-0.1,0.21,,71,182,15,25,28,8,30,4,57,40,8,1,44,85,10,6,17,18,11,29,28,16,3,2,44,61,49,1,3,29,45,12,0,3,4,54,54,3,44,0,3,5.46,8.47,2.26,0,0.56,0.75,0.06,0.07,32.68,0,2.82,4.71,8.28,0.75,0.12,,1213.38
A3Z physicality,Forwards,Forwards,A3Z tracked games; five on five,2023–24,20232024,163,8478975,Mason Marchment,L,1.5,3,405.63,410.18,31,0.38,0.06,0.06,0,0.01,FALSE,,0,FALSE,0.01,53.62,0.46,-0.23,-0.22,,77,212,14,47,28,11,36,3,81,49,12,8,80,142,22,10,32,16,15,43,38,20,2,3,41,70,51,1,5,44,52,11,2,5,7,66,66,4,41,2,5,6.51,7.69,1.63,0.3,0.74,1.04,0.06,0.12,30.36,0.05,2.07,6.95,11.83,0.44,0.67,,1219.8
A3Z physicality,Forwards,Forwards,A3Z tracked games; five on five,2023–24,20232024,164,8481540,Cole Caufield,R,-2.19,4,243.68,243.07,17,0.21,-0.19,-0.19,0,-0,FALSE,,0,FALSE,0.01,53.34,-0.62,-0.21,0.83,,68,175,5,20,17,11,12,4,25,15,5,1,23,39,5,1,10,4,4,12,13,20,2,5,28,47,59,1,1,14,14,4,0,1,2,58,58,2,42,4,3,3.45,3.45,0.98,0,0.25,0.49,0.03,0.07,29.04,0.1,1.23,4.92,5.66,0.98,0.2,,1592.48
A3Z physicality,Forwards,Forwards,A3Z tracked games; five on five,2023–24,20232024,165,8476459,Mika Zibanejad,C,0.57,4,328.2,330.82,26,0.32,0.05,0.06,-0,-0,FALSE,,0,FALSE,-0.01,53.06,-0.1,0.35,-0.26,,74,208,9,27,13,8,38,5,56,41,23,11,60,94,13,5,15,12,19,37,19,11,4,5,31,64,40,0,6,16,15,14,0,0,1,48,48,4,33,4,7,2.93,2.74,2.56,0,0,0.18,0.08,0.21,28.08,0.12,1.65,4.94,10.97,0.91,0.48,,1599.25
A3Z physicality,Forwards,Forwards,A3Z tracked games; five on five,2023–24,20232024,166,8482093,Seth Jarvis,R,-1.49,1,499.4,500.47,38,0.47,-0.14,-0.13,-0,-0.02,FALSE,,0,FALSE,-0.01,52.79,-0.44,-0.06,0.49,,70,180,30,89,30,13,33,1,67,50,27,9,59,96,8,12,17,20,16,39,28,26,3,10,63,89,63,2,6,48,70,16,0,1,6,80,80,11,55,4,5,5.77,8.41,1.92,0,0.12,0.72,0.14,0.09,24.19,0.07,3.6,10.69,7.09,0.12,0.33,,1518.75
A3Z physicality,Forwards,Forwards,A3Z tracked games; five on five,2023–24,20232024,167,8475913,Mark Stone,R,0.91,3,217.62,221.43,17,0.3,0.03,0.03,-0,0.01,FALSE,,0,FALSE,-0.02,52.51,-0,0.11,-0.12,,75,210,6,22,19,6,25,0,56,38,8,4,43,77,4,4,18,17,10,33,23,5,5,2,44,58,17,3,0,9,8,9,0,2,1,32,32,6,26,4,2,2.48,2.21,2.48,0,0.55,0.28,0.19,0.08,25.9,0.15,1.65,6.07,11.86,0,0.5,,1086.8
A3Z physicality,Forwards,Forwards,A3Z tracked games; five on five,2023–24,20232024,168,8473533,Jordan Staal,C,1.53,1,462.93,470.63,37,0.46,0.08,0.09,-0,-0.02,FALSE,,0,FALSE,-0.02,52.23,0.4,0.06,-0.48,,76,220,41,89,41,13,45,4,54,34,13,6,76,103,10,8,20,9,16,35,19,29,1,0,55,77,45,1,4,62,40,11,0,5,3,59,59,7,40,6,6,8.04,5.18,1.43,0,0.65,0.39,0.12,0.15,18.11,0.15,5.31,11.54,9.85,0.52,0.46,,1230.3
A3Z physicality,Forwards,Forwards,A3Z tracked games; five on five,2023–24,20232024,169,8479337,Alex DeBrincat,R,-2.01,5,380.5,384.43,28,0.34,-0.11,-0.1,-0,-0,FALSE,,0,FALSE,-0.02,51.95,-0.15,-0.3,0.43,,68,180,13,47,25,17,22,5,55,44,5,2,42,86,14,9,11,12,12,21,34,28,2,6,53,69,70,2,3,17,18,12,0,2,2,84,84,3,58,3,5,2.68,2.84,1.89,0,0.32,0.32,0.04,0.09,30.17,0.05,2.05,7.41,6.62,0.79,0.4,,1467.15
A3Z physicality,Forwards,Forwards,A3Z tracked games; five on five,2023–24,20232024,170,8480113,Alex Iafallo,L,-0.2,1,365.72,370.68,29,0.35,-0.05,-0.04,-0.01,-0.02,TRUE,deflectionShare,0,FALSE,-0.03,51.67,0.08,-0.18,0.07,,72,201,12,74,19,8,22,3,48,33,16,6,41,76,5,8,15,5,14,24,24,20,5,0,25,46,38,2,10,23,22,21,0,0,1,47,47,5,27,1,10,3.77,3.61,3.45,0,0,0.16,0.11,0.37,21.93,0.04,1.97,12.14,6.73,0.49,0.38,,1255.7
A3Z physicality,Forwards,Forwards,A3Z tracked games; five on five,2023–24,20232024,171,8481618,Alex Newhook,C,-0.5,2,179.95,180.28,14,0.25,-0.01,0,-0.01,0.02,FALSE,,0,FALSE,-0.03,51.39,-0.13,-0,0.1,locatedAttempts; typedShotsOnNet,71,200,8,16,12,3,11,3,21,16,8,0,25,43,8,3,5,9,3,12,9,3,1,3,20,28,14,0,1,16,18,3,0,3,2,14,14,1,11,0,3,5.33,6,1,0,1,0.67,0.07,0.27,16.92,0,2.67,5.33,8.34,1,0,,930.95
A3Z physicality,Forwards,Forwards,A3Z tracked games; five on five,2023–24,20232024,172,8475760,Nick Bjugstad,C,1.69,4,226.48,229.23,18,0.24,0.15,0.16,-0.01,-0,FALSE,,0,FALSE,-0.04,51.11,1.57,-0.91,-0.7,,78,210,3,39,9,8,22,2,34,24,6,1,34,57,4,4,10,6,11,19,15,13,3,3,23,37,31,1,2,28,13,13,1,1,2,33,33,2,22,2,1,7.42,3.44,3.44,0.26,0.26,0.53,0.06,0.05,29.97,0.09,0.79,10.33,9.01,0.53,0.17,,1325.8
A3Z physicality,Forwards,Forwards,A3Z tracked games; five on five,2023–24,20232024,173,8475798,Mikael Granlund,C,-1.01,4,231.83,234.83,16,0.23,-0.1,-0.09,-0.01,-0,FALSE,,0,FALSE,-0.04,50.84,0.29,-0.7,0.37,typedShotsOnNet,70,193,9,31,14,6,23,4,30,21,7,3,40,60,6,2,9,6,8,18,12,5,2,6,32,46,18,1,2,21,18,11,0,1,4,23,23,3,16,0,1,5.43,4.66,2.85,0,0.26,1.04,0.13,0.06,18.44,0,2.33,8.02,10.35,1.04,0.43,,1446.2
A3Z physicality,Forwards,Forwards,A3Z tracked games; five on five,2023–24,20232024,174,8476889,Radek Faksa,C,1.13,1,264.33,270.15,26,0.35,0.05,0.06,-0.01,-0.02,FALSE,,0,FALSE,-0.05,50.56,0.17,0.13,-0.35,typedShotsOnNet,75,216,10,28,11,4,16,6,46,19,12,3,46,73,9,4,27,3,8,27,19,2,3,0,22,34,12,0,1,34,44,18,0,0,3,28,28,5,13,2,3,7.72,9.99,4.09,0,0,0.68,0.18,0.23,16.51,0.15,2.27,6.36,10.44,1.36,0.25,,926.15
A3Z physicality,Forwards,Forwards,A3Z tracked games; five on five,2023–24,20232024,175,8477409,Carter Verhaeghe,C,-0.34,1,357.17,363.65,26,0.34,-0.06,-0.05,-0.01,-0.02,FALSE,,0,FALSE,-0.05,50.28,-0.12,-0.05,0.12,,74,183,17,40,31,9,30,1,61,41,13,5,55,92,9,6,20,11,11,34,27,28,5,5,58,83,78,6,5,26,37,10,0,3,2,78,78,8,60,10,5,4.37,6.22,1.68,0,0.5,0.34,0.1,0.08,29.34,0.17,2.86,6.72,9.24,0.17,0.38,,1365.15
A3Z physicality,Forwards,Forwards,A3Z tracked games; five on five,2023–24,20232024,176,8480848,Ty Dellandrea,C,-0.27,3,193.82,196.82,19,0.45,-0.02,-0.01,-0.01,0.01,FALSE,,0,FALSE,-0.06,50,0.08,-0.2,0.06,,74,185,7,24,7,4,11,0,32,19,7,4,22,55,8,1,13,5,5,11,21,15,0,1,14,21,29,3,2,37,25,4,0,0,1,32,32,3,26,1,2,11.45,7.74,1.24,0,0,0.31,0.09,0.08,23.84,0.04,2.17,7.43,6.81,0,0.57,,532.2
A3Z physicality,Forwards,Forwards,A3Z tracked games; five on five,2023–24,20232024,177,8482074,Connor Zary,C,-1.04,5,201.57,205.27,16,0.25,-0.07,-0.06,-0.01,-0,FALSE,,0,FALSE,-0.06,49.72,-0.39,0.1,0.23,locatedAttempts; typedShotsOnNet,72,178,10,28,15,5,12,0,26,21,10,2,20,44,6,2,5,4,4,7,19,6,0,0,24,34,17,2,1,7,19,6,0,3,1,17,17,4,13,2,1,2.08,5.66,1.79,0,0.89,0.3,0.24,0.08,13.89,0.15,2.98,8.33,5.95,0,0.2,,962.23
A3Z physicality,Forwards,Forwards,A3Z tracked games; five on five,2023–24,20232024,178,8478046,Danton Heinen,L,-0.19,1,194.48,197.4,17,0.23,-0.05,-0.04,-0.01,-0.02,FALSE,,0,FALSE,-0.06,49.44,0.05,-0.18,0.07,,74,187,11,32,10,6,19,1,39,29,5,1,34,60,9,4,10,10,7,21,18,9,2,1,26,39,27,3,2,16,30,11,0,0,0,33,33,3,26,2,2,4.94,9.26,3.39,0,0,0,0.09,0.08,28.18,0.08,3.39,9.87,10.49,0.31,0.2,,1070.43
A3Z physicality,Forwards,Forwards,A3Z tracked games; five on five,2023–24,20232024,179,8477493,Aleksander Barkov,C,1.05,3,315.55,317.07,24,0.33,0.02,0.04,-0.02,0.01,FALSE,,0,FALSE,-0.07,49.16,-0.08,0.15,-0.15,,75,214,29,43,43,16,53,9,72,58,10,4,70,106,5,2,14,15,24,43,29,27,4,3,59,87,55,5,3,27,30,6,0,3,1,59,59,5,43,9,5,5.13,5.7,1.14,0,0.57,0.19,0.08,0.12,24.7,0.21,5.51,8.18,13.31,1.71,0.4,,1433.48
A3Z physicality,Forwards,Forwards,A3Z tracked games; five on five,2023–24,20232024,180,8477404,Jake Guentzel,C,-1.37,2,404.03,404.4,27,0.4,-0.05,-0.03,-0.02,0.02,FALSE,,0,FALSE,-0.08,48.89,-0.65,0.31,0.26,,71,176,18,52,37,18,23,0,59,43,14,5,44,90,6,8,16,6,16,27,32,23,4,6,59,102,80,6,10,21,28,12,0,1,4,96,96,24,64,4,9,3.12,4.16,1.78,0,0.15,0.59,0.25,0.14,19.89,0.06,2.67,7.72,6.53,0,0.36,,1341.38
A3Z physicality,Forwards,Forwards,A3Z tracked games; five on five,2023–24,20232024,181,8475745,Charlie Coyle,C,1.31,3,269.68,270.52,21,0.26,0.03,0.05,-0.02,0.01,FALSE,,0,FALSE,-0.08,48.61,0.13,-0.02,-0.19,,75,221,5,31,6,7,20,5,37,26,9,5,39,65,9,6,11,5,8,18,19,18,2,2,22,42,40,3,5,20,20,13,0,3,5,47,47,8,34,4,6,4.45,4.45,2.89,0,0.67,1.11,0.17,0.18,19.24,0.12,1.11,6.9,8.68,1.11,0.56,,1481.45
A3Z physicality,Forwards,Forwards,A3Z tracked games; five on five,2023–24,20232024,182,8474641,Adam Henrique,C,-0.42,2,208.85,211,18,0.22,-0.01,0,-0.02,0.02,FALSE,,0,FALSE,-0.08,48.33,-0.02,-0.15,0.09,typedShotsOnNet,72,195,8,25,12,6,21,4,36,27,10,0,39,61,7,5,9,8,10,21,15,15,2,0,14,29,26,2,0,15,14,10,0,1,2,28,28,3,18,2,0,4.31,4.02,2.87,0,0.29,0.57,0.11,0,29.52,0.11,2.3,7.18,11.2,1.15,0,,1381.63
A3Z physicality,Forwards,Forwards,A3Z tracked games; five on five,2023–24,20232024,183,8480220,Noah Cates,L,0.06,1,235.03,242.02,21,0.36,-0.04,-0.02,-0.02,-0.02,FALSE,,0,FALSE,-0.08,48.05,-0.63,0.55,-0.01,,74,194,18,35,11,7,17,6,39,22,17,5,40,60,4,6,17,9,5,23,16,19,4,0,20,34,29,3,1,14,35,11,0,0,2,35,35,8,25,4,4,3.57,8.93,2.81,0,0,0.51,0.23,0.16,23.26,0.16,4.6,8.93,10.21,1.53,0.29,,814.03
A3Z physicality,Forwards,Forwards,A3Z tracked games; five on five,2023–24,20232024,184,8478463,Anthony Beauvillier,R,-1.19,3,215.18,222.48,18,0.3,-0.06,-0.04,-0.02,0.01,FALSE,,0,FALSE,-0.1,47.77,-0.2,-0.11,0.21,,71,181,12,28,7,6,17,1,21,18,7,2,34,47,7,5,3,8,7,14,7,14,1,0,15,27,45,2,7,15,30,11,0,1,1,51,51,4,31,1,5,4.18,8.36,3.07,0,0.28,0.28,0.08,0.16,23.26,0.03,3.35,7.81,9.48,0.28,0.29,,814.85
A3Z physicality,Forwards,Forwards,A3Z tracked games; five on five,2023–24,20232024,185,8471214,Alex Ovechkin,L,1.93,4,342.5,343.92,24,0.3,0.15,0.18,-0.02,-0,TRUE,hitsReceivedPer60,0,FALSE,-0.1,47.49,1.13,-0.43,-0.8,,75,238,9,18,8,6,11,1,37,25,4,1,31,65,5,8,12,1,7,14,23,20,1,0,27,45,51,2,1,43,5,8,0,1,2,71,71,4,45,1,3,7.53,0.88,1.4,0,0.18,0.35,0.06,0.07,37.22,0.02,1.58,3.15,5.43,0.18,0.25,,1518.47
A3Z physicality,Forwards,Forwards,A3Z tracked games; five on five,2023–24,20232024,186,8476921,Jordan Martinook,L,0.31,5,483.02,491.32,38,0.46,-0.02,0.01,-0.02,-0,FALSE,,0,FALSE,-0.11,47.21,-0.1,0.04,-0.05,,73,208,32,84,39,17,28,2,60,31,16,5,59,93,10,7,29,14,8,38,22,35,6,1,51,70,74,8,9,31,55,16,0,9,6,112,112,11,76,13,9,3.85,6.83,1.99,0,1.12,0.75,0.1,0.12,23.1,0.17,3.98,10.43,7.33,0.25,0.31,,1201.05
A3Z physicality,Forwards,Forwards,A3Z tracked games; five on five,2023–24,20232024,187,8479619,Michael Carcone,L,-1.68,2,159.7,161.67,16,0.22,-0.07,-0.05,-0.03,0.02,FALSE,,0,FALSE,-0.12,46.94,-0.65,0.22,0.31,,69,182,6,19,9,5,8,0,17,13,3,0,15,28,5,1,4,6,3,11,6,7,4,1,14,22,17,0,1,9,25,4,0,2,2,23,23,5,20,2,1,3.38,9.39,1.5,0,0.75,0.75,0.22,0.05,29.68,0.1,2.25,7.14,5.64,0,0,,834.05
A3Z physicality,Forwards,Forwards,A3Z tracked games; five on five,2023–24,20232024,188,8480188,Fabian Zetterlund,L,-0.21,4,273,276.08,19,0.23,-0.04,-0.01,-0.03,-0,FALSE,,0,FALSE,-0.12,46.66,0.59,-0.76,0.05,,71,208,11,26,10,11,20,2,44,26,7,3,38,67,9,1,18,16,6,25,19,11,3,0,21,39,39,3,1,27,18,14,0,1,3,49,49,2,35,1,3,5.93,3.96,3.08,0,0.22,0.66,0.04,0.09,37.2,0.03,2.42,5.71,8.35,0.44,0.43,,1546.2
A3Z physicality,Forwards,Forwards,A3Z tracked games; five on five,2023–24,20232024,189,8478444,Brock Boeser,R,0.31,5,336.2,334.95,23,0.28,-0.02,0.01,-0.03,-0,FALSE,,0,FALSE,-0.12,46.38,-0.36,0.28,-0.05,,73,208,19,39,14,18,18,4,33,20,9,4,41,60,8,5,13,11,4,23,10,16,2,1,37,61,54,8,5,17,14,7,0,0,0,52,52,8,36,5,7,3.03,2.5,1.25,0,0,0,0.15,0.19,23.31,0.14,3.39,6.96,7.32,0.71,0.44,,1506.78
A3Z physicality,Forwards,Forwards,A3Z tracked games; five on five,2023–24,20232024,190,8477015,Connor Brown,R,-0.82,5,246.9,250.62,24,0.34,-0.07,-0.05,-0.03,-0,FALSE,,0,FALSE,-0.13,46.1,-0.49,0.18,0.19,,72,184,12,24,13,4,18,1,39,30,1,0,28,60,9,2,9,11,7,16,23,14,4,3,22,32,42,4,4,15,28,9,0,1,0,49,49,8,35,2,5,3.65,6.8,2.19,0,0.24,0,0.16,0.14,24.74,0.06,2.92,5.83,6.8,0.24,0,,908.77
A3Z physicality,Forwards,Forwards,A3Z tracked games; five on five,2023–24,20232024,191,8482159,Tyson Foerster,R,0.83,2,289.43,295.3,23,0.3,0.02,0.06,-0.03,0.02,FALSE,,0,FALSE,-0.14,45.82,-0.1,0.1,-0.14,,74,215,16,39,21,6,25,2,46,30,9,1,41,66,2,4,16,10,12,29,17,15,0,1,31,51,42,2,1,19,22,13,0,3,6,51,51,10,36,2,2,3.94,4.56,2.69,0,0.62,1.24,0.2,0.06,26.93,0.06,3.32,8.08,8.5,0.41,0.11,,1329.7
A3Z physicality,Forwards,Forwards,A3Z tracked games; five on five,2023–24,20232024,192,8478402,Connor McDavid,C,-0.2,5,497.27,502.22,30,0.39,-0.05,-0.02,-0.03,-0,FALSE,,0,FALSE,-0.15,45.54,-0.14,-0.06,0.06,,73,194,18,52,55,40,54,6,74,63,13,1,78,118,12,7,11,29,19,45,29,16,14,20,138,186,94,3,4,45,43,16,0,3,8,99,99,15,70,11,4,5.43,5.19,1.93,0,0.36,0.97,0.15,0.06,19.92,0.16,2.17,6.27,9.41,0.72,0.08,,1623.3
A3Z physicality,Forwards,Forwards,A3Z tracked games; five on five,2023–24,20232024,193,8482720,Matthew Knies,L,1.71,3,305.15,309.2,25,0.31,0.03,0.06,-0.03,0.01,FALSE,,0,FALSE,-0.15,45.26,0.23,-0.13,-0.25,,75,232,13,58,14,10,28,4,40,30,6,5,42,66,10,3,10,12,10,23,17,13,3,0,24,42,35,1,5,51,43,6,0,3,2,33,33,5,20,1,5,10.03,8.45,1.18,0,0.59,0.39,0.15,0.25,16.4,0.05,2.56,11.4,8.26,0.79,0.83,,1094.2
A3Z physicality,Forwards,Forwards,A3Z tracked games; five on five,2023–24,20232024,194,8477940,Nikolaj Ehlers,L,-1.41,4,377.32,378.58,29,0.35,-0.16,-0.12,-0.04,-0,FALSE,,0,FALSE,-0.16,44.99,-0.49,-0.19,0.52,,72,168,11,30,16,24,38,5,82,64,14,1,67,123,18,6,18,27,15,45,37,30,3,11,65,95,94,4,1,13,21,11,1,2,5,101,101,5,69,8,3,2.07,3.34,1.75,0.16,0.32,0.8,0.05,0.04,33.84,0.12,1.75,4.77,10.65,0.8,0.07,,1301.65
A3Z physicality,Forwards,Forwards,A3Z tracked games; five on five,2023–24,20232024,195,8474884,Mike Hoffman,C,-0.6,4,203.77,205.97,17,0.26,-0.09,-0.05,-0.04,-0,FALSE,,0,FALSE,-0.16,44.71,-0.19,-0.17,0.21,typedShotsOnNet,72,190,5,11,10,3,6,4,22,9,4,2,28,45,5,6,13,1,4,15,7,9,1,1,12,22,19,2,0,10,12,9,0,1,2,23,23,0,19,1,1,2.94,3.53,2.65,0,0.29,0.59,0,0.05,25.96,0.05,1.47,3.24,8.24,1.18,0.5,,906.28
A3Z physicality,Forwards,Forwards,A3Z tracked games; five on five,2023–24,20232024,196,8477942,Kevin Fiala,L,-0.06,2,309.17,313.5,23,0.28,-0.02,0.02,-0.04,0.02,FALSE,,0,FALSE,-0.16,44.43,-0.51,0.32,0.02,,72,205,10,21,19,18,36,5,66,54,11,3,59,116,17,7,12,9,24,32,34,19,1,3,56,85,58,4,0,18,23,8,0,2,4,68,68,8,41,6,6,3.49,4.46,1.55,0,0.39,0.78,0.12,0.15,28.1,0.15,1.94,4.08,11.45,0.97,0.27,,1478.92
A3Z physicality,Forwards,Forwards,A3Z tracked games; five on five,2023–24,20232024,197,8479996,Cody Glass,C,0.58,5,152.88,153.98,14,0.34,-0.02,0.02,-0.04,-0,FALSE,,0,FALSE,-0.16,44.15,-0.26,0.2,-0.1,typedShotsOnNet,75,201,6,11,9,6,11,2,24,17,9,4,24,37,4,4,7,4,5,12,12,6,1,0,21,31,21,1,2,9,15,6,0,2,3,23,23,4,18,4,2,3.53,5.89,2.35,0,0.78,1.18,0.17,0.11,18.36,0.22,2.35,4.32,9.42,0.78,0.44,,550.72
A3Z physicality,Forwards,Forwards,A3Z tracked games; five on five,2023–24,20232024,198,8475225,Craig Smith,C,0.13,1,293.3,299.33,30,0.4,-0.05,-0.02,-0.04,-0.02,FALSE,,0,FALSE,-0.16,43.87,-0.14,0.01,-0.03,,73,203,9,24,16,8,23,1,60,37,8,7,48,89,8,8,23,10,12,29,31,15,1,1,31,45,47,3,6,17,29,10,0,2,1,55,55,7,43,4,4,3.48,5.93,2.05,0,0.41,0.2,0.13,0.09,25.63,0.09,1.84,4.91,9.82,0.2,0.88,,766.25
A3Z physicality,Forwards,Forwards,A3Z tracked games; five on five,2023–24,20232024,199,8478028,Fredrik Olofsson,L,-0.08,3,169.57,173.75,20,0.35,-0.04,-0,-0.04,0.01,FALSE,,0,FALSE,-0.17,43.59,-0.32,0.12,0.04,locatedAttempts; typedShotsOnNet,74,190,6,19,7,2,11,3,22,14,5,2,22,34,2,3,8,6,2,12,10,12,1,0,13,19,20,4,0,16,26,7,0,0,1,19,19,3,16,3,2,5.66,9.2,2.48,0,0,0.35,0.16,0.12,17.8,0.19,2.12,6.72,7.78,1.06,0.4,,556.2
A3Z physicality,Forwards,Forwards,A3Z tracked games; five on five,2023–24,20232024,200,8480074,Alexandre Texier,L,-0.12,4,237.9,243.08,19,0.24,-0.05,-0.01,-0.04,-0,FALSE,,0,FALSE,-0.17,43.31,-0.06,-0.13,0.02,,73,196,13,18,17,11,17,1,21,19,3,0,25,36,4,2,2,13,3,14,7,10,4,1,39,48,31,1,0,11,8,8,0,3,4,36,36,6,27,1,2,2.77,2.02,2.02,0,0.76,1.01,0.17,0.07,30.51,0.04,3.28,4.54,6.31,0.25,0,,1184.1
A3Z physicality,Forwards,Forwards,A3Z tracked games; five on five,2023–24,20232024,201,8483515,Juraj Slafkovský,L,1.45,1,237.58,240.43,17,0.21,0.04,0.08,-0.04,-0.02,FALSE,,0,FALSE,-0.18,43.04,0.62,-0.33,-0.46,,75,225,9,27,15,7,19,2,36,26,9,2,36,62,7,5,10,6,9,20,16,14,1,2,31,48,28,2,6,33,28,9,0,2,1,36,36,2,27,6,6,8.33,7.07,2.27,0,0.51,0.25,0.06,0.22,21.97,0.22,2.27,6.82,9.09,0.51,0.22,,1470.73
A3Z physicality,Forwards,Forwards,A3Z tracked games; five on five,2023–24,20232024,202,8475848,Brendan Gallagher,R,-1.57,5,178.67,180.3,16,0.21,-0.12,-0.08,-0.04,-0,FALSE,,0,FALSE,-0.18,42.76,-0.96,0.44,0.34,,69,185,12,16,14,5,13,0,21,20,1,1,22,41,5,3,1,10,4,10,11,19,0,1,17,24,34,3,1,7,17,3,0,1,2,42,42,7,32,3,7,2.35,5.71,1.01,0,0.34,0.67,0.17,0.22,23.53,0.09,4.03,5.37,7.39,0,1,,1061.88
A3Z physicality,Forwards,Forwards,A3Z tracked games; five on five,2023–24,20232024,203,8477456,J.T. Compher,L,-0.57,4,327.33,332.05,26,0.34,-0.09,-0.05,-0.04,-0,FALSE,,0,FALSE,-0.18,42.48,-0.68,0.31,0.19,typedShotsOnNet,72,191,10,28,26,15,21,0,48,30,19,4,40,78,3,1,18,17,1,21,27,8,5,8,47,68,25,2,6,9,22,18,0,0,0,28,28,4,17,1,4,1.65,4.03,3.3,0,0,0,0.14,0.24,21.07,0.06,1.83,5.13,7.33,0,0.21,,1492.9
A3Z physicality,Forwards,Forwards,A3Z tracked games; five on five,2023–24,20232024,204,8476905,Chandler Stephenson,C,-0.2,3,264.05,269.25,20,0.27,-0.05,-0.01,-0.04,0.01,FALSE,,0,FALSE,-0.19,42.2,-0.51,0.27,0.05,typedShotsOnNet,72,201,8,18,17,11,20,3,21,18,8,3,32,52,11,3,3,8,6,10,11,8,2,3,25,50,20,3,3,14,22,8,0,1,4,22,22,3,16,4,2,3.18,5,1.82,0,0.23,0.91,0.14,0.12,23.38,0.25,1.82,4.09,7.27,0.68,0.38,,1386.27
A3Z physicality,Forwards,Forwards,A3Z tracked games; five on five,2023–24,20232024,205,8477425,Miles Wood,L,0.61,2,278.82,281.85,24,0.32,0,0.05,-0.04,0.02,FALSE,,0,FALSE,-0.2,41.92,-0.21,0.11,-0.1,,74,209,12,17,16,5,13,1,38,22,17,7,26,49,2,3,16,8,5,19,19,18,2,0,40,58,55,1,3,34,32,7,0,1,6,67,67,4,49,6,7,7.32,6.89,1.51,0,0.22,1.29,0.06,0.14,32.98,0.12,2.58,3.66,5.6,0.22,0.41,,1012.63
A3Z physicality,Forwards,Forwards,A3Z tracked games; five on five,2023–24,20232024,206,8481704,Juuso Parssinen,C,0.8,1,155,157.55,13,0.3,-0.01,0.03,-0.04,-0.02,FALSE,,0,FALSE,-0.2,41.64,-0.03,0.08,-0.25,locatedAttempts; typedShotsOnNet,75,207,4,9,3,3,15,2,24,16,5,2,22,36,5,0,8,3,6,13,11,5,1,0,12,20,11,1,2,14,6,4,0,2,5,16,16,3,13,1,1,5.42,2.32,1.55,0,0.77,1.94,0.19,0.08,15.52,0.08,1.55,3.48,8.52,0.77,0.4,,642.38
A3Z physicality,Forwards,Forwards,A3Z tracked games; five on five,2023–24,20232024,207,8476918,Jimmy Vesey,L,0.39,2,260.1,262.75,25,0.31,-0.01,0.04,-0.05,0.02,FALSE,,0,FALSE,-0.2,41.36,-0.23,0.09,-0.06,,74,203,9,24,15,7,20,1,45,29,10,3,37,75,10,1,16,9,6,19,26,11,0,1,20,36,32,1,3,25,10,5,0,0,2,35,35,4,21,3,1,5.77,2.31,1.15,0,0,0.46,0.11,0.05,27.51,0.14,2.08,5.54,8.54,0.23,0.3,,990.15
A3Z physicality,Forwards,Forwards,A3Z tracked games; five on five,2023–24,20232024,208,8477955,Jared McCann,L,-0.31,5,314.13,316.03,26,0.32,-0.07,-0.02,-0.05,-0,FALSE,,0,FALSE,-0.22,41.09,-0.11,-0.19,0.08,,73,191,11,31,19,7,37,4,48,36,10,4,57,84,9,6,12,13,15,31,17,18,4,2,37,62,58,2,4,24,24,6,0,3,5,63,63,5,46,4,3,4.58,4.58,1.15,0,0.57,0.96,0.08,0.07,32.89,0.09,2.1,5.92,10.89,0.76,0.4,,1340.88
A3Z physicality,Forwards,Forwards,A3Z tracked games; five on five,2023–24,20232024,209,8476456,Jonathan Huberdeau,L,0.02,1,295.35,299,22,0.27,-0.07,-0.02,-0.05,-0.02,FALSE,,0,FALSE,-0.22,40.81,-0.17,-0.06,0,,73,200,9,18,11,11,25,3,41,32,5,2,42,81,19,5,9,9,14,22,19,15,2,3,39,59,39,3,4,17,25,11,0,3,4,49,49,5,38,6,3,3.45,5.08,2.23,0,0.61,0.81,0.1,0.08,23.35,0.16,1.83,3.66,8.53,0.61,0.4,,1411.18
A3Z physicality,Forwards,Forwards,A3Z tracked games; five on five,2023–24,20232024,210,8477505,Alexander Wennberg,C,-0.08,2,373.07,379.15,28,0.35,-0.03,0.02,-0.05,0.02,FALSE,,0,FALSE,-0.23,40.53,-0.29,0.03,0.03,,74,190,9,39,18,13,45,6,51,36,20,6,66,87,7,2,15,14,13,33,18,7,2,0,36,64,28,4,3,21,26,17,0,1,2,31,31,4,25,2,5,3.38,4.18,2.73,0,0.16,0.32,0.13,0.2,28.79,0.08,1.45,6.27,10.61,0.96,0.3,,1421.12
A3Z physicality,Forwards,Forwards,A3Z tracked games; five on five,2023–24,20232024,211,8480144,David Kampf,C,0.21,5,245.3,251.05,23,0.29,-0.05,0,-0.06,-0,FALSE,,0,FALSE,-0.24,40.25,-0.29,0.07,-0.03,,74,198,14,26,8,5,27,6,35,26,9,4,43,71,7,2,9,9,8,18,17,5,2,3,24,35,18,0,0,29,35,5,0,2,3,32,32,5,28,3,2,7.09,8.56,1.22,0,0.49,0.73,0.16,0.07,31.2,0.11,3.42,6.36,10.52,1.47,0.44,,1051.98
A3Z physicality,Forwards,Forwards,A3Z tracked games; five on five,2023–24,20232024,212,8474150,Mikael Backlund,C,-0.02,5,314.6,318.72,23,0.28,-0.07,-0.01,-0.06,-0,FALSE,,0,FALSE,-0.26,39.97,0.01,-0.29,0.02,,72,206,15,43,18,5,41,2,59,51,8,4,60,97,9,6,8,21,16,32,27,14,2,0,33,53,50,2,1,19,15,3,0,3,3,61,61,4,39,5,1,3.62,2.86,0.57,0,0.57,0.57,0.07,0.03,35.44,0.13,2.86,8.2,11.44,0.38,0.5,,1577.23
A3Z physicality,Forwards,Forwards,A3Z tracked games; five on five,2023–24,20232024,213,8482155,Alex Laferriere,R,0.2,2,267.48,271.42,23,0.28,-0.03,0.03,-0.06,0.02,FALSE,,0,FALSE,-0.26,39.69,0.16,-0.4,-0.02,,73,205,5,24,7,2,43,1,77,49,10,1,63,104,11,5,28,32,10,50,27,14,1,3,17,29,42,2,1,25,37,5,1,5,4,51,51,1,34,5,5,5.61,8.3,1.12,0.22,1.12,0.9,0.02,0.15,29.02,0.15,1.12,5.38,14.13,0.22,0.1,,1070.83
A3Z physicality,Forwards,Forwards,A3Z tracked games; five on five,2023–24,20232024,214,8478864,Kirill Kaprizov,L,-0.69,3,259.3,262.8,17,0.23,-0.08,-0.02,-0.06,0.01,FALSE,,0,FALSE,-0.27,39.42,-0.65,0.25,0.13,,70,202,19,21,28,22,39,3,58,53,8,4,49,82,8,3,5,24,13,34,24,15,7,7,50,86,42,2,4,9,19,8,0,2,5,46,46,4,31,3,5,2.08,4.4,1.85,0,0.46,1.16,0.09,0.16,21.83,0.1,4.4,4.86,11.34,0.69,0.5,,1618.27
A3Z physicality,Forwards,Forwards,A3Z tracked games; five on five,2023–24,20232024,215,8481032,Paul Cotter,L,0.76,1,253.03,257.62,22,0.29,-0.03,0.03,-0.06,-0.02,FALSE,,0,FALSE,-0.27,39.14,0.37,-0.41,-0.23,,74,213,8,30,7,6,18,2,49,33,9,4,30,64,4,3,16,8,11,19,30,8,3,2,17,31,31,2,2,72,29,4,0,1,2,37,37,2,28,3,4,17.07,6.88,0.95,0,0.24,0.47,0.05,0.14,26.93,0.11,1.9,7.11,7.11,0.47,0.44,,967.27
A3Z physicality,Forwards,Forwards,A3Z tracked games; five on five,2023–24,20232024,216,8478466,Daniel Sprong,R,-0.42,5,259.32,263.3,26,0.34,-0.09,-0.03,-0.06,-0,FALSE,,0,FALSE,-0.28,38.86,-0.11,-0.27,0.1,,72,195,7,22,19,8,17,1,28,19,5,2,25,48,8,1,9,9,4,14,14,22,5,1,33,51,62,5,0,8,11,3,0,4,2,72,72,4,53,1,4,1.85,2.55,0.69,0,0.93,0.46,0.06,0.08,34.44,0.02,1.62,5.09,5.78,0.23,0.4,,912.03
A3Z physicality,Forwards,Forwards,A3Z tracked games; five on five,2023–24,20232024,217,8477500,Bo Horvat,C,0.93,5,422.48,425.6,28,0.35,-0.03,0.04,-0.06,-0,FALSE,,0,FALSE,-0.28,38.58,-0.11,0,-0.18,,73,225,14,35,19,10,32,6,51,42,9,4,56,91,13,7,9,14,13,25,26,17,4,2,35,61,63,2,2,24,21,9,0,2,2,73,73,10,52,5,5,3.41,2.98,1.28,0,0.28,0.28,0.14,0.1,27.8,0.1,1.99,4.97,7.95,0.85,0.44,,1595.2
A3Z physicality,Forwards,Forwards,A3Z tracked games; five on five,2023–24,20232024,218,8475793,Ryan Johansen,C,1.2,5,223.45,226.42,21,0.33,-0.02,0.05,-0.06,-0,FALSE,,0,FALSE,-0.28,38.3,0.26,-0.31,-0.23,,75,218,3,16,10,3,23,0,34,24,19,4,38,61,4,5,10,8,9,18,16,11,0,2,20,36,25,1,0,21,11,4,0,1,1,29,29,3,24,3,1,5.64,2.95,1.07,0,0.27,0.27,0.1,0.04,33.62,0.12,0.81,4.3,10.2,0,0.21,,859.5
A3Z physicality,Forwards,Forwards,A3Z tracked games; five on five,2023–24,20232024,219,8474149,Evgenii Dadonov,L,-0.94,2,249.07,251.62,21,0.41,-0.08,-0.02,-0.06,0.02,FALSE,,0,FALSE,-0.29,38.02,-0.61,0.14,0.18,,71,188,8,23,11,9,20,1,40,34,3,0,26,57,3,1,6,14,9,19,21,10,0,2,19,33,34,2,3,17,16,4,0,0,0,40,40,5,22,3,4,4.1,3.85,0.96,0,0,0,0.12,0.18,26.8,0.14,1.93,5.54,6.26,0.24,0,,671.97
A3Z physicality,Forwards,Forwards,A3Z tracked games; five on five,2023–24,20232024,220,8481624,Ilya Mikheyev,R,-0.01,3,261.37,267.28,21,0.27,-0.07,0,-0.07,0.01,FALSE,,0,FALSE,-0.31,37.74,-0.55,0.22,0.02,,74,192,11,26,12,6,12,2,25,15,11,3,20,40,4,2,10,8,2,12,13,9,1,0,21,37,49,1,8,16,16,4,0,0,1,56,56,9,36,6,6,3.67,3.67,0.92,0,0,0.23,0.16,0.17,26.59,0.17,2.53,5.97,4.59,0.46,0.27,,1112.6
A3Z physicality,Forwards,Forwards,A3Z tracked games; five on five,2023–24,20232024,221,8478891,Mason Appleton,C,0.14,1,397.18,402.6,29,0.35,-0.08,-0.01,-0.07,-0.02,FALSE,,0,FALSE,-0.31,37.47,-0.49,0.21,-0.04,,74,196,22,38,25,16,35,8,72,54,10,3,56,103,8,4,18,24,15,38,34,26,1,3,50,84,62,5,8,47,48,6,0,2,5,72,72,8,49,5,4,7.1,7.25,0.91,0,0.3,0.76,0.11,0.08,26.65,0.1,3.32,5.74,8.46,1.21,0.3,,1315.93
A3Z physicality,Forwards,Forwards,A3Z tracked games; five on five,2023–24,20232024,222,8476887,Filip Forsberg,L,0.2,1,316.37,316.32,23,0.28,-0.08,-0.01,-0.07,-0.02,FALSE,,0,FALSE,-0.31,37.19,0.01,-0.26,-0.06,,73,205,15,47,18,16,39,3,70,55,14,8,56,102,9,5,15,21,18,37,33,30,2,5,50,76,90,3,6,35,22,8,0,2,4,92,92,9,62,8,4,6.64,4.17,1.52,0,0.38,0.76,0.1,0.06,30.34,0.13,2.84,8.91,10.62,0.57,0.57,,1550.25
A3Z physicality,Forwards,Forwards,A3Z tracked games; five on five,2023–24,20232024,223,8478474,Lawson Crouse,L,1.31,1,192.82,193.9,17,0.21,-0,0.07,-0.07,-0.02,FALSE,,0,FALSE,-0.31,36.91,0.15,-0.05,-0.41,,76,214,13,20,13,6,14,2,28,18,4,1,28,43,4,5,10,7,7,15,13,10,0,2,18,31,26,0,1,39,12,4,0,1,5,37,37,1,29,5,3,12.14,3.73,1.24,0,0.31,1.56,0.03,0.1,29,0.17,4.05,6.22,8.71,0.62,0.25,,1362.18
A3Z physicality,Forwards,Forwards,A3Z tracked games; five on five,2023–24,20232024,224,8471685,Anze Kopitar,C,1.45,5,299.25,302.9,23,0.28,-0.02,0.06,-0.08,-0,FALSE,,0,FALSE,-0.34,36.63,-0.04,-0.02,-0.28,,75,225,9,24,17,15,41,12,52,41,26,3,66,97,9,5,11,8,16,28,24,9,2,0,48,67,32,3,4,11,17,17,0,3,2,34,34,5,28,1,3,2.21,3.41,3.41,0,0.6,0.4,0.15,0.11,38.47,0.04,1.8,4.81,13.23,2.41,0.12,,1592.32
A3Z physicality,Forwards,Forwards,A3Z tracked games; five on five,2023–24,20232024,225,8482116,Tim Stützle,C,-0.71,4,397.67,403.67,25,0.33,-0.14,-0.06,-0.08,-0,FALSE,,0,FALSE,-0.34,36.35,-0.88,0.29,0.25,,72,187,15,28,26,13,47,14,55,46,8,5,79,127,26,9,9,21,11,32,23,15,2,7,64,99,63,2,1,29,35,5,0,2,12,68,68,7,48,6,2,4.38,5.28,0.75,0,0.3,1.81,0.1,0.04,24.93,0.12,2.26,4.22,11.92,2.11,0.62,,1583.88
A3Z physicality,Forwards,Forwards,A3Z tracked games; five on five,2023–24,20232024,226,8473512,Claude Giroux,R,-1.01,5,362.77,368.98,25,0.3,-0.13,-0.06,-0.08,-0,FALSE,,0,FALSE,-0.34,36.07,-0.55,-0.02,0.22,,71,186,19,31,26,10,31,6,65,48,11,5,58,110,15,12,17,9,16,30,35,17,0,4,53,84,39,0,2,10,17,4,0,3,3,54,54,4,42,6,3,1.65,2.81,0.66,0,0.5,0.5,0.07,0.07,31.44,0.14,3.14,5.13,9.59,0.99,0.45,,1647.55
A3Z physicality,Forwards,Forwards,A3Z tracked games; five on five,2023–24,20232024,227,8475149,Marcus Johansson,L,0.13,1,236.6,241.37,19,0.24,-0.09,-0.02,-0.08,-0.02,FALSE,,0,FALSE,-0.35,35.79,-0.43,0.12,-0.03,typedShotsOnNet,73,203,10,27,10,5,22,3,33,28,6,3,34,54,5,5,5,10,9,21,12,5,1,2,22,37,30,0,0,15,16,6,0,1,2,30,30,3,17,0,1,3.8,4.06,1.52,0,0.25,0.51,0.1,0.06,34.04,0,2.54,6.85,8.62,0.76,0.5,,1239.25
A3Z physicality,Forwards,Forwards,A3Z tracked games; five on five,2023–24,20232024,228,8476454,Ryan Nugent-Hopkins,C,-0.27,3,442.52,442.32,32,0.4,-0.09,-0.01,-0.08,0.01,FALSE,,0,FALSE,-0.35,35.52,-0.42,0,0.07,,73,192,14,48,27,23,50,5,59,53,16,5,67,106,12,7,6,6,28,34,25,17,7,6,58,93,57,4,6,13,25,11,0,6,1,70,70,12,47,4,2,1.76,3.39,1.49,0,0.81,0.14,0.17,0.04,24.68,0.09,1.9,6.51,9.08,0.68,0.31,,1569.93
A3Z physicality,Forwards,Forwards,A3Z tracked games; five on five,2023–24,20232024,229,8475810,Bryan Rust,R,-0.43,2,290.53,292.08,20,0.32,-0.08,0,-0.08,0.02,FALSE,,0,FALSE,-0.35,35.24,-0.49,0.05,0.09,,71,202,10,33,14,6,30,2,62,42,13,3,50,94,7,7,20,15,15,36,26,17,3,3,23,47,56,5,5,14,19,12,0,1,3,75,75,10,48,12,5,2.89,3.92,2.48,0,0.21,0.62,0.13,0.1,22.02,0.25,2.07,6.82,10.33,0.41,0.23,,1213.85
A3Z physicality,Forwards,Forwards,A3Z tracked games; five on five,2023–24,20232024,230,8482125,Alexander Holtz,R,-0.31,2,233.12,236.6,23,0.28,-0.07,0.01,-0.08,0.02,FALSE,,0,FALSE,-0.35,34.96,-0.56,0.14,0.07,,72,198,9,12,7,4,12,0,32,19,2,0,26,50,4,4,13,9,2,14,18,12,2,1,18,27,41,1,3,12,20,9,0,0,0,45,45,2,29,2,3,3.09,5.15,2.32,0,0,0,0.04,0.1,30.81,0.07,2.32,3.09,6.69,0,0,,954.07
A3Z physicality,Forwards,Forwards,A3Z tracked games; five on five,2023–24,20232024,231,8476460,Mark Scheifele,C,0.8,5,444.85,446.85,28,0.38,-0.05,0.03,-0.08,-0,FALSE,,0,FALSE,-0.35,34.68,-0.2,-0.01,-0.15,,75,207,13,43,32,21,56,6,61,55,9,2,81,112,20,8,6,16,30,44,17,16,8,8,70,117,47,2,3,30,49,16,1,4,6,62,62,8,40,4,5,4.05,6.61,2.16,0.13,0.54,0.81,0.13,0.12,21.23,0.1,1.75,5.8,10.93,0.81,0.22,,1493.73
A3Z physicality,Forwards,Forwards,A3Z tracked games; five on five,2023–24,20232024,232,8475166,John Tavares,C,0.64,5,351.05,352.42,25,0.31,-0.06,0.02,-0.08,-0,FALSE,,0,FALSE,-0.36,34.4,-0.42,0.18,-0.12,,73,217,16,41,19,11,44,5,40,34,13,6,66,90,13,5,6,16,10,27,13,15,4,1,34,54,50,7,2,29,31,10,0,1,4,60,60,15,47,6,5,4.96,5.3,1.71,0,0.17,0.68,0.25,0.11,21.14,0.13,2.73,7.01,11.28,0.85,0.46,,1429.2
A3Z physicality,Forwards,Forwards,A3Z tracked games; five on five,2023–24,20232024,233,8481528,Dylan Cozens,C,0.72,1,223.52,226.02,19,0.24,-0.05,0.03,-0.08,-0.02,FALSE,,0,FALSE,-0.36,34.12,0.41,-0.54,-0.22,,75,205,8,15,11,11,28,7,40,34,4,1,38,57,6,2,6,12,12,24,16,9,2,2,18,35,24,2,1,26,18,4,1,1,1,29,29,0,23,3,1,6.98,4.83,1.07,0.27,0.27,0.27,0,0.04,27.51,0.13,2.15,4.03,10.2,1.88,0.25,,1360.82
A3Z physicality,Forwards,Forwards,A3Z tracked games; five on five,2023–24,20232024,234,8480802,Ryan McLeod,C,0.69,3,374.27,379.25,32,0.4,-0.06,0.03,-0.08,0.01,FALSE,,0,FALSE,-0.36,33.84,-0.2,-0.07,-0.09,,75,204,29,38,27,19,46,6,67,57,12,5,71,117,17,1,10,19,24,38,29,15,5,2,41,71,47,1,2,27,34,8,0,2,0,57,57,1,36,2,6,4.33,5.45,1.28,0,0.32,0,0.02,0.17,27.29,0.06,4.65,6.09,11.38,0.96,0.42,,1153.68
A3Z physicality,Forwards,Forwards,A3Z tracked games; five on five,2023–24,20232024,235,8482113,Anton Lundell,C,-0.12,5,291.95,297.08,24,0.31,-0.1,-0.01,-0.08,-0,FALSE,,0,FALSE,-0.36,33.57,-0.39,-0.02,0.04,,73,196,11,27,16,6,15,4,31,21,12,3,34,61,10,6,10,3,4,9,22,22,2,2,24,42,48,3,5,15,29,7,0,4,4,62,62,6,44,4,5,3.08,5.96,1.44,0,0.82,0.82,0.1,0.11,25.02,0.09,2.26,5.55,6.99,0.82,0.25,,1199.35
A3Z physicality,Forwards,Forwards,A3Z tracked games; five on five,2023–24,20232024,236,8477407,Anthony Duclair,L,-0.31,1,282.65,288.17,21,0.29,-0.14,-0.05,-0.09,-0.02,FALSE,,0,FALSE,-0.39,33.29,-0.39,-0.11,0.11,,72,198,7,24,12,5,24,3,34,26,4,2,40,63,7,5,8,7,10,20,14,16,1,2,25,38,43,2,2,12,16,13,0,0,1,43,43,11,34,9,3,2.55,3.4,2.76,0,0,0.21,0.26,0.09,19.72,0.26,1.49,5.09,8.49,0.64,0.5,,1151.48
A3Z physicality,Forwards,Forwards,A3Z tracked games; five on five,2023–24,20232024,237,8477511,Anthony Mantha,R,2.52,4,290.45,293.88,24,0.32,0.14,0.23,-0.09,-0,FALSE,,0,FALSE,-0.4,33.01,0.53,0.1,-1.03,,77,240,12,23,17,9,21,3,47,31,6,3,42,84,11,4,16,7,6,19,28,9,0,2,37,53,35,2,1,17,12,9,1,5,2,41,41,8,28,2,2,3.51,2.48,1.86,0.21,1.03,0.41,0.2,0.07,27.29,0.07,2.48,4.75,8.68,0.62,0.5,,1052.58
A3Z physicality,Forwards,Forwards,A3Z tracked games; five on five,2023–24,20232024,238,8475164,Jakob Silfverberg,R,0.28,5,165.1,167.72,17,0.21,-0.09,0,-0.09,-0,FALSE,,0,FALSE,-0.4,32.73,-0.16,-0.2,-0.04,,73,207,8,14,10,4,9,1,29,14,6,3,26,42,5,2,15,5,4,17,12,11,3,0,19,32,28,1,2,5,8,4,0,2,1,31,31,1,22,3,1,1.82,2.91,1.45,0,0.73,0.36,0.03,0.05,36.77,0.14,2.91,5.09,9.45,0.36,0.5,,1057.1
A3Z physicality,Forwards,Forwards,A3Z tracked games; five on five,2023–24,20232024,239,8477492,Nathan MacKinnon,C,-0.24,2,398.9,406.63,25,0.3,-0.08,0.01,-0.1,0.02,FALSE,,0,FALSE,-0.42,32.45,-0.6,0.13,0.05,,72,200,10,25,19,23,45,3,71,53,20,6,72,96,6,3,18,24,20,51,20,24,3,11,77,115,110,7,7,10,21,22,0,2,2,105,105,7,76,9,9,1.5,3.16,3.31,0,0.3,0.3,0.07,0.12,29.41,0.12,1.5,3.76,10.83,0.45,0.3,,1870.77
A3Z physicality,Forwards,Forwards,A3Z tracked games; five on five,2023–24,20232024,240,8475726,Tyler Toffoli,C,-0.06,5,306.48,307.42,24,0.3,-0.11,-0.01,-0.1,-0,FALSE,,0,FALSE,-0.43,32.17,-0.34,-0.12,0.03,,72,205,10,22,14,8,27,2,47,37,9,2,42,86,10,6,10,10,13,23,24,21,4,2,30,54,66,6,5,21,20,3,0,1,1,81,81,3,55,5,6,4.11,3.92,0.59,0,0.2,0.2,0.04,0.11,28.43,0.09,1.96,4.31,8.22,0.39,0.22,,1339.85
A3Z physicality,Forwards,Forwards,A3Z tracked games; five on five,2023–24,20232024,241,8477979,Nicolas Aube-Kubel,R,0.24,5,197.57,200.82,16,0.27,-0.1,0,-0.1,-0,FALSE,,0,FALSE,-0.44,31.89,-0.05,-0.36,-0.03,locatedAttempts; typedShotsOnNet,72,213,6,18,17,10,23,4,44,29,9,4,46,68,6,11,15,17,8,25,19,5,0,0,18,32,16,1,0,36,29,11,0,0,0,19,19,0,13,1,1,10.93,8.81,3.34,0,0,0,0,0.08,33.02,0.08,1.82,5.47,13.97,1.21,0.44,,732.45
A3Z physicality,Forwards,Forwards,A3Z tracked games; five on five,2023–24,20232024,242,8477949,Alex Tuch,R,1.5,5,269.93,272.65,20,0.27,-0.04,0.06,-0.1,-0,FALSE,,0,FALSE,-0.45,31.62,-0.13,-0.03,-0.29,,76,219,13,29,18,5,24,4,33,28,6,3,41,62,10,9,5,12,9,20,13,11,5,2,37,51,40,4,3,12,15,19,0,2,5,52,52,5,37,1,4,2.67,3.33,4.22,0,0.44,1.11,0.1,0.11,31.66,0.03,2.89,6.45,9.11,0.89,0.5,,1462.78
A3Z physicality,Forwards,Forwards,A3Z tracked games; five on five,2023–24,20232024,243,8477839,Conor Sheary,L,-2.01,4,209.62,212.65,21,0.37,-0.28,-0.18,-0.1,-0,FALSE,,0,FALSE,-0.46,31.34,-0.93,-0.3,0.76,typedShotsOnNet,68,180,9,35,11,7,17,2,38,26,6,3,32,52,4,0,12,10,4,20,18,6,1,2,20,27,21,1,1,4,19,13,0,6,2,27,27,2,19,2,3,1.14,5.44,3.72,0,1.72,0.57,0.07,0.16,26.4,0.11,2.58,10.02,9.16,0.57,0.5,,632.83
A3Z physicality,Forwards,Forwards,A3Z tracked games; five on five,2023–24,20232024,244,8477426,Nick Paul,L,2.04,1,327.15,329.32,26,0.32,0.02,0.12,-0.11,-0.02,FALSE,,0,FALSE,-0.47,31.06,0.3,-0.13,-0.65,,76,234,14,31,20,5,34,5,48,38,9,3,52,80,8,1,10,13,18,29,19,19,1,2,31,52,43,7,3,41,29,14,0,1,3,50,50,4,35,3,3,7.52,5.32,2.57,0,0.18,0.55,0.08,0.09,23.6,0.09,2.57,5.69,9.54,0.92,0.33,,1415.32
A3Z physicality,Forwards,Forwards,A3Z tracked games; five on five,2023–24,20232024,245,8480459,Pius Suter,C,-1.52,3,203.75,207.57,17,0.25,-0.16,-0.05,-0.11,0.01,TRUE,blockedShotsPer60,0,FALSE,-0.48,30.78,-0.83,0.08,0.27,,71,172,5,26,9,3,19,0,29,20,4,1,33,57,5,6,9,9,4,12,17,10,1,0,17,32,24,5,2,12,12,1,0,0,1,29,29,8,24,2,3,3.53,3.53,0.29,0,0,0.29,0.28,0.12,18.97,0.08,1.47,7.66,9.72,0,0.25,,1038.17
A3Z physicality,Forwards,Forwards,A3Z tracked games; five on five,2023–24,20232024,246,8478831,Kevin Stenlund,C,1.02,5,253.5,258.45,25,0.31,-0.07,0.04,-0.11,-0,FALSE,,0,FALSE,-0.49,30.5,-0.2,-0.1,-0.19,,75,213,6,30,15,7,24,6,32,17,13,3,51,71,13,3,15,7,4,19,13,17,1,4,23,33,28,6,1,20,44,13,0,5,3,28,28,5,21,2,2,4.73,10.41,3.08,0,1.18,0.71,0.18,0.1,24.09,0.1,1.42,7.1,12.07,1.42,0.23,,1020.93
A3Z physicality,Forwards,Forwards,A3Z tracked games; five on five,2023–24,20232024,247,8480185,Eetu Luostarinen,C,0.21,4,307.82,311.37,26,0.32,-0.09,0.02,-0.12,-0,TRUE,forecheckPressuresPer60,0,FALSE,-0.51,30.22,-0.14,-0.25,-0.12,,75,191,13,66,16,11,21,4,60,37,9,5,41,76,4,5,23,14,10,28,32,19,6,1,37,50,41,5,6,32,39,11,0,1,5,53,53,5,35,5,5,6.24,7.6,2.14,0,0.19,0.97,0.09,0.14,23.09,0.14,2.53,12.86,7.99,0.78,0.56,,1306.8
A3Z physicality,Forwards,Forwards,A3Z tracked games; five on five,2023–24,20232024,248,8473453,Trevor Lewis,C,0.2,1,211.65,217.47,23,0.28,-0.13,-0.01,-0.12,-0.02,FALSE,,0,FALSE,-0.52,29.94,0.24,-0.7,-0.06,,73,205,7,28,5,10,20,3,36,17,10,4,40,73,12,5,19,4,5,16,20,11,2,1,18,25,28,4,0,20,27,12,0,1,2,48,48,2,32,2,0,5.67,7.65,3.4,0,0.28,0.57,0.04,0,34.63,0.06,1.98,7.94,11.34,0.85,0.4,,954.13
A3Z physicality,Forwards,Forwards,A3Z tracked games; five on five,2023–24,20232024,249,8480015,Owen Tippett,R,0.39,1,300.27,302.05,24,0.31,-0.12,0,-0.12,-0.02,FALSE,,0,FALSE,-0.53,29.67,-0.16,-0.25,-0.12,,73,210,16,31,16,7,18,4,60,34,11,1,46,92,7,6,26,14,7,26,34,25,1,2,42,63,80,4,4,25,36,14,0,1,4,98,98,4,60,10,4,5,7.19,2.8,0,0.2,0.8,0.04,0.07,28.96,0.17,3.2,6.19,9.19,0.8,0.09,,1293.72
A3Z physicality,Forwards,Forwards,A3Z tracked games; five on five,2023–24,20232024,250,8477429,Andrew Copp,C,0.02,5,342.77,352.75,28,0.35,-0.13,-0.01,-0.12,-0,FALSE,,0,FALSE,-0.53,29.39,-0.57,0.03,0.01,,73,200,11,39,12,10,30,2,62,37,12,5,64,110,11,9,25,11,8,29,33,17,2,3,28,47,40,5,5,6,21,20,0,3,2,48,48,5,37,2,7,1.05,3.68,3.5,0,0.53,0.35,0.1,0.19,21.69,0.05,1.93,6.83,11.2,0.35,0.42,,1285.67
A3Z physicality,Forwards,Forwards,A3Z tracked games; five on five,2023–24,20232024,251,8481522,Peyton Krebs,C,-0.68,5,200,202.22,20,0.25,-0.16,-0.04,-0.12,-0,FALSE,,0,FALSE,-0.53,29.11,-0.76,0.07,0.16,typedShotsOnNet,72,188,10,16,13,6,12,3,18,14,6,2,27,51,14,4,4,4,4,9,9,5,2,2,22,34,15,1,0,11,38,4,0,4,2,20,20,2,12,3,1,3.3,11.4,1.2,0,1.2,0.6,0.1,0.08,30.83,0.25,3,4.8,8.1,0.9,0.33,,1000.45
A3Z physicality,Forwards,Forwards,A3Z tracked games; five on five,2023–24,20232024,252,8476461,Sean Couturier,C,1.17,4,285.72,292.67,22,0.3,-0.01,0.11,-0.12,-0,FALSE,,0,FALSE,-0.53,28.83,0.31,-0.34,-0.5,,76,210,16,44,20,8,29,3,64,35,16,7,67,106,7,8,29,6,14,34,30,17,3,3,36,60,49,4,4,19,15,12,0,2,0,56,56,10,47,4,4,3.99,3.15,2.52,0,0.42,0,0.18,0.09,29.51,0.09,3.36,9.24,14.07,0.63,0.44,,1318.97
A3Z physicality,Forwards,Forwards,A3Z tracked games; five on five,2023–24,20232024,253,8474679,Gustav Nyquist,R,-1.23,4,289.17,290.58,23,0.28,-0.23,-0.11,-0.12,-0,FALSE,,0,FALSE,-0.53,28.55,-0.6,-0.39,0.45,,71,180,8,33,15,13,44,3,59,44,10,7,65,86,6,8,15,18,19,43,16,5,1,5,38,60,31,4,2,12,23,13,0,0,1,41,41,4,36,1,8,2.49,4.77,2.7,0,0,0.21,0.1,0.22,28.3,0.03,1.66,6.85,13.49,0.62,0.7,,1437.13
A3Z physicality,Forwards,Forwards,A3Z tracked games; five on five,2023–24,20232024,254,8474009,Nick Bonino,C,-0.05,1,193.47,197.62,19,0.42,-0.15,-0.03,-0.12,-0.02,TRUE,blockedShotsPer60,0,FALSE,-0.54,28.27,0.16,-0.73,0.02,typedShotsOnNet,73,198,5,25,5,2,16,1,33,16,7,3,33,50,5,2,17,6,6,21,12,8,3,1,16,22,20,4,3,4,15,28,0,1,2,24,24,3,17,5,2,1.24,4.65,8.68,0,0.31,0.62,0.12,0.12,17.12,0.29,1.55,7.75,10.23,0.31,0.43,,551.43
A3Z physicality,Forwards,Forwards,A3Z tracked games; five on five,2023–24,20232024,255,8475158,Ryan O'Reilly,C,0.28,1,299.53,299.32,23,0.28,-0.13,-0,-0.12,-0.02,FALSE,,0,FALSE,-0.54,27.99,-0.39,-0.07,-0.08,,73,207,7,28,18,11,40,3,57,42,11,6,65,88,4,3,15,13,16,36,21,9,3,0,43,64,23,4,3,7,11,13,0,2,2,36,36,9,28,3,4,1.4,2.2,2.6,0,0.4,0.4,0.25,0.14,13.2,0.11,1.4,5.61,13.02,0.6,0.55,,1620.8
A3Z physicality,Forwards,Forwards,A3Z tracked games; five on five,2023–24,20232024,256,8482740,Wyatt Johnston,C,-0.45,3,401.98,406.45,31,0.38,-0.14,-0.01,-0.12,0.01,FALSE,,0,FALSE,-0.54,27.72,-0.49,-0.15,0.09,,73,187,13,51,20,12,32,4,70,44,12,7,63,113,13,6,26,10,13,34,36,32,2,2,38,56,73,5,11,18,35,11,0,3,3,87,87,8,61,6,9,2.69,5.22,1.64,0,0.45,0.45,0.09,0.15,21.63,0.1,1.94,7.61,9.4,0.6,0.58,,1394.2
A3Z physicality,Forwards,Forwards,A3Z tracked games; five on five,2023–24,20232024,257,8477476,Artturi Lehkonen,L,-1.27,5,222.92,224.58,18,0.4,-0.19,-0.07,-0.12,-0,FALSE,,0,FALSE,-0.54,27.44,-0.86,0.04,0.28,,71,179,10,31,10,3,19,0,35,27,10,5,37,59,9,6,8,9,8,18,17,7,3,1,20,35,26,0,3,11,25,9,0,1,3,31,31,3,23,3,4,2.96,6.73,2.42,0,0.27,0.81,0.1,0.17,33.24,0.13,2.69,8.34,9.96,0,0.5,,831.22
A3Z physicality,Forwards,Forwards,A3Z tracked games; five on five,2023–24,20232024,258,8481517,Brett Leason,R,1.79,4,160.85,162.5,15,0.22,0.04,0.16,-0.13,-0,FALSE,,0,FALSE,-0.57,27.16,0.1,0.07,-0.74,,77,220,7,14,5,3,8,2,25,18,8,1,22,40,8,5,7,8,4,12,13,10,0,2,11,15,21,1,3,15,17,6,0,1,0,25,25,1,20,1,7,5.6,6.34,2.24,0,0.37,0,0.04,0.35,28.84,0.05,2.61,5.22,8.21,0.75,0.12,,884.6
A3Z physicality,Forwards,Forwards,A3Z tracked games; five on five,2023–24,20232024,259,8480039,Martin Necas,C,0.36,5,468.07,479.68,33,0.43,-0.12,0.01,-0.13,-0,FALSE,,0,FALSE,-0.57,26.88,-0.23,-0.29,-0.06,,75,195,20,50,34,20,43,2,76,50,15,3,76,114,15,6,26,15,21,47,29,41,3,4,76,118,104,2,4,35,54,10,0,8,10,115,115,9,76,5,1,4.49,6.92,1.28,0,1.03,1.28,0.08,0.01,31.24,0.07,2.56,6.41,9.74,0.26,0.2,,1336.43
A3Z physicality,Forwards,Forwards,A3Z tracked games; five on five,2023–24,20232024,260,8475172,Nazem Kadri,C,-0.79,5,312.05,320.43,23,0.28,-0.18,-0.04,-0.13,-0,FALSE,,0,FALSE,-0.59,26.6,-0.66,-0.11,0.18,,72,185,14,26,26,13,27,3,54,47,12,3,50,85,5,11,7,21,9,22,32,16,2,5,48,70,47,0,3,17,40,8,0,5,10,67,67,5,46,2,3,3.27,7.69,1.54,0,0.96,1.92,0.07,0.07,35.17,0.04,2.69,5,9.61,0.58,0.25,,1510.92
A3Z physicality,Forwards,Forwards,A3Z tracked games; five on five,2023–24,20232024,261,8475765,Vladimir Tarasenko,R,0.71,5,327.8,331.98,26,0.34,-0.11,0.03,-0.13,-0,FALSE,,0,FALSE,-0.59,26.32,-0.09,-0.37,-0.13,,73,219,8,27,18,8,22,5,45,31,8,0,47,80,10,5,14,13,9,22,23,18,1,2,35,57,51,3,2,26,28,13,0,1,0,50,50,5,31,1,0,4.76,5.13,2.38,0,0.18,0,0.1,0,27.15,0.03,1.46,4.94,8.6,0.92,0,,1196
A3Z physicality,Forwards,Forwards,A3Z tracked games; five on five,2023–24,20232024,262,8477933,Sam Reinhart,C,-0.12,4,346.13,347.67,26,0.32,-0.14,-0.01,-0.14,-0,FALSE,,0,FALSE,-0.6,26.04,-0.11,-0.51,0.02,,73,196,19,35,29,13,49,3,62,46,6,1,63,96,5,2,16,17,20,40,22,20,5,5,51,71,43,2,2,28,34,12,0,1,0,62,62,4,36,1,3,4.85,5.89,2.08,0,0.17,0,0.06,0.08,28.24,0.03,3.29,6.07,10.92,0.52,0.17,,1664.58
A3Z physicality,Forwards,Forwards,A3Z tracked games; five on five,2023–24,20232024,263,8475191,Reilly Smith,R,-0.53,1,273.05,276.05,21,0.28,-0.2,-0.06,-0.14,-0.02,FALSE,,0,FALSE,-0.62,25.77,-0.85,0.06,0.18,,73,185,10,29,17,10,26,0,41,30,7,3,41,74,6,2,11,11,12,24,17,10,2,4,31,57,46,3,4,15,11,4,0,0,1,50,50,6,31,2,5,3.3,2.42,0.88,0,0,0.22,0.12,0.16,23.33,0.06,2.2,6.37,9.01,0,0.43,,1226.17
A3Z physicality,Forwards,Forwards,A3Z tracked games; five on five,2023–24,20232024,264,8475714,Calle Jarnkrok,C,-0.49,2,242.78,248.78,21,0.4,-0.14,0,-0.14,0.02,FALSE,,0,FALSE,-0.62,25.49,-0.48,-0.24,0.1,,72,193,11,25,4,4,14,0,37,23,5,2,26,49,4,0,14,11,4,18,19,16,0,2,17,32,34,3,4,19,30,3,0,3,2,39,39,2,24,3,3,4.7,7.41,0.74,0,0.74,0.49,0.05,0.12,21.93,0.12,2.72,6.18,6.43,0,0.4,,793.43
A3Z physicality,Forwards,Forwards,A3Z tracked games; five on five,2023–24,20232024,265,8475168,Matt Duchene,C,-0.1,2,399.4,403.63,30,0.38,-0.12,0.02,-0.14,0.02,FALSE,,0,FALSE,-0.63,25.21,-0.75,0.09,0.03,,71,211,11,37,27,16,32,3,62,41,6,4,62,104,12,8,21,16,11,31,31,17,4,8,51,85,59,2,2,13,27,17,0,1,2,77,77,9,44,5,5,1.95,4.06,2.55,0,0.15,0.3,0.12,0.11,26.83,0.11,1.65,5.56,9.31,0.45,0.67,,1341.3
A3Z physicality,Forwards,Forwards,A3Z tracked games; five on five,2023–24,20232024,266,8480995,Pontus Holmberg,R,-0.2,2,170.68,172.77,17,0.31,-0.13,0.01,-0.14,0.02,FALSE,,0,FALSE,-0.64,24.93,-0.21,-0.48,0.05,locatedAttempts; typedShotsOnNet,72,201,9,27,6,6,12,1,22,16,9,4,27,47,11,5,6,1,6,11,11,3,1,0,18,24,8,1,0,12,22,13,0,0,1,17,17,1,12,2,2,4.22,7.73,4.57,0,0,0.35,0.06,0.17,14.42,0.17,3.16,9.49,9.49,0.35,0.44,,624.7
A3Z physicality,Forwards,Forwards,A3Z tracked games; five on five,2023–24,20232024,267,8482079,Marco Rossi,C,-1.68,4,256.15,261.87,19,0.23,-0.29,-0.15,-0.15,-0,FALSE,,0,FALSE,-0.64,24.65,-1.25,-0.02,0.63,,69,182,6,22,17,10,25,0,33,24,6,3,37,60,6,3,9,12,6,17,16,11,0,2,33,57,31,1,2,3,12,10,0,3,3,38,38,4,25,1,4,0.7,2.81,2.34,0,0.7,0.7,0.11,0.16,20.82,0.04,1.41,5.15,8.67,0,0.5,,1371.87
A3Z physicality,Forwards,Forwards,A3Z tracked games; five on five,2023–24,20232024,268,8481554,Kaapo Kakko,R,0.57,5,256.35,260.92,21,0.34,-0.13,0.02,-0.15,-0,FALSE,,0,FALSE,-0.64,24.37,-0.71,0.17,-0.1,,73,215,16,22,6,4,27,1,44,37,9,6,40,61,6,5,7,16,12,29,15,12,1,0,11,25,37,1,0,12,27,7,0,2,3,37,37,5,24,3,2,2.81,6.32,1.64,0,0.47,0.7,0.14,0.08,23.32,0.12,3.74,5.15,9.36,0.23,0.67,,810.03
A3Z physicality,Forwards,Forwards,A3Z tracked games; five on five,2023–24,20232024,269,8484144,Connor Bedard,C,-1.12,5,321.58,321.5,23,0.34,-0.21,-0.06,-0.15,-0,FALSE,,0,FALSE,-0.65,24.09,-0.42,-0.48,0.25,,70,190,5,26,15,11,25,0,38,35,7,4,37,64,8,4,3,19,10,20,18,16,2,5,45,67,62,3,0,18,25,9,0,2,4,77,77,4,52,2,1,3.36,4.66,1.68,0,0.37,0.75,0.05,0.02,28.46,0.04,0.93,4.85,6.9,0,0.57,,1345.27
A3Z physicality,Forwards,Forwards,A3Z tracked games; five on five,2023–24,20232024,270,8477947,Sonny Milano,L,-0.06,1,175.17,176.57,15,0.31,-0.18,-0.03,-0.15,-0.02,FALSE,,0,FALSE,-0.66,23.82,-1.52,0.84,0.03,locatedAttempts; typedShotsOnNet,72,205,9,9,12,9,14,3,33,23,5,2,20,47,3,1,10,8,6,15,18,7,2,1,17,29,19,0,3,6,22,4,0,0,2,17,17,4,14,2,2,2.06,7.54,1.37,0,0,0.69,0.24,0.14,18.03,0.14,3.08,3.08,6.85,1.03,0.4,,612.9
A3Z physicality,Forwards,Forwards,A3Z tracked games; five on five,2023–24,20232024,271,8480798,Philipp Kurashev,C,-0.6,5,271.3,273.42,19,0.25,-0.19,-0.04,-0.15,-0,FALSE,,0,FALSE,-0.67,23.54,-0.55,-0.26,0.14,,72,190,10,29,16,10,33,4,43,35,6,2,45,66,4,2,8,16,14,30,13,8,2,3,36,51,33,3,0,7,20,9,0,3,2,31,31,2,20,2,1,1.55,4.42,1.99,0,0.66,0.44,0.06,0.05,33.97,0.1,2.21,6.41,9.95,0.88,0.33,,1426.38
A3Z physicality,Forwards,Forwards,A3Z tracked games; five on five,2023–24,20232024,272,8477998,Warren Foegele,L,0.46,5,384.98,388.2,32,0.39,-0.14,0.01,-0.16,-0,FALSE,,0,FALSE,-0.69,23.26,-0.55,-0.07,-0.08,,74,205,18,48,18,7,38,7,61,49,10,7,63,98,16,7,12,20,14,37,24,14,6,2,40,66,64,6,4,32,41,8,0,1,2,91,91,9,62,3,6,4.99,6.39,1.25,0,0.16,0.31,0.1,0.1,24.17,0.05,2.81,7.48,9.82,1.09,0.7,,1146.02
A3Z physicality,Forwards,Forwards,A3Z tracked games; five on five,2023–24,20232024,273,8480018,Nick Suzuki,C,-0.24,5,253.45,253.88,17,0.21,-0.18,-0.02,-0.16,-0,FALSE,,0,FALSE,-0.69,22.98,-0.8,0.04,0.07,,71,207,13,26,25,7,36,3,46,31,7,3,61,84,10,7,15,9,13,30,16,9,6,3,40,64,26,2,3,11,27,6,0,2,3,32,32,4,21,1,2,2.6,6.39,1.42,0,0.47,0.71,0.12,0.1,28.04,0.05,3.08,6.16,14.44,0.71,0.43,,1743.65
A3Z physicality,Forwards,Forwards,A3Z tracked games; five on five,2023–24,20232024,274,8474037,James van Riemsdyk,L,0.91,2,194.58,196.1,18,0.25,-0.1,0.06,-0.16,0.02,FALSE,,0,FALSE,-0.7,22.7,-0.91,0.37,-0.15,,75,210,5,22,10,2,14,1,30,25,1,0,18,41,3,1,5,10,6,14,16,5,4,4,23,35,23,3,1,6,14,7,0,1,3,25,25,6,22,4,3,1.85,4.32,2.16,0,0.31,0.93,0.24,0.14,20.1,0.18,1.54,6.78,5.55,0.31,0,,958.93
A3Z physicality,Forwards,Forwards,A3Z tracked games; five on five,2023–24,20232024,275,8477946,Dylan Larkin,C,0.17,3,345.5,346.03,26,0.38,-0.15,0.01,-0.16,0.01,FALSE,,0,FALSE,-0.7,22.42,-0.35,-0.35,-0.01,,73,204,14,39,18,7,52,5,82,57,14,5,82,125,11,7,25,28,17,52,30,22,4,6,42,65,62,2,4,16,21,8,1,1,6,64,64,2,43,2,1,2.78,3.65,1.39,0.17,0.17,1.04,0.03,0.02,30.47,0.05,2.43,6.77,14.24,0.87,0.36,,1371.73
A3Z physicality,Forwards,Forwards,A3Z tracked games; five on five,2023–24,20232024,276,8476448,William Karlsson,C,-0.6,4,256.78,260.2,22,0.31,-0.21,-0.05,-0.16,-0,FALSE,,0,FALSE,-0.71,22.14,-1.03,0.12,0.21,,72,190,11,32,13,4,35,2,64,52,11,7,56,91,4,7,12,15,19,35,29,8,2,1,25,45,29,1,3,11,25,8,0,0,3,38,38,2,26,3,6,2.57,5.84,1.87,0,0,0.7,0.05,0.23,24.29,0.12,2.57,7.48,13.08,0.47,0.64,,1232.12
A3Z physicality,Forwards,Forwards,A3Z tracked games; five on five,2023–24,20232024,277,8480023,Robert Thomas,C,0.02,3,358.68,355.92,24,0.29,-0.16,0,-0.17,0.01,FALSE,,0,FALSE,-0.73,21.87,-0.89,0.14,0.02,,72,207,10,21,30,21,42,8,71,58,13,8,73,117,13,6,13,17,18,38,33,14,8,8,69,111,44,5,2,6,19,8,0,3,2,51,51,6,36,3,3,1,3.18,1.34,0,0.5,0.33,0.12,0.08,29.15,0.08,1.67,3.51,12.21,1.34,0.62,,1719.25
A3Z physicality,Forwards,Forwards,A3Z tracked games; five on five,2023–24,20232024,278,8476882,Teuvo Teravainen,C,-0.83,5,410.62,409.8,34,0.45,-0.21,-0.05,-0.17,-0,FALSE,,0,FALSE,-0.74,21.59,-0.61,-0.32,0.19,,71,191,14,55,28,12,19,3,62,29,23,9,50,84,7,5,33,9,8,35,27,24,1,0,56,85,58,2,4,8,15,7,0,2,1,72,72,5,42,5,2,1.17,2.19,1.02,0,0.29,0.15,0.07,0.05,33.98,0.12,2.05,8.04,7.31,0.44,0.39,,1246.53
A3Z physicality,Forwards,Forwards,A3Z tracked games; five on five,2023–24,20232024,279,8475763,Kevin Hayes,R,1.16,3,273.92,281.97,23,0.29,-0.12,0.04,-0.17,0.01,FALSE,,0,FALSE,-0.74,21.31,-0.54,-0.04,-0.16,,75,217,6,18,11,9,32,2,43,31,9,2,56,81,13,5,12,10,15,28,15,11,0,3,23,32,24,1,0,8,11,8,0,2,4,39,39,5,28,0,1,1.75,2.41,1.75,0,0.44,0.88,0.13,0.04,33.29,0,1.31,3.94,12.27,0.44,0.22,,1142.88
A3Z physicality,Forwards,Forwards,A3Z tracked games; five on five,2023–24,20232024,280,8482110,Dawson Mercer,C,-0.97,3,305.37,307.25,23,0.28,-0.21,-0.03,-0.17,0.01,FALSE,,0,FALSE,-0.76,21.03,-0.98,0.05,0.18,,72,180,10,37,11,6,18,3,52,35,10,6,44,85,14,8,17,14,7,24,28,16,5,0,28,34,28,2,1,7,29,9,0,1,1,33,33,7,26,2,2,1.38,5.7,1.77,0,0.2,0.2,0.21,0.08,18.03,0.08,1.96,7.27,8.65,0.59,0.6,,1411.83
A3Z physicality,Forwards,Forwards,A3Z tracked games; five on five,2023–24,20232024,281,8474586,Jordan Eberle,R,-1.23,5,358.78,362.67,26,0.33,-0.24,-0.07,-0.18,-0,FALSE,,0,FALSE,-0.78,20.75,-0.9,-0.15,0.27,,71,180,14,42,23,14,38,0,62,45,9,4,48,86,7,2,17,17,16,33,29,12,5,2,42,67,62,2,3,12,29,10,1,0,1,70,70,4,54,5,6,2.01,4.85,1.67,0.17,0,0.17,0.06,0.11,29.61,0.09,2.34,7.02,8.03,0,0.44,,1360.7
A3Z physicality,Forwards,Forwards,A3Z tracked games; five on five,2023–24,20232024,282,8482146,Luke Evangelista,R,-0.86,1,261.7,264.5,23,0.29,-0.26,-0.09,-0.18,-0.02,FALSE,,0,FALSE,-0.78,20.47,-1.34,0.27,0.28,,72,183,13,29,19,15,20,3,43,33,7,1,32,61,7,2,10,11,11,22,21,8,4,4,41,71,35,2,6,8,29,5,0,2,5,43,43,6,32,1,4,1.83,6.65,1.15,0,0.46,1.15,0.14,0.12,23.35,0.03,2.98,6.65,7.34,0.69,0.14,,1116.43
A3Z physicality,Forwards,Forwards,A3Z tracked games; five on five,2023–24,20232024,283,8474189,Lars Eller,C,0.54,2,258.35,266.27,23,0.28,-0.13,0.04,-0.18,0.02,FALSE,,0,FALSE,-0.78,20.19,-0.65,-0.05,-0.09,,74,207,13,22,14,7,23,1,49,37,8,3,44,77,8,7,12,17,10,24,25,11,2,0,28,43,43,6,3,7,29,9,0,5,1,57,57,4,43,4,5,1.63,6.74,2.09,0,1.16,0.23,0.07,0.12,30.23,0.09,3.02,5.11,10.22,0.23,0.38,,1309.17
A3Z physicality,Forwards,Forwards,A3Z tracked games; five on five,2023–24,20232024,284,8480208,Drake Batherson,R,0.87,2,347.03,353.4,25,0.3,-0.12,0.06,-0.18,0.02,FALSE,,0,FALSE,-0.79,19.92,-0.33,-0.32,-0.15,,75,209,17,48,16,11,36,6,70,59,9,4,53,107,12,1,11,17,17,32,38,23,2,2,45,68,56,3,1,25,26,10,0,1,2,68,68,6,43,6,6,4.32,4.5,1.73,0,0.17,0.35,0.09,0.14,29.14,0.14,2.94,8.3,9.16,1.04,0.44,,1490.22
A3Z physicality,Forwards,Forwards,A3Z tracked games; five on five,2023–24,20232024,285,8481477,Nico Sturm,C,0.87,1,155.3,160.35,13,0.21,-0.14,0.04,-0.18,-0.02,FALSE,,0,FALSE,-0.8,19.64,-0.43,-0.1,-0.27,typedShotsOnNet,75,209,3,19,3,3,8,2,24,15,11,2,20,40,7,1,9,9,3,10,14,7,0,2,9,20,18,6,3,6,13,4,0,2,1,24,24,5,16,2,4,2.32,5.02,1.55,0,0.77,0.39,0.21,0.25,19.88,0.12,1.16,7.34,7.73,0.77,0.18,,923.53
A3Z physicality,Forwards,Forwards,A3Z tracked games; five on five,2023–24,20232024,286,8478427,Sebastian Aho,C,-0.64,1,499.28,500.47,37,0.47,-0.25,-0.07,-0.18,-0.02,FALSE,,0,FALSE,-0.81,19.36,-1.24,0.21,0.21,,72,189,29,46,41,23,48,6,93,51,21,7,90,151,17,10,42,20,17,48,45,19,4,9,86,123,76,6,8,12,32,8,0,3,4,99,99,6,63,4,8,1.44,3.85,0.96,0,0.36,0.48,0.06,0.13,25.96,0.06,3.48,5.53,10.82,0.72,0.33,,1530.95
A3Z physicality,Forwards,Forwards,A3Z tracked games; five on five,2023–24,20232024,287,8477956,David Pastrnak,R,-0.28,1,314.65,317.8,21,0.26,-0.23,-0.04,-0.19,-0.02,FALSE,,0,FALSE,-0.82,19.08,-1.1,0.18,0.1,,72,199,15,20,10,11,29,1,54,41,6,5,44,80,8,2,13,14,14,31,23,16,3,11,33,62,72,2,1,21,32,2,0,3,5,85,85,7,57,5,1,4,6.1,0.38,0,0.57,0.95,0.08,0.02,30.81,0.09,2.86,3.81,8.39,0.19,0.83,,1634.23
A3Z physicality,Forwards,Forwards,A3Z tracked games; five on five,2023–24,20232024,288,8478439,Travis Konecny,R,-1.05,2,336.87,342.17,25,0.33,-0.21,-0.02,-0.19,0.02,FALSE,,0,FALSE,-0.83,18.8,-0.7,-0.32,0.2,,70,192,20,42,37,6,20,0,64,37,10,3,46,100,10,10,27,11,9,25,39,21,5,10,76,102,75,4,1,17,30,7,0,2,2,81,81,6,54,3,4,3.03,5.34,1.25,0,0.36,0.36,0.07,0.07,31.91,0.06,3.56,7.48,8.19,0,0.3,,1507.87
A3Z physicality,Forwards,Forwards,A3Z tracked games; five on five,2023–24,20232024,289,8480027,Jason Robertson,L,0.69,1,460.6,465.5,31,0.38,-0.16,0.03,-0.19,-0.02,FALSE,,0,FALSE,-0.83,18.52,-0.32,-0.3,-0.21,,75,204,20,56,30,16,38,1,105,67,23,9,70,155,10,6,38,21,14,47,58,25,8,4,66,106,81,4,4,24,34,8,0,4,0,87,87,7,61,5,1,3.13,4.43,1.04,0,0.52,0,0.08,0.02,32.65,0.08,2.61,7.29,9.12,0.13,0.39,,1502.63
A3Z physicality,Forwards,Forwards,A3Z tracked games; five on five,2023–24,20232024,290,8478020,Michael Amadio,R,0.24,5,260.65,264.12,22,0.3,-0.19,0,-0.19,-0,FALSE,,0,FALSE,-0.83,18.25,-0.73,-0.07,-0.03,,73,206,15,29,18,7,28,2,60,44,4,3,49,93,5,10,16,15,11,26,34,14,1,2,28,43,35,5,1,15,34,10,0,2,4,49,49,3,41,4,3,3.45,7.83,2.3,0,0.46,0.92,0.06,0.07,24.08,0.1,3.45,6.68,11.28,0.46,0.75,,977.6
A3Z physicality,Forwards,Forwards,A3Z tracked games; five on five,2023–24,20232024,291,8479999,Casey Mittelstadt,C,0.2,2,308.3,312.07,22,0.28,-0.16,0.03,-0.19,0.02,FALSE,,0,FALSE,-0.86,17.97,-1.02,0.18,-0.02,,73,205,8,14,16,9,35,5,53,35,20,9,57,97,5,7,18,17,9,25,28,8,5,4,43,60,33,3,1,6,21,8,0,3,1,34,34,1,27,3,2,1.17,4.09,1.56,0,0.58,0.19,0.03,0.07,20.82,0.11,1.56,2.72,11.09,0.97,0.45,,1418.37
A3Z physicality,Forwards,Forwards,A3Z tracked games; five on five,2023–24,20232024,292,8478010,Brayden Point,C,-1.34,2,388.32,392.48,26,0.32,-0.23,-0.03,-0.2,0.02,FALSE,,0,FALSE,-0.87,17.69,-1.47,0.35,0.25,,71,177,10,37,13,8,38,2,60,50,13,5,57,95,8,4,10,24,12,30,30,19,2,8,40,82,55,2,4,6,26,10,0,2,6,67,67,12,48,7,5,0.93,4.02,1.55,0,0.31,0.93,0.18,0.1,16.28,0.15,1.55,5.72,8.81,0.31,0.38,,1623.17
A3Z physicality,Forwards,Forwards,A3Z tracked games; five on five,2023–24,20232024,293,8484166,Adam Fantilli,C,0.46,2,192.43,194.68,16,0.33,-0.16,0.04,-0.2,0.02,FALSE,,0,FALSE,-0.88,17.41,-0.28,-0.53,-0.07,,74,205,10,17,8,2,18,2,35,23,5,2,34,58,7,4,12,11,5,18,17,11,3,3,22,26,33,1,1,18,18,8,0,0,3,33,33,0,24,1,1,5.61,5.61,2.49,0,0,0.94,0,0.04,34.18,0.04,3.12,5.3,10.6,0.62,0.4,,769.8
A3Z physicality,Forwards,Forwards,A3Z tracked games; five on five,2023–24,20232024,294,8482475,Egor Chinakhov,R,0.13,2,183.52,186.63,15,0.28,-0.17,0.03,-0.2,0.02,FALSE,,0,FALSE,-0.88,17.13,-0.62,-0.24,-0.01,,73,203,12,15,9,7,14,3,29,25,8,3,22,46,7,1,4,12,7,13,16,6,0,0,15,29,21,1,1,12,11,6,0,0,4,32,32,1,24,3,2,3.92,3.6,1.96,0,0,1.31,0.03,0.08,34.17,0.12,3.92,4.9,7.19,0.98,0.38,,803.88
A3Z physicality,Forwards,Forwards,A3Z tracked games; five on five,2023–24,20232024,295,8482109,Alexis Lafrenière,L,-0.05,2,398.2,406.77,27,0.33,-0.18,0.02,-0.2,0.02,FALSE,,0,FALSE,-0.89,16.85,-1.02,0.11,0.02,,74,191,17,33,21,10,39,1,56,47,6,5,49,82,7,4,9,20,18,35,21,23,3,15,47,93,73,1,8,20,42,6,0,2,5,91,91,8,59,7,7,3.01,6.33,0.9,0,0.3,0.75,0.09,0.12,20.25,0.12,2.56,4.97,7.38,0.15,0.83,,1415.9
A3Z physicality,Forwards,Forwards,A3Z tracked games; five on five,2023–24,20232024,296,8475692,Mats Zuccarello,R,-1.97,5,226.88,231.33,17,0.25,-0.3,-0.1,-0.2,-0,FALSE,,0,FALSE,-0.9,16.57,-1.1,-0.22,0.42,,68,181,12,20,15,10,23,3,29,21,3,2,38,62,4,6,8,5,6,15,14,17,2,1,35,59,35,0,3,2,14,6,0,2,2,41,41,1,25,1,1,0.53,3.7,1.59,0,0.53,0.53,0.02,0.04,27.07,0.04,3.17,5.29,10.05,0.79,0.67,,1303.58
A3Z physicality,Forwards,Forwards,A3Z tracked games; five on five,2023–24,20232024,297,8483431,Logan Cooley,C,-0.57,4,222.9,228.7,18,0.22,-0.25,-0.05,-0.21,-0,FALSE,,0,FALSE,-0.91,16.3,-0.96,-0.13,0.19,,72,191,9,19,9,8,32,6,37,32,4,1,41,57,4,1,5,11,15,26,11,11,1,1,29,39,38,2,1,13,27,6,0,0,2,46,46,3,36,3,1,3.5,7.27,1.62,0,0,0.54,0.07,0.03,23.72,0.08,2.42,5.11,11.04,1.62,0.25,,1296.82
A3Z physicality,Forwards,Forwards,A3Z tracked games; five on five,2023–24,20232024,298,8477497,Sean Monahan,C,0.5,3,314.15,312.68,25,0.3,-0.19,0.02,-0.21,0.01,FALSE,,0,FALSE,-0.91,16.02,-0.83,-0.02,-0.06,,74,206,14,34,24,15,30,9,43,33,8,4,55,78,12,6,10,11,14,27,16,9,4,2,43,73,39,1,5,11,16,6,0,0,2,48,48,5,36,2,5,2.1,3.06,1.15,0,0,0.38,0.1,0.14,22.69,0.06,2.67,6.49,10.5,1.72,0.5,,1501.82
A3Z physicality,Forwards,Forwards,A3Z tracked games; five on five,2023–24,20232024,299,8478420,Mikko Rantanen,R,1.82,2,405.87,413.4,25,0.31,-0.11,0.1,-0.21,0.02,FALSE,,0,FALSE,-0.92,15.74,-0.4,-0.2,-0.32,,76,228,20,38,18,16,44,5,67,52,19,5,70,102,6,8,15,18,20,44,23,12,2,10,61,111,56,3,2,14,42,18,0,10,6,77,77,4,56,4,8,2.07,6.21,2.66,0,1.48,0.89,0.05,0.14,27.46,0.07,2.96,5.62,10.35,0.74,0.26,,1832.45
A3Z physicality,Forwards,Forwards,A3Z tracked games; five on five,2023–24,20232024,300,8482665,Matty Beniers,C,-0.41,2,339.27,343.38,24,0.31,-0.2,0,-0.21,0.02,FALSE,,0,FALSE,-0.92,15.46,-0.84,-0.17,0.09,,74,181,18,35,21,9,63,10,64,59,14,5,81,115,9,2,5,28,13,36,28,12,4,4,50,80,34,0,1,19,46,14,0,0,4,44,44,3,27,1,5,3.36,8.14,2.48,0,0,0.71,0.07,0.19,25.04,0.04,3.18,6.19,14.33,1.77,0.36,,1383.17
A3Z physicality,Forwards,Forwards,A3Z tracked games; five on five,2023–24,20232024,301,8476453,Nikita Kucherov,R,-1.22,3,400.6,403.75,25,0.31,-0.25,-0.04,-0.21,0.01,FALSE,,0,FALSE,-0.93,15.18,-0.87,-0.28,0.22,,72,173,13,45,37,31,31,2,62,47,7,6,57,108,8,8,15,10,13,29,33,26,8,14,103,152,83,2,4,8,24,12,0,2,3,90,90,5,60,4,3,1.2,3.59,1.8,0,0.3,0.45,0.06,0.05,34.13,0.07,1.95,6.74,8.54,0.3,0.86,,1755.17
A3Z physicality,Forwards,Forwards,A3Z tracked games; five on five,2023–24,20232024,302,8477953,Kasperi Kapanen,R,-0.2,1,275.73,278.35,22,0.3,-0.25,-0.04,-0.21,-0.02,FALSE,,0,FALSE,-0.93,14.9,-0.71,-0.29,0.07,,73,194,11,27,16,3,13,1,30,20,7,4,29,55,9,2,10,5,4,14,16,11,1,3,29,45,36,1,3,14,20,8,0,1,4,46,46,2,29,2,2,3.05,4.35,1.74,0,0.22,0.87,0.04,0.07,28.33,0.07,2.39,5.88,6.31,0.22,0.57,,1050.05
A3Z physicality,Forwards,Forwards,A3Z tracked games; five on five,2023–24,20232024,303,8482117,Lukas Reichel,L,-1.33,5,255.77,259.4,23,0.35,-0.28,-0.07,-0.21,-0,FALSE,,0,FALSE,-0.93,14.62,-1.03,-0.19,0.29,,72,170,3,17,7,5,14,2,28,18,4,1,30,51,8,3,10,8,5,18,10,9,2,0,16,32,28,4,0,6,19,10,0,1,3,37,37,3,30,1,4,1.41,4.46,2.35,0,0.23,0.7,0.08,0.13,27.86,0.03,0.7,3.99,7.04,0.47,0.25,,917.18
A3Z physicality,Forwards,Forwards,A3Z tracked games; five on five,2023–24,20232024,304,8479675,Trevor Moore,L,-0.68,3,303.57,307.45,23,0.28,-0.24,-0.02,-0.21,0.01,FALSE,,0,FALSE,-0.94,14.35,-1.11,0.04,0.13,,71,195,14,30,11,13,35,6,68,53,6,2,51,99,14,2,15,29,10,31,37,15,6,4,43,70,57,3,3,19,46,4,0,0,5,77,77,7,52,9,3,3.76,9.09,0.79,0,0,0.99,0.09,0.06,23.19,0.17,2.77,5.93,10.08,1.19,0.33,,1474.35
A3Z physicality,Forwards,Forwards,A3Z tracked games; five on five,2023–24,20232024,305,8479385,Jordan Kyrou,R,-0.38,4,338.28,340.93,24,0.29,-0.25,-0.03,-0.22,-0,FALSE,,0,FALSE,-0.96,14.07,-1.01,-0.06,0.12,,73,189,8,20,17,20,32,5,59,49,12,6,48,93,19,2,10,12,21,34,25,24,3,10,51,85,80,0,1,10,27,11,0,4,3,93,93,7,64,6,2,1.77,4.79,1.95,0,0.71,0.53,0.08,0.03,32.98,0.09,1.42,3.55,8.51,0.89,0.5,,1503.2
A3Z physicality,Forwards,Forwards,A3Z tracked games; five on five,2023–24,20232024,306,8480835,Jack Drury,C,-1.01,4,309.47,317.27,30,0.41,-0.31,-0.09,-0.22,-0,FALSE,,0,FALSE,-0.97,13.79,-1.29,-0.04,0.37,,71,186,14,35,20,10,27,6,57,30,21,11,62,93,11,5,27,10,11,33,24,8,1,0,30,52,38,3,3,9,39,13,0,2,3,50,50,6,31,4,3,1.74,7.56,2.52,0,0.39,0.58,0.12,0.1,32.35,0.13,2.71,6.79,12.02,1.16,0.52,,908.65
A3Z physicality,Forwards,Forwards,A3Z tracked games; five on five,2023–24,20232024,307,8478856,Conor Garland,R,-2.04,2,266.4,272.52,23,0.28,-0.28,-0.06,-0.22,0.02,FALSE,,0,FALSE,-0.98,13.51,-0.99,-0.36,0.38,,70,165,21,46,18,7,15,3,34,24,11,5,25,46,2,4,10,15,4,18,16,27,6,1,28,38,60,1,2,9,32,8,0,3,6,72,72,8,50,10,3,2.03,7.21,1.8,0,0.68,1.35,0.11,0.06,28.24,0.2,4.73,10.36,5.63,0.68,0.45,,1192.15
A3Z physicality,Forwards,Forwards,A3Z tracked games; five on five,2023–24,20232024,308,8476346,Johnny Gaudreau,L,-2.37,5,270.15,270.5,19,0.23,-0.34,-0.12,-0.22,-0,TRUE,weight,0,FALSE,-0.99,13.23,-1.35,-0.14,0.5,,69,163,5,24,16,7,33,4,51,43,8,0,51,89,15,5,8,14,19,30,21,10,4,7,44,63,28,2,1,0,4,4,0,1,5,36,36,2,28,2,5,0,0.89,0.89,0,0.22,1.11,0.06,0.18,25.12,0.07,1.11,5.33,11.33,0.89,0,,1523.85
A3Z physicality,Forwards,Forwards,A3Z tracked games; five on five,2023–24,20232024,309,8480829,Jesperi Kotkaniemi,C,0.98,1,440.63,451.12,38,0.48,-0.18,0.05,-0.22,-0.02,FALSE,,0,FALSE,-0.99,12.95,-0.19,-0.5,-0.31,,75,212,12,57,21,11,35,6,84,42,25,5,80,131,13,13,42,12,12,42,42,20,3,9,57,87,49,2,3,34,49,12,0,6,7,78,78,11,53,5,3,4.63,6.67,1.63,0,0.82,0.95,0.14,0.06,22.78,0.09,1.63,7.76,10.89,0.82,0.2,,1025.35
A3Z physicality,Forwards,Forwards,A3Z tracked games; five on five,2023–24,20232024,310,8471218,Blake Wheeler,R,1.87,4,235.18,239.73,22,0.41,-0.05,0.17,-0.22,-0,FALSE,,0,FALSE,-0.99,12.67,0.38,-0.6,-0.77,,77,222,7,28,11,4,23,2,42,27,9,3,47,77,13,7,15,3,15,24,18,10,3,3,27,43,30,1,2,9,15,13,1,6,1,44,44,7,27,1,2,2.3,3.83,3.32,0.26,1.53,0.26,0.16,0.07,30.96,0.04,1.79,7.14,11.99,0.51,0.33,,686.75
A3Z physicality,Forwards,Forwards,A3Z tracked games; five on five,2023–24,20232024,311,8470604,Jeff Carter,C,1.24,1,171.5,176.17,20,0.28,-0.16,0.06,-0.22,-0.02,FALSE,,0,FALSE,-0.99,12.4,-0.42,-0.18,-0.39,typedShotsOnNet,75,219,6,18,5,1,6,2,18,8,5,1,26,41,9,10,10,5,2,11,7,7,1,0,10,14,19,0,4,14,9,2,0,1,1,20,20,4,16,2,1,4.9,3.15,0.7,0,0.35,0.35,0.2,0.06,17.28,0.12,2.1,6.3,9.1,0.7,0.2,,905.08
A3Z physicality,Forwards,Forwards,A3Z tracked games; five on five,2023–24,20232024,312,8478115,Pierre Engvall,L,1.62,1,328.3,333.67,25,0.34,-0.13,0.09,-0.23,-0.02,FALSE,,0,FALSE,-1,12.12,-1.06,0.57,-0.51,,78,208,21,34,19,15,30,6,54,42,9,3,50,85,7,9,12,26,7,30,24,11,3,2,48,67,29,6,2,11,21,5,0,1,1,44,44,6,35,3,7,2.01,3.84,0.91,0,0.18,0.18,0.14,0.2,22.96,0.09,3.84,6.21,9.14,1.1,0.33,,1134.05
A3Z physicality,Forwards,Forwards,A3Z tracked games; five on five,2023–24,20232024,313,8482078,Lucas Raymond,L,-1.01,5,370.13,374.68,28,0.34,-0.28,-0.06,-0.23,-0,FALSE,,0,FALSE,-1,11.84,-1.09,-0.13,0.22,,71,186,14,45,26,16,33,4,87,48,11,4,64,121,15,4,39,19,14,47,40,17,4,1,45,69,57,6,2,22,40,6,0,1,8,55,55,7,41,2,3,3.57,6.48,0.97,0,0.16,1.3,0.13,0.07,28.43,0.05,2.27,7.29,10.37,0.65,0.36,,1455.77
A3Z physicality,Forwards,Forwards,A3Z tracked games; five on five,2023–24,20232024,314,8478585,Derek Ryan,C,-1.31,2,259.55,261.07,31,0.44,-0.26,-0.03,-0.23,0.02,FALSE,,0,FALSE,-1.01,11.56,-1.07,-0.19,0.25,typedShotsOnNet,70,185,13,38,18,8,18,3,30,21,12,4,30,51,8,3,9,10,5,16,14,12,4,2,29,45,23,1,5,13,50,12,0,0,4,25,25,3,18,2,1,3.01,11.56,2.77,0,0,0.92,0.12,0.06,21.95,0.11,3.01,8.78,6.94,0.69,0.33,,713.53
A3Z physicality,Forwards,Forwards,A3Z tracked games; five on five,2023–24,20232024,315,8475754,Brock Nelson,C,0.98,4,398.18,403.88,29,0.35,-0.14,0.09,-0.24,-0,FALSE,,0,FALSE,-1.04,11.28,-0.57,-0.04,-0.42,,76,205,26,32,24,8,49,9,72,59,11,5,79,116,13,6,13,22,25,44,28,27,2,3,45,67,68,4,10,17,28,14,0,3,4,82,82,3,63,3,7,2.56,4.22,2.11,0,0.45,0.6,0.04,0.11,23.14,0.05,3.92,4.82,11.9,1.36,0.45,,1482.85
A3Z physicality,Forwards,Forwards,A3Z tracked games; five on five,2023–24,20232024,316,8478458,Jack Roslovic,C,-0.05,1,221.13,224.15,17,0.29,-0.26,-0.03,-0.24,-0.02,FALSE,,0,FALSE,-1.04,11,-0.22,-0.85,0.02,,73,198,7,29,13,4,14,3,44,27,9,4,32,60,6,4,17,15,2,20,24,8,3,1,32,46,30,3,2,12,19,7,0,3,3,36,36,2,25,2,0,3.26,5.16,1.9,0,0.81,0.81,0.06,0,26.85,0.08,1.9,7.87,8.68,0.81,0.44,,917.72
A3Z physicality,Forwards,Forwards,A3Z tracked games; five on five,2023–24,20232024,317,8475784,Jeff Skinner,L,-0.5,2,234.32,237.78,19,0.26,-0.24,0,-0.24,0.02,FALSE,,0,FALSE,-1.08,10.72,-1.45,0.27,0.1,,71,200,5,17,7,5,15,2,36,27,3,3,24,57,7,4,9,4,11,16,20,12,0,4,19,32,37,1,0,3,11,3,0,2,1,50,50,6,37,2,5,0.77,2.82,0.77,0,0.51,0.26,0.12,0.14,26.42,0.05,1.28,4.35,6.15,0.51,1,,1183.72
A3Z physicality,Forwards,Forwards,A3Z tracked games; five on five,2023–24,20232024,318,8481601,Simon Holmstrom,R,0.31,5,314.92,317.6,27,0.36,-0.24,0.01,-0.25,-0,FALSE,,0,FALSE,-1.09,10.45,-0.59,-0.45,-0.05,typedShotsOnNet,73,208,13,29,13,7,22,3,45,29,7,1,45,73,9,6,16,13,9,26,19,10,1,1,16,33,31,0,2,7,19,17,0,2,2,35,35,0,16,2,0,1.33,3.62,3.24,0,0.38,0.38,0,0,34.23,0.12,2.48,5.53,8.57,0.57,0.14,,998.95
A3Z physicality,Forwards,Forwards,A3Z tracked games; five on five,2023–24,20232024,319,8477402,Pavel Buchnevich,L,-0.12,5,312.85,311.45,22,0.28,-0.26,-0.01,-0.25,-0,FALSE,,0,FALSE,-1.09,10.17,-0.72,-0.42,0.04,,73,196,9,40,23,11,37,4,53,42,1,1,48,85,6,4,11,5,19,26,27,10,2,2,38,62,45,1,5,6,13,6,0,2,3,51,51,3,37,3,1,1.15,2.49,1.15,0,0.38,0.58,0.06,0.03,26.68,0.08,1.73,7.67,9.21,0.77,1,,1585.97
A3Z physicality,Forwards,Forwards,A3Z tracked games; five on five,2023–24,20232024,320,8477934,Leon Draisaitl,C,0.61,4,497.5,501.78,32,0.4,-0.19,0.06,-0.25,-0,FALSE,,0,FALSE,-1.12,9.89,-0.93,0.09,-0.28,,74,209,22,39,43,35,53,5,88,76,15,6,75,134,12,6,12,34,24,43,45,24,7,10,121,173,70,1,4,22,39,10,0,5,5,76,76,6,47,4,3,2.65,4.7,1.21,0,0.6,0.6,0.08,0.06,23.51,0.09,2.65,4.7,9.05,0.6,0.4,,1676.33
A3Z physicality,Forwards,Forwards,A3Z tracked games; five on five,2023–24,20232024,321,8477380,Jonny Brodzinski,C,-0.02,4,163.23,166.38,16,0.28,-0.25,0,-0.26,-0,FALSE,,0,FALSE,-1.13,9.61,-0.55,-0.56,-0.03,typedShotsOnNet,72,206,8,16,11,4,10,4,22,13,6,2,26,44,6,1,9,3,4,12,10,9,0,1,15,24,21,2,1,7,20,11,0,1,1,26,26,3,19,0,3,2.57,7.35,4.04,0,0.37,0.37,0.12,0.16,32.86,0,2.94,5.88,9.56,1.47,0.33,,634.27
A3Z physicality,Forwards,Forwards,A3Z tracked games; five on five,2023–24,20232024,322,8479383,Boris Katchouk,L,0.72,4,167.78,169.48,17,0.29,-0.19,0.07,-0.26,-0,FALSE,,0,FALSE,-1.14,9.33,0.01,-0.83,-0.32,typedShotsOnNet,74,212,5,15,10,4,11,0,31,17,5,3,20,39,3,3,14,7,6,16,15,5,3,1,17,23,20,1,1,15,10,4,0,0,1,22,22,1,16,0,1,5.36,3.58,1.43,0,0,0.36,0.05,0.06,29.27,0,1.79,5.36,7.15,0,0.6,,677.25
A3Z physicality,Forwards,Forwards,A3Z tracked games; five on five,2023–24,20232024,323,8478403,Jack Eichel,C,0.57,2,244,246.58,19,0.3,-0.22,0.04,-0.26,0.02,FALSE,,0,FALSE,-1.17,9.05,-0.81,-0.27,-0.09,,74,208,14,24,19,15,31,6,49,44,14,7,42,67,5,3,5,21,11,26,23,14,7,2,42,66,53,3,1,8,22,14,0,0,1,57,57,3,47,2,2,1.97,5.41,3.44,0,0,0.25,0.05,0.04,33.02,0.04,3.44,5.9,10.33,1.48,0.5,,1292.75
A3Z physicality,Forwards,Forwards,A3Z tracked games; five on five,2023–24,20232024,324,8476438,Brandon Saad,L,0.28,3,303.47,311.12,24,0.29,-0.26,0.01,-0.27,0.01,FALSE,,0,FALSE,-1.18,8.77,-1.22,0.06,-0.02,,73,207,10,31,10,7,17,1,37,31,7,2,33,54,5,6,6,14,8,18,19,8,0,2,28,45,43,4,6,4,14,5,0,1,2,49,49,7,35,5,3,0.79,2.77,0.99,0,0.2,0.4,0.14,0.09,21.21,0.14,1.98,6.13,6.52,0.2,0.29,,1271.25
A3Z physicality,Forwards,Forwards,A3Z tracked games; five on five,2023–24,20232024,325,8474141,Patrick Kane,R,-1.64,2,165.65,166.42,12,0.24,-0.32,-0.05,-0.27,0.02,FALSE,,0,FALSE,-1.19,8.5,-1.45,-0.05,0.31,,70,176,6,12,13,11,21,0,34,24,3,2,30,51,2,2,10,5,12,20,14,10,3,4,27,38,32,0,1,1,6,5,0,1,1,40,40,2,26,0,3,0.36,2.17,1.81,0,0.36,0.36,0.05,0.12,28.26,0,2.17,4.35,10.87,0,0.67,,918.82
A3Z physicality,Forwards,Forwards,A3Z tracked games; five on five,2023–24,20232024,326,8482055,Drew O'Connor,L,1.13,2,286.47,291.57,23,0.29,-0.21,0.07,-0.28,0.02,FALSE,,0,FALSE,-1.22,8.22,-0.96,-0.07,-0.19,,76,209,16,39,15,12,20,3,41,29,7,5,42,73,16,4,12,8,9,21,20,17,4,1,31,43,41,5,3,13,33,10,0,0,2,46,46,6,38,3,4,2.72,6.91,2.09,0,0,0.42,0.13,0.11,19.43,0.08,3.35,8.17,8.8,0.63,0.71,,1243.9
A3Z physicality,Forwards,Forwards,A3Z tracked games; five on five,2023–24,20232024,327,8480893,Kirill Marchenko,R,0.58,4,230.47,234.38,19,0.24,-0.22,0.06,-0.28,-0,FALSE,,0,FALSE,-1.23,7.94,-0.42,-0.55,-0.26,,75,201,7,24,14,5,20,6,34,19,3,3,41,67,9,7,15,8,5,20,14,10,1,1,21,28,38,1,0,11,19,10,0,3,4,47,47,4,35,3,1,2.86,4.95,2.6,0,0.78,1.04,0.09,0.03,35.47,0.09,1.82,6.25,10.67,1.56,1,,1280.28
A3Z physicality,Forwards,Forwards,A3Z tracked games; five on five,2023–24,20232024,328,8480014,Gabriel Vilardi,C,1.13,2,171.65,171.67,13,0.28,-0.21,0.07,-0.28,0.02,FALSE,,0,FALSE,-1.24,7.66,-0.91,-0.14,-0.19,typedShotsOnNet,75,216,13,35,6,4,13,2,27,20,1,1,20,40,7,1,7,3,10,16,11,0,3,0,8,22,15,1,3,6,10,7,0,0,2,21,21,4,14,1,3,2.1,3.5,2.45,0,0,0.7,0.19,0.21,13.04,0.07,4.54,12.23,6.99,0.7,1,,799.35
A3Z physicality,Forwards,Forwards,A3Z tracked games; five on five,2023–24,20232024,329,8480849,Barrett Hayton,C,0.02,5,164.07,166.53,13,0.39,-0.29,-0.01,-0.28,-0,FALSE,,0,FALSE,-1.25,7.38,-1.26,-0,0.01,typedShotsOnNet,73,200,4,12,6,4,15,3,19,14,2,0,27,37,3,2,5,6,6,12,7,7,2,0,17,25,17,1,2,2,10,4,0,1,3,21,21,4,13,1,1,0.73,3.66,1.46,0,0.37,1.1,0.19,0.08,17.2,0.08,1.46,4.39,9.87,1.1,0,,561.45
A3Z physicality,Forwards,Forwards,A3Z tracked games; five on five,2023–24,20232024,330,8477501,Valeri Nichushkin,R,1.17,2,235.58,241.98,17,0.31,-0.22,0.07,-0.29,0.02,FALSE,,0,FALSE,-1.28,7.1,-0.63,-0.45,-0.2,,76,210,10,39,15,11,18,0,32,28,5,2,27,45,6,3,4,8,13,20,12,10,1,5,33,49,38,1,5,12,19,4,0,3,3,47,47,4,38,7,6,3.06,4.84,1.02,0,0.76,0.76,0.09,0.16,24.76,0.18,2.55,9.93,6.88,0,0.4,,1152.92
A3Z physicality,Forwards,Forwards,A3Z tracked games; five on five,2023–24,20232024,331,8478440,Dylan Strome,C,0.8,2,346.62,350,25,0.3,-0.25,0.05,-0.3,0.02,FALSE,,0,FALSE,-1.33,6.82,-1.3,0.11,-0.13,,76,200,6,29,24,9,39,2,50,40,12,2,59,88,8,5,10,10,19,31,19,13,3,5,41,68,37,2,4,4,10,14,0,0,2,49,49,5,30,1,6,0.69,1.73,2.42,0,0,0.35,0.1,0.2,23.02,0.03,1.04,5.02,10.21,0.35,0.17,,1471.9
A3Z physicality,Forwards,Forwards,A3Z tracked games; five on five,2023–24,20232024,332,8483808,Andrei Kuzmenko,L,-0.5,3,251.93,253.37,22,0.31,-0.32,-0.02,-0.3,0.01,FALSE,,0,FALSE,-1.33,6.55,-1.46,0.03,0.1,typedShotsOnNet,71,200,8,20,10,10,11,1,36,22,8,3,27,57,10,3,14,4,6,16,20,12,2,2,30,50,24,2,3,3,26,5,0,2,4,28,28,4,15,1,0,0.71,6.19,1.19,0,0.48,0.95,0.14,0,34.76,0.07,1.91,4.76,6.43,0.24,0.38,,1071.67
A3Z physicality,Forwards,Forwards,A3Z tracked games; five on five,2023–24,20232024,333,8478449,Roope Hintz,C,1.16,4,375.25,380.98,30,0.38,-0.2,0.11,-0.3,-0,FALSE,,0,FALSE,-1.34,6.27,-0.95,0.1,-0.49,,75,217,19,30,26,15,42,4,75,57,19,12,70,118,6,6,18,14,19,40,35,10,3,5,53,87,51,1,2,13,33,15,0,2,8,58,58,8,42,2,5,2.08,5.28,2.4,0,0.32,1.28,0.14,0.12,23.96,0.05,3.04,4.8,11.19,0.64,0.63,,1379.18
A3Z physicality,Forwards,Forwards,A3Z tracked games; five on five,2023–24,20232024,334,8477939,William Nylander,R,-0.24,2,351.45,353.38,25,0.3,-0.3,0.01,-0.32,0.02,FALSE,,0,FALSE,-1.4,5.99,-1.23,-0.22,0.05,,72,200,20,36,15,18,26,3,44,34,9,6,42,68,8,3,10,16,7,24,20,29,6,9,54,81,84,3,0,12,24,5,0,1,3,88,88,5,63,8,1,2.05,4.1,0.85,0,0.17,0.51,0.06,0.02,25.82,0.13,3.41,6.15,7.17,0.51,0.67,,1632.92
A3Z physicality,Forwards,Forwards,A3Z tracked games; five on five,2023–24,20232024,335,8473986,Alex Killorn,L,0.2,4,159.33,163.28,12,0.19,-0.29,0.02,-0.32,-0,FALSE,,0,FALSE,-1.4,5.71,-0.58,-0.71,-0.11,typedShotsOnNet,73,205,5,13,6,5,22,4,31,23,5,1,33,57,8,2,8,6,9,17,14,10,2,0,19,24,28,2,1,7,14,6,0,1,0,25,25,1,19,1,0,2.64,5.27,2.26,0,0.38,0,0.04,0,34.89,0.05,1.88,4.9,12.43,1.51,0.2,,1180.12
A3Z physicality,Forwards,Forwards,A3Z tracked games; five on five,2023–24,20232024,336,8479542,Brandon Hagel,L,-0.23,2,381.17,386.48,26,0.32,-0.31,0.01,-0.32,0.02,FALSE,,0,FALSE,-1.42,5.43,-1.19,-0.28,0.05,,74,186,18,58,31,18,34,2,58,39,16,6,60,102,12,4,19,15,10,34,24,25,2,6,62,94,68,7,7,16,55,9,0,2,8,75,75,8,54,6,3,2.52,8.66,1.42,0,0.31,1.26,0.11,0.06,22.36,0.11,2.83,9.13,9.44,0.31,0.38,,1578.98
A3Z physicality,Forwards,Forwards,A3Z tracked games; five on five,2023–24,20232024,337,8478550,Artemi Panarin,L,-1.11,3,414.13,415.92,27,0.33,-0.36,-0.04,-0.32,0.01,FALSE,,0,FALSE,-1.43,5.15,-1.46,-0.18,0.2,,72,176,15,28,27,32,40,2,92,76,8,5,64,131,14,5,16,24,20,45,47,20,2,17,80,133,84,1,4,3,11,3,0,2,4,85,85,2,64,3,3,0.43,1.59,0.43,0,0.29,0.58,0.02,0.05,31.76,0.05,2.17,4.06,9.27,0.29,0.62,,1649.75
A3Z physicality,Forwards,Forwards,A3Z tracked games; five on five,2023–24,20232024,338,8479343,Clayton Keller,R,-1.67,2,261.32,263.87,18,0.23,-0.38,-0.05,-0.33,0.02,FALSE,,0,FALSE,-1.47,4.87,-1.73,-0.06,0.31,,70,175,3,20,10,16,31,5,42,32,10,2,39,67,7,1,10,12,13,25,17,13,0,7,41,70,46,0,3,3,27,7,0,2,6,47,47,3,31,4,1,0.69,6.2,1.61,0,0.46,1.38,0.06,0.03,29,0.13,0.69,4.59,8.95,1.15,0.2,,1501.17
A3Z physicality,Forwards,Forwards,A3Z tracked games; five on five,2023–24,20232024,339,8484153,Leo Carlsson,C,0.83,1,168.3,171.1,12,0.22,-0.32,0.04,-0.36,-0.02,FALSE,,0,FALSE,-1.57,4.6,-0.59,-0.72,-0.26,,75,208,4,13,8,6,24,1,28,25,10,4,33,46,5,2,3,10,8,17,11,3,3,1,20,37,20,1,1,9,6,3,0,1,2,23,23,0,20,1,2,3.21,2.14,1.07,0,0.36,0.71,0,0.1,21.54,0.05,1.43,4.63,11.76,0.36,0.4,,996
A3Z physicality,Forwards,Forwards,A3Z tracked games; five on five,2023–24,20232024,340,8481560,Arthur Kaliyev,R,0.72,1,173.82,176.25,16,0.31,-0.33,0.03,-0.36,-0.02,FALSE,,0,FALSE,-1.59,4.32,-0.07,-1.3,-0.22,,74,212,3,24,5,4,11,2,33,17,6,2,29,55,9,7,16,2,8,17,16,10,0,0,11,20,26,0,0,11,14,8,0,0,0,27,27,0,20,1,0,3.8,4.83,2.76,0,0,0,0,0,33.84,0.05,1.04,8.28,10.01,0.69,0.33,,601.92
A3Z physicality,Forwards,Forwards,A3Z tracked games; five on five,2023–24,20232024,341,8477416,Oliver Bjorkstrand,R,-1.15,4,360.6,360.67,27,0.33,-0.49,-0.1,-0.39,-0,FALSE,,0,FALSE,-1.73,4.04,-0.97,-1.18,0.42,,72,175,18,46,15,12,42,3,68,48,11,2,74,117,9,11,20,16,16,40,28,15,2,3,32,57,53,4,2,21,28,5,0,0,3,63,63,2,39,0,2,3.49,4.66,0.83,0,0,0.5,0.03,0.05,33.06,0,3,7.65,12.31,0.5,0.18,,1327
A3Z physicality,Forwards,Forwards,A3Z tracked games; five on five,2023–24,20232024,342,8481557,Matt Boldy,L,0.32,4,208.38,211.7,16,0.21,-0.38,0.03,-0.41,-0,FALSE,,0,FALSE,-1.82,3.76,-1.75,0.09,-0.16,,74,201,12,19,19,9,22,0,43,25,10,4,40,63,2,5,18,10,10,28,15,18,2,5,36,49,48,1,1,4,22,5,0,5,4,47,47,5,35,3,3,1.15,6.33,1.44,0,1.44,1.15,0.11,0.09,25.08,0.09,3.46,5.47,11.52,0,0.4,,1418.33
A3Z physicality,Forwards,Forwards,A3Z tracked games; five on five,2023–24,20232024,343,8477951,Nick Schmaltz,C,-0.82,2,236.27,238.48,17,0.22,-0.45,-0.01,-0.44,0.02,FALSE,,0,FALSE,-1.95,3.48,-1.49,-0.62,0.16,,72,184,7,24,14,14,18,2,35,27,12,5,38,66,12,7,8,8,10,20,15,5,3,9,40,66,35,1,0,3,11,5,0,1,2,35,35,0,24,3,0,0.76,2.79,1.27,0,0.25,0.51,0,0,28,0.12,1.78,6.09,9.65,0.51,0.42,,1515.05
A3Z physicality,Forwards,Forwards,A3Z tracked games; five on five,2023–24,20232024,344,8482124,Quinton Byfield,R,2.16,4,285.62,288.2,23,0.29,-0.25,0.2,-0.45,-0,FALSE,,0,FALSE,-1.97,3.2,-1.01,-0.07,-0.89,,77,230,17,34,16,6,26,2,48,33,10,3,43,81,11,5,15,14,6,24,24,6,2,3,29,51,43,2,4,15,33,6,0,2,1,57,57,6,38,3,7,3.15,6.93,1.26,0,0.42,0.21,0.11,0.18,30.02,0.08,3.57,7.14,9.03,0.42,0.3,,1318.7
A3Z physicality,Forwards,Forwards,A3Z tracked games; five on five,2023–24,20232024,345,8478398,Kyle Connor,L,-0.6,2,397.02,398.72,25,0.38,-0.45,-0,-0.45,0.02,FALSE,,0,FALSE,-2,2.92,-1.97,-0.14,0.12,,73,183,8,39,14,9,28,1,56,35,7,2,52,86,13,4,21,16,15,34,22,27,0,4,36,68,85,5,3,2,23,9,0,0,1,93,93,7,71,4,11,0.3,3.48,1.36,0,0,0.15,0.08,0.15,25,0.06,1.21,5.89,7.86,0.15,0.29,,1282.1
A3Z physicality,Forwards,Forwards,A3Z tracked games; five on five,2023–24,20232024,346,8478873,Troy Terry,R,-0.49,3,240.08,242.77,17,0.22,-0.48,-0.02,-0.46,0.01,FALSE,,0,FALSE,-2.03,2.65,-2.17,0.04,0.1,,72,193,6,16,12,11,25,2,40,32,8,4,39,64,8,3,8,16,8,21,19,6,3,3,36,50,40,3,0,1,17,2,0,0,5,42,42,5,31,1,3,0.25,4.25,0.5,0,0,1.25,0.12,0.1,33.3,0.03,1.5,4,9.75,0.5,0.5,,1389.88
A3Z physicality,Forwards,Forwards,A3Z tracked games; five on five,2023–24,20232024,347,8471215,Evgeni Malkin,C,1.54,4,321.18,320.92,23,0.28,-0.32,0.14,-0.47,-0,FALSE,,0,FALSE,-2.06,2.37,-1.5,0.08,-0.64,,77,213,9,29,21,21,26,3,52,39,11,5,48,83,7,4,13,15,8,22,30,16,2,8,62,93,33,2,5,13,21,2,0,2,6,40,40,8,32,2,3,2.43,3.92,0.37,0,0.37,1.12,0.2,0.09,21.51,0.06,1.68,5.42,8.97,0.56,0.45,,1523.93
A3Z physicality,Forwards,Forwards,A3Z tracked games; five on five,2023–24,20232024,348,8479420,Tage Thompson,C,2.05,4,249.15,252.37,19,0.27,-0.28,0.19,-0.47,-0,FALSE,,0,FALSE,-2.07,2.09,-0.26,-0.96,-0.85,,78,220,7,22,7,6,24,3,36,30,3,1,37,58,6,3,6,15,7,20,16,13,3,0,22,36,46,0,1,11,15,11,0,2,2,47,47,2,33,0,1,2.65,3.61,2.65,0,0.48,0.48,0.04,0.03,31.06,0,1.69,5.3,8.91,0.72,0.33,,1286.38
A3Z physicality,Forwards,Forwards,A3Z tracked games; five on five,2023–24,20232024,349,8481711,Matias Maccelli,L,-0.97,4,229.68,231.4,18,0.22,-0.55,-0.08,-0.47,-0,FALSE,,0,FALSE,-2.08,1.81,-1.6,-0.83,0.35,typedShotsOnNet,71,187,4,17,16,13,23,2,36,27,8,1,47,65,10,9,9,12,9,25,11,7,1,4,31,49,25,4,0,5,10,3,0,0,3,30,30,3,19,0,0,1.31,2.61,0.78,0,0,0.78,0.1,0,29.52,0,1.04,4.44,12.28,0.52,0.12,,1331.18
A3Z physicality,Forwards,Forwards,A3Z tracked games; five on five,2023–24,20232024,350,8481656,Aliaksei Protas,L,3.15,5,269.28,271.55,25,0.32,-0.33,0.14,-0.47,-0,TRUE,weight,0,FALSE,-2.08,1.53,-1.34,-0.11,-0.63,,78,250,8,23,18,10,34,2,44,27,5,4,58,89,11,4,17,8,12,26,18,9,3,3,32,52,34,1,4,5,20,19,0,0,3,40,40,3,29,3,3,1.11,4.46,4.23,0,0,0.67,0.07,0.1,25.58,0.1,1.78,5.12,12.92,0.45,0.8,,1072.2
A3Z physicality,Forwards,Forwards,A3Z tracked games; five on five,2023–24,20232024,351,8481559,Jack Hughes,C,-1.41,2,225.38,225.08,15,0.24,-0.54,-0.04,-0.5,0.02,FALSE,,0,FALSE,-2.22,1.25,-2.2,-0.29,0.27,,71,175,5,17,14,14,25,8,45,37,8,6,39,71,9,4,8,18,10,24,21,8,3,3,51,76,43,0,1,2,10,2,0,0,3,47,47,1,28,0,0,0.53,2.66,0.53,0,0,0.8,0.02,0,28.64,0,1.33,4.53,10.38,2.13,0.75,,1300.38
A3Z physicality,Forwards,Forwards,A3Z tracked games; five on five,2023–24,20232024,352,8482175,John-Jason Peterka,R,-0.64,4,270.8,274.72,21,0.26,-0.59,-0.05,-0.53,-0,FALSE,,0,FALSE,-2.36,0.97,-1.57,-1.02,0.22,,72,189,4,38,9,4,17,1,35,23,6,4,25,50,4,2,12,8,8,15,20,15,3,1,18,30,46,3,1,6,28,9,0,2,6,58,58,7,38,0,3,1.33,6.2,1.99,0,0.44,1.33,0.12,0.08,25.98,0,0.89,8.42,5.54,0.22,0.67,,1344.18
A3Z physicality,Forwards,Forwards,A3Z tracked games; five on five,2023–24,20232024,353,8477444,Andre Burakovsky,L,0.65,4,180.65,181.87,15,0.31,-0.52,0.06,-0.58,-0,FALSE,,0,FALSE,-2.57,0.7,-1.1,-1.18,-0.29,typedShotsOnNet,75,203,9,18,9,3,23,2,36,32,4,1,31,57,8,4,4,13,9,20,16,5,2,4,26,43,24,0,0,6,20,7,0,2,3,29,29,1,18,0,0,1.99,6.64,2.32,0,0.66,1,0.03,0,35.51,0,2.99,5.98,10.3,0.66,0.25,,713.68
A3Z physicality,Forwards,Forwards,A3Z tracked games; five on five,2023–24,20232024,354,8478438,Thomas Novak,C,-0.34,5,229.47,235.18,20,0.28,-0.61,-0.02,-0.59,-0,FALSE,,0,FALSE,-2.61,0.42,-2.35,-0.34,0.09,,73,190,10,27,12,11,22,3,44,33,8,5,40,66,9,4,11,11,14,27,17,13,5,0,41,64,40,0,2,2,36,9,0,0,1,46,46,1,23,1,1,0.52,9.41,2.35,0,0,0.26,0.02,0.04,26.02,0.04,2.61,7.06,10.46,0.78,0.62,,1008.25
A3Z physicality,Forwards,Forwards,A3Z tracked games; five on five,2023–24,20232024,355,8481068,Yegor Sharangovich,C,0.14,4,269.22,272.5,23,0.28,-0.62,0.02,-0.63,-0,FALSE,,0,FALSE,-2.79,0.14,-2.79,0.08,-0.09,,74,196,3,28,6,4,15,3,37,31,3,0,25,61,8,2,6,7,8,12,25,12,1,2,19,34,41,2,4,0,22,7,0,0,2,56,56,4,32,4,6,0,4.9,1.56,0,0,0.45,0.07,0.19,25.44,0.12,0.67,6.24,5.57,0.67,0,,1419.82
A3Z physicality,Forwards,Forwards,A3Z tracked games; five on five,2024–25,20242025,1,8475842,Sam Carrick,C,-0.14,3,178.33,184.53,19,0.24,1.3,0.03,1.26,0.04,TRUE,fightsPer60; contactPenaltiesTakenPer60,0,FALSE,4.69,99.86,2.85,1.77,0.08,typedShotsOnNet,72,202,16,15,13,11,20,5,35,22,15,3,48,67,5,8,13,10,9,22,13,2,1,0,14,30,10,1,0,29,20,9,2,8,1,26,26,9,17,5,4,9.76,6.73,3.03,0.67,2.69,0.34,0.35,0.24,13.83,0.29,5.38,5.05,16.15,1.68,0.2,,954.55
A3Z physicality,Forwards,Forwards,A3Z tracked games; five on five,2024–25,20242025,2,8479671,Mathieu Olivier,R,1.21,1,214.42,217.07,16,0.2,1.14,0.1,1.04,-0.01,FALSE,,0,FALSE,3.88,99.58,3.46,0.81,-0.38,,73,232,11,23,6,3,18,6,40,24,7,4,38,64,9,7,16,8,10,24,16,9,1,1,10,23,22,2,3,65,15,14,2,5,0,28,28,2,21,3,3,18.19,4.2,3.92,0.56,1.4,0,0.07,0.14,19.06,0.14,3.08,6.44,10.63,1.68,0.57,,1185.65
A3Z physicality,Forwards,Forwards,A3Z tracked games; five on five,2024–25,20242025,3,8482742,Zachary L'Heureux,L,-0.58,2,194.38,196.47,18,0.29,0.83,-0.04,0.88,0.02,FALSE,,0,FALSE,3.28,99.29,1.86,1.15,0.27,typedShotsOnNet,71,197,10,28,11,1,13,4,35,23,5,1,23,43,6,4,12,9,7,17,18,10,2,1,12,18,25,1,1,65,19,7,1,1,1,27,27,2,18,4,0,20.06,5.86,2.16,0.31,0.31,0.31,0.07,0,23.77,0.22,3.09,8.64,7.1,1.23,0.2,,746.6
A3Z physicality,Forwards,Forwards,A3Z tracked games; five on five,2024–25,20242025,4,8476624,Barclay Goodrow,C,0.69,1,239.63,242.43,21,0.27,0.85,0.05,0.8,-0.01,FALSE,,0,FALSE,2.97,99.01,2.67,0.5,-0.2,typedShotsOnNet,74,210,8,41,9,2,13,6,30,19,9,3,31,52,11,7,11,4,8,20,10,10,1,0,21,27,17,1,3,33,16,17,2,4,0,26,26,2,17,2,5,8.26,4.01,4.26,0.5,1,0,0.08,0.29,18.02,0.12,2,10.27,7.76,1.5,0.33,,1061.33
A3Z physicality,Forwards,Forwards,A3Z tracked games; five on five,2024–25,20242025,5,8480980,Connor Dewar,C,-1.21,4,232.78,234.75,27,0.56,0.55,-0.12,0.67,-0.02,FALSE,,0,FALSE,2.52,98.73,1.35,0.75,0.42,,70,187,10,34,12,5,12,6,42,27,13,6,23,63,8,1,15,15,5,15,27,13,2,0,12,19,27,4,4,65,25,17,1,0,2,29,29,4,23,6,4,16.75,6.44,4.38,0.26,0,0.52,0.14,0.17,20.62,0.26,2.58,8.76,5.93,1.55,0.46,,554.77
A3Z physicality,Forwards,Forwards,A3Z tracked games; five on five,2024–25,20242025,6,8479661,Tanner Jeannot,L,1.08,4,215.6,215.53,21,0.31,0.74,0.08,0.66,-0.02,FALSE,,0,FALSE,2.48,98.44,2.03,0.75,-0.3,typedShotsOnNet,74,221,16,19,9,2,20,4,35,27,15,2,36,66,8,6,8,6,9,15,20,6,0,0,13,21,21,2,1,64,15,13,2,1,2,24,24,5,11,2,1,17.81,4.17,3.62,0.56,0.28,0.56,0.21,0.09,16.58,0.18,4.45,5.29,10.02,1.11,0.13,,738.12
A3Z physicality,Forwards,Forwards,A3Z tracked games; five on five,2024–25,20242025,7,8480855,Jack McBain,C,1.54,2,201.2,204.17,17,0.21,0.81,0.16,0.64,0.02,FALSE,,0,FALSE,2.42,98.16,1.84,1.08,-0.5,,76,219,5,29,9,3,13,1,33,15,6,2,28,58,4,4,18,5,4,12,21,6,1,0,19,34,22,2,2,64,26,7,1,4,1,27,27,5,20,7,1,19.09,7.75,2.09,0.3,1.19,0.3,0.19,0.05,16.4,0.35,1.49,8.65,8.35,0.3,0.33,,1112.98
A3Z physicality,Forwards,Forwards,A3Z tracked games; five on five,2024–25,20242025,8,8479520,Brandon Duhaime,L,0.69,3,279.32,280.03,25,0.3,0.69,0.11,0.58,0.04,TRUE,fightsPer60,0,FALSE,2.18,97.88,2.44,-0.06,-0.21,,74,210,19,41,20,13,28,4,59,37,14,3,41,87,9,1,22,15,9,26,33,10,1,2,25,46,39,1,4,49,30,16,4,2,4,47,47,7,25,1,5,10.53,6.44,3.44,0.86,0.43,0.86,0.15,0.2,27.78,0.04,4.08,8.81,8.81,0.86,0.21,,1094.18
A3Z physicality,Forwards,Forwards,A3Z tracked games; five on five,2024–25,20242025,9,8478508,Yakov Trenin,C,0.36,4,229.58,233.2,21,0.28,0.53,0.02,0.51,-0.02,FALSE,,0,FALSE,1.94,97.59,1.55,0.46,-0.07,,74,201,16,24,8,6,25,9,46,34,7,6,42,74,14,4,12,10,10,27,19,16,2,1,12,22,34,4,4,68,28,12,0,1,0,36,36,6,20,4,3,17.77,7.32,3.14,0,0.26,0,0.17,0.15,25.01,0.2,4.18,6.27,10.98,2.35,0.86,,951.25
A3Z physicality,Forwards,Forwards,A3Z tracked games; five on five,2024–25,20242025,10,8479944,Zach Aston-Reese,L,0.17,4,197.17,198.63,16,0.2,0.51,-0,0.51,-0.02,FALSE,,0,FALSE,1.92,97.31,1,0.94,-0.01,typedShotsOnNet,73,203,6,26,13,5,5,3,22,8,7,4,11,32,5,1,14,3,2,9,13,12,1,1,19,30,28,5,4,41,10,15,0,1,1,33,33,10,19,4,3,12.48,3.04,4.56,0,0.3,0.3,0.3,0.16,11.7,0.21,1.83,7.91,3.35,0.91,0.57,,1062.13
A3Z physicality,Forwards,Forwards,A3Z tracked games; five on five,2024–25,20242025,11,8479066,Ryan Lomberg,L,-1.58,3,163.97,167.75,20,0.25,0.39,-0.1,0.49,0.04,FALSE,,0,FALSE,1.86,97.03,0.65,0.63,0.58,,69,184,10,15,10,2,10,2,26,18,6,3,20,41,3,2,8,7,4,10,16,11,1,0,17,22,33,2,1,34,3,3,0,1,1,38,38,3,26,5,2,12.44,1.1,1.1,0,0.37,0.37,0.08,0.08,28.72,0.19,3.66,5.49,7.32,0.73,0.5,,692.4
A3Z physicality,Forwards,Forwards,A3Z tracked games; five on five,2024–25,20242025,12,8475231,Casey Cizikas,C,-0.8,2,227.22,232.77,20,0.24,0.37,-0.07,0.44,0.02,TRUE,contactPenaltiesDrawnPer60,0,FALSE,1.65,96.74,0.42,0.89,0.35,typedShotsOnNet,71,191,18,35,11,4,27,9,35,23,12,4,39,62,4,4,12,11,7,17,18,8,3,1,16,25,24,1,2,54,18,12,1,1,8,32,32,4,18,4,2,14.26,4.75,3.17,0.26,0.26,2.11,0.12,0.11,29.09,0.22,4.75,9.24,10.3,2.38,0.33,,1069.33
A3Z physicality,Forwards,Forwards,A3Z tracked games; five on five,2024–25,20242025,13,8476399,Blake Coleman,L,-0.51,1,264.27,268.55,20,0.24,0.37,-0.06,0.43,-0.01,FALSE,,0,FALSE,1.62,96.46,1.39,0.01,0.22,,71,199,15,44,12,3,19,4,45,35,7,3,30,69,7,6,10,12,8,20,25,22,1,0,22,29,41,1,5,38,16,11,0,1,0,55,55,7,38,1,6,8.63,3.63,2.5,0,0.23,0,0.13,0.16,27.02,0.03,3.41,9.99,6.81,0.91,0.43,,1450.15
A3Z physicality,Forwards,Forwards,A3Z tracked games; five on five,2024–25,20242025,14,8483524,Shane Wright,C,-0.5,1,281.85,283.03,26,0.33,0.35,-0.06,0.41,-0.01,FALSE,,0,FALSE,1.57,96.18,0.39,0.97,0.21,,72,192,21,36,16,8,21,7,29,24,11,7,30,63,10,2,5,6,7,10,19,10,2,1,28,57,27,2,7,14,28,24,0,3,1,34,34,3,21,1,6,2.98,5.96,5.11,0,0.64,0.21,0.09,0.29,18.12,0.05,4.47,7.66,6.39,1.49,0.64,,1111.38
A3Z physicality,Forwards,Forwards,A3Z tracked games; five on five,2024–25,20242025,15,8481477,Nico Sturm,C,0.92,5,160.3,161.07,19,0.31,0.41,-0.01,0.41,-0.03,TRUE,backhandShare,0,FALSE,1.56,95.89,0.86,0.74,-0.03,typedShotsOnNet,75,209,9,14,9,2,17,7,32,17,17,6,39,55,6,8,15,9,4,21,11,9,0,1,17,26,20,3,2,33,14,17,0,3,0,22,22,5,13,5,1,12.35,5.24,6.36,0,1.12,0,0.23,0.08,18.57,0.38,3.37,5.24,14.6,2.62,0.35,,645.6
A3Z physicality,Forwards,Forwards,A3Z tracked games; five on five,2024–25,20242025,16,8478569,Noel Acciari,C,-0.33,2,187.52,190.63,18,0.23,0.38,-0.02,0.4,0.02,FALSE,,0,FALSE,1.51,95.61,1.13,0.2,0.18,locatedAttempts; typedShotsOnNet,71,204,9,18,6,0,15,4,25,18,4,0,19,33,6,0,7,10,4,15,10,8,0,0,12,15,15,3,3,39,15,10,0,1,1,17,17,4,12,1,2,12.48,4.8,3.2,0,0.32,0.32,0.24,0.17,20.25,0.08,2.88,5.76,6.08,1.28,0,,1087
A3Z physicality,Forwards,Forwards,A3Z tracked games; five on five,2024–25,20242025,17,8482157,Will Cuylle,L,1.02,2,233.28,237.5,19,0.23,0.51,0.11,0.4,0.02,FALSE,,0,FALSE,1.5,95.33,1.84,-0.03,-0.31,,75,212,7,25,9,10,12,5,28,19,9,1,22,42,5,0,9,9,3,16,12,13,4,1,19,29,36,3,8,66,17,11,0,1,0,47,47,10,26,2,3,16.98,4.37,2.83,0,0.26,0,0.21,0.12,19.24,0.08,1.8,6.43,5.66,1.29,0.11,,1236.35
A3Z physicality,Forwards,Forwards,A3Z tracked games; five on five,2024–25,20242025,18,8478020,Michael Amadio,R,0.27,1,221.52,227.55,18,0.25,0.4,0.01,0.39,-0.01,FALSE,,0,FALSE,1.48,95.04,0.95,0.59,-0.05,,73,206,14,30,12,7,21,5,47,37,7,3,29,57,6,2,10,14,12,23,24,13,1,1,23,38,29,3,1,17,29,14,0,1,0,34,34,4,25,1,3,4.6,7.85,3.79,0,0.27,0,0.12,0.12,21.4,0.04,3.79,8.13,7.85,1.35,0.43,,1014.9
A3Z physicality,Forwards,Forwards,A3Z tracked games; five on five,2024–25,20242025,19,8478421,Anthony-John (AJ) Greer,L,1.46,5,179.58,182.6,21,0.26,0.39,0.01,0.38,-0.03,FALSE,,0,FALSE,1.44,94.76,1.16,0.36,-0.08,typedShotsOnNet,75,224,12,23,4,3,10,5,32,19,7,2,20,44,8,0,13,7,3,14,18,10,0,3,13,19,20,3,2,50,25,6,2,5,2,25,25,5,17,1,5,16.71,8.35,2,0.67,1.67,0.67,0.2,0.29,17.89,0.06,4.01,7.68,6.68,1.67,0.29,,777.05
A3Z physicality,Forwards,Forwards,A3Z tracked games; five on five,2024–25,20242025,20,8476480,Vladislav Namestnikov,C,-0.89,2,297.18,300.25,24,0.31,0.29,-0.08,0.37,0.02,FALSE,,0,FALSE,1.4,94.48,-0.11,1.13,0.38,,72,181,16,27,18,15,27,7,48,34,14,3,41,70,6,0,14,13,9,26,22,7,1,0,28,63,30,4,2,22,16,13,0,3,3,33,33,12,23,3,2,4.44,3.23,2.62,0,0.61,0.61,0.36,0.09,11.7,0.13,3.23,5.45,8.28,1.41,0.21,,1177.1
A3Z physicality,Forwards,Forwards,A3Z tracked games; five on five,2024–25,20242025,21,8478057,Dakota Joshua,C,1.24,5,221.7,222.5,19,0.33,0.36,0,0.36,-0.03,FALSE,,0,FALSE,1.36,94.19,0.72,0.71,-0.06,typedShotsOnNet,75,218,11,19,15,4,19,4,31,23,6,1,29,49,8,2,8,8,9,19,12,7,2,0,25,32,17,2,0,53,25,7,1,1,1,24,24,6,12,3,2,14.34,6.77,1.89,0.27,0.27,0.27,0.25,0.17,11.78,0.25,2.98,5.14,7.85,1.08,0.17,,738.77
A3Z physicality,Forwards,Forwards,A3Z tracked games; five on five,2024–25,20242025,22,8475848,Brendan Gallagher,R,-1.55,2,259.43,264.25,21,0.26,0.21,-0.14,0.35,0.02,FALSE,,0,FALSE,1.34,93.91,-0.23,0.95,0.62,,69,185,18,29,15,12,13,3,45,26,3,1,31,65,9,4,19,8,7,24,21,26,4,0,18,37,46,4,4,23,10,12,0,1,4,55,55,9,40,7,4,5.32,2.31,2.78,0,0.23,0.93,0.16,0.1,23.77,0.17,4.16,6.71,7.17,0.69,0.33,,1140.98
A3Z physicality,Forwards,Forwards,A3Z tracked games; five on five,2024–25,20242025,23,8480113,Alex Iafallo,L,-0.17,2,218.33,220.32,24,0.29,0.35,-0,0.35,0.02,FALSE,,0,FALSE,1.34,93.63,0.54,0.68,0.12,,72,201,7,39,13,4,13,1,29,21,5,3,26,44,1,5,8,7,7,15,14,13,6,1,26,36,25,3,7,14,12,10,1,1,1,32,32,2,21,3,5,3.85,3.3,2.75,0.27,0.27,0.27,0.06,0.24,15.44,0.14,1.92,10.72,7.15,0.27,0.6,,1089.22
A3Z physicality,Forwards,Forwards,A3Z tracked games; five on five,2024–25,20242025,24,8476921,Jordan Martinook,L,0.35,1,330.97,335.32,27,0.34,0.37,0.02,0.35,-0.01,FALSE,,0,FALSE,1.33,93.34,-0.04,1.45,-0.08,,73,208,24,60,32,15,16,3,44,22,10,5,33,66,8,4,22,3,10,23,21,29,6,0,44,64,61,3,12,25,29,10,0,2,2,74,74,4,42,8,9,4.53,5.26,1.81,0,0.36,0.36,0.05,0.21,20.01,0.19,4.35,10.88,5.98,0.54,0.5,,1208.43
A3Z physicality,Forwards,Forwards,A3Z tracked games; five on five,2024–25,20242025,25,8480459,Pius Suter,C,-1.49,1,389.63,394.43,33,0.41,0.2,-0.15,0.35,-0.01,FALSE,,0,FALSE,1.33,93.06,0.68,0.09,0.56,,71,172,19,37,16,7,38,11,59,40,14,5,65,102,7,5,19,11,17,34,25,26,1,1,40,53,58,7,4,22,10,13,0,3,0,64,64,6,51,5,4,3.39,1.54,2,0,0.46,0,0.09,0.08,25.93,0.1,2.93,5.7,10.01,1.69,0.36,,1404.87
A3Z physicality,Forwards,Forwards,A3Z tracked games; five on five,2024–25,20242025,26,8476925,Colton Sissons,C,0.06,4,244.35,248.42,22,0.31,0.34,-0.01,0.35,-0.02,FALSE,,0,FALSE,1.33,92.78,0.68,0.63,0.02,,73,200,8,40,19,7,15,4,30,18,12,7,38,56,4,9,12,7,4,15,15,11,2,0,23,37,27,0,5,25,15,13,0,3,1,30,30,5,21,3,5,6.14,3.68,3.19,0,0.74,0.25,0.17,0.24,19.43,0.14,1.96,9.82,9.33,0.98,0.58,,1033.85
A3Z physicality,Forwards,Forwards,A3Z tracked games; five on five,2024–25,20242025,27,8478434,Keegan Kolesar,R,0.9,4,256.83,259.3,21,0.26,0.41,0.06,0.35,-0.02,FALSE,,0,FALSE,1.32,92.49,1.47,0.09,-0.24,typedShotsOnNet,74,216,17,33,16,9,18,2,31,22,5,4,32,60,7,4,9,6,10,21,10,4,2,0,30,51,15,2,4,61,41,17,0,3,1,24,24,5,13,0,3,14.25,9.58,3.97,0,0.7,0.23,0.21,0.23,24.34,0,3.97,7.71,7.48,0.47,0.8,,1081.9
A3Z physicality,Forwards,Forwards,A3Z tracked games; five on five,2024–25,20242025,28,8479591,Michael Eyssimont,C,-0.39,4,272.07,276.22,25,0.32,0.3,-0.05,0.34,-0.02,FALSE,,0,FALSE,1.31,92.21,0.89,0.27,0.16,,72,195,22,30,12,7,20,1,47,35,2,2,32,71,7,3,12,20,6,22,25,18,1,0,14,27,51,3,0,34,42,10,1,4,3,65,65,9,40,2,2,7.5,9.26,2.21,0.22,0.88,0.66,0.14,0.05,23.02,0.05,4.85,6.62,7.06,0.22,1,,817.27
A3Z physicality,Forwards,Forwards,A3Z tracked games; five on five,2024–25,20242025,29,8484145,Zach Benson,L,-1.57,3,201.33,203.18,18,0.24,0.24,-0.1,0.34,0.04,FALSE,,0,FALSE,1.31,91.93,-0.31,1.04,0.58,,70,177,13,20,11,5,11,3,27,16,9,6,18,41,3,2,11,10,1,11,16,11,3,4,23,36,26,3,3,7,26,3,0,2,1,36,36,5,21,3,3,2.09,7.75,0.89,0,0.6,0.3,0.14,0.14,15.43,0.14,3.87,5.96,5.36,0.89,0.67,,1111.38
A3Z physicality,Forwards,Forwards,A3Z tracked games; five on five,2024–25,20242025,30,8477903,Garnet Hathaway,R,0.76,3,174.05,177.08,17,0.25,0.46,0.12,0.34,0.04,FALSE,,0,FALSE,1.31,91.64,0.69,0.86,-0.24,,74,212,10,18,8,1,18,6,17,13,7,2,28,49,8,3,4,2,5,8,9,12,2,0,12,21,30,4,6,45,17,14,1,2,5,38,38,6,25,5,3,15.51,5.86,4.83,0.34,0.69,1.72,0.16,0.12,19.73,0.2,3.45,6.21,9.65,2.07,0.29,,794.87
A3Z physicality,Forwards,Forwards,A3Z tracked games; five on five,2024–25,20242025,31,8476826,Yanni Gourde,C,-1.98,5,340.7,345.23,26,0.46,0.26,-0.08,0.34,-0.03,FALSE,,0,FALSE,1.3,91.36,0.69,0.37,0.24,,69,173,16,39,33,19,37,6,47,39,8,2,54,91,10,3,8,9,13,22,25,20,3,1,40,74,44,3,4,46,25,10,2,4,2,48,48,7,28,6,6,8.1,4.4,1.76,0.35,0.7,0.35,0.15,0.21,23.2,0.21,2.82,6.87,9.51,1.06,0.25,,914.7
A3Z physicality,Forwards,Forwards,A3Z tracked games; five on five,2024–25,20242025,32,8476822,Luke Glendening,C,-0.84,4,271.68,275.63,31,0.4,0.25,-0.09,0.34,-0.02,FALSE,,0,FALSE,1.28,91.08,0.96,0.01,0.3,typedShotsOnNet,71,190,9,36,10,5,9,3,30,20,12,4,23,46,5,2,10,9,4,13,17,10,1,0,17,25,17,1,4,40,29,18,0,0,0,23,23,4,17,1,4,8.83,6.4,3.98,0,0,0,0.17,0.24,25.08,0.06,1.99,7.95,5.08,0.66,0.33,,830.43
A3Z physicality,Forwards,Forwards,A3Z tracked games; five on five,2024–25,20242025,33,8479293,Brandon Tanev,L,-0.61,1,307.72,312.6,28,0.35,0.26,-0.07,0.33,-0.01,FALSE,,0,FALSE,1.27,90.79,0.27,0.75,0.25,,72,189,16,38,16,10,21,9,47,31,21,9,51,77,8,7,16,13,7,27,20,14,2,1,33,60,41,1,7,54,43,26,0,0,5,57,57,9,36,3,8,10.53,8.38,5.07,0,0,0.97,0.16,0.22,16,0.08,3.12,7.41,9.94,1.75,0.43,,1044.92
A3Z physicality,Forwards,Forwards,A3Z tracked games; five on five,2024–25,20242025,34,8480848,Ty Dellandrea,C,-0.22,4,167.37,169.63,16,0.24,0.29,-0.03,0.32,-0.02,FALSE,,0,FALSE,1.23,90.51,1.28,-0.17,0.11,typedShotsOnNet,74,185,10,18,4,4,11,4,24,15,7,3,20,40,7,3,9,5,5,13,11,7,2,1,9,12,23,3,2,47,25,12,0,3,2,26,26,5,15,0,2,16.85,8.96,4.3,0,1.08,0.72,0.19,0.13,25.79,0,3.58,6.45,7.17,1.43,0.43,,802.7
A3Z physicality,Forwards,Forwards,A3Z tracked games; five on five,2024–25,20242025,35,8480797,Joel Farabee,L,-0.71,4,283.92,285.45,22,0.27,0.23,-0.08,0.31,-0.02,FALSE,,0,FALSE,1.19,90.23,0.66,0.26,0.26,,72,186,13,29,11,8,17,6,47,27,8,5,35,72,5,5,20,11,7,22,25,20,3,5,35,51,45,2,3,26,28,14,1,3,3,49,49,9,38,5,7,5.49,5.92,2.96,0.21,0.63,0.63,0.18,0.18,22.8,0.13,2.75,6.13,7.4,1.27,0.62,,1207.98
A3Z physicality,Forwards,Forwards,A3Z tracked games; five on five,2024–25,20242025,36,8482089,Jake Neighbours,L,-0.17,3,503.17,505.75,38,0.46,0.33,0.03,0.3,0.04,FALSE,,0,FALSE,1.16,89.94,0.8,0.27,0.09,,72,201,17,47,27,18,36,7,78,61,20,10,58,120,17,8,17,16,18,37,41,20,3,4,51,90,58,5,6,82,56,27,1,8,5,63,63,7,45,11,4,9.78,6.68,3.22,0.12,0.95,0.6,0.11,0.09,26.4,0.24,2.03,5.6,6.92,0.83,0.5,,1303.37
A3Z physicality,Forwards,Forwards,A3Z tracked games; five on five,2024–25,20242025,37,8480064,Josh Norris,C,0.18,1,190.53,189.78,16,0.29,0.31,0,0.3,-0.01,FALSE,,0,FALSE,1.15,89.66,0.23,0.95,-0.02,,74,196,13,26,5,4,14,2,26,12,8,5,26,40,2,1,14,6,5,16,10,13,2,1,22,33,27,2,6,38,12,7,0,3,3,29,29,6,22,3,6,11.97,3.78,2.2,0,0.94,0.94,0.21,0.27,19.24,0.14,4.09,8.19,8.19,0.63,0.62,,1027.4
A3Z physicality,Forwards,Forwards,A3Z tracked games; five on five,2024–25,20242025,38,8477021,Alexander Kerfoot,C,-1.02,2,195.32,197.07,16,0.2,0.21,-0.09,0.3,0.02,FALSE,,0,FALSE,1.13,89.38,-0.26,0.97,0.42,,71,185,8,18,10,5,13,4,28,17,2,1,25,45,4,3,11,6,5,14,14,4,0,0,27,46,21,3,4,11,24,12,0,1,2,29,29,9,20,5,4,3.38,7.37,3.69,0,0.31,0.61,0.31,0.2,14.56,0.25,2.46,5.53,7.68,1.23,0.5,,1235.53
A3Z physicality,Forwards,Forwards,A3Z tracked games; five on five,2024–25,20242025,39,8475220,Marcus Foligno,L,1.53,5,236.72,236.75,20,0.26,0.3,0.01,0.29,-0.03,FALSE,,0,FALSE,1.12,89.09,0.99,0.22,-0.09,typedShotsOnNet,75,226,10,39,16,9,23,3,49,34,13,6,40,78,5,6,15,9,9,23,26,7,1,0,22,38,19,1,2,66,22,7,1,1,0,26,26,4,15,0,3,16.73,5.58,1.77,0.25,0.25,0,0.15,0.2,11.7,0,2.53,9.89,10.14,0.76,0.46,,1115.12
A3Z physicality,Forwards,Forwards,A3Z tracked games; five on five,2024–25,20242025,40,8479316,Luke Kunin,C,-0.32,3,277.4,280.7,23,0.31,0.31,0.02,0.29,0.04,FALSE,,0,FALSE,1.11,88.81,1.92,-0.95,0.14,,72,197,10,38,9,2,19,11,26,16,15,5,29,48,9,3,10,7,2,9,17,18,0,1,22,33,41,3,2,57,22,29,0,5,0,43,43,8,26,0,2,12.33,4.76,6.27,0,1.08,0,0.19,0.08,31.95,0,2.16,8.22,6.27,2.38,0.33,,1101.78
A3Z physicality,Forwards,Forwards,A3Z tracked games; five on five,2024–25,20242025,41,8481186,Logan O'Connor,R,-1.11,1,286.57,288.77,26,0.32,0.17,-0.12,0.29,-0.01,FALSE,,0,FALSE,1.11,88.53,0.11,0.57,0.43,,72,175,16,46,20,9,14,5,39,22,6,4,28,57,6,5,17,10,6,17,22,12,2,0,19,36,34,1,5,21,32,18,0,1,2,36,36,4,24,5,3,4.4,6.7,3.77,0,0.21,0.42,0.11,0.12,26.91,0.21,3.35,9.63,5.86,1.05,0.67,,1129.88
A3Z physicality,Forwards,Forwards,A3Z tracked games; five on five,2024–25,20242025,42,8481553,Bobby Brink,R,-2.39,2,220.93,221.4,19,0.24,0.06,-0.22,0.28,0.02,FALSE,,0,FALSE,1.09,88.24,-0.11,0.28,0.92,typedShotsOnNet,68,169,6,31,9,3,12,4,36,24,8,1,21,58,9,2,12,8,6,13,23,7,2,3,23,33,20,1,0,20,21,6,0,1,2,23,23,4,18,3,2,5.43,5.7,1.63,0,0.27,0.54,0.17,0.11,20.59,0.17,1.63,8.42,5.7,1.09,0.12,,1171.63
A3Z physicality,Forwards,Forwards,A3Z tracked games; five on five,2024–25,20242025,43,8474641,Adam Henrique,C,-0.39,3,226.27,232.13,20,0.25,0.29,0.01,0.28,0.04,FALSE,,0,FALSE,1.08,87.96,0.2,0.71,0.16,typedShotsOnNet,72,195,15,26,11,9,19,6,30,18,3,3,32,50,6,3,12,4,8,17,13,11,2,0,21,37,21,1,1,12,12,16,0,2,1,28,28,5,16,4,3,3.18,3.18,4.24,0,0.53,0.27,0.18,0.19,26.17,0.25,3.98,6.89,8.49,1.59,1,,1186.17
A3Z physicality,Forwards,Forwards,A3Z tracked games; five on five,2024–25,20242025,44,8482116,Tim Stützle,C,-0.68,2,308.88,311.65,21,0.26,0.23,-0.05,0.28,0.02,FALSE,,0,FALSE,1.08,87.68,-0.09,0.86,0.3,,72,187,16,30,14,18,30,5,41,34,10,3,48,80,7,4,7,15,9,20,21,9,0,4,46,75,30,0,1,38,25,14,0,6,6,33,33,0,27,2,1,7.38,4.86,2.72,0,1.17,1.17,0,0.04,21.63,0.07,3.11,5.83,9.32,0.97,0.3,,1624.67
A3Z physicality,Forwards,Forwards,A3Z tracked games; five on five,2024–25,20242025,45,8480748,Kiefer Sherwood,L,-0.43,4,386.98,390.8,33,0.42,0.22,-0.05,0.27,-0.02,TRUE,hitsPer60,0,FALSE,1.06,87.39,0.96,-0.08,0.17,,72,194,30,67,29,18,29,7,77,44,14,2,55,100,9,5,33,20,10,41,36,19,2,4,44,70,69,8,2,198,29,11,0,1,3,76,76,7,54,3,5,30.7,4.5,1.71,0,0.16,0.47,0.09,0.09,35.06,0.06,4.65,10.39,8.53,1.09,0.14,,1161.35
A3Z physicality,Forwards,Forwards,A3Z tracked games; five on five,2024–25,20242025,46,8476872,Scott Laughton,C,-0.3,2,217.43,218.07,18,0.22,0.25,-0.02,0.27,0.02,FALSE,,0,FALSE,1.04,87.11,0.78,0.1,0.17,,73,190,5,23,10,5,24,8,45,33,7,1,37,68,10,4,12,13,6,21,24,13,1,0,16,31,36,4,3,44,8,4,0,0,1,44,44,6,31,6,0,12.14,2.21,1.1,0,0,0.28,0.14,0,27.01,0.19,1.38,6.35,10.21,2.21,0.14,,1168.03
A3Z physicality,Forwards,Forwards,A3Z tracked games; five on five,2024–25,20242025,47,8475184,Chris Kreider,L,1.75,3,163.1,162.82,15,0.22,0.48,0.21,0.27,0.04,FALSE,,0,FALSE,1.03,86.83,1.21,0.41,-0.58,,75,232,11,17,8,3,16,2,35,20,2,2,27,48,4,3,15,6,7,20,15,6,4,0,16,27,24,0,3,19,8,5,0,2,0,29,29,3,20,2,3,6.99,2.94,1.84,0,0.74,0,0.1,0.15,27.29,0.1,4.05,6.25,9.93,0.74,1,,1139.28
A3Z physicality,Forwards,Forwards,A3Z tracked games; five on five,2024–25,20242025,48,8476474,Stefan Noesen,R,0.24,5,212.52,209.5,18,0.23,0.24,-0.02,0.26,-0.03,FALSE,,0,FALSE,1,86.54,0.25,0.72,0.03,,73,205,14,38,13,5,17,5,33,19,6,1,31,55,10,3,14,2,9,18,15,10,0,2,26,37,26,4,7,36,11,2,0,2,2,38,38,9,22,2,7,10.16,3.11,0.56,0,0.56,0.56,0.24,0.32,13.26,0.09,3.95,10.73,8.75,1.41,0.17,,1242.78
A3Z physicality,Forwards,Forwards,A3Z tracked games; five on five,2024–25,20242025,49,8480448,Parker Kelly,C,-0.48,3,266.25,269.33,26,0.32,0.26,0,0.26,0.04,FALSE,,0,FALSE,0.99,86.26,0.62,0.17,0.2,,73,185,14,28,16,8,27,2,37,26,5,3,39,74,6,2,11,10,6,17,20,9,2,0,16,34,31,2,3,63,30,14,0,4,3,39,39,6,27,5,4,14.2,6.76,3.15,0,0.9,0.68,0.15,0.15,31.02,0.19,3.15,6.31,8.79,0.45,0.6,,1019.5
A3Z physicality,Forwards,Forwards,A3Z tracked games; five on five,2024–25,20242025,50,8480185,Eetu Luostarinen,C,0.26,4,241.08,242.67,20,0.25,0.26,0.01,0.26,-0.02,FALSE,,0,FALSE,0.99,85.98,0.35,0.68,-0.04,,75,191,13,38,13,3,20,4,37,30,4,1,30,63,11,4,7,13,7,19,18,13,2,2,22,38,26,4,4,46,28,10,0,1,3,28,28,1,20,3,4,11.45,6.97,2.49,0,0.25,0.75,0.04,0.2,20.29,0.15,3.24,9.46,7.47,1,0.25,,1223.07
A3Z physicality,Forwards,Forwards,A3Z tracked games; five on five,2024–25,20242025,51,8476871,Tanner Pearson,L,0.31,3,235.63,237.22,21,0.27,0.33,0.08,0.25,0.04,FALSE,,0,FALSE,0.98,85.69,0.83,0.23,-0.08,,73,207,12,35,15,13,18,1,49,35,5,1,29,71,10,4,14,11,11,21,28,15,2,0,23,42,32,1,5,33,17,13,0,2,1,37,37,2,22,5,2,8.4,4.33,3.31,0,0.51,0.25,0.05,0.09,30.53,0.23,3.06,8.91,7.38,0.25,0.2,,919.35
A3Z physicality,Forwards,Forwards,A3Z tracked games; five on five,2024–25,20242025,52,8481617,Vasily Podkolzin,R,-0.3,3,234.72,236.03,20,0.24,0.27,0.02,0.25,0.04,FALSE,,0,FALSE,0.98,85.41,0.49,0.35,0.13,,73,190,11,36,8,7,24,2,44,34,3,1,40,74,3,2,10,8,9,18,26,8,0,0,16,44,38,6,1,44,21,7,1,1,4,42,42,4,33,5,2,11.25,5.37,1.79,0.26,0.26,1.02,0.1,0.06,22.49,0.15,2.81,9.2,10.23,0.51,0.33,,1083.68
A3Z physicality,Forwards,Forwards,A3Z tracked games; five on five,2024–25,20242025,53,8475343,Nic Dowd,C,0.14,1,310.85,314.87,25,0.3,0.25,0,0.25,-0.01,FALSE,,0,FALSE,0.97,85.13,0.72,0.26,-0.01,,74,195,17,38,22,14,34,9,54,34,5,1,62,100,13,5,20,13,11,31,23,12,3,0,30,59,26,5,4,42,28,19,0,4,2,32,32,2,21,2,4,8.11,5.4,3.67,0,0.77,0.39,0.06,0.19,25.81,0.1,3.28,7.33,11.97,1.74,0.2,,1244.43
A3Z physicality,Forwards,Forwards,A3Z tracked games; five on five,2024–25,20242025,54,8481032,Paul Cotter,L,0.79,5,239.85,245.88,20,0.25,0.24,-0.01,0.25,-0.03,FALSE,,0,FALSE,0.96,84.84,0.33,0.65,-0.02,,74,213,20,36,9,5,14,4,32,20,10,3,28,48,7,0,12,8,5,17,15,19,7,0,14,21,41,5,6,58,26,7,0,4,3,43,43,6,25,4,0,14.51,6.5,1.75,0,1,0.75,0.14,0,23.85,0.16,5,9.01,7,1,0.3,,1033.18
A3Z physicality,Forwards,Forwards,A3Z tracked games; five on five,2024–25,20242025,55,8479365,Trent Frederic,C,1.35,5,159.35,161.9,14,0.24,0.24,0,0.24,-0.03,FALSE,,0,FALSE,0.92,84.56,1.14,-0.15,-0.07,typedShotsOnNet,75,221,7,26,9,2,10,5,14,13,10,5,13,27,6,2,1,10,2,8,6,12,1,1,19,23,24,4,3,40,9,4,1,1,0,29,29,3,18,0,2,15.06,3.39,1.51,0.38,0.38,0,0.1,0.11,24.6,0,2.64,9.79,4.89,1.88,0.5,,795.85
A3Z physicality,Forwards,Forwards,A3Z tracked games; five on five,2024–25,20242025,56,8479407,Jesper Bratt,L,-1.64,1,264.38,261.65,20,0.25,0.07,-0.17,0.24,-0.01,FALSE,,0,FALSE,0.92,84.28,0.29,0.02,0.61,,70,175,11,22,15,17,17,4,38,32,10,1,24,52,4,2,6,7,10,15,23,15,4,2,50,73,35,2,2,22,12,7,0,0,1,40,40,6,23,3,1,4.99,2.72,1.59,0,0,0.23,0.15,0.04,25.07,0.13,2.5,4.99,5.45,0.91,0.1,,1534.8
A3Z physicality,Forwards,Forwards,A3Z tracked games; five on five,2024–25,20242025,57,8477409,Carter Verhaeghe,C,-0.29,3,308.37,310.85,21,0.26,0.26,0.02,0.24,0.04,FALSE,,0,FALSE,0.91,83.99,0.91,-0.12,0.13,,74,183,19,49,26,13,26,5,53,40,4,1,35,79,11,2,13,14,13,26,27,18,3,4,34,63,50,2,4,25,24,14,0,1,0,53,53,7,36,1,2,4.86,4.67,2.72,0,0.19,0,0.13,0.06,27.86,0.03,3.7,9.53,6.81,0.97,0.25,,1447.4
A3Z physicality,Forwards,Forwards,A3Z tracked games; five on five,2024–25,20242025,58,8477987,Ryan Donato,C,-0.57,3,441.42,443.18,34,0.42,0.23,-0.01,0.24,0.04,FALSE,,0,FALSE,0.91,83.71,0.94,-0.25,0.23,,72,190,15,45,21,9,38,9,78,51,12,5,73,121,11,10,27,25,12,46,32,36,6,1,32,52,91,8,7,63,47,6,0,5,1,89,89,12,66,5,5,8.56,6.39,0.82,0,0.68,0.14,0.13,0.08,27.2,0.08,2.04,6.12,9.92,1.22,0.42,,1304.73
A3Z physicality,Forwards,Forwards,A3Z tracked games; five on five,2024–25,20242025,59,8473986,Alex Killorn,L,0.24,1,255.48,259.65,21,0.26,0.24,0.01,0.23,-0.01,FALSE,,0,FALSE,0.9,83.43,0.16,0.78,-0.04,,73,205,18,22,17,19,24,8,57,33,4,1,51,98,13,8,24,9,6,25,32,14,6,4,36,59,34,1,4,20,18,6,0,2,1,38,38,1,27,5,2,4.7,4.23,1.41,0,0.47,0.23,0.03,0.07,26.62,0.19,4.23,5.17,11.98,1.88,0.25,,1416.63
A3Z physicality,Forwards,Forwards,A3Z tracked games; five on five,2024–25,20242025,60,8482177,Marat Khusnutdinov,C,-1.05,4,185.23,187.03,19,0.25,0.13,-0.1,0.23,-0.02,FALSE,,0,FALSE,0.89,83.14,0.66,-0.13,0.37,locatedAttempts; typedShotsOnNet,71,184,13,20,8,3,21,2,45,36,11,3,40,75,3,2,9,18,7,22,23,2,1,0,15,23,10,2,0,11,10,10,0,2,0,12,12,1,10,0,1,3.56,3.24,3.24,0,0.65,0,0.08,0.1,25.51,0,4.21,6.48,12.96,0.65,0.27,,906.38
A3Z physicality,Forwards,Forwards,A3Z tracked games; five on five,2024–25,20242025,61,8479359,Beck Malenstyn,L,0.92,5,185,189.58,21,0.28,0.22,-0.01,0.22,-0.03,FALSE,,0,FALSE,0.87,82.86,0.7,0.21,-0.03,,75,209,11,22,4,2,18,2,42,27,9,2,25,50,4,2,15,8,11,20,22,11,1,0,9,12,23,4,4,51,33,18,1,2,2,31,31,4,21,3,4,16.54,10.7,5.84,0.32,0.65,0.65,0.13,0.19,27.66,0.14,3.57,7.14,8.11,0.65,0.22,,800.35
A3Z physicality,Forwards,Forwards,A3Z tracked games; five on five,2024–25,20242025,62,8475287,Erik Haula,L,-0.8,5,192.17,194.48,17,0.25,0.17,-0.05,0.22,-0.03,FALSE,,0,FALSE,0.85,82.58,0.61,0.12,0.13,,71,191,13,17,10,3,11,4,29,13,10,2,21,43,5,4,16,3,6,13,16,14,1,1,19,26,27,2,2,21,11,5,1,2,1,35,35,8,26,1,4,6.56,3.43,1.56,0.31,0.62,0.31,0.23,0.15,20.25,0.04,4.06,5.31,6.56,1.25,0.2,,1014.58
A3Z physicality,Forwards,Forwards,A3Z tracked games; five on five,2024–25,20242025,63,8480813,Joseph Veleno,C,0.09,3,193.38,194.48,19,0.26,0.27,0.06,0.22,0.04,FALSE,,0,FALSE,0.85,82.29,1.44,-0.59,-0,typedShotsOnNet,73,201,6,29,16,6,27,2,28,23,9,3,36,54,5,3,5,10,9,18,10,8,0,0,20,30,19,2,3,31,20,17,0,0,0,20,20,4,14,0,3,9.62,6.21,5.27,0,0,0,0.2,0.21,18.56,0,1.86,9,11.17,0.62,0.33,,896.75
A3Z physicality,Forwards,Forwards,A3Z tracked games; five on five,2024–25,20242025,64,8476873,Mark Jankowski,L,0.86,5,163.57,164.18,16,0.27,0.21,-0.01,0.22,-0.03,FALSE,,0,FALSE,0.84,82.01,0.32,0.54,-0.03,locatedAttempts; typedShotsOnNet,76,200,8,19,13,8,14,2,26,16,5,1,24,35,2,2,10,4,8,17,9,5,2,1,20,34,13,1,0,8,13,7,0,2,0,17,17,2,12,2,2,2.93,4.77,2.57,0,0.73,0,0.12,0.17,14.87,0.17,2.93,6.97,8.8,0.73,0.2,,754.08
A3Z physicality,Forwards,Forwards,A3Z tracked games; five on five,2024–25,20242025,65,8482070,Mitchell Chaffee,R,-0.05,3,301.43,303.77,25,0.38,0.25,0.04,0.21,0.04,FALSE,,0,FALSE,0.83,81.73,0.56,0.22,0.05,,73,197,17,41,14,7,29,6,57,40,12,0,52,91,10,6,17,17,8,33,24,10,1,0,18,33,29,2,6,48,40,9,0,2,2,31,31,5,20,2,3,9.55,7.96,1.79,0,0.4,0.4,0.16,0.15,24.08,0.1,3.38,8.16,10.35,1.19,0,,794.32
A3Z physicality,Forwards,Forwards,A3Z tracked games; five on five,2024–25,20242025,66,8478498,Jake DeBrusk,L,-0.01,5,433.88,442.1,33,0.4,0.18,-0.03,0.21,-0.03,FALSE,,0,FALSE,0.82,81.44,0.33,0.44,0.06,,73,198,21,51,16,13,38,5,60,46,9,5,52,88,7,5,14,23,14,36,24,13,5,2,29,57,50,7,14,40,24,17,0,3,1,57,57,8,40,7,8,5.53,3.32,2.35,0,0.41,0.14,0.14,0.2,19.1,0.17,2.9,7.05,7.19,0.69,0.56,,1365.23
A3Z physicality,Forwards,Forwards,A3Z tracked games; five on five,2024–25,20242025,67,8475799,Nino Niederreiter,R,0.97,2,314.3,319.82,24,0.29,0.31,0.11,0.21,0.02,FALSE,,0,FALSE,0.8,81.16,0.88,0.22,-0.3,,74,218,16,32,13,13,29,6,62,42,12,6,44,83,9,4,20,14,14,31,31,23,6,1,28,50,52,9,11,48,37,12,0,2,1,58,58,10,43,5,11,9.16,7.06,2.29,0,0.38,0.19,0.17,0.26,22.67,0.12,3.05,6.11,8.4,1.15,0.5,,1217.87
A3Z physicality,Forwards,Forwards,A3Z tracked games; five on five,2024–25,20242025,68,8477497,Sean Monahan,C,0.54,1,164.8,164.53,12,0.22,0.24,0.04,0.2,-0.01,FALSE,,0,FALSE,0.8,80.88,0.25,0.69,-0.15,typedShotsOnNet,74,206,13,17,17,8,11,2,22,14,6,3,21,39,5,3,8,7,3,12,10,11,1,0,25,35,19,2,2,5,7,6,0,1,0,28,28,3,19,1,3,1.82,2.55,2.18,0,0.36,0,0.11,0.16,22.92,0.05,4.73,6.19,7.65,0.73,0.5,,1026.8
A3Z physicality,Forwards,Forwards,A3Z tracked games; five on five,2024–25,20242025,69,8480009,Eeli Tolvanen,R,-1.39,3,355.73,357.92,29,0.36,0.12,-0.08,0.2,0.04,FALSE,,0,FALSE,0.8,80.59,1.18,-0.89,0.52,,70,182,14,44,17,9,24,7,54,36,10,2,41,89,9,5,18,7,10,21,33,13,0,2,33,62,54,3,4,70,23,23,0,1,1,60,60,4,32,1,3,11.81,3.88,3.88,0,0.17,0.17,0.07,0.09,37.25,0.03,2.36,7.42,6.92,1.18,0.2,,1159.92
A3Z physicality,Forwards,Forwards,A3Z tracked games; five on five,2024–25,20242025,70,8476392,Adam Lowry,C,1.48,2,251.23,256.68,20,0.27,0.36,0.16,0.2,0.02,TRUE,deflectionShare,0,FALSE,0.79,80.31,0.97,0.3,-0.48,,77,210,16,42,10,9,34,5,52,39,14,6,53,91,6,3,13,17,11,25,27,11,2,0,21,48,27,2,11,40,19,12,1,0,2,37,37,4,22,1,11,9.55,4.54,2.87,0.24,0,0.48,0.11,0.5,17.46,0.05,3.82,10.03,12.66,1.19,0.43,,1126.27
A3Z physicality,Forwards,Forwards,A3Z tracked games; five on five,2024–25,20242025,71,8476927,Teddy Blueger,C,-0.75,2,377.35,384.27,33,0.4,0.14,-0.06,0.2,0.02,FALSE,,0,FALSE,0.79,80.03,0.71,-0.25,0.33,,72,185,10,40,22,11,28,11,63,38,11,6,54,93,11,1,25,6,15,35,28,17,1,4,34,48,41,1,4,46,19,12,1,2,2,50,50,10,31,3,2,7.31,3.02,1.91,0.16,0.32,0.32,0.2,0.06,24.23,0.1,1.59,6.36,8.59,1.75,0.55,,1174.02
A3Z physicality,Forwards,Forwards,A3Z tracked games; five on five,2024–25,20242025,72,8482093,Seth Jarvis,R,-1.46,2,322.57,322.75,24,0.33,0.07,-0.13,0.2,0.02,FALSE,,0,FALSE,0.79,79.75,-0.49,0.69,0.59,,70,180,19,47,22,11,29,5,45,30,11,3,42,68,9,2,15,14,12,29,16,21,4,1,38,72,63,0,5,24,48,9,0,1,4,65,65,5,43,6,5,4.46,8.93,1.67,0,0.19,0.74,0.08,0.12,24.7,0.14,3.53,8.74,7.81,0.93,0.27,,1412.98
A3Z physicality,Forwards,Forwards,A3Z tracked games; five on five,2024–25,20242025,73,8482667,William Eklund,L,-1.28,2,318.58,321.25,22,0.29,0.09,-0.11,0.2,0.02,FALSE,,0,FALSE,0.78,79.46,-0.61,0.86,0.52,,70,185,16,38,14,14,28,2,59,46,4,1,44,83,7,7,13,21,11,30,29,8,10,4,38,57,37,3,2,17,18,11,0,2,4,45,45,3,27,3,2,3.2,3.39,2.07,0,0.38,0.75,0.07,0.07,19.92,0.11,3.01,7.16,8.29,0.38,0.25,,1505.6
A3Z physicality,Forwards,Forwards,A3Z tracked games; five on five,2024–25,20242025,74,8476981,Josh Anderson,R,1.53,2,261.48,269.03,22,0.27,0.36,0.16,0.2,0.02,FALSE,,0,FALSE,0.77,79.18,0.1,1.16,-0.5,,75,226,16,29,9,9,13,4,27,15,12,5,23,46,5,4,12,8,4,14,13,13,2,0,10,24,36,3,6,45,17,5,0,6,4,41,41,8,27,7,3,10.33,3.9,1.15,0,1.38,0.92,0.2,0.11,21.38,0.26,3.67,6.65,5.28,0.92,0.42,,1159.88
A3Z physicality,Forwards,Forwards,A3Z tracked games; five on five,2024–25,20242025,75,8481789,Tye Kartye,L,-0.4,1,246.43,247.8,26,0.41,0.14,-0.05,0.19,-0.01,TRUE,dumpInRecoveriesPer60,0,FALSE,0.76,78.9,0.22,0.36,0.18,typedShotsOnNet,71,202,23,39,16,8,17,4,43,33,10,3,27,70,10,5,10,5,10,16,27,9,5,2,24,44,23,1,3,88,20,10,0,4,7,28,28,1,19,1,2,21.43,4.87,2.43,0,0.97,1.7,0.04,0.11,34.69,0.05,5.6,9.5,6.57,0.97,0.3,,609.9
A3Z physicality,Forwards,Forwards,A3Z tracked games; five on five,2024–25,20242025,76,8482740,Wyatt Johnston,C,-0.41,4,409.62,413.83,31,0.38,0.14,-0.05,0.19,-0.02,FALSE,,0,FALSE,0.75,78.61,0.24,0.34,0.17,,73,187,22,45,24,13,25,6,71,48,13,6,41,95,9,2,23,11,14,29,42,24,11,3,47,78,71,7,16,19,24,17,0,2,0,74,74,7,52,3,11,2.78,3.52,2.49,0,0.29,0,0.09,0.21,18.65,0.06,3.22,6.59,6.01,0.88,0.46,,1551.92
A3Z physicality,Forwards,Forwards,A3Z tracked games; five on five,2024–25,20242025,77,8476389,Vincent Trocheck,C,-0.94,2,278.97,283.77,19,0.23,0.11,-0.08,0.19,0.02,FALSE,,0,FALSE,0.75,78.33,0.48,-0.13,0.4,,71,187,9,21,18,9,33,7,38,27,24,7,54,75,9,4,11,2,13,23,15,12,4,8,44,68,46,0,6,37,29,18,0,3,3,49,49,5,32,5,3,7.96,6.24,3.87,0,0.65,0.65,0.1,0.09,29.43,0.16,1.94,4.52,11.61,1.51,0.29,,1730.12
A3Z physicality,Forwards,Forwards,A3Z tracked games; five on five,2024–25,20242025,78,8476878,Zemgus Girgensons,C,0.48,1,304.57,307.92,32,0.39,0.22,0.03,0.19,-0.01,TRUE,hitsReceivedPer60,0,FALSE,0.74,78.05,0.48,0.39,-0.13,,75,197,21,34,14,6,19,8,34,20,20,4,31,63,7,2,14,9,3,16,18,30,2,1,17,25,45,3,3,57,55,9,2,2,6,53,53,3,34,3,6,11.23,10.84,1.77,0.39,0.39,1.18,0.06,0.18,27.31,0.09,4.14,6.7,6.11,1.58,0.2,,956.5
A3Z physicality,Forwards,Forwards,A3Z tracked games; five on five,2024–25,20242025,79,8480840,Oskar Bäck,C,1.11,1,263.32,266.38,27,0.37,0.28,0.09,0.19,-0.01,FALSE,,0,FALSE,0.73,77.76,-0.35,1.42,-0.34,typedShotsOnNet,76,207,22,49,18,14,17,3,50,29,12,5,29,73,4,5,21,6,10,17,33,9,1,2,31,51,20,4,3,10,33,8,0,2,1,25,25,0,12,1,4,2.28,7.52,1.82,0,0.46,0.23,0,0.33,20,0.08,5.01,11.17,6.61,0.68,0.42,,854.37
A3Z physicality,Forwards,Forwards,A3Z tracked games; five on five,2024–25,20242025,80,8480281,Alexey Toropchenko,R,2.29,5,408.98,414.82,36,0.45,0.21,0.03,0.18,-0.03,FALSE,,0,FALSE,0.71,77.48,0.56,0.31,-0.16,,78,225,30,50,20,11,30,5,64,41,17,3,54,100,7,9,23,23,10,32,32,13,3,1,26,42,46,2,1,102,47,27,1,3,3,49,49,5,37,7,5,14.96,6.9,3.96,0.15,0.44,0.44,0.1,0.14,30.81,0.19,4.4,7.34,7.92,0.73,0.18,,999.4
A3Z physicality,Forwards,Forwards,A3Z tracked games; five on five,2024–25,20242025,81,8482809,Jackson Blake,R,-1.02,4,305.03,312.32,27,0.34,0.07,-0.1,0.18,-0.02,TRUE,forecheckPressuresPer60,0,FALSE,0.69,77.2,-0.58,0.91,0.36,,71,185,12,68,23,13,28,8,45,31,13,7,39,67,13,3,14,15,9,25,20,12,4,5,45,68,38,2,5,5,32,9,0,3,2,54,54,11,31,2,4,0.98,6.29,1.77,0,0.59,0.39,0.2,0.13,14.32,0.06,2.36,13.38,7.67,1.57,0.54,,1107.67
A3Z physicality,Forwards,Forwards,A3Z tracked games; five on five,2024–25,20242025,82,8476881,Tomas Hertl,C,1.31,1,246.12,244.92,19,0.26,0.28,0.11,0.17,-0.01,FALSE,,0,FALSE,0.68,76.91,0.62,0.47,-0.41,,75,220,8,31,18,12,21,3,43,29,10,6,43,72,4,3,14,11,6,24,19,17,3,2,30,52,49,6,6,23,14,13,0,1,1,54,54,8,38,13,5,5.61,3.41,3.17,0,0.24,0.24,0.15,0.13,22.11,0.34,1.95,7.56,10.48,0.73,0.6,,1249.52
A3Z physicality,Forwards,Forwards,A3Z tracked games; five on five,2024–25,20242025,83,8475168,Matt Duchene,C,-0.08,3,412.03,417,31,0.38,0.21,0.04,0.17,0.04,FALSE,,0,FALSE,0.68,76.63,0.07,0.55,0.06,,71,211,20,29,41,27,50,11,79,65,12,8,68,120,14,3,14,15,25,42,37,19,9,8,91,132,63,5,6,17,26,12,0,2,1,68,68,8,47,6,4,2.48,3.79,1.75,0,0.29,0.15,0.12,0.09,23.2,0.13,2.91,4.22,9.9,1.6,0.67,,1405.72
A3Z physicality,Forwards,Forwards,A3Z tracked games; five on five,2024–25,20242025,84,8474586,Jordan Eberle,R,-1.2,1,212.48,211.5,17,0.4,0.04,-0.13,0.17,-0.01,FALSE,,0,FALSE,0.67,76.35,-0.08,0.3,0.46,,71,180,12,20,16,6,24,5,48,33,7,3,36,75,7,5,15,6,16,26,22,11,5,2,27,37,29,2,2,3,18,11,0,1,0,32,32,6,22,1,2,0.85,5.08,3.11,0,0.28,0,0.19,0.09,21.18,0.05,3.39,5.65,10.17,1.41,0.43,,683.05
A3Z physicality,Forwards,Forwards,A3Z tracked games; five on five,2024–25,20242025,85,8475810,Bryan Rust,R,-0.4,3,231.05,233.8,17,0.24,0.18,0.01,0.17,0.04,FALSE,,0,FALSE,0.66,76.06,-0.24,0.73,0.17,,71,202,7,16,4,4,18,2,41,28,6,1,36,64,2,7,13,10,6,22,19,8,2,0,15,30,35,3,4,14,17,14,0,1,2,46,46,10,28,6,2,3.64,4.41,3.64,0,0.26,0.52,0.22,0.07,15.12,0.21,1.82,4.15,9.35,0.52,0.17,,1402.3
A3Z physicality,Forwards,Forwards,A3Z tracked games; five on five,2024–25,20242025,86,8481577,Philip Tomasino,R,-0.68,3,163.45,167.22,14,0.23,0.15,-0.02,0.16,0.04,FALSE,,0,FALSE,0.65,75.78,-0.21,0.6,0.27,,72,187,12,26,7,0,14,3,23,20,5,1,20,40,5,3,3,7,7,14,9,1,1,3,15,23,19,0,1,11,16,3,0,0,1,26,26,2,21,3,1,4.04,5.87,1.1,0,0,0.37,0.08,0.05,27.29,0.14,4.41,9.54,7.34,1.1,0.2,,797.05
A3Z physicality,Forwards,Forwards,A3Z tracked games; five on five,2024–25,20242025,87,8480762,Eric Robinson,L,1.05,5,304.62,309.22,27,0.33,0.15,-0,0.16,-0.03,FALSE,,0,FALSE,0.62,75.5,0.27,0.4,-0.04,,74,220,15,57,21,10,13,4,40,23,6,2,24,57,6,6,17,6,4,13,27,23,4,5,33,49,52,5,12,34,41,6,0,2,1,65,65,10,47,4,9,6.7,8.08,1.18,0,0.39,0.2,0.15,0.19,19.92,0.09,2.95,11.23,4.73,0.79,0.33,,1005.42
A3Z physicality,Forwards,Forwards,A3Z tracked games; five on five,2024–25,20242025,88,8476889,Radek Faksa,C,1.17,5,383.53,391.4,34,0.49,0.16,-0,0.16,-0.03,FALSE,,0,FALSE,0.62,75.21,0.41,0.26,-0.05,,75,216,20,47,19,7,26,6,48,32,11,3,48,88,8,5,16,13,7,22,26,19,3,2,29,40,36,4,3,60,52,22,0,2,1,52,52,7,34,7,3,9.39,8.13,3.44,0,0.31,0.16,0.13,0.09,28.92,0.21,3.13,7.35,7.51,0.94,0.27,,911.65
A3Z physicality,Forwards,Forwards,A3Z tracked games; five on five,2024–25,20242025,89,8473422,Nick Foligno,L,0.15,5,442.77,445.73,35,0.45,0.13,-0.03,0.16,-0.03,FALSE,,0,FALSE,0.62,74.93,0.3,0.28,0.04,,72,210,17,42,19,11,43,9,71,50,11,4,75,145,18,12,21,15,18,37,34,14,1,2,40,68,34,3,3,104,28,11,1,2,6,43,43,8,31,5,5,14.09,3.79,1.49,0.14,0.27,0.81,0.19,0.16,18.87,0.16,2.3,5.69,10.16,1.22,0.36,,1242.13
A3Z physicality,Forwards,Forwards,A3Z tracked games; five on five,2024–25,20242025,90,8481557,Matt Boldy,L,0.36,4,320.73,324.55,21,0.26,0.17,0.02,0.15,-0.02,FALSE,,0,FALSE,0.61,74.65,0.69,-0.01,-0.07,,74,201,19,41,20,18,33,6,65,42,18,12,54,89,4,7,23,10,14,33,32,33,3,4,37,67,70,2,8,18,17,17,1,3,1,90,90,11,59,3,8,3.37,3.18,3.18,0.19,0.56,0.19,0.12,0.14,27.86,0.05,3.55,7.67,10.1,1.12,0.67,,1663.63
A3Z physicality,Forwards,Forwards,A3Z tracked games; five on five,2024–25,20242025,91,8477935,Sam Bennett,C,-0.2,5,296.35,300.52,21,0.28,0.12,-0.04,0.15,-0.03,FALSE,,0,FALSE,0.61,74.36,0.44,0.09,0.07,,73,193,14,37,24,12,28,8,54,43,10,2,46,90,12,1,11,23,8,23,31,22,6,1,43,68,49,2,1,34,7,13,1,5,3,62,62,6,47,7,4,6.88,1.42,2.63,0.2,1.01,0.61,0.1,0.09,29.44,0.15,2.83,7.49,9.31,1.62,0.2,,1326.47
A3Z physicality,Forwards,Forwards,A3Z tracked games; five on five,2024–25,20242025,92,8473994,Jamie Benn,L,0.95,5,352.18,356.53,31,0.39,0.14,-0.01,0.15,-0.03,FALSE,,0,FALSE,0.6,74.08,0.6,0.03,-0.03,,75,210,18,28,20,11,34,15,72,47,8,3,69,120,19,12,25,14,18,45,27,17,2,1,45,78,47,3,2,47,26,15,2,8,4,59,59,16,41,2,6,8.01,4.43,2.56,0.34,1.36,0.68,0.27,0.15,19.24,0.05,3.07,4.77,11.76,2.56,0.38,,1224.1
A3Z physicality,Forwards,Forwards,A3Z tracked games; five on five,2024–25,20242025,93,8475722,Jason Zucker,L,-0.55,3,204.67,206.35,17,0.23,0.14,-0,0.15,0.04,FALSE,,0,FALSE,0.59,73.8,0.07,0.31,0.22,,71,198,10,17,11,6,12,1,34,20,11,5,21,43,2,2,14,9,4,17,17,15,1,3,17,31,39,4,7,14,10,3,0,2,1,44,44,6,26,4,7,4.1,2.93,0.88,0,0.59,0.29,0.14,0.27,25.38,0.15,2.93,4.98,6.16,0.29,0.45,,1167.55
A3Z physicality,Forwards,Forwards,A3Z tracked games; five on five,2024–25,20242025,94,8479992,Michael Rasmussen,C,2.18,5,215.5,217.07,20,0.26,0.17,0.03,0.15,-0.03,FALSE,,0,FALSE,0.59,73.51,0.32,0.42,-0.15,,78,222,18,15,14,5,17,5,33,23,6,3,31,51,9,3,10,11,3,22,11,10,4,1,18,26,22,3,3,34,26,17,1,0,2,29,29,4,21,2,4,9.47,7.24,4.73,0.28,0,0.56,0.14,0.19,16.4,0.1,5.01,4.18,8.63,1.39,0.5,,1032.68
A3Z physicality,Forwards,Forwards,A3Z tracked games; five on five,2024–25,20242025,95,8479525,Ross Colton,C,-0.43,5,261.92,267.47,22,0.36,0.11,-0.04,0.15,-0.03,FALSE,,0,FALSE,0.59,73.23,0.33,0.16,0.09,,72,194,9,41,12,7,7,4,23,13,8,2,16,42,4,5,10,3,2,7,16,28,3,2,22,35,53,5,6,52,24,9,0,2,2,58,58,4,36,4,3,11.91,5.5,2.06,0,0.46,0.46,0.07,0.08,22.8,0.11,2.06,9.39,3.67,0.92,0.25,,879.67
A3Z physicality,Forwards,Forwards,A3Z tracked games; five on five,2024–25,20242025,96,8478010,Brayden Point,C,-1.31,2,427.85,434.08,29,0.38,0.03,-0.12,0.15,0.02,FALSE,,0,FALSE,0.58,72.95,-0.57,0.62,0.53,,71,177,16,49,15,18,51,10,61,56,12,4,69,105,8,7,5,34,7,32,29,13,3,8,60,100,52,1,3,6,25,14,0,0,0,59,59,9,41,8,4,0.84,3.51,1.96,0,0,0,0.15,0.1,21.21,0.2,2.24,6.87,9.68,1.4,0.33,,1499.9
A3Z physicality,Forwards,Forwards,A3Z tracked games; five on five,2024–25,20242025,97,8475193,Tomas Tatar,L,-1.72,5,167.73,169,17,0.23,0.07,-0.07,0.14,-0.03,FALSE,,0,FALSE,0.57,72.66,0.01,0.35,0.21,locatedAttempts; typedShotsOnNet,70,173,11,25,16,6,10,2,26,12,5,2,23,46,6,2,14,8,2,15,11,3,1,0,22,34,14,0,1,12,17,3,0,4,2,15,15,3,10,2,1,4.29,6.08,1.07,0,1.43,0.72,0.2,0.1,32,0.2,3.93,8.94,8.23,0.72,0.4,,821.62
A3Z physicality,Forwards,Forwards,A3Z tracked games; five on five,2024–25,20242025,98,8480208,Drake Batherson,R,0.92,3,276.18,275.15,21,0.26,0.28,0.13,0.14,0.04,FALSE,,0,FALSE,0.57,72.38,0.43,0.43,-0.29,,75,209,12,42,10,13,27,1,44,36,6,3,38,74,7,4,8,6,13,19,25,17,3,2,30,53,40,3,2,43,15,5,0,3,2,42,42,2,33,7,2,9.34,3.26,1.09,0,0.65,0.43,0.05,0.06,23.25,0.21,2.61,9.12,8.26,0.22,0.5,,1487.68
A3Z physicality,Forwards,Forwards,A3Z tracked games; five on five,2024–25,20242025,99,8478542,Evan Rodrigues,C,-1.12,3,272.62,276.95,21,0.26,0.08,-0.06,0.14,0.04,FALSE,,0,FALSE,0.55,71.81,0.21,-0.09,0.42,,71,182,18,28,15,7,27,5,48,37,8,2,42,84,7,4,11,8,11,20,28,31,2,2,28,45,64,8,4,34,20,7,0,1,2,76,76,7,53,1,3,7.48,4.4,1.54,0,0.22,0.44,0.09,0.06,32.05,0.02,3.96,6.16,9.24,1.1,0.25,,1247.97
A3Z physicality,Forwards,Forwards,A3Z tracked games; five on five,2024–25,20242025,100,8478115,Pierre Engvall,L,1.68,2,182.78,186.3,16,0.26,0.31,0.18,0.13,0.02,FALSE,,0,FALSE,0.53,71.53,-0.17,1.25,-0.55,,78,208,12,15,7,4,19,5,38,28,3,1,30,53,6,0,10,19,5,20,18,10,0,2,12,21,22,3,1,15,12,2,0,1,1,27,27,2,21,4,3,4.92,3.94,0.66,0,0.33,0.33,0.07,0.14,21.21,0.19,3.94,4.92,9.85,1.64,0.33,,732.68
A3Z physicality,Forwards,Forwards,A3Z tracked games; five on five,2024–25,20242025,101,8477406,Mattias Janmark,C,0.5,3,203.08,206.03,19,0.24,0.22,0.1,0.13,0.04,FALSE,,0,FALSE,0.52,71.25,-0.58,1.25,-0.15,locatedAttempts; typedShotsOnNet,74,205,11,23,9,4,20,7,29,23,7,3,27,41,7,1,6,13,4,18,11,2,2,1,19,28,8,1,2,9,24,5,0,2,2,11,11,2,7,2,1,2.66,7.09,1.48,0,0.59,0.59,0.18,0.14,11.4,0.29,3.25,6.8,7.98,2.07,0.43,,1063.78
A3Z physicality,Forwards,Forwards,A3Z tracked games; five on five,2024–25,20242025,102,8477989,Christian Dvorak,C,-0.3,4,252.88,257.57,22,0.27,0.08,-0.04,0.12,-0.02,FALSE,,0,FALSE,0.5,70.96,0.04,0.32,0.14,,73,190,15,28,10,6,20,6,46,22,12,5,43,74,5,4,24,8,7,23,23,6,3,0,27,37,28,4,4,10,30,14,0,3,2,32,32,5,21,2,3,2.37,7.12,3.32,0,0.71,0.47,0.16,0.14,22.42,0.1,3.56,6.64,10.2,1.42,0.42,,1249.98
A3Z physicality,Forwards,Forwards,A3Z tracked games; five on five,2024–25,20242025,103,8482159,Tyson Foerster,R,0.87,4,241.83,244.17,19,0.23,0.18,0.06,0.12,-0.02,FALSE,,0,FALSE,0.49,70.68,0.14,0.59,-0.23,,74,215,11,32,13,7,20,1,33,25,18,6,37,62,5,7,8,11,5,14,19,13,1,0,16,33,35,3,2,22,20,7,0,1,1,38,38,11,24,3,1,5.46,4.96,1.74,0,0.25,0.25,0.29,0.04,18.18,0.12,2.73,7.94,9.18,0.25,0.33,,1365.87
A3Z physicality,Forwards,Forwards,A3Z tracked games; five on five,2024–25,20242025,104,8476419,Jean-Gabriel Pageau,C,-1.2,5,244.5,250.02,20,0.25,0.06,-0.06,0.12,-0.03,FALSE,,0,FALSE,0.48,70.4,0.02,0.3,0.17,,71,180,13,29,13,9,25,5,44,33,27,8,41,68,3,3,11,7,11,22,22,10,2,4,31,54,24,1,2,35,30,8,0,0,2,33,33,4,25,3,7,8.59,7.36,1.96,0,0,0.49,0.12,0.28,20.62,0.12,3.19,7.12,10.06,1.23,0.3,,1342.78
A3Z physicality,Forwards,Forwards,A3Z tracked games; five on five,2024–25,20242025,105,8480829,Jesperi Kotkaniemi,C,1.02,5,308.2,319.37,26,0.33,0.11,-0,0.12,-0.03,FALSE,,0,FALSE,0.48,70.11,0.42,0.1,-0.04,,75,212,15,33,25,22,22,6,51,27,10,5,50,87,11,9,24,7,10,30,21,10,2,3,45,72,32,2,2,16,48,12,1,2,0,47,47,5,33,3,2,3.11,9.34,2.34,0.19,0.39,0,0.11,0.06,23.02,0.09,2.92,6.42,9.73,1.17,0.5,,1096.62
A3Z physicality,Forwards,Forwards,A3Z tracked games; five on five,2024–25,20242025,106,8481028,Martin Pospisil,C,-0.65,1,243.18,243.85,20,0.25,0.04,-0.07,0.12,-0.01,FALSE,,0,FALSE,0.48,69.83,0.59,-0.38,0.27,,74,173,8,27,15,4,20,1,42,27,9,2,28,61,3,3,15,11,7,21,21,10,4,1,26,41,34,1,5,88,14,6,0,3,4,37,37,3,27,4,5,21.71,3.45,1.48,0,0.74,0.99,0.08,0.19,29.15,0.15,1.97,6.66,6.91,0.25,0.22,,1118.45
A3Z physicality,Forwards,Forwards,A3Z tracked games; five on five,2024–25,20242025,107,8473533,Jordan Staal,C,1.58,4,329.72,335.58,27,0.36,0.23,0.12,0.11,-0.02,FALSE,,0,FALSE,0.46,69.55,0.32,0.6,-0.46,,76,220,22,45,31,18,20,5,39,23,15,4,46,74,3,7,16,7,8,18,21,23,4,2,51,72,45,3,9,51,22,11,0,1,2,54,54,6,31,3,8,9.28,4,2,0,0.18,0.36,0.11,0.26,20.85,0.1,4,8.19,8.37,0.91,0.27,,1157.8
A3Z physicality,Forwards,Forwards,A3Z tracked games; five on five,2024–25,20242025,108,8475166,John Tavares,C,0.67,1,576.75,579.3,40,0.53,0.16,0.05,0.11,-0.01,FALSE,,0,FALSE,0.45,69.26,0.1,0.54,-0.19,,73,217,27,86,47,15,59,18,76,60,17,9,97,160,22,10,16,20,20,36,40,16,2,4,83,125,78,4,15,46,33,22,0,7,4,86,86,14,64,7,15,4.79,3.43,2.29,0,0.73,0.42,0.16,0.23,19.33,0.11,2.81,8.95,10.09,1.87,0.53,,1366.92
A3Z physicality,Forwards,Forwards,A3Z tracked games; five on five,2024–25,20242025,109,8481582,Nick Robertson,L,-1.73,3,374,376.2,35,0.51,-0.01,-0.12,0.11,0.04,FALSE,,0,FALSE,0.43,68.98,0.24,-0.44,0.63,,69,180,14,43,30,9,31,10,72,48,9,5,45,102,15,4,24,22,9,31,41,27,2,5,56,79,68,2,3,33,16,18,0,1,2,80,80,4,53,2,4,5.29,2.57,2.89,0,0.16,0.32,0.05,0.08,29.24,0.04,2.25,6.9,7.22,1.6,0.56,,828.18
A3Z physicality,Forwards,Forwards,A3Z tracked games; five on five,2024–25,20242025,110,8481601,Simon Holmstrom,R,0.35,2,227.1,229.27,18,0.24,0.15,0.05,0.11,0.02,FALSE,,0,FALSE,0.43,68.7,-0.8,1.31,-0.07,typedShotsOnNet,73,208,10,32,16,9,15,2,37,25,9,3,27,53,5,5,12,18,1,19,18,7,2,0,25,42,23,2,5,3,8,11,0,1,1,28,28,1,12,3,2,0.79,2.11,2.91,0,0.26,0.26,0.04,0.17,17.79,0.25,2.64,8.45,7.13,0.53,0.33,,1264.87
A3Z physicality,Forwards,Forwards,A3Z tracked games; five on five,2024–25,20242025,111,8477573,Nathan Walker,L,-1.33,4,363.15,366.97,32,0.44,-0.02,-0.13,0.11,-0.02,FALSE,,0,FALSE,0.43,68.41,0.84,-0.87,0.46,,69,191,15,42,11,6,23,6,58,43,12,3,38,84,13,5,15,17,9,26,32,16,0,0,26,35,36,4,3,124,37,19,1,1,7,44,44,1,30,0,6,20.49,6.11,3.14,0.17,0.17,1.16,0.02,0.2,35.88,0,2.48,6.94,6.28,0.99,0.25,,883.77
A3Z physicality,Forwards,Forwards,A3Z tracked games; five on five,2024–25,20242025,112,8476539,Jonathan Marchessault,R,-1.55,3,299.87,301.6,22,0.28,-0,-0.1,0.1,0.04,FALSE,,0,FALSE,0.41,68.13,0.64,-0.8,0.57,,69,185,8,27,13,9,33,8,42,31,3,3,44,69,7,4,11,12,13,30,12,11,4,1,32,55,38,0,2,25,16,8,1,3,2,46,46,3,29,1,2,5,3.2,1.6,0.2,0.6,0.4,0.07,0.07,33.43,0.03,1.6,5.4,8.8,1.6,1,,1402.2
A3Z physicality,Forwards,Forwards,A3Z tracked games; five on five,2024–25,20242025,113,8475151,Kyle Palmieri,C,-0.5,4,272.98,276.82,20,0.24,0.04,-0.06,0.1,-0.02,FALSE,,0,FALSE,0.41,67.85,-0.03,0.24,0.2,,72,192,20,22,15,10,17,12,39,28,10,2,27,60,7,1,11,8,8,16,23,25,1,3,33,45,50,5,8,13,28,6,0,3,1,59,59,10,41,4,8,2.86,6.15,1.32,0,0.66,0.22,0.17,0.2,23.26,0.1,4.4,4.84,5.93,2.64,0.2,,1518.33
A3Z physicality,Forwards,Forwards,A3Z tracked games; five on five,2024–25,20242025,114,8474034,Patrick Maroon,L,1.82,5,323.77,325.35,31,0.46,0.11,0.02,0.1,-0.03,FALSE,,0,FALSE,0.41,67.56,0.76,-0.23,-0.12,,75,234,14,26,20,10,28,3,61,48,8,3,45,97,7,5,13,8,19,29,32,15,4,7,44,63,33,2,5,60,17,5,1,4,1,48,48,4,30,2,3,11.12,3.15,0.93,0.19,0.74,0.19,0.08,0.1,26.66,0.07,2.59,4.82,8.34,0.56,0.38,,784.7
A3Z physicality,Forwards,Forwards,A3Z tracked games; five on five,2024–25,20242025,115,8476468,J.T. Miller,C,0.19,5,324.65,332.48,26,0.36,0.07,-0.03,0.09,-0.03,FALSE,,0,FALSE,0.38,67.28,0.17,0.18,0.04,,72,211,24,26,26,19,37,7,54,43,6,3,59,99,3,7,11,8,14,26,28,15,4,5,56,91,39,5,3,42,11,5,0,5,4,42,42,7,27,4,4,7.76,2.03,0.92,0,0.92,0.74,0.17,0.15,28.43,0.15,4.44,4.81,10.9,1.29,0.5,,1310.42
A3Z physicality,Forwards,Forwards,A3Z tracked games; five on five,2024–25,20242025,116,8475760,Nick Bjugstad,C,1.75,3,187.77,189.72,16,0.24,0.31,0.21,0.09,0.04,FALSE,,0,FALSE,0.38,67,1.41,-0.44,-0.58,,78,210,6,31,4,4,21,3,28,20,6,2,29,47,4,2,8,9,5,18,10,15,1,0,20,30,34,2,3,27,15,8,0,2,0,33,33,3,20,4,1,8.63,4.79,2.56,0,0.64,0,0.09,0.05,34.66,0.2,1.92,9.91,9.27,0.96,0.33,,812.88
A3Z physicality,Forwards,Forwards,A3Z tracked games; five on five,2024–25,20242025,117,8482720,Matthew Knies,L,1.75,2,572.82,572.68,41,0.53,0.27,0.18,0.09,0.02,FALSE,,0,FALSE,0.38,66.71,0.47,0.48,-0.58,,75,232,28,112,37,17,52,9,107,70,17,12,78,146,20,3,37,29,22,62,45,27,3,4,53,89,70,10,19,92,42,16,0,8,5,88,88,24,60,6,17,9.64,4.4,1.68,0,0.84,0.52,0.27,0.28,14.35,0.1,2.93,11.73,8.17,0.94,0.71,,1444.17
A3Z physicality,Forwards,Forwards,A3Z tracked games; five on five,2024–25,20242025,118,8480144,David Kampf,C,0.25,3,299.58,303.88,31,0.53,0.16,0.07,0.08,0.04,FALSE,,0,FALSE,0.36,66.43,-0.04,0.45,-0.06,,74,198,17,36,15,8,37,6,52,35,8,3,59,96,13,5,17,10,16,30,22,9,0,0,16,28,19,1,4,18,25,12,0,3,2,26,26,4,23,4,3,3.61,5.01,2.4,0,0.6,0.4,0.15,0.13,25.46,0.17,3.4,7.21,11.82,1.2,0.38,,731.18
A3Z physicality,Forwards,Forwards,A3Z tracked games; five on five,2024–25,20242025,119,8482155,Alex Laferriere,R,0.24,3,316.92,319.53,22,0.29,0.15,0.07,0.08,0.04,FALSE,,0,FALSE,0.36,66.15,0.7,-0.29,-0.05,,73,205,13,38,18,10,39,5,87,64,9,3,58,120,8,3,23,30,18,45,42,26,2,2,30,62,69,9,6,39,33,10,0,1,1,79,79,8,41,5,6,7.38,6.25,1.89,0,0.19,0.19,0.1,0.15,31.78,0.12,2.46,7.19,10.98,0.95,0.33,,1272.95
A3Z physicality,Forwards,Forwards,A3Z tracked games; five on five,2024–25,20242025,120,8481641,Joel Kiviranta,L,-1.02,2,272.92,272.6,26,0.33,-0,-0.09,0.08,0.02,FALSE,,0,FALSE,0.36,65.86,0.52,-0.59,0.42,,71,185,10,33,13,11,21,5,47,32,8,3,33,65,11,4,15,10,14,25,22,17,1,0,22,34,37,0,4,40,30,10,0,2,2,37,37,3,27,1,5,8.79,6.6,2.2,0,0.44,0.44,0.08,0.19,26.93,0.04,2.2,7.25,7.25,1.1,0.38,,989.23
A3Z physicality,Forwards,Forwards,A3Z tracked games; five on five,2024–25,20242025,121,8480003,Jesper Boqvist,C,-0.27,5,219.12,225.75,20,0.26,0.05,-0.04,0.08,-0.03,FALSE,,0,FALSE,0.35,65.58,0.48,-0.21,0.08,typedShotsOnNet,73,191,9,26,10,5,18,5,36,22,7,1,33,56,7,5,14,11,4,17,19,9,3,3,22,32,23,2,3,42,28,3,0,3,1,27,27,4,15,0,1,11.5,7.67,0.82,0,0.82,0.27,0.15,0.07,22.47,0,2.46,7.12,9.04,1.37,0.14,,1033.18
A3Z physicality,Forwards,Forwards,A3Z tracked games; five on five,2024–25,20242025,122,8478474,Lawson Crouse,L,1.36,5,198.77,198.85,17,0.21,0.08,0,0.08,-0.03,FALSE,,0,FALSE,0.33,65.3,0.51,-0.11,-0.07,,76,214,7,23,10,10,8,2,25,12,7,2,18,36,4,0,13,5,3,15,10,11,1,1,15,29,25,2,0,39,15,5,1,1,2,30,30,1,22,3,3,11.77,4.53,1.51,0.3,0.3,0.6,0.03,0.14,29.49,0.14,2.11,6.94,5.43,0.6,0.29,,1112.1
A3Z physicality,Forwards,Forwards,A3Z tracked games; five on five,2024–25,20242025,123,8477446,Michael McCarron,C,2.54,5,248.67,252.92,22,0.3,0.11,0.03,0.08,-0.03,FALSE,,0,FALSE,0.33,65.01,0.41,0.1,-0.18,,78,232,14,31,15,8,21,6,38,24,12,3,31,65,6,5,14,7,8,15,23,12,4,0,19,38,30,3,4,44,27,14,1,2,3,37,37,6,25,2,4,10.62,6.51,3.38,0.24,0.48,0.72,0.16,0.16,26.08,0.08,3.38,7.48,7.48,1.45,0.25,,1018.1
A3Z physicality,Forwards,Forwards,A3Z tracked games; five on five,2024–25,20242025,124,8480028,Morgan Frost,C,-0.46,4,244.57,246.78,21,0.26,0.02,-0.05,0.07,-0.02,FALSE,,0,FALSE,0.32,64.73,-0.07,0.21,0.19,,72,193,10,29,8,5,21,9,31,19,10,1,34,63,12,4,12,9,4,13,18,14,2,0,23,40,36,7,4,17,14,14,0,2,3,39,39,5,31,6,7,4.17,3.43,3.43,0,0.49,0.74,0.13,0.23,27.02,0.19,2.45,7.11,8.34,2.21,0.1,,1276.18
A3Z physicality,Forwards,Forwards,A3Z tracked games; five on five,2024–25,20242025,125,8482713,Mackie Samoskevich,R,-1.2,5,216.47,219.45,19,0.26,0.01,-0.06,0.07,-0.03,FALSE,,0,FALSE,0.32,64.45,0.18,-0.03,0.17,,71,180,13,31,15,8,17,7,43,32,4,1,27,60,11,3,11,16,4,20,23,8,5,4,28,43,37,2,2,46,22,7,0,2,3,40,40,4,21,1,3,12.75,6.1,1.94,0,0.55,0.83,0.1,0.14,29.15,0.05,3.6,8.59,7.48,1.94,0.25,,959.2
A3Z physicality,Forwards,Forwards,A3Z tracked games; five on five,2024–25,20242025,126,8475314,Anders Lee,L,1.82,1,262.28,264.55,20,0.24,0.23,0.16,0.07,-0.01,FALSE,,0,FALSE,0.32,64.16,0.43,0.47,-0.59,,75,234,10,30,20,11,17,5,47,30,2,0,32,64,7,3,17,8,9,19,28,16,4,0,21,43,42,3,8,20,20,3,0,1,0,52,52,7,32,4,7,4.58,4.58,0.69,0,0.23,0,0.13,0.22,17.48,0.12,2.29,6.86,7.32,1.14,0,,1398.95
A3Z physicality,Forwards,Forwards,A3Z tracked games; five on five,2024–25,20242025,127,8476483,Rickard Rakell,R,-0.16,3,267.55,271.43,18,0.22,0.1,0.03,0.07,0.04,FALSE,,0,FALSE,0.3,63.88,0.23,-0.01,0.08,,73,194,10,32,8,10,11,4,33,22,2,2,23,62,7,4,11,3,5,12,21,12,2,1,25,44,37,4,2,30,18,21,0,0,2,42,42,9,32,2,5,6.73,4.04,4.71,0,0,0.45,0.21,0.16,18.51,0.06,2.24,7.18,5.16,0.9,1,,1563.1
A3Z physicality,Forwards,Forwards,A3Z tracked games; five on five,2024–25,20242025,128,8478046,Danton Heinen,L,-0.15,1,314.48,317.07,28,0.35,0.04,-0.03,0.07,-0.01,FALSE,,0,FALSE,0.29,63.6,0.59,-0.39,0.09,,74,187,11,38,14,12,19,4,46,26,15,2,40,70,4,5,20,6,7,20,26,11,4,0,37,58,37,2,1,28,24,15,0,1,1,37,37,5,27,3,4,5.34,4.58,2.86,0,0.19,0.19,0.14,0.15,28.43,0.11,2.1,7.25,7.63,0.76,0.13,,1061.98
A3Z physicality,Forwards,Forwards,A3Z tracked games; five on five,2024–25,20242025,129,8478233,Andrew Mangiapane,L,-1.35,5,280.23,283.4,24,0.3,0,-0.06,0.06,-0.03,FALSE,,0,FALSE,0.28,63.31,-0.3,0.4,0.18,,70,183,20,32,20,13,17,5,34,22,8,3,28,56,7,4,12,7,7,14,20,14,0,0,29,52,29,3,4,21,16,12,0,2,6,35,35,7,24,2,5,4.5,3.43,2.57,0,0.43,1.28,0.2,0.21,19.03,0.08,4.28,6.85,6,1.07,0.38,,1055.13
A3Z physicality,Forwards,Forwards,A3Z tracked games; five on five,2024–25,20242025,130,8475768,Jaden Schwartz,L,-1.28,3,417.28,416.7,29,0.36,-0.01,-0.07,0.06,0.04,FALSE,,0,FALSE,0.28,63.03,-0.37,0.17,0.48,,70,185,15,54,27,17,61,6,100,77,27,12,85,147,10,5,23,27,26,57,43,22,2,3,55,95,57,4,5,16,31,17,0,4,3,76,76,7,51,10,8,2.3,4.46,2.44,0,0.58,0.43,0.09,0.16,23.56,0.2,2.16,7.76,12.22,0.86,0.44,,1448.5
A3Z physicality,Forwards,Forwards,A3Z tracked games; five on five,2024–25,20242025,131,8476374,Sean Kuraly,C,0.61,5,169.03,172.42,16,0.2,0.05,-0.01,0.06,-0.03,FALSE,,0,FALSE,0.28,62.75,0.84,-0.56,-0,typedShotsOnNet,74,208,6,12,8,7,18,3,27,16,6,2,32,48,6,4,11,9,4,20,7,8,1,0,14,23,18,2,1,44,12,6,0,2,0,27,27,2,17,1,1,15.62,4.26,2.13,0,0.71,0,0.07,0.06,33.24,0.06,2.13,4.26,11.36,1.06,0.33,,964.65
A3Z physicality,Forwards,Forwards,A3Z tracked games; five on five,2024–25,20242025,132,8475225,Craig Smith,C,0.17,1,289.23,289.73,28,0.47,0.06,0,0.06,-0.01,FALSE,,0,FALSE,0.27,62.46,0.92,-0.63,-0.02,,73,203,13,40,20,10,19,4,49,25,6,3,35,81,11,5,24,12,6,26,23,15,6,0,32,53,54,7,2,23,12,10,0,4,0,61,61,6,49,7,1,4.77,2.49,2.07,0,0.83,0,0.1,0.02,38.01,0.14,2.7,8.3,7.26,0.83,0.5,,668.98
A3Z physicality,Forwards,Forwards,A3Z tracked games; five on five,2024–25,20242025,133,8481716,Dmitri Voronkov,L,2.35,2,221.17,224.1,16,0.22,0.31,0.24,0.06,0.02,FALSE,,0,FALSE,0.27,62.18,0.93,0.14,-0.79,,77,234,3,20,8,4,11,1,22,16,6,5,23,39,3,3,6,4,7,15,7,10,1,0,14,25,25,2,4,16,11,8,1,0,0,35,35,7,24,3,3,4.34,2.98,2.17,0.27,0,0,0.2,0.12,14.87,0.12,0.81,5.43,6.24,0.27,0.83,,1225.45
A3Z physicality,Forwards,Forwards,A3Z tracked games; five on five,2024–25,20242025,134,8478472,Mathieu Joseph,R,-0.34,4,323.53,325.8,30,0.5,0.02,-0.04,0.06,-0.02,FALSE,,0,FALSE,0.27,61.9,0.24,-0.12,0.15,,73,189,18,47,17,10,33,8,54,44,9,2,47,90,10,7,10,12,15,26,28,20,2,1,33,51,47,0,3,59,28,14,0,2,5,55,55,6,36,3,4,10.94,5.19,2.6,0,0.37,0.93,0.11,0.11,32.65,0.08,3.34,8.72,8.72,1.48,0.22,,714.45
A3Z physicality,Forwards,Forwards,A3Z tracked games; five on five,2024–25,20242025,135,8476479,Phillip Danault,C,0.06,4,309.73,315.23,22,0.28,0.05,-0.01,0.06,-0.02,FALSE,,0,FALSE,0.27,61.61,-0.34,0.58,0.02,,73,200,20,37,29,15,37,5,52,40,12,2,59,88,2,3,12,4,17,30,22,17,2,2,46,73,42,5,4,16,22,15,0,0,2,52,52,7,36,3,8,3.1,4.26,2.91,0,0,0.39,0.13,0.22,18.4,0.08,3.87,7.17,11.43,0.97,0.17,,1413.87
A3Z physicality,Forwards,Forwards,A3Z tracked games; five on five,2024–25,20242025,136,8475191,Reilly Smith,R,-0.48,4,227,230.22,19,0.24,0,-0.06,0.06,-0.02,FALSE,,0,FALSE,0.26,61.33,0.32,-0.26,0.19,,73,185,9,24,17,10,24,4,36,30,12,5,33,57,7,4,6,5,14,22,14,11,0,2,28,48,39,6,5,8,13,9,0,3,0,49,49,6,38,1,7,2.11,3.44,2.38,0,0.79,0,0.12,0.18,26.08,0.03,2.38,6.34,8.72,1.06,0.42,,1219.82
A3Z physicality,Forwards,Forwards,A3Z tracked games; five on five,2024–25,20242025,137,8482062,Cole Smith,R,0.41,5,212.58,214.92,19,0.27,0.04,-0.02,0.06,-0.03,FALSE,,0,FALSE,0.26,61.05,-0.01,0.25,0.02,typedShotsOnNet,75,195,13,36,19,11,19,0,30,24,3,1,31,47,2,5,6,8,10,21,9,9,2,2,38,47,20,2,2,33,27,4,0,0,2,26,26,3,15,1,5,9.31,7.62,1.13,0,0,0.56,0.12,0.33,23.82,0.07,3.67,10.16,8.75,0,0.33,,966.02
A3Z physicality,Forwards,Forwards,A3Z tracked games; five on five,2024–25,20242025,138,8480801,Brady Tkachuk,L,1.8,4,262.93,265.15,20,0.28,0.2,0.14,0.06,-0.02,FALSE,,0,FALSE,0.25,60.76,0.73,0.05,-0.52,,76,226,20,28,8,6,26,4,48,35,4,2,34,67,6,4,13,12,13,24,24,16,3,2,21,36,61,2,8,58,15,7,1,7,6,71,71,2,49,6,6,13.24,3.42,1.6,0.23,1.6,1.37,0.03,0.12,29.7,0.12,4.56,6.39,7.76,0.91,0.5,,1313.1
A3Z physicality,Forwards,Forwards,A3Z tracked games; five on five,2024–25,20242025,139,8478424,Jansen Harkins,C,-0.05,4,158.72,161.37,18,0.29,0.04,-0.02,0.06,-0.02,FALSE,,0,FALSE,0.25,60.48,0.6,-0.4,0.06,locatedAttempts; typedShotsOnNet,73,197,8,25,5,1,10,3,19,14,4,2,19,33,4,5,5,7,3,11,8,7,0,1,11,16,12,0,0,47,12,10,0,2,4,14,14,0,10,0,0,17.77,4.54,3.78,0,0.76,1.51,0,0,30.31,0,3.02,9.45,7.18,1.13,0.5,,677.5
A3Z physicality,Forwards,Forwards,A3Z tracked games; five on five,2024–25,20242025,140,8480806,Isac Lundeström,C,-0.23,3,202.78,207.83,20,0.25,0.08,0.03,0.05,0.04,FALSE,,0,FALSE,0.25,60.2,0.17,-0.04,0.11,locatedAttempts; typedShotsOnNet,73,192,8,27,7,7,17,1,32,25,13,5,27,49,4,2,7,16,3,15,17,9,1,1,10,16,15,1,2,12,11,11,0,2,1,15,15,2,7,2,1,3.55,3.25,3.25,0,0.59,0.3,0.13,0.14,32.25,0.29,2.37,7.99,7.99,0.3,0.38,,1070.23
A3Z physicality,Forwards,Forwards,A3Z tracked games; five on five,2024–25,20242025,141,8481580,Connor McMichael,L,-0.93,4,342.77,347.38,25,0.3,-0.05,-0.09,0.05,-0.02,FALSE,,0,FALSE,0.22,59.92,-0.59,0.47,0.33,,72,180,17,36,22,14,25,3,53,39,9,4,37,79,10,3,14,16,9,26,27,22,1,5,36,78,52,4,8,13,10,6,0,1,1,64,64,9,38,7,8,2.28,1.75,1.05,0,0.18,0.18,0.14,0.21,21.36,0.18,2.98,6.3,6.48,0.53,0.44,,1378.3
A3Z physicality,Forwards,Forwards,A3Z tracked games; five on five,2024–25,20242025,142,8475170,Brayden Schenn,C,0.06,4,536.55,539.95,38,0.46,0.04,-0.01,0.05,-0.02,FALSE,,0,FALSE,0.21,59.63,0.68,-0.48,0.02,,73,200,18,42,22,15,58,13,83,66,17,7,86,153,20,6,17,10,27,39,44,23,9,3,48,89,65,4,2,80,26,24,0,6,3,72,72,4,53,6,5,8.95,2.91,2.68,0,0.67,0.34,0.06,0.09,30.03,0.11,2.01,4.7,9.62,1.45,0.41,,1440
A3Z physicality,Forwards,Forwards,A3Z tracked games; five on five,2024–25,20242025,143,8482737,Zachary Bolduc,R,-0.68,5,314.62,316.8,29,0.4,-0.01,-0.05,0.04,-0.03,FALSE,,0,FALSE,0.2,59.35,0.03,0.05,0.12,,72,187,19,38,17,9,27,5,47,35,11,4,45,84,4,6,12,8,10,22,25,20,4,0,39,53,43,1,4,42,30,15,0,2,4,48,48,5,30,3,3,8.01,5.72,2.86,0,0.38,0.76,0.1,0.1,29.83,0.1,3.62,7.25,8.58,0.95,0.36,,922.05
A3Z physicality,Forwards,Forwards,A3Z tracked games; five on five,2024–25,20242025,144,8478463,Anthony Beauvillier,R,-1.16,5,215.92,216.3,18,0.22,-0.02,-0.06,0.04,-0.03,FALSE,,0,FALSE,0.18,59.07,-0.01,0.04,0.16,,71,181,15,24,7,2,11,3,27,14,8,2,26,50,4,6,13,8,3,11,16,10,3,0,14,21,30,0,4,29,13,7,0,1,3,36,36,7,25,0,4,8.06,3.61,1.95,0,0.28,0.83,0.19,0.16,20.89,0,4.17,6.67,7.23,0.83,0.25,,1042.8
A3Z physicality,Forwards,Forwards,A3Z tracked games; five on five,2024–25,20242025,145,8478904,Steven Lorentz,C,1.54,4,343.97,347.9,39,0.49,0.15,0.12,0.04,-0.02,FALSE,,0,FALSE,0.18,58.78,0.83,-0.2,-0.45,,76,219,30,39,25,14,18,4,52,31,6,4,41,87,10,6,21,16,7,28,24,19,2,3,22,39,42,3,4,99,35,25,0,0,3,49,49,2,32,0,3,17.27,6.11,4.36,0,0,0.52,0.04,0.09,29.15,0,5.23,6.8,7.15,0.7,0.67,,844.23
A3Z physicality,Forwards,Forwards,A3Z tracked games; five on five,2024–25,20242025,146,8481540,Cole Caufield,R,-2.18,2,307.67,307.03,22,0.27,-0.16,-0.2,0.04,0.02,FALSE,,0,FALSE,0.18,58.5,-0.39,-0.28,0.84,,68,175,9,24,18,8,19,2,35,20,10,8,28,54,5,0,15,5,6,19,16,21,1,3,44,68,52,4,1,16,18,8,0,1,2,52,52,2,39,2,2,3.12,3.51,1.56,0,0.2,0.39,0.04,0.05,26.77,0.05,1.76,4.68,5.46,0.39,0.8,,1482.23
A3Z physicality,Forwards,Forwards,A3Z tracked games; five on five,2024–25,20242025,147,8478366,Frank Vatrano,R,-0.37,4,282.17,286.13,21,0.26,-0.01,-0.05,0.03,-0.02,FALSE,,0,FALSE,0.17,58.22,0.29,-0.28,0.16,,71,203,10,25,14,5,17,5,26,20,12,4,29,49,3,4,6,1,7,12,14,14,1,2,26,43,52,1,8,42,6,10,0,2,2,62,62,3,43,2,9,8.93,1.28,2.13,0,0.43,0.43,0.05,0.21,24.5,0.05,2.13,5.32,6.17,1.06,0.33,,1421.17
A3Z physicality,Forwards,Forwards,A3Z tracked games; five on five,2024–25,20242025,148,8475786,Zach Hyman,L,0.27,1,244.3,248.17,17,0.23,0.05,0.01,0.03,-0.01,FALSE,,0,FALSE,0.17,57.93,-0.67,0.89,-0.05,,73,206,11,21,8,4,9,0,20,16,3,1,14,31,3,1,4,6,4,10,10,10,1,1,20,33,52,3,3,11,20,1,0,0,1,61,61,18,36,7,6,2.7,4.91,0.25,0,0,0.25,0.3,0.17,12.81,0.19,2.7,5.16,3.44,0,0.33,,1378.35
A3Z physicality,Forwards,Forwards,A3Z tracked games; five on five,2024–25,20242025,149,8478519,Anthony Cirelli,C,-0.2,2,447.5,449.07,32,0.4,0.02,-0.01,0.03,0.02,FALSE,,0,FALSE,0.16,57.65,-0.98,1.02,0.13,,73,193,27,54,34,18,27,8,55,35,30,11,52,90,10,3,20,11,8,30,25,20,3,6,57,100,60,4,11,13,26,23,0,7,7,66,66,8,46,7,5,1.74,3.49,3.08,0,0.94,0.94,0.12,0.11,20.31,0.15,3.62,7.24,6.97,1.07,0.37,,1495.23
A3Z physicality,Forwards,Forwards,A3Z tracked games; five on five,2024–25,20242025,150,8481618,Alex Newhook,C,-0.47,3,245.82,250.33,21,0.26,0.03,0,0.03,0.04,FALSE,,0,FALSE,0.14,57.37,-0.22,0.17,0.19,,71,200,16,28,17,10,27,3,36,23,9,4,46,63,3,2,13,13,5,22,14,9,2,2,27,46,31,2,1,23,26,11,0,2,3,39,39,1,25,2,6,5.61,6.35,2.68,0,0.49,0.73,0.03,0.24,29.02,0.08,3.91,6.83,11.23,0.73,0.44,,1240.83
A3Z physicality,Forwards,Forwards,A3Z tracked games; five on five,2024–25,20242025,151,8483464,Marco Kasper,C,0.13,4,243.37,246.67,20,0.26,0.02,-0,0.03,-0.02,FALSE,,0,FALSE,0.14,57.08,0.43,-0.28,-0,,73,202,5,37,9,12,22,1,32,23,8,4,37,57,3,5,9,13,8,19,13,11,2,1,14,30,30,1,5,48,21,8,0,1,2,33,33,4,23,2,2,11.83,5.18,1.97,0,0.25,0.49,0.12,0.09,30.41,0.09,1.23,9.12,9.12,0.25,0.5,,1189.72
A3Z physicality,Forwards,Forwards,A3Z tracked games; five on five,2024–25,20242025,152,8477501,Valeri Nichushkin,R,1.22,4,222.97,223.6,17,0.4,0.11,0.09,0.03,-0.02,FALSE,,0,FALSE,0.14,56.8,0.16,0.33,-0.34,,76,210,13,21,15,10,21,5,34,28,6,4,28,44,6,2,6,13,8,23,11,9,0,2,27,47,41,4,7,16,16,7,0,2,1,47,47,6,34,5,6,4.31,4.31,1.88,0,0.54,0.27,0.13,0.18,22.8,0.15,3.5,5.65,7.53,1.35,0.67,,848.82
A3Z physicality,Forwards,Forwards,A3Z tracked games; five on five,2024–25,20242025,153,8477404,Jake Guentzel,C,-1.34,3,490.93,498.4,32,0.4,-0.06,-0.08,0.02,0.04,FALSE,,0,FALSE,0.13,56.52,-0.23,-0.13,0.5,,71,176,16,61,19,18,53,6,86,70,10,3,74,143,11,7,16,13,27,41,45,17,2,2,55,100,70,7,13,13,38,23,0,4,2,78,78,11,53,3,6,1.59,4.64,2.81,0,0.49,0.24,0.14,0.11,19.67,0.06,1.96,7.46,9.04,0.73,0.3,,1599.42
A3Z physicality,Forwards,Forwards,A3Z tracked games; five on five,2024–25,20242025,154,8478414,Timo Meier,R,0.78,3,292.6,295.72,20,0.25,0.14,0.12,0.02,0.04,FALSE,,0,FALSE,0.13,56.23,0.2,0.17,-0.24,,73,220,18,33,12,5,25,4,58,36,7,3,41,83,7,2,22,13,10,28,30,40,3,0,23,46,82,6,5,39,26,23,0,1,3,89,89,10,59,5,1,8,5.33,4.72,0,0.21,0.62,0.11,0.02,31.11,0.08,3.69,6.77,8.41,0.82,0.43,,1428.77
A3Z physicality,Forwards,Forwards,A3Z tracked games; five on five,2024–25,20242025,155,8477015,Connor Brown,R,-0.79,2,221,224.43,20,0.24,-0.04,-0.06,0.02,0.02,FALSE,,0,FALSE,0.13,55.95,-0.17,-0.04,0.34,,72,184,13,17,8,4,19,3,30,24,2,2,23,45,4,2,6,7,7,14,16,12,3,1,25,35,35,3,4,5,17,10,0,1,0,39,39,7,27,1,6,1.36,4.62,2.71,0,0.27,0,0.18,0.22,22.47,0.04,3.53,4.62,6.24,0.81,1,,1148.8
A3Z physicality,Forwards,Forwards,A3Z tracked games; five on five,2024–25,20242025,156,8478874,Adam Gaudette,R,-0.3,5,157.35,160.03,20,0.25,-0.02,-0.04,0.02,-0.03,FALSE,,0,FALSE,0.12,55.67,0,0.04,0.08,locatedAttempts; typedShotsOnNet,73,190,9,23,5,0,5,3,21,11,3,2,16,32,6,4,10,4,2,9,12,4,4,0,11,18,12,1,2,17,16,5,0,0,1,16,16,6,11,1,2,6.48,6.1,1.91,0,0,0.38,0.38,0.18,32.44,0.09,3.43,8.77,6.1,1.14,0.67,,844.22
A3Z physicality,Forwards,Forwards,A3Z tracked games; five on five,2024–25,20242025,157,8477503,Max Domi,C,-0.45,5,418.17,422.52,35,0.47,-0.02,-0.04,0.02,-0.03,FALSE,,0,FALSE,0.12,55.38,0.62,-0.6,0.1,,70,208,13,31,32,21,36,7,69,47,11,3,67,115,10,9,22,14,17,39,30,18,7,7,65,97,49,2,3,14,24,12,3,10,1,60,60,5,45,2,3,2.01,3.44,1.72,0.43,1.43,0.14,0.08,0.07,32.22,0.04,1.87,4.45,9.61,1,0.27,,1048.67
A3Z physicality,Forwards,Forwards,A3Z tracked games; five on five,2024–25,20242025,158,8476454,Ryan Nugent-Hopkins,C,-0.23,2,262.02,262.88,20,0.26,0.01,-0.01,0.02,0.02,FALSE,,0,FALSE,0.11,55.1,-0.64,0.61,0.14,,73,192,11,27,7,8,20,1,37,26,7,2,33,61,2,5,11,6,8,18,19,11,1,2,24,46,26,3,4,6,6,8,0,1,1,31,31,6,21,4,3,1.37,1.37,1.83,0,0.23,0.23,0.19,0.14,20.62,0.19,2.52,6.18,7.56,0.23,0.29,,1479.88
A3Z physicality,Forwards,Forwards,A3Z tracked games; five on five,2024–25,20242025,159,8478427,Sebastian Aho,C,-0.61,5,382.32,380.63,27,0.34,-0.03,-0.05,0.01,-0.03,FALSE,,0,FALSE,0.1,54.82,-0.28,0.27,0.11,,72,189,22,41,29,19,32,8,64,43,16,8,63,97,8,9,21,11,15,38,26,23,3,6,55,86,58,1,12,9,25,7,0,7,4,66,66,4,35,6,4,1.41,3.92,1.1,0,1.1,0.63,0.06,0.11,25.39,0.17,3.45,6.43,9.89,1.26,0.5,,1587.92
A3Z physicality,Forwards,Forwards,A3Z tracked games; five on five,2024–25,20242025,160,8481532,Alex Turcotte,C,-0.66,3,220.87,224.68,20,0.29,-0,-0.01,0.01,0.04,FALSE,,0,FALSE,0.08,54.53,-0.06,-0.11,0.26,,71,195,10,24,8,10,20,3,37,26,5,3,33,56,4,4,11,9,9,21,16,8,3,1,23,40,28,2,4,10,29,8,0,1,1,34,34,5,26,2,4,2.72,7.88,2.17,0,0.27,0.27,0.15,0.15,26.83,0.08,2.72,6.52,8.96,0.81,0.6,,798.1
A3Z physicality,Forwards,Forwards,A3Z tracked games; five on five,2024–25,20242025,161,8475158,Ryan O'Reilly,C,0.31,5,333.87,337.22,24,0.3,-0.01,-0.02,0.01,-0.03,FALSE,,0,FALSE,0.08,54.25,-0.2,0.25,0.03,,73,207,16,43,16,9,42,5,51,37,11,5,72,102,6,10,14,10,15,31,20,15,3,1,30,55,31,2,7,9,11,17,0,0,1,39,39,4,27,2,4,1.62,1.98,3.06,0,0,0.18,0.1,0.15,17.8,0.07,2.88,7.73,12.94,0.9,0.45,,1500.08
A3Z physicality,Forwards,Forwards,A3Z tracked games; five on five,2024–25,20242025,162,8481528,Dylan Cozens,C,0.77,1,333.32,334.48,26,0.32,0.07,0.06,0.01,-0.01,FALSE,,0,FALSE,0.08,53.97,1.17,-0.87,-0.23,,75,205,6,37,22,6,36,7,53,43,7,1,59,90,8,5,10,19,15,36,17,17,2,1,33,50,40,2,2,76,19,4,2,2,3,50,50,2,37,4,4,13.68,3.42,0.72,0.36,0.36,0.54,0.04,0.11,31.03,0.11,1.08,6.66,10.62,1.26,0.14,,1398.98
A3Z physicality,Forwards,Forwards,A3Z tracked games; five on five,2024–25,20242025,163,8481535,Nils Hoglander,L,-1.55,2,326.28,332.83,29,0.4,-0.13,-0.14,0.01,0.02,FALSE,,0,FALSE,0.07,53.68,-0.37,-0.18,0.62,,69,185,20,33,25,14,26,3,40,37,3,2,33,61,8,5,3,9,14,21,19,11,5,2,40,63,37,2,0,31,23,12,0,4,6,47,47,7,34,1,5,5.7,4.23,2.21,0,0.74,1.1,0.15,0.15,26.17,0.03,3.68,6.07,6.07,0.55,0.67,,873.33
A3Z physicality,Forwards,Forwards,A3Z tracked games; five on five,2024–25,20242025,164,8479987,Morgan Geekie,C,1.02,5,240.6,244.25,17,0.22,0,-0,0,-0.03,FALSE,,0,FALSE,0.06,53.4,0.12,-0.01,-0.04,,75,212,12,31,14,8,21,9,36,24,9,1,36,57,9,4,12,7,11,21,15,15,2,1,22,42,44,5,8,22,21,6,0,3,2,49,49,9,26,1,2,5.49,5.24,1.5,0,0.75,0.5,0.18,0.08,24.6,0.04,2.99,7.73,8.98,2.24,0.11,,1302.87
A3Z physicality,Forwards,Forwards,A3Z tracked games; five on five,2024–25,20242025,165,8482078,Lucas Raymond,L,-0.98,4,289.22,287.67,21,0.26,-0.1,-0.1,0,-0.02,FALSE,,0,FALSE,0.05,53.12,-0.47,0.17,0.35,,71,186,12,45,15,8,23,5,53,42,10,4,44,89,10,9,11,19,7,22,31,11,2,4,31,50,44,2,4,11,17,6,0,1,1,55,55,7,33,3,5,2.28,3.53,1.24,0,0.21,0.21,0.13,0.15,26.4,0.09,2.49,9.34,9.13,1.04,0.4,,1540.23
A3Z physicality,Forwards,Forwards,A3Z tracked games; five on five,2024–25,20242025,166,8483431,Logan Cooley,C,-0.53,5,190.02,192.48,15,0.2,-0.04,-0.04,0,-0.03,FALSE,,0,FALSE,0.05,52.83,0.18,-0.23,0.1,,72,191,4,21,7,7,16,2,29,22,3,1,24,49,3,2,7,7,5,10,19,9,4,5,28,47,31,2,2,14,20,3,0,3,1,35,35,5,26,2,4,4.42,6.32,0.95,0,0.95,0.32,0.14,0.15,24.7,0.08,1.26,6.63,7.58,0.63,0.33,,1339.6
A3Z physicality,Forwards,Forwards,A3Z tracked games; five on five,2024–25,20242025,167,8480220,Noah Cates,L,0.11,3,208.98,210.48,18,0.23,0.06,0.06,-0,0.04,FALSE,,0,FALSE,0.04,52.55,-0.3,0.35,-0.01,,74,194,10,31,10,6,19,3,33,20,14,7,35,56,2,3,13,10,7,20,13,13,2,1,15,25,25,2,4,22,13,9,0,2,3,25,25,9,20,3,5,6.32,3.73,2.58,0,0.57,0.86,0.36,0.25,17,0.15,2.87,8.9,10.05,0.86,0.5,,1238.43
A3Z physicality,Forwards,Forwards,A3Z tracked games; five on five,2024–25,20242025,168,8482117,Lukas Reichel,L,-1.29,3,327.85,330.38,32,0.46,-0.08,-0.08,-0,0.04,FALSE,,0,FALSE,0.04,52.27,-0.21,-0.23,0.48,,72,170,8,31,8,9,20,6,35,31,15,4,32,62,8,3,4,25,3,18,17,11,4,2,36,53,45,2,2,14,21,13,0,3,2,44,44,5,36,3,3,2.56,3.84,2.38,0,0.55,0.37,0.11,0.08,23.63,0.08,1.46,5.67,5.86,1.1,0.27,,833.78
A3Z physicality,Forwards,Forwards,A3Z tracked games; five on five,2024–25,20242025,169,8477493,Aleksander Barkov,C,1.1,3,271.52,274.78,18,0.27,0.15,0.15,-0,0.04,FALSE,,0,FALSE,0.04,51.98,0.13,0.26,-0.35,,75,214,23,54,36,22,42,7,53,41,11,4,65,92,8,4,12,10,20,34,19,14,3,4,49,77,30,1,8,25,20,15,0,1,2,39,39,6,25,2,7,5.52,4.42,3.31,0,0.22,0.44,0.15,0.28,26.57,0.08,5.08,11.93,14.36,1.55,0.36,,1357.28
A3Z physicality,Forwards,Forwards,A3Z tracked games; five on five,2024–25,20242025,170,8482079,Marco Rossi,C,-1.66,3,309.4,312.27,21,0.26,-0.11,-0.11,-0,0.04,FALSE,,0,FALSE,0.03,51.7,-0.47,-0.11,0.61,,69,182,10,34,21,11,28,10,44,33,14,5,39,72,10,3,11,9,13,25,19,17,2,5,32,56,37,5,7,14,19,8,0,0,2,40,40,9,27,3,6,2.71,3.68,1.55,0,0,0.39,0.22,0.22,21.77,0.11,1.94,6.59,7.56,1.94,0.36,,1496.15
A3Z physicality,Forwards,Forwards,A3Z tracked games; five on five,2024–25,20242025,171,8483515,Juraj Slafkovský,L,1.49,3,283.67,285.52,20,0.25,0.18,0.19,-0.01,0.04,FALSE,,0,FALSE,0.02,51.42,0.43,0.08,-0.49,,75,225,14,37,23,13,26,7,66,45,9,5,42,84,7,2,21,12,13,32,34,3,7,6,35,71,38,3,11,58,23,18,0,1,3,47,47,6,26,1,8,12.27,4.86,3.81,0,0.21,0.63,0.13,0.31,17.09,0.04,2.96,7.83,8.88,1.48,0.56,,1370.57
A3Z physicality,Forwards,Forwards,A3Z tracked games; five on five,2024–25,20242025,172,8480835,Jack Drury,C,-0.98,5,235.15,239,23,0.32,-0.06,-0.06,-0.01,-0.03,FALSE,,0,FALSE,0.01,51.13,0.28,-0.41,0.15,,71,186,8,30,18,9,27,7,35,18,18,9,50,65,7,4,17,7,5,24,11,19,3,2,31,44,33,3,3,13,31,7,0,2,0,41,41,2,24,1,3,3.32,7.91,1.79,0,0.51,0,0.05,0.12,31.62,0.04,2.04,7.65,12.76,1.79,0.5,,930.22
A3Z physicality,Forwards,Forwards,A3Z tracked games; five on five,2024–25,20242025,173,8478856,Conor Garland,R,-2,4,455.42,458.2,33,0.41,-0.2,-0.19,-0.01,-0.02,FALSE,,0,FALSE,0.01,50.85,-0.76,0.1,0.67,,70,165,24,61,36,28,36,7,81,64,9,3,57,117,10,6,17,33,13,37,44,17,8,1,59,97,69,3,2,17,36,19,1,2,11,82,82,10,52,6,3,2.24,4.74,2.5,0.13,0.26,1.45,0.12,0.06,28.18,0.12,3.16,8.04,7.51,0.92,0.33,,1511.02
A3Z physicality,Forwards,Forwards,A3Z tracked games; five on five,2024–25,20242025,174,8479318,Auston Matthews,C,1.13,4,466.38,462.58,33,0.49,0.07,0.08,-0.01,-0.02,FALSE,,0,FALSE,0.01,50.57,-0.34,0.66,-0.32,,75,215,35,70,43,18,58,7,61,49,12,3,79,120,8,4,12,17,16,34,27,56,8,1,59,107,116,5,6,20,19,26,0,2,4,124,124,19,82,12,4,2.57,2.44,3.34,0,0.26,0.51,0.15,0.05,23.23,0.15,4.5,9.01,10.16,0.9,0.25,,1371.63
A3Z physicality,Forwards,Forwards,A3Z tracked games; five on five,2024–25,20242025,175,8482110,Dawson Mercer,C,-0.93,3,272.87,274.48,20,0.24,-0.05,-0.04,-0.01,0.04,FALSE,,0,FALSE,-0,50.28,-0.3,-0.05,0.35,typedShotsOnNet,72,180,12,40,11,3,16,6,51,33,5,2,36,77,9,5,18,7,9,21,30,7,1,4,23,36,27,1,4,9,27,8,0,0,1,30,30,8,18,3,2,1.98,5.94,1.76,0,0,0.22,0.27,0.11,28.14,0.17,2.64,8.8,7.92,1.32,0.4,,1466.45
A3Z physicality,Forwards,Forwards,A3Z tracked games; five on five,2024–25,20242025,176,8479353,Brett Howden,C,0.36,5,253.65,257.03,20,0.25,-0.03,-0.02,-0.01,-0.03,FALSE,,0,FALSE,-0,50,0.31,-0.33,0.02,,74,201,12,24,19,7,19,3,32,26,6,1,30,55,9,3,6,11,9,18,14,6,4,2,27,42,31,2,4,25,17,5,0,3,1,41,41,1,26,1,3,5.91,4.02,1.18,0,0.71,0.24,0.02,0.12,28.79,0.04,2.84,5.68,7.1,0.71,0.17,,1189.03
A3Z physicality,Forwards,Forwards,A3Z tracked games; five on five,2024–25,20242025,177,8481237,Kyle MacLean,C,-0.3,5,183.58,185.82,20,0.25,-0.05,-0.04,-0.01,-0.03,FALSE,,0,FALSE,-0.01,49.72,-0.07,-0.02,0.08,typedShotsOnNet,73,190,9,18,11,5,10,2,30,16,4,2,25,40,3,3,14,8,3,17,13,2,0,0,9,17,13,0,3,24,12,5,0,0,2,23,23,6,18,2,2,7.84,3.92,1.63,0,0,0.65,0.26,0.11,29.02,0.11,2.94,5.88,8.17,0.65,0.5,,806.95
A3Z physicality,Forwards,Forwards,A3Z tracked games; five on five,2024–25,20242025,178,8476460,Mark Scheifele,C,0.84,5,400.25,406.05,24,0.29,-0.03,-0.01,-0.02,-0.03,FALSE,,0,FALSE,-0.01,49.43,-0.2,0.21,-0.02,,75,207,15,42,24,30,49,8,72,62,13,4,68,118,14,4,10,35,11,36,36,16,12,8,66,106,51,6,9,27,34,15,0,2,5,59,59,7,31,4,5,4.05,5.1,2.25,0,0.3,0.75,0.12,0.16,18.87,0.13,2.25,6.3,10.19,1.2,0.31,,1676.07
A3Z physicality,Forwards,Forwards,A3Z tracked games; five on five,2024–25,20242025,179,8482113,Anton Lundell,C,-0.09,1,257.08,262.52,21,0.27,-0.04,-0.02,-0.02,-0.01,FALSE,,0,FALSE,-0.02,49.15,0.54,-0.64,0.07,,73,196,12,26,13,5,23,5,44,29,4,2,44,71,6,2,15,8,10,26,18,13,1,2,30,45,26,6,3,37,21,13,0,1,2,31,31,4,22,1,4,8.64,4.9,3.03,0,0.23,0.47,0.13,0.18,30.81,0.05,2.8,6.07,10.27,1.17,0.5,,1320.28
A3Z physicality,Forwards,Forwards,A3Z tracked games; five on five,2024–25,20242025,180,8478462,Nicolas Roy,C,0.86,3,209.9,211.63,16,0.23,0.11,0.13,-0.02,0.04,FALSE,,0,FALSE,-0.03,48.87,0.25,-0,-0.27,,76,200,7,24,14,11,26,2,41,34,6,4,41,71,2,8,7,13,5,18,23,11,2,1,28,44,24,0,4,15,18,11,0,1,1,26,26,1,20,1,5,4.29,5.15,3.14,0,0.29,0.29,0.04,0.25,16.38,0.05,2,6.86,11.72,0.57,0.67,,1080.47
A3Z physicality,Forwards,Forwards,A3Z tracked games; five on five,2024–25,20242025,181,8476897,Oskar Sundqvist,C,0.95,1,312.2,314.12,29,0.43,0.06,0.08,-0.02,-0.01,FALSE,,0,FALSE,-0.03,48.58,0.57,-0.31,-0.29,typedShotsOnNet,75,210,9,30,12,10,26,6,40,29,11,5,42,73,7,2,11,4,14,23,17,8,1,2,15,30,21,3,0,39,29,17,0,2,2,24,24,2,14,3,1,7.5,5.57,3.27,0,0.38,0.38,0.08,0.07,29.38,0.21,1.73,5.77,8.07,1.15,0.45,,884.92
A3Z physicality,Forwards,Forwards,A3Z tracked games; five on five,2024–25,20242025,182,8481533,Trevor Zegras,C,-0.75,3,175.38,177.67,13,0.23,-0.05,-0.02,-0.02,0.04,FALSE,,0,FALSE,-0.03,48.3,-0.05,-0.27,0.29,typedShotsOnNet,72,185,6,20,11,3,23,2,30,28,8,6,29,46,6,3,2,13,9,18,12,8,2,3,25,46,24,2,2,12,4,9,0,0,1,28,28,4,15,1,1,4.11,1.37,3.08,0,0,0.34,0.14,0.07,26.17,0.07,2.05,6.84,9.92,0.68,0.75,,971.23
A3Z physicality,Forwards,Forwards,A3Z tracked games; five on five,2024–25,20242025,183,8478401,Pavel Zacha,C,1.25,3,232.25,234.58,17,0.21,0.14,0.17,-0.02,0.04,FALSE,,0,FALSE,-0.04,48.02,0.19,0.18,-0.41,typedShotsOnNet,76,211,11,33,15,4,29,6,37,32,7,3,37,62,10,2,5,7,16,24,13,7,4,3,34,57,27,1,4,9,5,5,0,0,0,25,25,5,15,1,0,2.33,1.29,1.29,0,0,0,0.2,0,21.47,0.07,2.84,8.53,9.56,1.55,0.43,,1563.12
A3Z physicality,Forwards,Forwards,A3Z tracked games; five on five,2024–25,20242025,184,8484387,Matvei Michkov,R,-1.75,3,218.57,219.22,18,0.22,-0.14,-0.12,-0.02,0.04,FALSE,,0,FALSE,-0.04,47.73,-0.67,-0.02,0.64,,70,172,5,18,14,8,17,2,31,25,4,1,29,51,6,4,6,8,11,19,12,12,2,4,34,47,37,3,0,9,17,3,0,2,2,38,38,4,28,2,1,2.47,4.67,0.82,0,0.55,0.55,0.11,0.04,19.71,0.07,1.37,4.94,7.96,0.55,0.25,,1334.75
A3Z physicality,Forwards,Forwards,A3Z tracked games; five on five,2024–25,20242025,185,8474189,Lars Eller,C,0.58,5,269.62,272.7,23,0.29,-0.04,-0.02,-0.02,-0.03,FALSE,,0,FALSE,-0.04,47.45,-0.01,-0.03,0,,74,207,20,32,16,14,28,7,44,29,9,3,51,87,8,6,15,15,5,22,22,9,0,2,23,41,29,1,3,21,35,10,0,4,3,32,32,4,21,1,2,4.67,7.79,2.23,0,0.89,0.67,0.12,0.1,30.71,0.05,4.45,7.12,11.35,1.56,0.33,,1063.32
A3Z physicality,Forwards,Forwards,A3Z tracked games; five on five,2024–25,20242025,186,8476880,Tom Wilson,R,1.76,5,341.47,342.13,25,0.31,-0.01,0.01,-0.03,-0.03,FALSE,,0,FALSE,-0.05,47.17,0.09,-0.03,-0.11,,76,225,16,40,21,8,41,9,77,46,13,7,64,122,13,7,31,14,17,37,40,20,0,0,33,60,49,3,9,70,18,17,0,5,8,57,57,9,33,3,4,12.3,3.16,2.99,0,0.88,1.41,0.16,0.12,28.18,0.09,2.81,7.03,11.25,1.58,0.54,,1516.87
A3Z physicality,Forwards,Forwards,A3Z tracked games; five on five,2024–25,20242025,187,8477919,Freddy Gaudreau,C,-0.79,3,247.9,254.47,21,0.26,-0.05,-0.03,-0.03,0.04,FALSE,,0,FALSE,-0.05,46.88,-0.29,-0.07,0.3,,72,184,10,26,13,3,17,7,37,27,18,4,32,67,7,6,10,9,4,15,22,8,4,0,17,27,25,1,1,13,13,11,0,2,2,32,32,2,26,1,3,3.15,3.15,2.66,0,0.48,0.48,0.06,0.12,22.6,0.04,2.42,6.29,7.75,1.69,0.22,,1284.25
A3Z physicality,Forwards,Forwards,A3Z tracked games; five on five,2024–25,20242025,188,8482476,Emil Heineman,L,0.47,2,192.77,196.4,19,0.31,0.03,0.06,-0.03,0.02,FALSE,,0,FALSE,-0.07,46.6,1.13,-1.08,-0.11,typedShotsOnNet,74,204,8,22,4,2,8,2,21,11,8,3,18,33,3,1,10,3,3,10,11,19,1,0,10,14,30,1,4,54,29,5,0,2,1,36,36,1,19,0,3,16.81,9.03,1.56,0,0.62,0.31,0.03,0.16,32.99,0,2.49,6.85,5.6,0.62,0.38,,706.32
A3Z physicality,Forwards,Forwards,A3Z tracked games; five on five,2024–25,20242025,189,8482149,Cole Perfetti,C,-1.02,5,310.28,312.82,24,0.29,-0.09,-0.06,-0.03,-0.03,FALSE,,0,FALSE,-0.07,46.32,-0.03,-0.18,0.15,,71,185,13,33,21,20,15,4,50,32,7,4,35,69,9,1,18,12,9,28,22,10,4,4,36,59,38,2,2,20,16,12,0,3,3,45,45,4,26,3,2,3.87,3.09,2.32,0,0.58,0.58,0.09,0.08,32.25,0.12,2.51,6.38,6.77,0.77,0.57,,1245.33
A3Z physicality,Forwards,Forwards,A3Z tracked games; five on five,2024–25,20242025,190,8477949,Alex Tuch,R,1.54,4,285.15,286.7,21,0.26,0.09,0.12,-0.03,-0.02,FALSE,,0,FALSE,-0.07,46.03,0.62,-0.24,-0.45,,76,219,15,33,17,7,18,3,36,27,14,8,28,55,2,6,9,13,5,17,19,17,4,1,29,45,47,4,3,22,13,10,1,2,1,53,53,5,39,3,3,4.63,2.74,2.1,0.21,0.42,0.21,0.09,0.08,31.05,0.08,3.16,6.94,5.89,0.63,0.57,,1578.85
A3Z physicality,Forwards,Forwards,A3Z tracked games; five on five,2024–25,20242025,191,8474037,James van Riemsdyk,L,0.95,3,162,163.53,13,0.18,0.11,0.14,-0.03,0.04,FALSE,,0,FALSE,-0.07,45.75,-0.66,0.9,-0.3,typedShotsOnNet,75,210,9,16,10,5,16,1,18,13,3,1,21,31,4,1,5,5,6,14,4,9,2,0,16,22,21,1,4,5,11,4,0,0,1,27,27,7,18,3,5,1.85,4.07,1.48,0,0,0.37,0.26,0.28,13,0.17,3.33,5.93,7.78,0.37,0.33,,880.37
A3Z physicality,Forwards,Forwards,A3Z tracked games; five on five,2024–25,20242025,192,8484958,Maksim Tsyplakov,R,0.7,5,258.8,264.5,20,0.26,-0.05,-0.01,-0.03,-0.03,FALSE,,0,FALSE,-0.07,45.47,-0.03,-0.04,-0.01,,75,203,12,33,15,8,19,9,48,32,8,5,37,68,14,1,16,16,6,27,21,16,4,1,28,47,39,4,5,30,24,13,0,1,3,42,42,5,26,2,3,6.96,5.56,3.01,0,0.23,0.7,0.12,0.12,27.63,0.08,2.78,7.65,8.58,2.09,0.62,,1152.47
A3Z physicality,Forwards,Forwards,A3Z tracked games; five on five,2024–25,20242025,193,8476292,Ondrej Palat,L,-0.43,1,234.92,235.13,19,0.25,-0.09,-0.05,-0.03,-0.01,FALSE,,0,FALSE,-0.08,45.18,-0.07,-0.2,0.19,,72,194,8,24,14,8,17,4,47,30,8,2,39,77,11,5,17,5,9,24,23,13,1,1,26,43,33,2,5,29,26,11,0,0,3,43,43,5,27,1,5,7.41,6.64,2.81,0,0,0.77,0.12,0.19,21.4,0.04,2.04,6.13,9.96,1.02,0.25,,1059.08
A3Z physicality,Forwards,Forwards,A3Z tracked games; five on five,2024–25,20242025,194,8478133,Jake Evans,C,-0.57,4,248.03,250.75,22,0.27,-0.1,-0.06,-0.03,-0.02,FALSE,,0,FALSE,-0.08,44.9,-0.2,-0.1,0.22,typedShotsOnNet,72,190,16,30,18,11,20,8,46,32,11,3,41,66,7,4,14,16,5,26,20,7,5,0,22,38,22,1,2,34,30,9,0,1,5,24,24,4,13,0,3,8.22,7.26,2.18,0,0.24,1.21,0.17,0.23,26.93,0,3.87,7.26,9.92,1.94,0.27,,1275.4
A3Z physicality,Forwards,Forwards,A3Z tracked games; five on five,2024–25,20242025,195,8476393,Nick Cousins,C,-0.8,4,173.13,176.87,15,0.3,-0.12,-0.08,-0.03,-0.02,FALSE,,0,FALSE,-0.08,44.62,0.07,-0.44,0.29,typedShotsOnNet,71,191,11,17,15,10,20,2,43,29,5,1,33,60,9,3,14,12,9,25,18,5,3,0,20,34,22,2,3,26,26,5,0,5,5,21,21,2,15,1,3,9.01,9.01,1.73,0,1.73,1.73,0.1,0.2,34.93,0.07,3.81,5.89,11.44,0.69,0.2,,595.13
A3Z physicality,Forwards,Forwards,A3Z tracked games; five on five,2024–25,20242025,196,8476458,Ryan Strome,C,-0.23,1,282.45,285.45,21,0.26,-0.08,-0.04,-0.04,-0.01,FALSE,,0,FALSE,-0.11,44.33,-0.19,-0.04,0.12,,73,192,11,20,19,15,29,11,36,21,13,2,49,70,7,4,15,10,5,22,14,12,4,5,48,70,31,3,3,11,9,11,1,4,3,43,43,8,30,5,3,2.34,1.91,2.34,0.21,0.85,0.64,0.19,0.1,24.21,0.17,2.34,4.25,10.41,2.34,0.15,,1367.98
A3Z physicality,Forwards,Forwards,A3Z tracked games; five on five,2024–25,20242025,197,8477998,Warren Foegele,L,0.5,5,300.22,306.17,22,0.27,-0.06,-0.02,-0.05,-0.03,FALSE,,0,FALSE,-0.13,44.05,-0.01,-0.12,0.01,,74,205,16,44,15,5,31,6,59,35,13,8,57,94,13,5,24,12,13,37,22,24,4,1,27,49,50,5,4,28,24,5,0,2,3,65,65,9,42,1,6,5.6,4.8,1,0,0.4,0.6,0.14,0.14,28.3,0.02,3.2,8.79,11.39,1.2,0.62,,1325.85
A3Z physicality,Forwards,Forwards,A3Z tracked games; five on five,2024–25,20242025,198,8475798,Mikael Granlund,C,-0.99,4,335.43,336.3,24,0.29,-0.15,-0.1,-0.05,-0.02,FALSE,,0,FALSE,-0.14,43.77,-0.22,-0.27,0.35,,70,193,9,34,19,15,32,5,62,45,9,6,57,95,7,6,17,17,16,40,22,19,5,5,39,70,40,2,1,15,22,15,0,3,3,49,49,2,34,1,4,2.68,3.94,2.68,0,0.54,0.54,0.04,0.12,22.36,0.03,1.61,6.08,10.2,0.89,0.67,,1614.33
A3Z physicality,Forwards,Forwards,A3Z tracked games; five on five,2024–25,20242025,199,8477492,Nathan MacKinnon,C,-0.21,2,445.93,450.67,27,0.34,-0.06,-0.01,-0.05,0.02,FALSE,,0,FALSE,-0.15,43.48,-0.75,0.46,0.13,,72,200,18,38,22,51,46,6,56,43,21,3,69,96,7,7,13,15,18,36,20,17,5,17,110,171,84,5,2,8,21,24,1,2,4,86,86,4,58,9,0,1.08,2.83,3.23,0.13,0.27,0.54,0.05,0,28.2,0.16,2.42,5.11,9.28,0.81,0.14,,1799.82
A3Z physicality,Forwards,Forwards,A3Z tracked games; five on five,2024–25,20242025,200,8480018,Nick Suzuki,C,-0.22,1,321.05,320.33,22,0.27,-0.09,-0.03,-0.05,-0.01,FALSE,,0,FALSE,-0.15,43.2,-0.19,-0.08,0.12,,71,207,15,34,28,19,32,5,61,40,16,3,61,100,8,5,21,21,6,30,31,13,0,6,53,100,42,2,2,15,22,16,0,0,2,46,46,6,34,3,4,2.8,4.11,2.99,0,0,0.37,0.13,0.12,26.57,0.09,2.8,6.35,11.4,0.93,0.19,,1644.97
A3Z physicality,Forwards,Forwards,A3Z tracked games; five on five,2024–25,20242025,201,8477494,Jonathan Drouin,L,-0.87,2,198.35,198.9,15,0.35,-0.13,-0.07,-0.05,0.02,FALSE,,0,FALSE,-0.15,42.92,-0.61,0.09,0.37,locatedAttempts; typedShotsOnNet,71,189,4,21,8,7,21,2,26,23,7,3,24,40,4,2,3,3,12,16,10,3,0,0,23,37,12,0,2,3,9,5,0,0,0,12,12,0,10,1,1,0.91,2.72,1.51,0,0,0,0,0.1,23.26,0.1,1.21,6.35,7.26,0.6,0.43,,781.85
A3Z physicality,Forwards,Forwards,A3Z tracked games; five on five,2024–25,20242025,202,8482768,Fedor Svechkov,C,-0.68,5,156.58,157.73,14,0.27,-0.1,-0.05,-0.06,-0.03,FALSE,,0,FALSE,-0.16,42.63,-0.35,0.07,0.12,typedShotsOnNet,72,187,7,22,12,6,21,7,26,20,11,4,32,47,5,3,6,6,8,16,10,10,5,0,21,29,23,1,3,5,12,5,0,0,1,24,24,3,16,2,0,1.92,4.6,1.92,0,0,0.38,0.12,0,29.79,0.12,2.68,8.43,12.26,2.68,0.36,,670.02
A3Z physicality,Forwards,Forwards,A3Z tracked games; five on five,2024–25,20242025,203,8482077,Dylan Holloway,L,0.31,5,479.42,486.03,36,0.47,-0.08,-0.02,-0.06,-0.03,FALSE,,0,FALSE,-0.17,42.35,0.01,-0.2,0.03,,73,207,17,57,28,13,25,7,74,49,17,6,44,109,15,6,25,18,9,28,46,18,0,6,63,96,68,3,5,62,43,27,0,0,4,78,78,4,59,6,4,7.76,5.38,3.38,0,0,0.5,0.05,0.07,30.74,0.1,2.13,7.13,5.51,0.88,0.35,,1295.48
A3Z physicality,Forwards,Forwards,A3Z tracked games; five on five,2024–25,20242025,204,8475745,Charlie Coyle,C,1.35,2,263.78,264.9,21,0.25,0.08,0.15,-0.06,0.02,FALSE,,0,FALSE,-0.18,42.07,0.3,-0.04,-0.43,,75,221,9,21,11,4,25,4,47,34,12,3,41,75,7,6,13,13,10,23,24,11,3,1,27,38,28,0,2,20,9,10,0,2,1,32,32,3,20,1,3,4.55,2.05,2.27,0,0.45,0.23,0.09,0.15,20.69,0.05,2.05,4.78,9.33,0.91,0.25,,1410.12
A3Z physicality,Forwards,Forwards,A3Z tracked games; five on five,2024–25,20242025,205,8481556,John Beecher,C,1.31,5,150.97,154,16,0.21,-0.06,0,-0.06,-0.03,FALSE,,0,FALSE,-0.19,41.78,0.01,-0.13,-0.07,locatedAttempts; typedShotsOnNet,75,220,4,16,5,3,12,0,18,15,1,0,17,34,3,2,3,9,2,9,9,6,0,0,11,15,14,0,1,19,16,9,0,1,2,18,18,3,13,1,0,7.55,6.36,3.58,0,0.4,0.79,0.17,0,23.68,0.08,1.59,6.36,6.76,0,0,,880.12
A3Z physicality,Forwards,Forwards,A3Z tracked games; five on five,2024–25,20242025,206,8480012,Elias Pettersson,C,-0.54,5,431.82,437,31,0.48,-0.11,-0.04,-0.07,-0.03,FALSE,,0,FALSE,-0.2,41.5,-0.35,0.04,0.11,,74,176,19,50,22,19,45,9,74,45,27,9,86,141,13,11,29,10,21,41,33,18,2,7,50,88,49,7,6,32,35,27,0,1,8,58,58,7,33,2,8,4.45,4.86,3.75,0,0.14,1.11,0.12,0.24,21,0.06,2.64,6.95,11.95,1.25,0.33,,1194.27
A3Z physicality,Forwards,Forwards,A3Z tracked games; five on five,2024–25,20242025,207,8480845,Rasmus Kupari,C,0.36,5,181.3,183.82,21,0.36,-0.09,-0.02,-0.07,-0.03,FALSE,,0,FALSE,-0.2,41.22,-0.02,-0.2,0.02,typedShotsOnNet,74,201,5,26,4,4,17,4,22,13,5,1,23,39,5,1,9,7,4,11,11,7,0,0,14,22,27,1,1,27,14,9,0,0,2,29,29,5,17,1,0,8.94,4.63,2.98,0,0,0.66,0.17,0,28.3,0.06,1.65,8.6,7.61,1.32,0.2,,605.3
A3Z physicality,Forwards,Forwards,A3Z tracked games; five on five,2024–25,20242025,208,8477964,Ivan Barbashev,L,-0.1,3,266,267.83,17,0.24,-0.03,0.04,-0.07,0.04,FALSE,,0,FALSE,-0.21,40.93,-0.28,0,0.06,,72,203,9,29,16,19,23,2,42,33,6,4,33,64,4,3,9,10,9,19,23,10,2,1,32,61,32,2,4,31,18,13,0,2,4,42,42,7,27,3,4,6.99,4.06,2.93,0,0.45,0.9,0.17,0.15,21.97,0.11,2.03,6.54,7.44,0.45,0.67,,1175.88
A3Z physicality,Forwards,Forwards,A3Z tracked games; five on five,2024–25,20242025,209,8476469,Joel Armia,R,1.13,4,207.58,210.22,21,0.26,0.01,0.08,-0.07,-0.02,FALSE,,0,FALSE,-0.23,40.65,0.19,-0.11,-0.32,,75,215,11,26,10,4,23,5,41,27,4,2,38,73,8,6,14,10,7,19,22,11,0,1,14,28,23,0,1,21,12,7,0,1,1,31,31,2,21,3,3,6.07,3.47,2.02,0,0.29,0.29,0.06,0.14,32.7,0.14,3.18,7.52,10.98,1.45,0.5,,1158.47
A3Z physicality,Forwards,Forwards,A3Z tracked games; five on five,2024–25,20242025,210,8477416,Oliver Bjorkstrand,R,-1.11,1,389.73,386.15,32,0.41,-0.2,-0.12,-0.08,-0.01,FALSE,,0,FALSE,-0.24,40.37,0.11,-0.78,0.43,,72,175,17,48,27,18,36,11,74,44,9,2,70,130,18,11,30,13,17,38,36,14,4,1,54,93,51,4,3,29,43,6,1,3,2,60,60,4,45,2,4,4.46,6.62,0.92,0.15,0.46,0.31,0.07,0.09,34.75,0.04,2.62,7.39,10.78,1.69,0.22,,1196.72
A3Z physicality,Forwards,Forwards,A3Z tracked games; five on five,2024–25,20242025,211,8478975,Mason Marchment,L,1.56,3,342.87,348.17,27,0.44,0.12,0.2,-0.08,0.04,FALSE,,0,FALSE,-0.24,40.08,0.1,0.17,-0.52,,77,212,17,29,19,12,30,12,69,49,8,5,51,103,20,7,20,9,18,33,36,15,1,7,46,76,51,1,7,36,36,9,0,4,3,60,60,4,42,5,2,6.3,6.3,1.57,0,0.7,0.52,0.07,0.05,31.07,0.12,2.97,5.07,8.92,2.1,0.62,,951.07
A3Z physicality,Forwards,Forwards,A3Z tracked games; five on five,2024–25,20242025,212,8475149,Marcus Johansson,L,0.17,1,267.95,272,19,0.26,-0.08,0,-0.08,-0.01,FALSE,,0,FALSE,-0.24,39.8,-0.06,-0.16,-0.02,,73,203,14,18,14,15,28,6,49,37,9,6,36,75,13,2,12,16,12,25,24,9,1,3,37,56,36,3,1,18,17,4,0,1,1,37,37,4,26,2,0,4.03,3.81,0.9,0,0.22,0.22,0.11,0,28.65,0.08,3.13,4.03,8.06,1.34,0.67,,1179.6
A3Z physicality,Forwards,Forwards,A3Z tracked games; five on five,2024–25,20242025,213,8474149,Evgenii Dadonov,L,-0.91,5,342.42,348.08,29,0.36,-0.13,-0.05,-0.08,-0.03,FALSE,,0,FALSE,-0.25,39.52,-0.11,-0.28,0.14,,71,188,10,27,12,7,26,6,57,43,8,3,53,96,3,13,14,20,9,29,28,15,10,2,32,48,51,1,5,13,42,15,0,3,2,54,54,6,35,3,7,2.28,7.36,2.63,0,0.53,0.35,0.11,0.2,25.67,0.09,1.75,4.73,9.29,1.05,0.38,,1082.67
A3Z physicality,Forwards,Forwards,A3Z tracked games; five on five,2024–25,20242025,214,8477426,Nick Paul,L,2.08,4,405.45,410.78,29,0.38,0.08,0.16,-0.08,-0.02,FALSE,,0,FALSE,-0.26,39.24,0.15,0.21,-0.62,,76,234,20,47,35,12,27,7,54,34,21,12,55,101,13,7,20,14,6,29,25,30,2,3,45,70,62,5,4,29,23,10,0,1,0,67,67,10,46,8,2,4.29,3.4,1.48,0,0.15,0,0.15,0.04,26.25,0.17,2.96,6.96,8.14,1.04,0.57,,1249.65
A3Z physicality,Forwards,Forwards,A3Z tracked games; five on five,2024–25,20242025,215,8481517,Brett Leason,R,1.84,1,189.72,192.98,18,0.29,0.08,0.16,-0.08,-0.01,FALSE,,0,FALSE,-0.26,38.95,1.24,-0.9,-0.6,,77,220,3,27,8,3,15,3,32,24,8,3,27,57,8,3,8,17,2,14,18,15,2,2,11,19,30,2,3,20,16,11,0,1,0,33,33,3,20,5,1,6.33,5.06,3.48,0,0.32,0,0.09,0.05,35.51,0.25,0.95,8.54,8.54,0.95,0.38,,804.83
A3Z physicality,Forwards,Forwards,A3Z tracked games; five on five,2024–25,20242025,216,8479675,Trevor Moore,L,-0.66,4,240.75,243.4,18,0.25,-0.16,-0.07,-0.09,-0.02,FALSE,,0,FALSE,-0.29,38.67,-0.66,0.13,0.25,,71,195,15,27,19,11,21,1,38,31,8,5,30,60,7,7,7,16,8,18,20,9,1,2,30,52,40,5,3,19,12,4,0,0,2,43,43,5,28,5,2,4.74,2.99,1,0,0,0.5,0.12,0.07,29.53,0.18,3.74,6.73,7.48,0.25,0.62,,1198.27
A3Z physicality,Forwards,Forwards,A3Z tracked games; five on five,2024–25,20242025,217,8478449,Roope Hintz,C,1.2,5,354.67,358.78,31,0.41,-0.09,0,-0.09,-0.03,FALSE,,0,FALSE,-0.29,38.39,0.04,-0.27,-0.06,,75,217,10,31,21,7,26,6,56,36,10,4,56,100,11,7,20,15,8,29,27,12,1,3,53,75,46,1,4,24,25,23,0,4,3,53,53,2,35,4,5,4.06,4.23,3.89,0,0.68,0.51,0.04,0.14,27.89,0.11,1.69,5.24,9.47,1.02,0.4,,1283.73
A3Z physicality,Forwards,Forwards,A3Z tracked games; five on five,2024–25,20242025,218,8477933,Sam Reinhart,C,-0.09,5,324.9,327.58,21,0.27,-0.13,-0.03,-0.1,-0.03,FALSE,,0,FALSE,-0.31,38.1,-0.23,-0.14,0.06,,73,196,11,46,22,9,29,4,54,41,3,1,45,83,8,5,13,13,12,27,27,16,2,4,45,68,44,1,4,22,21,11,0,1,4,48,48,4,33,2,4,4.06,3.88,2.03,0,0.18,0.74,0.08,0.12,26.8,0.06,2.03,8.49,8.31,0.74,0.33,,1619.68
A3Z physicality,Forwards,Forwards,A3Z tracked games; five on five,2024–25,20242025,219,8477450,Jason Dickinson,C,0.32,3,390.68,398.08,32,0.54,-0.02,0.08,-0.1,0.04,FALSE,,0,FALSE,-0.32,37.82,-0.07,-0.16,-0.08,,74,200,23,57,20,13,38,14,73,51,18,8,65,120,14,14,22,19,16,35,38,16,7,0,30,52,37,2,4,49,40,17,0,3,5,41,41,8,24,0,2,7.53,6.14,2.61,0,0.46,0.77,0.2,0.08,24.04,0,3.53,8.75,9.98,2.15,0.44,,926.25
A3Z physicality,Forwards,Forwards,A3Z tracked games; five on five,2024–25,20242025,220,8482679,Matt Coronato,R,-1.35,5,267.62,269.65,20,0.26,-0.16,-0.06,-0.1,-0.03,FALSE,,0,FALSE,-0.32,37.54,-0.19,-0.32,0.18,,70,183,10,43,16,4,16,5,37,25,8,5,31,51,5,4,12,13,4,21,16,24,3,3,31,45,55,2,0,12,20,5,1,1,4,54,54,1,37,2,1,2.69,4.48,1.12,0.22,0.22,0.9,0.02,0.03,33.92,0.05,2.24,9.64,6.95,1.12,0.62,,1353.63
A3Z physicality,Forwards,Forwards,A3Z tracked games; five on five,2024–25,20242025,221,8477451,Ryan Hartman,R,-0.32,3,222.87,225.45,17,0.25,-0.08,0.02,-0.1,0.04,FALSE,,0,FALSE,-0.32,37.25,-0.12,-0.35,0.14,,72,197,12,15,17,8,14,3,35,23,12,7,29,59,12,3,12,6,6,20,15,16,2,2,32,49,40,2,5,16,17,11,0,2,2,45,45,3,33,2,4,4.31,4.58,2.96,0,0.54,0.54,0.07,0.12,38.59,0.06,3.23,4.04,7.81,0.81,0.58,,1032.97
A3Z physicality,Forwards,Forwards,A3Z tracked games; five on five,2024–25,20242025,222,8477479,Tyler Bertuzzi,L,0.32,4,440.65,440.87,36,0.44,-0.09,0.01,-0.1,-0.02,FALSE,,0,FALSE,-0.33,36.97,-0.26,0,-0.06,,74,200,13,54,20,8,34,9,83,55,10,6,57,119,15,4,28,19,15,43,40,21,2,5,40,68,49,5,5,29,23,14,0,3,4,60,60,12,34,1,7,3.95,3.13,1.91,0,0.41,0.54,0.2,0.21,21.64,0.03,1.77,7.35,7.76,1.23,0.6,,1312.23
A3Z physicality,Forwards,Forwards,A3Z tracked games; five on five,2024–25,20242025,223,8480002,Nico Hischier,C,0.06,2,275.23,273.32,19,0.25,-0.08,0.02,-0.1,0.02,FALSE,,0,FALSE,-0.33,36.69,-0.74,0.38,0.04,,73,200,11,41,17,9,26,5,37,32,13,7,45,62,3,7,5,17,9,23,14,9,3,2,34,60,40,4,7,11,21,15,0,2,4,44,44,4,29,2,3,2.4,4.58,3.27,0,0.44,0.87,0.09,0.1,18.93,0.07,2.4,8.94,9.81,1.09,0.54,,1529.1
A3Z physicality,Forwards,Forwards,A3Z tracked games; five on five,2024–25,20242025,224,8479351,Sam Steel,C,-0.75,1,329.03,335.6,30,0.38,-0.19,-0.08,-0.1,-0.01,FALSE,,0,FALSE,-0.34,36.4,-0.54,-0.1,0.3,,72,185,19,34,17,11,26,7,63,43,7,6,39,78,10,3,20,11,15,32,31,11,1,0,38,55,36,0,3,24,34,10,1,3,6,43,43,6,28,3,1,4.38,6.2,1.82,0.18,0.55,1.09,0.14,0.04,31.3,0.11,3.46,6.2,7.11,1.28,0.86,,1117.08
A3Z physicality,Forwards,Forwards,A3Z tracked games; five on five,2024–25,20242025,225,8482201,Gage Goncalves,C,-0.34,3,255.52,256.15,21,0.35,-0.09,0.02,-0.1,0.04,FALSE,,0,FALSE,-0.34,36.12,0.13,-0.62,0.15,typedShotsOnNet,73,189,13,35,15,6,18,8,44,34,12,3,33,65,10,2,10,10,9,21,23,8,2,3,27,41,17,1,1,25,32,6,0,3,2,25,25,2,18,1,3,5.87,7.51,1.41,0,0.7,0.47,0.08,0.17,36.12,0.06,3.05,8.22,7.75,1.88,0.25,,767.62
A3Z physicality,Forwards,Forwards,A3Z tracked games; five on five,2024–25,20242025,226,8480995,Pontus Holmberg,R,-0.17,1,373.47,375.88,32,0.47,-0.14,-0.03,-0.11,-0.01,FALSE,,0,FALSE,-0.35,35.84,-1.27,0.81,0.1,,72,201,18,57,29,16,33,5,56,42,11,7,52,102,7,7,14,14,9,19,37,13,3,3,39,61,32,3,4,18,34,22,0,3,10,47,47,12,27,6,3,2.89,5.46,3.53,0,0.48,1.61,0.26,0.11,19.85,0.22,2.89,9.16,8.35,0.8,0.64,,861.03
A3Z physicality,Forwards,Forwards,A3Z tracked games; five on five,2024–25,20242025,227,8483447,Conor Geekie,C,1.29,5,256.25,257.7,23,0.44,-0.11,0,-0.11,-0.03,FALSE,,0,FALSE,-0.36,35.55,-0.07,-0.22,-0.07,,76,212,11,28,8,7,27,6,32,21,11,5,49,68,5,5,11,12,3,21,11,11,2,2,14,33,41,3,4,39,36,14,0,2,5,47,47,5,26,1,5,9.13,8.43,3.28,0,0.47,1.17,0.11,0.19,26.42,0.04,2.58,6.56,11.47,1.4,0.45,,640.92
A3Z physicality,Forwards,Forwards,A3Z tracked games; five on five,2024–25,20242025,228,8478439,Travis Konecny,R,-1.03,3,295.48,295.72,19,0.23,-0.16,-0.05,-0.11,0.04,FALSE,,0,FALSE,-0.36,35.27,-0.45,-0.3,0.39,,70,192,14,33,25,10,32,2,75,54,3,2,51,107,5,6,21,19,12,31,44,9,2,8,56,80,44,4,5,22,16,6,0,1,3,46,46,5,27,2,3,4.47,3.25,1.22,0,0.2,0.61,0.11,0.11,32.31,0.07,2.84,6.7,10.36,0.41,0.67,,1689.43
A3Z physicality,Forwards,Forwards,A3Z tracked games; five on five,2024–25,20242025,229,8477496,Elias Lindholm,C,0.06,5,207.65,209.15,17,0.21,-0.14,-0.03,-0.11,-0.03,FALSE,,0,FALSE,-0.37,34.99,0.11,-0.53,0.05,typedShotsOnNet,73,200,5,18,4,1,16,5,22,19,21,7,23,40,7,5,3,3,8,11,11,10,1,0,16,23,20,2,4,26,5,5,0,1,2,25,25,6,16,1,2,7.51,1.44,1.44,0,0.29,0.58,0.24,0.12,32.25,0.06,1.44,5.2,6.65,1.44,0.33,,1482.38
A3Z physicality,Forwards,Forwards,A3Z tracked games; five on five,2024–25,20242025,230,8483468,Jiri Kulich,C,-0.2,5,209.48,211.18,17,0.27,-0.15,-0.04,-0.11,-0.03,FALSE,,0,FALSE,-0.38,34.7,0.17,-0.62,0.07,,73,193,2,27,9,3,19,4,26,22,10,2,28,44,7,2,4,9,7,16,10,9,0,0,15,27,29,1,3,15,10,6,0,2,1,37,37,2,24,1,1,4.3,2.86,1.72,0,0.57,0.29,0.05,0.04,30.81,0.04,0.57,7.73,8.02,1.15,0.2,,917.15
A3Z physicality,Forwards,Forwards,A3Z tracked games; five on five,2024–25,20242025,231,8474564,Steven Stamkos,C,-0.2,4,330.82,332.63,24,0.29,-0.15,-0.03,-0.12,-0.02,FALSE,,0,FALSE,-0.39,34.42,-0.14,-0.35,0.1,,73,193,6,21,18,9,21,7,32,26,8,2,36,60,8,3,6,8,9,19,13,12,3,2,47,72,38,2,2,23,12,8,0,3,2,41,41,5,27,3,4,4.17,2.18,1.45,0,0.54,0.36,0.12,0.15,23.32,0.11,1.09,3.81,6.53,1.27,0.25,,1475.98
A3Z physicality,Forwards,Forwards,A3Z tracked games; five on five,2024–25,20242025,232,8478493,Joel Eriksson Ek,C,0.84,1,177.77,178.12,13,0.28,-0.05,0.07,-0.12,-0.01,FALSE,,0,FALSE,-0.4,34.14,-0.49,0.34,-0.25,,75,207,10,27,10,6,14,3,30,20,13,4,23,42,6,2,10,6,7,18,12,6,1,0,10,23,23,3,3,17,10,11,0,2,4,30,30,4,22,3,1,5.74,3.38,3.71,0,0.68,1.35,0.13,0.05,28.28,0.14,3.38,9.11,7.76,1.01,0.31,,909.25
A3Z physicality,Forwards,Forwards,A3Z tracked games; five on five,2024–25,20242025,233,8482092,Ridly Greig,C,-0.79,3,249.48,252.03,20,0.26,-0.15,-0.03,-0.12,0.04,FALSE,,0,FALSE,-0.4,33.85,-0.69,-0.01,0.3,typedShotsOnNet,72,184,11,34,13,4,21,7,29,22,14,6,31,55,7,5,7,8,7,14,15,6,2,0,18,29,19,1,2,35,27,6,0,3,6,30,30,4,19,1,4,8.42,6.49,1.44,0,0.72,1.44,0.13,0.21,19.25,0.05,2.65,8.18,7.46,1.68,0.43,,1332.23
A3Z physicality,Forwards,Forwards,A3Z tracked games; five on five,2024–25,20242025,234,8479996,Cody Glass,C,0.63,1,165.93,167.82,15,0.23,-0.08,0.05,-0.12,-0.01,FALSE,,0,FALSE,-0.41,33.57,-0.23,-0,-0.18,,75,201,7,18,8,4,10,1,20,15,6,4,20,32,2,5,5,3,8,13,7,6,1,1,17,23,28,1,3,10,10,4,0,1,1,33,33,3,23,3,4,3.62,3.62,1.45,0,0.36,0.36,0.09,0.17,26.17,0.13,2.53,6.51,7.23,0.36,0.67,,887.62
A3Z physicality,Forwards,Forwards,A3Z tracked games; five on five,2024–25,20242025,235,8475754,Brock Nelson,C,1.04,3,316.6,322.17,22,0.28,0.01,0.15,-0.14,0.04,FALSE,,0,FALSE,-0.46,33.29,-0.43,0.3,-0.33,,76,205,14,39,25,14,36,5,43,35,12,2,50,74,5,4,8,12,16,25,18,7,1,3,40,64,46,4,3,12,16,12,0,1,2,60,60,5,37,4,3,2.27,3.03,2.27,0,0.19,0.38,0.08,0.08,21.25,0.11,2.65,7.39,9.48,0.95,0.17,,1513
A3Z physicality,Forwards,Forwards,A3Z tracked games; five on five,2024–25,20242025,236,8477476,Artturi Lehkonen,L,-1.23,1,368.45,375.72,24,0.35,-0.27,-0.13,-0.14,-0.01,FALSE,,0,FALSE,-0.46,33,-0.9,-0.03,0.47,,71,179,12,40,10,10,32,5,58,44,15,5,50,84,6,3,14,7,21,36,22,12,2,6,32,70,47,5,12,10,31,11,0,3,3,53,53,5,36,2,9,1.63,5.05,1.79,0,0.49,0.49,0.09,0.25,19.72,0.06,1.95,6.51,8.14,0.81,0.33,,1406.33
A3Z physicality,Forwards,Forwards,A3Z tracked games; five on five,2024–25,20242025,237,8480015,Owen Tippett,R,0.42,3,221.02,223.27,17,0.22,-0.05,0.09,-0.14,0.04,FALSE,,0,FALSE,-0.46,32.72,-0.12,-0.22,-0.12,,73,210,6,20,8,7,21,7,34,24,3,1,40,64,9,6,10,15,7,22,12,12,1,1,22,42,50,0,0,31,20,17,0,4,4,54,54,1,34,6,1,8.42,5.43,4.62,0,1.09,1.09,0.02,0.03,33.69,0.18,1.63,5.43,10.86,1.9,0.33,,1231.37
A3Z physicality,Forwards,Forwards,A3Z tracked games; five on five,2024–25,20242025,238,8482145,Mavrik Bourque,C,-0.94,5,282.03,284.15,25,0.34,-0.19,-0.05,-0.14,-0.03,FALSE,,0,FALSE,-0.46,32.44,-0.3,-0.31,0.14,,71,187,12,27,16,7,27,4,45,28,10,3,45,74,9,3,17,12,9,26,19,17,1,1,23,51,38,3,4,14,40,11,0,1,3,43,43,5,29,1,2,2.98,8.51,2.34,0,0.21,0.64,0.12,0.07,27.73,0.03,2.55,5.74,9.57,0.85,0.3,,925.93
A3Z physicality,Forwards,Forwards,A3Z tracked games; five on five,2024–25,20242025,239,8477955,Jared McCann,L,-0.27,5,347.18,346.07,29,0.35,-0.18,-0.04,-0.14,-0.03,FALSE,,0,FALSE,-0.48,32.15,-0.16,-0.4,0.08,,73,191,15,38,18,13,32,3,63,45,14,7,52,88,3,5,18,19,11,34,29,10,3,7,44,71,56,0,6,17,20,10,0,2,3,72,72,6,42,3,3,2.94,3.46,1.73,0,0.35,0.52,0.08,0.07,36.17,0.07,2.59,6.57,8.99,0.52,0.5,,1411.28
A3Z physicality,Forwards,Forwards,A3Z tracked games; five on five,2024–25,20242025,240,8479390,Taylor Raddysh,R,0.36,1,295.25,297.45,25,0.31,-0.12,0.02,-0.14,-0.01,FALSE,,0,FALSE,-0.48,31.87,-0.32,-0.08,-0.08,,74,201,15,31,21,15,21,6,34,26,13,5,28,55,9,4,8,10,9,14,20,14,2,2,34,66,35,2,7,17,12,7,0,0,2,46,46,5,31,0,5,3.45,2.44,1.42,0,0,0.41,0.11,0.16,22.9,0,3.05,6.3,5.69,1.22,0.38,,988.87
A3Z physicality,Forwards,Forwards,A3Z tracked games; five on five,2024–25,20242025,241,8475784,Jeff Skinner,L,-0.47,1,209.07,212.87,18,0.25,-0.2,-0.06,-0.14,-0.01,FALSE,,0,FALSE,-0.48,31.59,-0.54,-0.15,0.21,,71,200,8,19,8,5,21,5,29,23,4,0,24,50,7,1,6,8,10,16,13,17,2,0,18,26,32,3,1,14,11,4,0,0,2,37,37,4,32,3,3,4.02,3.16,1.15,0,0,0.57,0.11,0.09,25.32,0.09,2.3,5.45,6.89,1.43,0,,935.98
A3Z physicality,Forwards,Forwards,A3Z tracked games; five on five,2024–25,20242025,242,8478109,Victor Olofsson,L,-1.2,1,179.32,179.98,14,0.25,-0.28,-0.13,-0.15,-0.01,FALSE,,0,FALSE,-0.5,31.3,0,-0.96,0.46,,71,180,6,21,7,5,6,2,31,22,5,2,12,45,6,1,9,6,2,6,25,13,0,4,18,28,26,0,2,6,15,4,0,0,0,28,28,0,21,1,2,2.01,5.02,1.34,0,0,0,0,0.1,35.63,0.05,2.01,7.03,4.02,0.67,0.4,,811.87
A3Z physicality,Forwards,Forwards,A3Z tracked games; five on five,2024–25,20242025,243,8478483,Mitch Marner,R,-0.93,1,579.28,578,40,0.49,-0.25,-0.1,-0.15,-0.01,FALSE,,0,FALSE,-0.52,31.02,0.07,-0.95,0.36,,72,180,14,81,58,32,57,2,116,86,25,13,93,186,15,8,30,28,22,49,67,35,6,4,104,162,96,8,6,24,21,14,0,4,1,91,91,7,58,3,4,2.49,2.18,1.45,0,0.41,0.1,0.08,0.07,32.45,0.05,1.45,8.39,9.63,0.21,0.52,,1726.55
A3Z physicality,Forwards,Forwards,A3Z tracked games; five on five,2024–25,20242025,244,8482109,Alexis Lafrenière,L,-0,1,279.6,284.9,19,0.23,-0.17,-0.01,-0.16,-0.01,FALSE,,0,FALSE,-0.54,30.74,-0.35,-0.23,0.04,,74,191,11,27,13,5,22,1,37,27,11,2,32,63,12,1,10,11,8,21,16,10,4,5,34,62,41,3,6,33,13,5,0,5,4,52,52,6,31,4,6,7.08,2.79,1.07,0,1.07,0.86,0.12,0.19,27.06,0.13,2.36,5.79,6.87,0.21,0.18,,1394.45
A3Z physicality,Forwards,Forwards,A3Z tracked games; five on five,2024–25,20242025,245,8475692,Mats Zuccarello,R,-1.96,3,245.73,246.67,16,0.23,-0.3,-0.14,-0.16,0.04,FALSE,,0,FALSE,-0.54,30.45,-1.15,-0.1,0.71,,68,181,12,23,20,10,19,7,40,30,5,4,29,59,11,2,10,9,9,18,22,11,1,4,32,49,23,1,2,8,8,8,0,0,3,40,40,2,27,1,3,1.95,1.95,1.95,0,0,0.73,0.05,0.11,27.85,0.04,2.93,5.62,7.08,1.71,0.8,,1356.28
A3Z physicality,Forwards,Forwards,A3Z tracked games; five on five,2024–25,20242025,246,8477500,Bo Horvat,C,0.96,4,269.02,272.85,19,0.23,-0.09,0.07,-0.16,-0.02,FALSE,,0,FALSE,-0.54,30.17,-0.54,0.26,-0.26,,73,225,16,31,15,9,38,5,54,44,6,1,54,83,7,5,10,19,12,35,19,13,4,1,29,47,55,3,4,15,16,9,0,0,2,61,61,5,39,8,1,3.35,3.57,2.01,0,0,0.45,0.08,0.03,27.02,0.21,3.57,6.91,12.04,1.12,0.17,,1634.05
A3Z physicality,Forwards,Forwards,A3Z tracked games; five on five,2024–25,20242025,247,8474679,Gustav Nyquist,R,-1.2,1,268.15,272.23,21,0.27,-0.29,-0.13,-0.16,-0.01,FALSE,,0,FALSE,-0.55,29.89,-1.06,0.06,0.46,,71,180,14,33,17,11,27,4,44,30,6,4,45,63,4,4,14,11,10,30,14,9,4,2,36,59,30,2,6,6,10,10,0,1,3,38,38,2,27,1,5,1.34,2.24,2.24,0,0.22,0.67,0.05,0.19,25.41,0.04,3.13,7.38,10.07,0.9,0.67,,1331.43
A3Z physicality,Forwards,Forwards,A3Z tracked games; five on five,2024–25,20242025,248,8477505,Alexander Wennberg,C,-0.04,5,253.7,255.73,20,0.26,-0.19,-0.03,-0.16,-0.03,FALSE,,0,FALSE,-0.55,29.6,-0.3,-0.3,0.06,typedShotsOnNet,74,190,12,26,19,8,32,3,44,29,18,4,53,74,5,6,15,15,8,31,13,8,5,3,39,59,21,2,2,7,13,15,0,1,2,21,21,1,14,2,2,1.66,3.07,3.55,0,0.24,0.47,0.05,0.14,38.48,0.14,2.84,6.15,12.53,0.71,0.22,,1452
A3Z physicality,Forwards,Forwards,A3Z tracked games; five on five,2024–25,20242025,249,8470621,Corey Perry,R,0.95,1,199.43,201.63,20,0.25,-0.09,0.08,-0.16,-0.01,TRUE,netFrontAttemptShare; medianShotDistance,0,FALSE,-0.56,29.32,-0.5,0.23,-0.29,typedShotsOnNet,75,210,6,10,4,4,15,4,26,22,5,1,29,52,6,6,4,1,13,17,9,3,3,3,20,33,17,1,3,14,18,4,1,4,4,29,29,12,17,2,3,4.21,5.42,1.2,0.3,1.2,1.2,0.41,0.18,11.18,0.12,1.81,3.01,8.72,1.2,0.2,,966.9
A3Z physicality,Forwards,Forwards,A3Z tracked games; five on five,2024–25,20242025,250,8478438,Thomas Novak,C,-0.3,5,178.95,180.17,16,0.3,-0.21,-0.04,-0.17,-0.03,FALSE,,0,FALSE,-0.58,29.04,-0.65,-0.01,0.08,,73,190,4,31,11,5,24,3,36,24,6,2,33,51,4,1,12,10,7,23,13,5,1,0,20,33,20,1,3,1,23,12,0,0,1,26,26,3,20,1,2,0.34,7.71,4.02,0,0,0.34,0.12,0.1,20.62,0.05,1.34,10.39,11.06,1.01,0.33,,714.48
A3Z physicality,Forwards,Forwards,A3Z tracked games; five on five,2024–25,20242025,251,8482259,Bobby McMann,C,0.94,1,409.17,414.23,33,0.45,-0.1,0.08,-0.17,-0.01,FALSE,,0,FALSE,-0.58,28.75,-0.21,-0.09,-0.28,,74,217,23,67,18,13,26,7,72,43,10,3,48,105,11,5,29,16,10,32,40,28,3,0,29,51,79,3,10,54,28,7,0,4,5,84,84,3,56,5,7,7.92,4.11,1.03,0,0.59,0.73,0.04,0.12,33.15,0.09,3.37,9.82,7.04,1.03,0.3,,1072.75
A3Z physicality,Forwards,Forwards,A3Z tracked games; five on five,2024–25,20242025,252,8481624,Ilya Mikheyev,R,0.03,2,417.72,424.52,34,0.42,-0.15,0.02,-0.17,0.02,FALSE,,0,FALSE,-0.58,28.47,-0.71,0.08,0.04,,74,192,20,50,22,14,37,10,77,59,15,3,56,115,12,4,18,22,12,34,43,18,1,0,33,61,55,6,3,15,25,5,0,3,2,62,62,11,46,4,3,2.15,3.59,0.72,0,0.43,0.29,0.18,0.07,25.33,0.09,2.87,7.18,8.04,1.44,0.2,,1254.15
A3Z physicality,Forwards,Forwards,A3Z tracked games; five on five,2024–25,20242025,253,8477402,Pavel Buchnevich,L,-0.09,4,511.8,514.23,35,0.46,-0.19,-0.02,-0.17,-0.02,FALSE,,0,FALSE,-0.58,28.19,-0.55,-0.1,0.07,,73,196,24,52,24,10,36,8,89,68,16,5,70,148,8,13,21,11,22,37,52,14,4,4,62,109,69,6,2,20,18,6,0,4,2,79,79,5,52,4,6,2.34,2.11,0.7,0,0.47,0.23,0.06,0.12,25.94,0.08,2.81,6.1,8.21,0.94,0.31,,1446.02
A3Z physicality,Forwards,Forwards,A3Z tracked games; five on five,2024–25,20242025,254,8478444,Brock Boeser,R,0.35,1,363.85,366.98,27,0.36,-0.15,0.02,-0.17,-0.01,FALSE,,0,FALSE,-0.59,27.9,-0.06,-0.45,-0.08,,73,208,15,36,28,12,20,1,36,23,6,3,37,67,7,4,13,8,5,19,17,20,5,1,35,64,53,5,4,27,9,12,0,2,3,58,58,9,36,3,5,4.45,1.48,1.98,0,0.33,0.49,0.16,0.14,28.69,0.08,2.47,5.94,6.1,0.16,0.5,,1362.1
A3Z physicality,Forwards,Forwards,A3Z tracked games; five on five,2024–25,20242025,255,8484166,Adam Fantilli,C,0.5,3,225.4,228.2,16,0.2,-0.08,0.1,-0.17,0.04,FALSE,,0,FALSE,-0.6,27.62,-0.08,-0.37,-0.15,typedShotsOnNet,74,205,4,23,9,7,19,6,41,29,9,4,34,63,7,4,12,13,10,23,18,6,1,0,19,32,29,0,0,21,15,14,0,0,2,30,30,1,19,3,0,5.59,3.99,3.73,0,0,0.53,0.03,0,31.13,0.16,1.06,6.12,9.05,1.6,0.44,,1433.18
A3Z physicality,Forwards,Forwards,A3Z tracked games; five on five,2024–25,20242025,256,8478047,Michael Bunting,L,-0.71,1,268.18,271.42,21,0.28,-0.26,-0.08,-0.18,-0.01,FALSE,,0,FALSE,-0.6,27.34,-1.1,0.21,0.29,,72,186,15,38,18,10,16,4,31,24,15,3,20,45,7,2,7,8,7,16,15,12,3,3,27,43,31,2,2,19,21,4,0,6,5,41,41,3,29,5,5,4.25,4.7,0.89,0,1.34,1.12,0.07,0.17,30.08,0.17,3.36,8.5,4.47,0.89,0.2,,1180.32
A3Z physicality,Forwards,Forwards,A3Z tracked games; five on five,2024–25,20242025,257,8478398,Kyle Connor,L,-0.56,3,379.97,384.27,24,0.29,-0.18,-0.01,-0.18,0.04,FALSE,,0,FALSE,-0.61,27.05,-0.87,0.03,0.22,,73,183,13,31,16,23,35,2,59,46,9,3,51,100,9,7,13,15,17,31,28,19,2,5,48,83,62,2,3,6,14,8,0,1,2,68,68,2,53,5,3,0.95,2.21,1.26,0,0.16,0.32,0.03,0.06,26.56,0.09,2.05,4.9,8.05,0.32,0.33,,1672.37
A3Z physicality,Forwards,Forwards,A3Z tracked games; five on five,2024–25,20242025,258,8481604,Pavel Dorofeyev,R,-0.16,2,290.72,292.77,21,0.26,-0.18,-0,-0.18,0.02,FALSE,,0,FALSE,-0.61,26.77,-0.88,0.16,0.11,,73,194,6,24,17,7,24,6,50,41,12,6,36,75,8,7,9,16,11,22,28,17,2,2,26,44,49,1,1,3,26,12,0,4,1,53,53,4,38,7,2,0.62,5.37,2.48,0,0.83,0.21,0.08,0.05,25.46,0.18,1.24,4.95,7.43,1.24,0.5,,1355.18
A3Z physicality,Forwards,Forwards,A3Z tracked games; five on five,2024–25,20242025,259,8479420,Tage Thompson,C,2.11,2,279.13,279.38,20,0.26,0.04,0.22,-0.18,0.02,FALSE,,0,FALSE,-0.62,26.49,0.32,-0.23,-0.71,,78,220,15,39,16,8,40,8,53,45,10,4,53,84,4,1,8,21,16,32,21,14,0,4,36,59,54,3,1,23,17,9,1,1,2,60,60,2,39,4,1,4.94,3.65,1.93,0.21,0.21,0.43,0.03,0.03,36.37,0.1,3.22,8.38,11.39,1.72,0.4,,1425.48
A3Z physicality,Forwards,Forwards,A3Z tracked games; five on five,2024–25,20242025,260,8471675,Sidney Crosby,C,-0.47,4,277.72,282.62,18,0.22,-0.24,-0.06,-0.18,-0.02,FALSE,,0,FALSE,-0.63,26.2,-1.19,0.37,0.19,,71,200,17,29,20,13,32,4,48,33,4,2,46,74,4,1,15,10,13,26,22,14,6,4,42,70,34,1,6,10,6,6,0,0,3,41,41,5,29,5,5,2.16,1.3,1.3,0,0,0.65,0.12,0.17,24.35,0.17,3.67,6.27,9.94,0.86,0.5,,1629.97
A3Z physicality,Forwards,Forwards,A3Z tracked games; five on five,2024–25,20242025,261,8480849,Barrett Hayton,C,0.06,1,217.67,220.75,17,0.21,-0.19,-0.01,-0.18,-0.01,FALSE,,0,FALSE,-0.63,25.92,-1.04,0.39,0.02,typedShotsOnNet,73,200,10,25,16,6,12,4,21,17,8,0,20,36,4,1,4,3,4,9,12,12,2,0,23,46,36,4,11,3,26,8,1,2,3,38,38,5,19,1,5,0.83,7.17,2.21,0.28,0.55,0.83,0.13,0.26,17.36,0.05,2.76,6.89,5.51,1.1,0,,1320.32
A3Z physicality,Forwards,Forwards,A3Z tracked games; five on five,2024–25,20242025,262,8476456,Jonathan Huberdeau,L,0.06,5,278.3,280.42,20,0.25,-0.21,-0.03,-0.18,-0.03,FALSE,,0,FALSE,-0.63,25.64,-0.4,-0.28,0.05,,73,200,5,35,24,6,25,4,42,37,9,6,35,71,9,2,5,7,16,21,21,11,5,1,50,77,28,0,1,8,15,11,0,1,3,29,29,2,22,2,3,1.72,3.23,2.37,0,0.22,0.65,0.07,0.14,27.29,0.09,1.08,7.55,7.55,0.86,0.67,,1582.9
A3Z physicality,Forwards,Forwards,A3Z tracked games; five on five,2024–25,20242025,263,8482702,Logan Stankoven,C,-2.54,3,320.72,323.42,26,0.33,-0.38,-0.19,-0.19,0.04,FALSE,,0,FALSE,-0.64,25.35,-1.05,-0.51,0.92,,68,165,14,46,15,9,37,3,75,49,16,7,59,111,11,5,26,11,22,45,30,14,4,3,40,69,61,6,4,13,20,9,0,0,4,74,74,8,56,3,5,2.43,3.74,1.68,0,0,0.75,0.11,0.09,31.7,0.05,2.62,8.61,11.04,0.56,0.44,,1177.12
A3Z physicality,Forwards,Forwards,A3Z tracked games; five on five,2024–25,20242025,264,8476461,Sean Couturier,C,1.22,2,283.97,287.75,19,0.24,-0.06,0.13,-0.19,0.02,FALSE,,0,FALSE,-0.65,25.07,-0.19,-0.08,-0.38,,76,210,9,34,16,8,30,5,59,33,24,8,56,90,9,6,26,12,13,40,19,11,1,1,31,54,38,1,9,13,12,8,0,2,1,44,44,6,30,2,4,2.75,2.54,1.69,0,0.42,0.21,0.14,0.13,20.79,0.07,1.9,7.18,11.83,1.06,0.33,,1366.2
A3Z physicality,Forwards,Forwards,A3Z tracked games; five on five,2024–25,20242025,265,8478402,Connor McDavid,C,-0.16,4,303.95,307.97,17,0.25,-0.22,-0.03,-0.19,-0.02,FALSE,,0,FALSE,-0.65,24.79,-1.05,0.31,0.09,,73,194,13,32,24,33,34,5,34,33,7,1,45,64,5,2,1,13,15,22,12,4,4,9,65,109,45,5,3,11,24,2,0,3,4,50,50,5,36,4,0,2.17,4.74,0.39,0,0.59,0.79,0.1,0,18.23,0.11,2.57,6.32,8.88,0.99,0.14,,1476.1
A3Z physicality,Forwards,Forwards,A3Z tracked games; five on five,2024–25,20242025,266,8479542,Brandon Hagel,L,-0.18,4,461.2,463.97,32,0.39,-0.23,-0.03,-0.19,-0.02,FALSE,,0,FALSE,-0.67,24.5,-0.88,0.11,0.1,,74,186,22,49,28,17,38,7,83,58,20,7,61,122,9,7,25,21,17,43,40,22,3,7,62,114,78,9,7,15,54,15,0,0,5,84,84,16,57,2,6,1.95,7.03,1.95,0,0,0.65,0.19,0.11,20.5,0.04,2.86,6.37,7.94,0.91,0.35,,1700.95
A3Z physicality,Forwards,Forwards,A3Z tracked games; five on five,2024–25,20242025,267,8476453,Nikita Kucherov,R,-1.18,5,498.38,504.38,31,0.4,-0.26,-0.06,-0.2,-0.03,FALSE,,0,FALSE,-0.67,24.22,-0.42,-0.41,0.17,,72,173,20,36,38,32,51,7,93,85,11,5,68,139,13,7,8,17,29,43,50,26,4,9,99,183,92,3,4,11,23,14,0,4,6,96,96,7,68,4,2,1.32,2.77,1.69,0,0.48,0.72,0.07,0.03,30.07,0.06,2.41,4.33,8.19,0.84,0.45,,1652.78
A3Z physicality,Forwards,Forwards,A3Z tracked games; five on five,2024–25,20242025,268,8477456,J.T. Compher,L,-0.53,3,249.62,251.75,19,0.25,-0.2,-0,-0.2,0.04,FALSE,,0,FALSE,-0.68,23.94,-0.58,-0.31,0.22,,72,191,6,25,14,8,9,3,25,22,9,1,18,38,3,2,3,7,6,10,15,16,1,2,19,33,26,2,3,8,15,15,0,1,2,33,33,2,23,2,5,1.92,3.61,3.61,0,0.24,0.48,0.06,0.22,23.35,0.09,1.44,6.01,4.33,0.72,0.11,,1267.77
A3Z physicality,Forwards,Forwards,A3Z tracked games; five on five,2024–25,20242025,269,8480802,Ryan McLeod,C,0.73,1,264.98,268.02,21,0.27,-0.14,0.06,-0.2,-0.01,FALSE,,0,FALSE,-0.68,23.65,-0.27,-0.2,-0.21,typedShotsOnNet,75,204,15,24,18,15,52,9,63,53,26,5,69,109,10,2,10,20,17,33,30,3,4,5,49,73,15,3,3,6,17,4,0,1,0,21,21,3,12,0,1,1.36,3.85,0.91,0,0.23,0,0.14,0.08,25.63,0,3.4,5.43,15.62,2.04,0.19,,1329.32
A3Z physicality,Forwards,Forwards,A3Z tracked games; five on five,2024–25,20242025,270,8480188,Fabian Zetterlund,L,-0.19,3,308.53,311.3,24,0.29,-0.17,0.03,-0.2,0.04,FALSE,,0,FALSE,-0.69,23.37,0.39,-1.17,0.09,,71,208,5,38,11,5,23,8,45,32,9,3,36,60,9,0,13,19,7,29,16,20,1,2,16,34,52,2,4,32,19,29,0,1,2,58,58,3,34,2,6,6.22,3.69,5.64,0,0.19,0.39,0.05,0.18,33.9,0.06,0.97,7.39,7,1.56,0.33,,1372.72
A3Z physicality,Forwards,Forwards,A3Z tracked games; five on five,2024–25,20242025,271,8484144,Connor Bedard,C,-1.1,5,574.38,578.63,36,0.44,-0.26,-0.06,-0.2,-0.03,FALSE,,0,FALSE,-0.7,23.09,-0.24,-0.62,0.16,,70,190,14,51,28,26,59,11,81,71,12,2,86,136,21,8,10,29,24,48,33,22,4,10,76,120,90,5,1,20,21,18,0,5,6,94,94,4,66,2,4,2.09,2.19,1.88,0,0.52,0.63,0.04,0.06,30.22,0.03,1.46,5.33,8.98,1.15,0.17,,1663.42
A3Z physicality,Forwards,Forwards,A3Z tracked games; five on five,2024–25,20242025,272,8482074,Connor Zary,C,-1,2,161.38,162.43,13,0.24,-0.3,-0.09,-0.21,0.02,FALSE,,0,FALSE,-0.73,22.8,-1.27,0.12,0.42,,72,178,5,24,7,6,17,1,22,15,8,2,24,42,3,1,7,5,4,8,14,12,1,0,10,20,26,1,3,3,15,7,0,0,2,33,33,3,22,2,4,1.12,5.58,2.6,0,0,0.74,0.09,0.18,19.85,0.09,1.86,8.92,8.92,0.37,0.25,,868
A3Z physicality,Forwards,Forwards,A3Z tracked games; five on five,2024–25,20242025,273,8477952,Robby Fabbri,C,-1.02,5,162.13,165.05,12,0.27,-0.27,-0.06,-0.21,-0.03,FALSE,,0,FALSE,-0.73,22.52,-0.29,-0.59,0.15,typedShotsOnNet,71,185,4,17,7,3,8,4,16,11,5,0,17,35,4,2,5,4,2,7,9,10,0,1,17,26,23,1,0,11,8,5,0,1,3,24,24,1,19,0,0,4.07,2.96,1.85,0,0.37,1.11,0.04,0,27.61,0,1.48,6.29,6.29,1.48,0,,713
A3Z physicality,Forwards,Forwards,A3Z tracked games; five on five,2024–25,20242025,274,8481559,Jack Hughes,C,-1.38,3,260.3,258.38,17,0.27,-0.3,-0.08,-0.21,0.04,TRUE,hitsPer60,0,FALSE,-0.73,22.24,-1.79,0.54,0.51,,71,175,11,23,17,11,31,4,37,29,6,3,52,75,9,6,8,14,7,22,15,18,5,4,42,68,68,3,3,1,7,7,0,1,3,73,73,11,50,9,5,0.23,1.61,1.61,0,0.23,0.69,0.15,0.1,21.21,0.18,2.54,5.3,11.99,0.92,0.5,,1295.85
A3Z physicality,Forwards,Forwards,A3Z tracked games; five on five,2024–25,20242025,275,8476887,Filip Forsberg,L,0.24,2,334.62,336.17,24,0.29,-0.18,0.04,-0.22,0.02,FALSE,,0,FALSE,-0.75,21.95,0.14,-0.86,-0.03,,73,205,16,44,16,9,35,8,78,62,14,8,60,122,15,8,16,23,16,34,44,27,2,2,29,52,75,5,5,33,15,7,0,3,2,86,86,9,53,4,8,5.92,2.69,1.26,0,0.54,0.36,0.1,0.15,35.89,0.08,2.87,7.89,10.76,1.43,0.57,,1527.48
A3Z physicality,Forwards,Forwards,A3Z tracked games; five on five,2024–25,20242025,276,8480014,Gabriel Vilardi,C,1.17,2,330.47,332.43,22,0.31,-0.09,0.13,-0.22,0.02,FALSE,,0,FALSE,-0.77,21.67,-1.04,0.64,-0.37,,75,216,9,59,13,5,27,1,38,30,5,2,36,63,7,3,8,9,8,20,18,13,4,3,25,36,36,1,7,5,19,11,0,1,2,44,44,9,28,5,6,0.91,3.45,2,0,0.18,0.36,0.2,0.21,12.78,0.18,1.63,10.71,6.54,0.18,0.4,,1287.67
A3Z physicality,Forwards,Forwards,A3Z tracked games; five on five,2024–25,20242025,277,8476278,Colin Blackwell,C,-1.96,5,204.1,207.37,23,0.37,-0.3,-0.08,-0.22,-0.03,FALSE,,0,FALSE,-0.77,21.39,-0.39,-0.61,0.24,,68,181,3,22,15,4,16,2,40,26,6,3,33,59,7,3,14,14,6,27,13,6,1,4,28,39,21,2,0,23,24,2,0,1,6,30,30,4,22,1,2,6.76,7.06,0.59,0,0.29,1.76,0.13,0.09,31.7,0.05,0.88,6.47,9.7,0.59,0.5,,728.45
A3Z physicality,Forwards,Forwards,A3Z tracked games; five on five,2024–25,20242025,278,8478864,Kirill Kaprizov,L,-0.67,3,209.93,209.77,11,0.27,-0.24,-0.02,-0.22,0.04,FALSE,,0,FALSE,-0.77,21.1,-1.01,-0.02,0.26,,70,202,12,21,19,14,22,3,54,45,8,3,36,70,4,4,9,13,11,26,28,8,3,4,37,61,29,1,3,5,10,3,0,2,2,30,30,2,21,0,4,1.43,2.86,0.86,0,0.57,0.57,0.07,0.19,23.23,0,3.43,6,10.29,0.86,0.38,,921.15
A3Z physicality,Forwards,Forwards,A3Z tracked games; five on five,2024–25,20242025,279,8479638,Justin Brazeau,R,2.54,3,180.82,182.35,17,0.22,0.06,0.29,-0.23,0.04,FALSE,,0,FALSE,-0.81,20.54,0.24,-0.19,-0.86,typedShotsOnNet,78,232,7,33,6,6,10,3,19,14,9,3,17,27,2,2,5,7,3,11,8,7,5,3,16,24,17,1,5,22,8,4,0,0,1,25,25,5,19,1,5,7.3,2.65,1.33,0,0,0.33,0.2,0.26,16.28,0.05,2.32,10.95,5.64,1,0.33,,901.72
A3Z physicality,Forwards,Forwards,A3Z tracked games; five on five,2024–25,20242025,280,8480798,Philipp Kurashev,C,-0.57,4,362.4,369.02,28,0.55,-0.3,-0.06,-0.24,-0.02,FALSE,,0,FALSE,-0.82,20.25,-0.63,-0.41,0.22,,72,190,9,49,12,10,29,5,55,43,13,9,46,84,11,4,12,13,13,26,29,14,4,3,43,69,44,1,6,19,16,10,0,3,5,45,45,4,29,0,2,3.15,2.65,1.66,0,0.5,0.83,0.09,0.07,25.94,0,1.49,8.11,7.62,0.83,0.69,,699.68
A3Z physicality,Forwards,Forwards,A3Z tracked games; five on five,2024–25,20242025,281,8477934,Leon Draisaitl,C,0.65,4,306.22,309.55,18,0.25,-0.19,0.04,-0.24,-0.02,FALSE,,0,FALSE,-0.82,19.97,-0.6,-0.05,-0.16,,74,209,19,23,20,23,40,3,58,52,4,2,51,88,7,4,6,19,19,29,29,15,3,8,71,113,51,2,2,9,16,4,0,2,1,50,50,3,38,6,1,1.76,3.14,0.78,0,0.39,0.2,0.06,0.03,27.03,0.16,3.72,4.51,9.99,0.59,0.5,,1527.73
A3Z physicality,Forwards,Forwards,A3Z tracked games; five on five,2024–25,20242025,282,8481522,Peyton Krebs,C,-0.64,4,226.75,230.97,20,0.25,-0.31,-0.07,-0.24,-0.02,FALSE,,0,FALSE,-0.83,19.69,-0.3,-0.78,0.24,,72,188,11,23,17,9,26,5,35,25,7,3,39,59,6,2,10,10,7,22,13,12,1,1,20,36,32,1,4,30,23,4,0,3,5,38,38,2,20,0,2,7.94,6.09,1.06,0,0.79,1.32,0.05,0.1,33.71,0,2.91,6.09,10.32,1.32,0.43,,1128.48
A3Z physicality,Forwards,Forwards,A3Z tracked games; five on five,2024–25,20242025,283,8482055,Drew O'Connor,L,1.18,2,273.77,275.6,22,0.26,-0.11,0.13,-0.24,0.02,FALSE,,0,FALSE,-0.84,19.41,-0.59,0.12,-0.37,,76,209,12,47,13,5,28,8,48,38,7,0,40,63,8,4,10,16,11,29,19,18,2,0,20,33,46,5,5,13,29,16,0,3,4,44,44,8,27,2,2,2.85,6.36,3.51,0,0.66,0.88,0.18,0.07,22.23,0.07,2.63,10.3,8.77,1.75,0,,1214.85
A3Z physicality,Forwards,Forwards,A3Z tracked games; five on five,2024–25,20242025,284,8478891,Mason Appleton,C,0.18,2,261.27,268.55,20,0.28,-0.22,0.03,-0.25,0.02,FALSE,,0,FALSE,-0.87,19.12,0.07,-0.92,-0.01,,74,196,16,23,21,15,19,2,51,29,5,2,39,71,4,7,22,8,7,25,26,11,3,4,30,57,32,1,3,18,27,8,0,1,1,41,41,6,34,1,5,4.13,6.2,1.84,0,0.23,0.23,0.15,0.15,35.34,0.03,3.67,5.28,8.96,0.46,0.4,,1053.02
A3Z physicality,Forwards,Forwards,A3Z tracked games; five on five,2024–25,20242025,285,8482124,Quinton Byfield,R,2.21,1,311.4,315.7,22,0.27,-0.05,0.19,-0.25,-0.01,FALSE,,0,FALSE,-0.87,18.84,-0.04,-0.11,-0.72,,77,230,15,28,16,16,48,6,67,53,11,7,64,104,10,0,14,21,17,38,29,15,4,1,35,65,42,1,9,25,40,11,0,2,2,50,50,6,32,4,4,4.82,7.71,2.12,0,0.39,0.39,0.12,0.12,28.1,0.12,2.89,5.39,12.33,1.16,0.64,,1508.5
A3Z physicality,Forwards,Forwards,A3Z tracked games; five on five,2024–25,20242025,286,8481068,Yegor Sharangovich,C,0.18,5,202.33,202.22,17,0.23,-0.28,-0.03,-0.26,-0.03,FALSE,,0,FALSE,-0.9,18.56,-0.39,-0.55,0.04,typedShotsOnNet,74,196,8,22,7,7,26,4,42,34,8,4,34,63,11,2,8,13,11,20,22,7,2,0,14,26,21,1,2,1,16,4,0,0,0,22,22,0,15,0,3,0.3,4.74,1.19,0,0,0,0,0.2,29.71,0,2.37,6.52,10.08,1.19,0.5,,1216.05
A3Z physicality,Forwards,Forwards,A3Z tracked games; five on five,2024–25,20242025,287,8478042,Viktor Arvidsson,L,-1.43,3,176.33,178.3,14,0.21,-0.35,-0.09,-0.26,0.04,FALSE,,0,FALSE,-0.9,18.27,-1.26,-0.17,0.53,,70,181,9,10,8,3,20,1,24,23,1,0,27,41,5,4,1,10,6,16,8,9,3,1,18,36,37,4,3,3,15,5,0,1,2,43,43,3,29,1,5,1.02,5.1,1.7,0,0.34,0.68,0.07,0.17,32.02,0.03,3.06,3.4,9.19,0.34,0,,1004.77
A3Z physicality,Forwards,Forwards,A3Z tracked games; five on five,2024–25,20242025,288,8483445,Cutter Gauthier,L,0.5,2,266.67,268.28,21,0.26,-0.2,0.06,-0.26,0.02,FALSE,,0,FALSE,-0.92,17.99,-0.25,-0.54,-0.13,,74,205,11,30,18,7,20,11,46,30,16,4,40,77,14,8,16,9,11,24,22,15,2,2,25,43,46,3,1,14,18,13,0,0,2,57,57,3,42,4,5,3.15,4.05,2.92,0,0,0.45,0.05,0.12,34.01,0.1,2.47,6.75,9,2.47,0.25,,1160.75
A3Z physicality,Forwards,Forwards,A3Z tracked games; five on five,2024–25,20242025,289,8476448,William Karlsson,C,-0.57,3,211.22,215.03,16,0.3,-0.27,-0.01,-0.26,0.04,FALSE,,0,FALSE,-0.92,17.71,-1.27,0.12,0.23,,72,190,9,21,8,7,18,5,31,23,5,3,35,61,8,10,8,3,12,18,13,16,1,3,21,34,39,3,4,7,11,7,0,0,3,45,45,2,31,4,2,1.99,3.12,1.99,0,0,0.85,0.04,0.06,28.64,0.13,2.56,5.97,9.94,1.42,0.6,,901.75
A3Z physicality,Forwards,Forwards,A3Z tracked games; five on five,2024–25,20242025,290,8479337,Alex DeBrincat,R,-2,5,294.32,292.4,21,0.26,-0.34,-0.08,-0.26,-0.03,FALSE,,0,FALSE,-0.92,17.42,-0.38,-0.79,0.24,,68,180,4,27,11,8,24,4,59,44,12,5,39,87,10,6,15,17,12,24,35,24,3,3,43,64,65,2,3,14,22,8,0,2,5,72,72,1,52,2,2,2.85,4.48,1.63,0,0.41,1.02,0.01,0.04,32.89,0.04,0.82,5.5,7.95,0.82,0.42,,1465.43
A3Z physicality,Forwards,Forwards,A3Z tracked games; five on five,2024–25,20242025,291,8475791,Taylor Hall,L,0.42,1,558.95,566.75,43,0.56,-0.24,0.03,-0.27,-0.01,FALSE,,0,FALSE,-0.93,17.14,-0.51,-0.32,-0.1,,73,210,26,73,33,23,56,15,114,89,18,7,86,170,19,14,25,51,19,59,55,30,4,10,84,125,90,4,4,24,49,26,0,5,5,102,102,5,73,4,2,2.58,5.26,2.79,0,0.54,0.54,0.05,0.03,31.86,0.05,2.79,7.84,9.23,1.61,0.39,,1168.38
A3Z physicality,Forwards,Forwards,A3Z tracked games; five on five,2024–25,20242025,292,8480068,Ryan Poehling,C,0.54,1,185.18,187.83,15,0.22,-0.23,0.04,-0.27,-0.01,TRUE,blockedShotsPer60,0,FALSE,-0.93,16.86,-0.71,-0.08,-0.15,typedShotsOnNet,74,206,9,17,10,4,19,5,27,21,4,1,33,53,6,3,6,7,8,15,12,8,3,2,24,38,23,1,2,1,20,20,0,1,1,23,23,2,15,0,2,0.32,6.48,6.48,0,0.32,0.32,0.09,0.13,22.36,0,2.92,5.51,10.69,1.62,0.25,,943.83
A3Z physicality,Forwards,Forwards,A3Z tracked games; five on five,2024–25,20242025,293,8481596,Shane Pinto,C,0.81,1,275.35,282.05,21,0.3,-0.21,0.06,-0.27,-0.01,FALSE,,0,FALSE,-0.95,16.57,-0.71,0,-0.24,,75,206,13,33,12,7,18,3,33,25,6,2,29,62,9,2,8,16,3,15,18,17,2,1,31,45,39,4,3,14,13,12,0,3,4,46,46,4,28,1,2,3.05,2.83,2.61,0,0.65,0.87,0.09,0.07,25.18,0.04,2.83,7.19,6.32,0.65,0.33,,1228.98
A3Z physicality,Forwards,Forwards,A3Z tracked games; five on five,2024–25,20242025,294,8471214,Alex Ovechkin,L,1.96,4,221.9,224.18,18,0.28,-0.12,0.15,-0.27,-0.02,TRUE,weight; forecheckPressuresPer60,0,FALSE,-0.95,16.29,0.3,-0.67,-0.58,,75,238,4,11,14,8,11,3,31,19,3,0,23,53,8,3,12,5,3,14,17,17,1,2,23,38,42,3,5,37,9,3,0,0,0,52,52,5,30,4,2,10,2.43,0.81,0,0,0,0.1,0.07,27.49,0.13,1.08,2.97,6.22,0.81,0,,1152.08
A3Z physicality,Forwards,Forwards,A3Z tracked games; five on five,2024–25,20242025,295,8471685,Anze Kopitar,C,1.49,4,318.82,322.53,22,0.27,-0.16,0.11,-0.27,-0.02,FALSE,,0,FALSE,-0.96,16.01,-0.66,0.13,-0.43,typedShotsOnNet,75,225,22,29,22,17,38,6,49,44,18,7,61,109,11,8,5,4,11,14,35,11,8,3,58,95,27,2,9,13,18,10,0,0,2,30,30,5,19,1,4,2.45,3.39,1.88,0,0,0.38,0.17,0.21,23.55,0.05,4.14,5.46,11.48,1.13,0.39,,1535.42
A3Z physicality,Forwards,Forwards,A3Z tracked games; five on five,2024–25,20242025,296,8474141,Patrick Kane,R,-1.61,4,254.97,253.72,18,0.25,-0.43,-0.15,-0.27,-0.02,FALSE,,0,FALSE,-0.96,15.72,-1.36,-0.14,0.55,,70,176,9,24,8,8,20,4,53,39,5,2,33,81,16,4,14,14,4,20,33,8,0,3,42,54,35,3,0,4,4,3,0,1,2,42,42,5,31,4,2,0.94,0.94,0.71,0,0.24,0.47,0.12,0.06,26.65,0.13,2.12,5.65,7.77,0.94,0.4,,1294.52
A3Z physicality,Forwards,Forwards,A3Z tracked games; five on five,2024–25,20242025,297,8479314,Matthew Tkachuk,L,0.4,4,222.35,225.1,15,0.29,-0.25,0.02,-0.27,-0.02,TRUE,hitsReceivedPer60,0,FALSE,-0.96,15.44,-0.76,-0.11,-0.08,,74,202,17,34,27,13,27,4,42,34,6,3,33,60,5,1,8,6,12,22,20,15,7,4,42,67,32,2,1,25,3,1,0,3,4,38,38,9,25,1,2,6.75,0.81,0.27,0,0.81,1.08,0.24,0.08,34.01,0.04,4.59,9.17,8.9,1.08,0.5,,948.03
A3Z physicality,Forwards,Forwards,A3Z tracked games; five on five,2024–25,20242025,298,8481013,Jonatan Berggren,R,-0.66,1,231.07,233.45,19,0.25,-0.36,-0.08,-0.28,-0.01,FALSE,,0,FALSE,-0.99,15.16,-1.19,-0.06,0.27,typedShotsOnNet,71,195,4,32,10,3,14,5,33,24,7,2,26,53,7,2,9,9,4,15,18,10,3,2,18,24,25,3,4,7,17,6,0,4,3,27,27,1,14,1,1,1.82,4.41,1.56,0,1.04,0.78,0.04,0.07,20.52,0.07,1.04,8.31,6.75,1.3,0.29,,973.28
A3Z physicality,Forwards,Forwards,A3Z tracked games; five on five,2024–25,20242025,299,8482665,Matty Beniers,C,-0.36,5,421.7,422.18,29,0.35,-0.32,-0.04,-0.28,-0.03,FALSE,,0,FALSE,-0.99,14.87,-0.66,-0.42,0.09,,74,181,13,35,12,9,70,10,78,66,27,8,91,127,7,3,12,26,22,49,29,15,3,1,43,69,49,2,5,12,37,27,0,0,7,60,60,8,40,2,7,1.71,5.26,3.84,0,0,1,0.13,0.17,28.12,0.05,1.85,4.98,12.95,1.42,0.3,,1532.4
A3Z physicality,Forwards,Forwards,A3Z tracked games; five on five,2024–25,20242025,300,8482699,Dylan Guenther,R,-0.27,4,200.95,200.92,16,0.23,-0.34,-0.04,-0.3,-0.02,FALSE,,0,FALSE,-1.05,14.59,-0.06,-1.11,0.12,,73,191,4,21,7,7,16,6,46,33,6,1,28,64,10,6,13,12,8,18,28,13,3,1,29,48,45,1,2,14,11,11,0,0,1,43,43,2,29,1,4,4.18,3.28,3.28,0,0,0.3,0.05,0.14,37.95,0.03,1.19,6.27,8.36,1.79,0.17,,1189.8
A3Z physicality,Forwards,Forwards,A3Z tracked games; five on five,2024–25,20242025,301,8479385,Jordan Kyrou,R,-0.34,2,541.05,546.13,38,0.46,-0.32,-0.02,-0.3,0.02,FALSE,,0,FALSE,-1.06,14.31,-0.75,-0.49,0.18,,73,189,19,52,32,21,43,7,76,60,10,5,69,127,15,15,16,26,13,40,36,20,3,8,72,116,107,4,2,27,36,21,0,2,8,111,111,6,80,6,5,2.99,3.99,2.33,0,0.22,0.89,0.05,0.06,31.91,0.07,2.11,5.77,7.65,0.78,0.5,,1433.57
A3Z physicality,Forwards,Forwards,A3Z tracked games; five on five,2024–25,20242025,302,8477960,Adrian Kempe,R,0.5,1,318.42,322.78,22,0.27,-0.27,0.03,-0.3,-0.01,FALSE,,0,FALSE,-1.07,14.02,0.57,-1.51,-0.13,,74,205,10,22,16,17,26,7,68,47,11,4,47,104,15,5,21,16,12,29,39,21,1,1,33,62,65,1,5,22,18,6,0,5,0,78,78,6,49,2,6,4.15,3.39,1.13,0,0.94,0,0.08,0.12,36.94,0.04,1.88,4.15,8.86,1.32,0.36,,1551.58
A3Z physicality,Forwards,Forwards,A3Z tracked games; five on five,2024–25,20242025,303,8478440,Dylan Strome,C,0.86,3,329.57,331.65,25,0.3,-0.18,0.13,-0.31,0.04,FALSE,,0,FALSE,-1.08,13.74,-0.77,-0.04,-0.27,,76,200,12,43,38,19,36,6,59,47,15,6,54,98,12,2,12,12,16,29,30,22,1,6,50,93,56,3,15,2,11,16,0,1,1,59,59,6,42,5,8,0.36,2,2.91,0,0.18,0.18,0.1,0.19,23.02,0.12,2.18,7.83,9.83,1.09,0.4,,1425.47
A3Z physicality,Forwards,Forwards,A3Z tracked games; five on five,2024–25,20242025,304,8478420,Mikko Rantanen,R,1.87,4,476.57,482.32,31,0.38,-0.16,0.15,-0.31,-0.02,FALSE,,0,FALSE,-1.09,13.46,-0.56,0.01,-0.55,,76,228,21,49,34,15,44,6,72,58,24,9,62,104,9,6,14,25,20,46,26,19,11,7,59,102,71,4,11,17,38,14,0,8,7,77,77,8,44,3,4,2.14,4.78,1.76,0,1.01,0.88,0.1,0.09,23.02,0.07,2.64,6.17,7.81,0.76,0.38,,1742.43
A3Z physicality,Forwards,Forwards,A3Z tracked games; five on five,2024–25,20242025,305,8484153,Leo Carlsson,C,0.88,4,217.07,220.47,18,0.24,-0.25,0.06,-0.31,-0.02,TRUE,dumpInRecoveriesPer60,0,FALSE,-1.09,13.17,-0.53,-0.33,-0.24,typedShotsOnNet,75,208,2,21,13,7,21,5,27,23,9,4,24,45,7,1,4,8,9,13,14,11,1,2,31,52,27,3,3,7,7,4,0,2,1,29,29,1,19,1,4,1.93,1.93,1.11,0,0.55,0.28,0.03,0.21,21.1,0.05,0.55,5.8,6.63,1.38,0.44,,1234.27
A3Z physicality,Forwards,Forwards,A3Z tracked games; five on five,2024–25,20242025,306,8480830,Andrei Svechnikov,R,0.59,3,290.75,293.73,22,0.31,-0.21,0.1,-0.31,0.04,FALSE,,0,FALSE,-1.1,12.89,-0.66,-0.26,-0.18,,75,200,12,43,22,9,17,5,50,32,1,1,30,66,7,4,18,15,6,20,30,22,4,4,35,60,64,1,9,39,20,4,0,3,6,70,70,6,45,5,5,8.05,4.13,0.83,0,0.62,1.24,0.09,0.11,29.62,0.11,2.48,8.87,6.19,1.03,1,,1232.18
A3Z physicality,Forwards,Forwards,A3Z tracked games; five on five,2024–25,20242025,307,8477951,Nick Schmaltz,C,-0.79,1,236,238.68,17,0.21,-0.4,-0.09,-0.31,-0.01,FALSE,,0,FALSE,-1.1,12.61,-1.39,-0.02,0.31,,72,184,9,33,12,10,31,3,57,45,11,2,43,77,6,5,12,15,16,30,27,4,3,5,40,68,23,3,1,3,13,11,0,0,3,28,28,2,26,3,2,0.76,3.31,2.8,0,0,0.76,0.07,0.08,27.56,0.12,2.29,8.39,10.93,0.76,0.18,,1524.23
A3Z physicality,Forwards,Forwards,A3Z tracked games; five on five,2024–25,20242025,308,8479343,Clayton Keller,R,-1.64,4,230.2,231.47,17,0.21,-0.47,-0.16,-0.31,-0.02,FALSE,,0,FALSE,-1.11,12.32,-1.4,-0.27,0.56,,70,175,9,25,15,12,20,2,36,26,7,3,30,54,2,1,10,11,6,16,20,9,0,4,37,65,43,6,3,2,11,4,0,6,5,46,46,5,29,3,4,0.52,2.87,1.04,0,1.56,1.3,0.11,0.14,30.7,0.1,2.35,6.52,7.82,0.52,0.43,,1548.57
A3Z physicality,Forwards,Forwards,A3Z tracked games; five on five,2024–25,20242025,309,8482175,John-Jason Peterka,R,-0.61,3,280.78,280.37,21,0.27,-0.33,-0.01,-0.32,0.04,TRUE,blockedShotsPer60,0,FALSE,-1.12,12.04,-1.39,0.02,0.24,,72,189,11,18,12,8,15,3,37,25,10,4,27,54,6,1,12,9,6,21,16,14,7,2,34,50,47,3,2,9,16,0,0,2,4,56,56,5,30,4,1,1.92,3.42,0,0,0.43,0.85,0.09,0.03,32.79,0.13,2.35,3.85,5.77,0.64,0.4,,1400.17
A3Z physicality,Forwards,Forwards,A3Z tracked games; five on five,2024–25,20242025,310,8476905,Chandler Stephenson,C,-0.17,2,412.57,411.37,29,0.37,-0.33,-0,-0.32,0.02,FALSE,,0,FALSE,-1.14,11.76,-0.83,-0.43,0.12,typedShotsOnNet,72,201,11,44,23,10,36,7,57,45,13,6,55,94,5,1,12,9,17,30,27,11,0,4,40,64,34,1,6,8,23,13,0,2,2,30,30,4,19,1,3,1.16,3.34,1.89,0,0.29,0.29,0.13,0.16,22.55,0.05,1.6,6.4,8,1.02,0.46,,1521.73
A3Z physicality,Forwards,Forwards,A3Z tracked games; five on five,2024–25,20242025,311,8476438,Brandon Saad,L,0.31,3,401.47,402.47,30,0.42,-0.25,0.08,-0.32,0.04,FALSE,,0,FALSE,-1.15,11.47,-1.67,0.6,-0.08,,73,207,17,53,19,9,28,7,49,45,8,3,38,77,10,4,4,18,11,26,23,11,7,2,39,70,56,8,3,5,16,5,0,1,5,71,71,8,58,12,4,0.75,2.39,0.75,0,0.15,0.75,0.11,0.07,18.97,0.21,2.54,7.92,5.68,1.05,0.38,,1066.93
A3Z physicality,Forwards,Forwards,A3Z tracked games; five on five,2024–25,20242025,312,8479400,Pierre-Luc Dubois,C,1.58,3,343.95,348.3,25,0.3,-0.14,0.2,-0.34,0.04,FALSE,,0,FALSE,-1.19,11.19,-1.41,0.74,-0.52,,76,220,19,29,17,12,40,8,61,46,16,5,63,103,6,5,15,21,14,33,28,23,3,7,54,79,50,3,2,16,28,18,0,4,9,52,52,6,35,3,0,2.79,4.88,3.14,0,0.7,1.57,0.12,0,19.62,0.09,3.31,5.06,10.99,1.4,0.31,,1418.58
A3Z physicality,Forwards,Forwards,A3Z tracked games; five on five,2024–25,20242025,313,8480027,Jason Robertson,L,0.73,2,429.17,433.17,31,0.38,-0.25,0.09,-0.34,0.02,FALSE,,0,FALSE,-1.19,10.91,-0.41,-0.57,-0.21,,75,204,9,44,15,6,49,7,107,63,15,7,87,170,17,11,44,17,18,54,53,29,4,3,45,80,69,5,3,20,29,15,0,1,3,74,74,13,49,6,2,2.8,4.05,2.1,0,0.14,0.42,0.18,0.04,29.38,0.12,1.26,6.15,12.16,0.98,0.47,,1459.07
A3Z physicality,Forwards,Forwards,A3Z tracked games; five on five,2024–25,20242025,314,8482660,Kent Johnson,C,-1.29,2,203.85,204.42,16,0.24,-0.45,-0.11,-0.34,0.02,FALSE,,0,FALSE,-1.2,10.62,-0.92,-0.8,0.52,,72,170,8,31,10,12,13,2,25,16,9,5,23,36,4,1,9,9,4,16,9,5,2,1,27,50,24,0,3,1,3,6,0,0,0,24,24,3,20,2,4,0.29,0.88,1.77,0,0,0,0.12,0.2,33.24,0.1,2.35,9.12,6.77,0.59,0.56,,1175.98
A3Z physicality,Forwards,Forwards,A3Z tracked games; five on five,2024–25,20242025,315,8484227,Will Smith,C,-0.93,2,247.45,249.2,21,0.28,-0.42,-0.08,-0.34,0.02,FALSE,,0,FALSE,-1.22,10.34,-1.31,-0.3,0.39,,72,180,12,25,18,4,23,8,43,33,7,0,42,80,10,5,10,8,9,21,22,12,2,2,29,44,39,1,0,1,9,2,0,0,0,40,40,2,30,0,0,0.24,2.18,0.48,0,0,0,0.05,0,28.01,0,2.91,6.06,10.18,1.94,0,,1173.1
A3Z physicality,Forwards,Forwards,A3Z tracked games; five on five,2024–25,20242025,316,8473419,Brad Marchand,L,-1.73,2,209.02,209.5,16,0.23,-0.5,-0.16,-0.35,0.02,FALSE,,0,FALSE,-1.22,10.06,-1.16,-0.75,0.68,,69,180,7,21,11,10,22,1,33,29,6,5,26,57,9,0,4,12,9,15,18,11,1,2,27,44,30,2,2,12,16,5,0,1,5,38,38,2,26,1,5,3.44,4.59,1.44,0,0.29,1.44,0.05,0.19,29.11,0.04,2.01,6.03,7.46,0.29,0.83,,1301.02
A3Z physicality,Forwards,Forwards,A3Z tracked games; five on five,2024–25,20242025,317,8477940,Nikolaj Ehlers,L,-1.36,1,254.35,254.72,20,0.29,-0.49,-0.14,-0.35,-0.01,FALSE,,0,FALSE,-1.22,9.77,-0.48,-1.26,0.51,,72,168,6,24,9,11,26,7,50,40,10,5,37,76,10,4,10,20,8,21,29,16,3,2,34,56,41,2,3,11,17,11,1,1,4,50,50,4,27,0,3,2.59,4.01,2.59,0.24,0.24,0.94,0.08,0.11,30.82,0,1.42,5.66,8.73,1.65,0.5,,1089.85
A3Z physicality,Forwards,Forwards,A3Z tracked games; five on five,2024–25,20242025,318,8475765,Vladimir Tarasenko,R,0.74,3,266.38,267.65,21,0.26,-0.23,0.12,-0.35,0.04,FALSE,,0,FALSE,-1.24,9.49,-0.08,-0.92,-0.23,,73,219,5,33,14,7,18,3,44,23,7,2,31,75,15,1,21,5,7,21,23,13,1,6,30,47,34,1,3,22,22,12,0,0,2,42,42,2,28,2,4,4.96,4.96,2.7,0,0,0.45,0.05,0.14,31.8,0.07,1.13,7.43,6.98,0.68,0.29,,1182.47
A3Z physicality,Forwards,Forwards,A3Z tracked games; five on five,2024–25,20242025,319,8482705,Cole Sillinger,C,-0.14,3,163.35,164.88,13,0.2,-0.32,0.03,-0.36,0.04,FALSE,,0,FALSE,-1.26,9.21,-1.34,0,0.08,,72,202,9,15,6,2,18,4,36,22,3,2,35,54,7,5,14,7,10,22,14,13,2,1,17,22,23,2,2,9,14,7,0,1,4,32,32,2,27,2,4,3.31,5.14,2.57,0,0.37,1.47,0.06,0.15,30.7,0.07,3.31,5.51,12.86,1.47,0.67,,1116.3
A3Z physicality,Forwards,Forwards,A3Z tracked games; five on five,2024–25,20242025,320,8477953,Kasperi Kapanen,R,-0.16,4,253.73,256.33,23,0.34,-0.38,-0.03,-0.36,-0.02,FALSE,,0,FALSE,-1.26,8.92,-0.42,-0.94,0.09,,73,194,3,19,8,6,15,2,37,30,7,1,28,59,4,6,7,11,8,17,20,5,2,2,28,49,25,0,3,34,7,6,0,2,5,29,29,3,21,2,3,8.04,1.66,1.42,0,0.47,1.18,0.1,0.14,33.84,0.1,0.71,4.49,6.62,0.47,0.14,,798.62
A3Z physicality,Forwards,Forwards,A3Z tracked games; five on five,2024–25,20242025,321,8474150,Mikael Backlund,C,0.01,1,269.85,270.77,20,0.26,-0.37,-0.01,-0.36,-0.01,FALSE,,0,FALSE,-1.27,8.64,-0.46,-0.84,0.04,,72,206,9,38,17,10,37,9,47,40,15,7,58,86,9,6,7,16,12,30,17,18,3,1,30,43,42,4,2,7,10,6,0,4,1,55,55,1,36,3,2,1.56,2.22,1.33,0,0.89,0.22,0.02,0.06,36.62,0.08,2,8.45,12.9,2,0.47,,1424
A3Z physicality,Forwards,Forwards,A3Z tracked games; five on five,2024–25,20242025,322,8477946,Dylan Larkin,C,0.2,2,305.55,303.92,21,0.26,-0.33,0.03,-0.37,0.02,FALSE,,0,FALSE,-1.3,8.36,-1.39,0.11,-0.02,,73,204,13,20,17,13,28,8,54,42,15,9,54,101,11,14,12,16,8,20,34,19,3,4,45,66,50,4,2,6,14,4,0,2,3,53,53,0,36,3,2,1.18,2.75,0.79,0,0.39,0.59,0,0.06,29.41,0.08,2.55,3.93,10.6,1.57,0.6,,1645.8
A3Z physicality,Forwards,Forwards,A3Z tracked games; five on five,2024–25,20242025,323,8475913,Mark Stone,R,0.95,1,221.97,220.75,15,0.23,-0.29,0.08,-0.37,-0.01,FALSE,,0,FALSE,-1.31,8.07,-1.23,0.21,-0.29,,75,210,7,15,14,14,21,7,54,31,8,5,41,87,8,6,23,3,13,24,30,11,0,2,30,53,21,3,5,7,6,8,0,2,4,28,28,5,20,4,8,1.89,1.62,2.16,0,0.54,1.08,0.18,0.4,16.79,0.2,1.89,4.05,11.08,1.89,0.62,,1270.78
A3Z physicality,Forwards,Forwards,A3Z tracked games; five on five,2024–25,20242025,324,8471215,Evgeni Malkin,C,1.59,3,217.05,220.5,16,0.24,-0.18,0.2,-0.38,0.04,FALSE,,0,FALSE,-1.36,7.79,-1.63,0.8,-0.53,,77,213,8,22,18,12,24,5,40,34,9,5,39,62,6,3,6,6,18,26,14,7,5,2,41,62,26,4,1,6,12,10,0,2,5,29,29,6,23,7,3,1.66,3.32,2.76,0,0.55,1.38,0.21,0.13,15.81,0.3,2.21,6.08,10.78,1.38,0.56,,1209.42
A3Z physicality,Forwards,Forwards,A3Z tracked games; five on five,2024–25,20242025,325,8481554,Kaapo Kakko,R,0.6,1,220.85,222.82,16,0.2,-0.34,0.04,-0.39,-0.01,FALSE,,0,FALSE,-1.38,7.51,-0.96,-0.25,-0.17,typedShotsOnNet,73,215,12,35,23,8,13,4,33,23,6,2,21,44,7,2,10,6,8,17,16,6,1,3,31,52,23,2,2,13,11,7,0,1,4,31,31,2,17,0,1,3.53,2.99,1.9,0,0.27,1.09,0.06,0.06,30.27,0,3.26,9.51,5.71,1.09,0.33,,1233.68
A3Z physicality,Forwards,Forwards,A3Z tracked games; five on five,2024–25,20242025,326,8478873,Troy Terry,R,-0.46,1,312.98,315.27,21,0.27,-0.45,-0.06,-0.39,-0.01,FALSE,,0,FALSE,-1.4,7.22,-2.1,0.5,0.2,,72,193,22,33,25,11,36,8,65,56,7,4,51,87,9,2,9,21,12,34,31,12,6,5,47,86,47,4,6,2,15,10,0,0,6,48,48,6,29,6,3,0.38,2.88,1.92,0,0,1.15,0.12,0.1,29.21,0.21,4.22,6.33,9.78,1.53,0.57,,1451.38
A3Z physicality,Forwards,Forwards,A3Z tracked games; five on five,2024–25,20242025,327,8475726,Tyler Toffoli,C,-0.03,1,278.57,279.45,22,0.28,-0.42,-0.02,-0.4,-0.01,FALSE,,0,FALSE,-1.44,6.94,-0.36,-1.13,0.05,,72,205,6,15,11,9,32,4,57,38,4,3,48,83,6,6,19,11,14,33,24,13,2,5,32,57,53,5,2,15,7,12,0,3,3,65,65,7,53,6,3,3.23,1.51,2.58,0,0.65,0.65,0.11,0.06,31.76,0.11,1.29,3.23,10.34,0.86,0.75,,1320.5
A3Z physicality,Forwards,Forwards,A3Z tracked games; five on five,2024–25,20242025,328,8477444,Andre Burakovsky,L,0.7,2,334.22,334.17,27,0.34,-0.33,0.08,-0.41,0.02,FALSE,,0,FALSE,-1.45,6.66,-0.82,-0.43,-0.2,,75,203,18,34,24,10,29,6,58,49,7,3,46,95,10,10,9,14,18,28,30,5,0,2,40,71,48,5,1,8,33,11,0,1,2,52,52,1,32,0,0,1.44,5.92,1.97,0,0.18,0.36,0.02,0,32.13,0,3.23,6.1,8.26,1.08,0.43,,1139.37
A3Z physicality,Forwards,Forwards,A3Z tracked games; five on five,2024–25,20242025,329,8478458,Jack Roslovic,C,-0.01,4,308.93,312,26,0.32,-0.43,-0.02,-0.41,-0.02,FALSE,,0,FALSE,-1.46,6.37,-1.45,-0.06,0.04,,73,198,15,33,24,11,27,11,42,29,7,1,45,76,16,8,13,12,10,25,17,17,3,1,36,61,41,3,3,6,21,6,0,0,4,56,56,7,34,2,3,1.17,4.08,1.17,0,0,0.78,0.12,0.09,25.23,0.06,2.91,6.41,8.74,2.14,0.14,,1119.52
A3Z physicality,Forwards,Forwards,A3Z tracked games; five on five,2024–25,20242025,330,8480023,Robert Thomas,C,0.04,2,452.42,455.27,30,0.43,-0.4,0.02,-0.41,0.02,FALSE,,0,FALSE,-1.47,6.09,-1.37,-0.14,0.04,,72,207,16,38,27,18,70,19,87,77,14,6,96,145,15,11,10,12,36,46,41,17,11,8,81,114,55,3,2,5,32,20,0,3,5,57,57,9,35,4,0,0.66,4.24,2.65,0,0.4,0.66,0.16,0,29.15,0.11,2.12,5.04,12.73,2.52,0.43,,1397.07
A3Z physicality,Forwards,Forwards,A3Z tracked games; five on five,2024–25,20242025,331,8482745,Mason McTavish,C,0.74,3,255.92,257.8,19,0.25,-0.3,0.12,-0.42,0.04,FALSE,,0,FALSE,-1.48,5.81,-1.12,-0.13,-0.23,,73,219,11,21,17,8,20,6,28,24,6,3,28,47,6,1,4,8,8,15,13,16,2,4,28,43,40,2,9,14,11,7,0,3,5,53,53,8,29,1,5,3.28,2.58,1.64,0,0.7,1.17,0.15,0.17,24.35,0.03,2.58,4.92,6.56,1.41,0.5,,1282.55
A3Z physicality,Forwards,Forwards,A3Z tracked games; five on five,2024–25,20242025,332,8477939,William Nylander,R,-0.21,2,620.6,624.52,41,0.5,-0.43,-0.01,-0.42,0.02,FALSE,,0,FALSE,-1.52,5.52,-1.5,-0.15,0.13,,72,200,21,70,46,37,40,7,78,59,19,11,61,120,13,6,19,30,12,34,44,36,15,13,88,140,119,3,7,7,28,11,0,2,5,123,123,17,90,9,7,0.68,2.71,1.06,0,0.19,0.48,0.14,0.08,26.17,0.1,2.03,6.77,5.9,0.68,0.58,,1599.78
A3Z physicality,Forwards,Forwards,A3Z tracked games; five on five,2024–25,20242025,333,8480893,Kirill Marchenko,R,0.63,1,239.53,241.68,16,0.2,-0.39,0.05,-0.44,-0.01,FALSE,,0,FALSE,-1.57,5.24,-1.1,-0.3,-0.18,,75,201,14,18,23,8,33,2,50,33,14,8,48,76,3,4,17,20,5,27,23,15,3,1,26,44,44,5,1,14,12,4,0,1,4,51,51,3,35,3,1,3.51,3.01,1,0,0.25,1,0.06,0.03,33.24,0.09,3.51,4.51,12.02,0.5,0.57,,1468.07
A3Z physicality,Forwards,Forwards,A3Z tracked games; five on five,2024–25,20242025,334,8482146,Luke Evangelista,R,-0.82,1,252.08,254.87,20,0.29,-0.54,-0.09,-0.45,-0.01,FALSE,,0,FALSE,-1.61,4.96,-1.53,-0.41,0.33,,72,183,11,37,15,11,19,1,34,23,8,2,33,57,5,4,11,10,6,22,12,12,3,0,25,48,41,5,4,6,20,3,0,1,3,46,46,7,37,4,7,1.43,4.76,0.71,0,0.24,0.71,0.15,0.19,31.25,0.11,2.62,8.81,7.85,0.24,0.25,,943.27
A3Z physicality,Forwards,Forwards,A3Z tracked games; five on five,2024–25,20242025,335,8477429,Andrew Copp,C,0.06,2,202.63,204.77,16,0.29,-0.43,0.02,-0.45,0.02,TRUE,deflectionShare,0,FALSE,-1.62,4.67,-0.74,-0.92,0.04,locatedAttempts; typedShotsOnNet,73,200,10,27,10,5,20,3,34,24,8,3,33,62,7,5,10,4,8,15,19,3,1,2,16,28,17,4,2,3,14,13,0,0,1,19,19,4,11,0,5,0.89,4.15,3.85,0,0,0.3,0.21,0.45,24.02,0,2.96,7.99,9.77,0.89,0.38,,823.33
A3Z physicality,Forwards,Forwards,A3Z tracked games; five on five,2024–25,20242025,336,8482125,Alexander Holtz,R,-0.28,2,162.68,164.75,16,0.3,-0.47,-0.01,-0.46,0.02,FALSE,,0,FALSE,-1.63,4.39,-0.3,-1.49,0.16,typedShotsOnNet,72,198,2,17,7,4,19,3,29,23,1,1,31,55,8,5,6,4,10,16,13,1,1,0,7,18,18,2,0,16,22,3,0,3,2,24,24,2,16,0,1,5.9,8.11,1.11,0,1.11,0.74,0.08,0.06,30.07,0,0.74,6.27,11.43,1.11,1,,614
A3Z physicality,Forwards,Forwards,A3Z tracked games; five on five,2024–25,20242025,337,8478403,Jack Eichel,C,0.61,4,323.53,321.17,21,0.27,-0.43,0.04,-0.46,-0.02,FALSE,,0,FALSE,-1.66,4.11,-1.33,-0.17,-0.15,,74,208,11,28,21,12,42,2,62,57,16,8,54,100,8,6,5,31,13,28,34,8,3,9,58,85,44,3,1,7,18,11,0,0,5,53,53,10,37,2,3,1.3,3.34,2.04,0,0,0.93,0.19,0.08,22.83,0.05,2.04,5.19,10.01,0.37,0.5,,1581.08
A3Z physicality,Forwards,Forwards,A3Z tracked games; five on five,2024–25,20242025,338,8480039,Martin Necas,C,0.41,1,358.82,363.62,26,0.33,-0.45,0.03,-0.48,-0.01,FALSE,,0,FALSE,-1.7,3.82,-1.22,-0.39,-0.1,,75,195,18,34,23,19,37,8,62,53,9,5,55,96,17,3,9,13,20,36,26,25,3,13,64,114,71,3,2,20,30,6,0,1,6,75,75,8,48,2,2,3.34,5.02,1,0,0.17,1,0.11,0.04,30.15,0.04,3.01,5.69,9.2,1.34,0.56,,1500.88
A3Z physicality,Forwards,Forwards,A3Z tracked games; five on five,2024–25,20242025,339,8478831,Kevin Stenlund,C,1.06,1,193.33,197.75,17,0.21,-0.39,0.09,-0.48,-0.01,FALSE,,0,FALSE,-1.71,3.54,-0.78,-0.6,-0.33,,75,213,8,24,8,7,12,4,25,19,6,3,23,47,4,2,6,2,4,9,16,10,1,1,13,27,28,0,1,6,12,9,0,1,2,29,29,1,21,1,0,1.86,3.72,2.79,0,0.31,0.62,0.03,0,34.21,0.05,2.48,7.45,7.14,1.24,0.5,,1176.78
A3Z physicality,Forwards,Forwards,A3Z tracked games; five on five,2024–25,20242025,340,8473512,Claude Giroux,R,-0.98,2,261.9,265.2,21,0.26,-0.57,-0.08,-0.49,0.02,FALSE,,0,FALSE,-1.74,3.26,-0.36,-1.79,0.41,,71,186,10,28,13,12,21,3,35,24,9,4,34,58,4,3,11,5,7,16,19,8,1,3,41,57,21,0,4,19,11,8,0,1,3,28,28,3,24,0,7,4.35,2.52,1.83,0,0.23,0.69,0.11,0.29,36.13,0,2.29,6.41,7.79,0.69,0.44,,1474.63
A3Z physicality,Forwards,Forwards,A3Z tracked games; five on five,2024–25,20242025,341,8477942,Kevin Fiala,L,-0.03,1,313.27,315.42,21,0.26,-0.53,-0.02,-0.51,-0.01,FALSE,,0,FALSE,-1.84,2.97,-1.15,-0.74,0.05,,72,205,13,28,24,15,41,7,74,61,9,7,59,113,13,7,13,17,21,37,37,23,5,1,60,100,63,3,2,15,28,4,0,2,4,66,66,9,42,3,1,2.87,5.36,0.77,0,0.38,0.77,0.14,0.02,33.18,0.07,2.49,5.36,11.3,1.34,0.78,,1499.6
A3Z physicality,Forwards,Forwards,A3Z tracked games; five on five,2024–25,20242025,342,8476882,Teuvo Teravainen,C,-0.8,4,450.92,456,36,0.44,-0.61,-0.08,-0.53,-0.02,FALSE,,0,FALSE,-1.89,2.69,-1.17,-1.01,0.29,,71,191,13,46,19,12,35,9,67,50,13,6,58,94,10,8,17,16,23,42,25,22,0,4,59,88,52,4,1,6,9,11,0,0,2,56,56,3,43,1,2,0.8,1.2,1.46,0,0,0.27,0.05,0.05,36.18,0.02,1.73,6.12,7.72,1.2,0.46,,1399.38
A3Z physicality,Forwards,Forwards,A3Z tracked games; five on five,2024–25,20242025,343,8484801,Macklin Celebrini,C,-0.57,3,257.52,259.83,17,0.24,-0.53,-0.01,-0.53,0.04,FALSE,,0,FALSE,-1.89,2.41,-1.77,-0.35,0.23,,72,190,7,27,15,8,39,9,55,37,18,8,59,91,9,2,18,10,15,36,19,9,4,6,48,78,51,7,4,10,14,15,0,2,8,46,46,4,31,4,2,2.33,3.26,3.49,0,0.47,1.86,0.09,0.06,30.69,0.13,1.63,6.29,13.75,2.1,0.44,,1385.17
A3Z physicality,Forwards,Forwards,A3Z tracked games; five on five,2024–25,20242025,344,8478550,Artemi Panarin,L,-1.08,4,296.85,299.97,19,0.24,-0.64,-0.11,-0.53,-0.02,FALSE,,0,FALSE,-1.9,2.12,-1.39,-0.89,0.38,,72,176,10,17,15,19,30,6,65,55,4,2,50,98,12,10,10,12,17,32,33,15,1,8,53,90,64,4,2,6,9,1,0,1,2,72,72,2,48,3,4,1.21,1.82,0.2,0,0.2,0.4,0.03,0.08,31.82,0.06,2.02,3.44,10.11,1.21,0.5,,1574.65
A3Z physicality,Forwards,Forwards,A3Z tracked games; five on five,2024–25,20242025,345,8476459,Mika Zibanejad,C,0.61,2,233.87,234.98,19,0.23,-0.46,0.07,-0.54,0.02,FALSE,,0,FALSE,-1.92,1.84,-1.08,-0.68,-0.17,,74,208,7,28,8,10,21,8,29,19,5,0,39,61,8,10,10,6,7,15,14,17,5,3,36,52,35,1,7,6,8,9,0,1,3,43,43,4,29,2,4,1.54,2.05,2.31,0,0.26,0.77,0.09,0.14,29.41,0.07,1.8,7.18,10.01,2.05,0,,1538.52
A3Z physicality,Forwards,Forwards,A3Z tracked games; five on five,2024–25,20242025,346,8482097,Jack Quinn,R,-0.48,1,222.03,222.07,19,0.26,-0.6,-0.06,-0.54,-0.01,FALSE,,0,FALSE,-1.93,1.56,-1.1,-1.04,0.21,typedShotsOnNet,73,185,6,14,12,9,21,6,38,26,7,1,30,49,5,2,12,12,9,23,15,10,2,1,20,35,26,0,1,8,20,8,0,0,3,31,31,1,18,1,1,2.16,5.4,2.16,0,0,0.81,0.03,0.06,32.14,0.06,1.62,3.78,8.11,1.62,0.14,,1099.88
A3Z physicality,Forwards,Forwards,A3Z tracked games; five on five,2024–25,20242025,347,8477956,David Pastrnak,R,-0.24,2,258.77,261.57,17,0.21,-0.55,-0.01,-0.54,0.02,FALSE,,0,FALSE,-1.94,1.27,-1.53,-0.55,0.14,,72,199,10,29,20,16,19,4,39,29,4,1,29,57,6,5,10,13,6,21,18,20,4,8,43,59,62,2,2,11,13,3,0,1,6,69,69,6,45,5,5,2.55,3.01,0.7,0,0.23,1.39,0.09,0.11,33.54,0.11,2.32,6.72,6.72,0.93,0.25,,1655.27
A3Z physicality,Forwards,Forwards,A3Z tracked games; five on five,2024–25,20242025,348,8481656,Aliaksei Protas,L,3.19,4,344.17,345.95,24,0.32,-0.33,0.26,-0.59,-0.02,TRUE,weight,0,FALSE,-2.11,0.99,-1.21,0.07,-0.97,,78,250,22,38,26,12,44,9,72,52,18,6,67,113,17,7,20,21,17,43,29,13,6,5,39,64,48,4,3,7,25,7,0,0,3,58,58,3,36,5,4,1.22,4.36,1.22,0,0,0.52,0.05,0.11,28.92,0.14,3.84,6.62,11.68,1.57,0.33,,1250.67
A3Z physicality,Forwards,Forwards,A3Z tracked games; five on five,2024–25,20242025,349,8479999,Casey Mittelstadt,C,0.24,1,308.17,311,23,0.28,-0.62,0.01,-0.63,-0.01,FALSE,,0,FALSE,-2.27,0.71,-0.93,-1.3,-0.04,typedShotsOnNet,73,205,11,23,16,14,30,11,39,33,14,6,48,73,6,6,6,8,11,18,21,2,3,0,38,65,17,1,1,7,19,6,0,4,2,22,22,0,13,0,1,1.36,3.7,1.17,0,0.78,0.39,0,0.08,36,0,2.14,4.48,9.35,2.14,0.43,,1382.17
A3Z physicality,Forwards,Forwards,A3Z tracked games; five on five,2024–25,20242025,350,8480078,Filip Chytil,C,0.69,2,223.53,227.23,17,0.3,-0.62,0.08,-0.7,0.02,FALSE,,0,FALSE,-2.52,0.42,-2.05,-0.28,-0.19,,74,210,13,19,17,10,32,3,46,43,11,5,38,66,4,1,3,26,10,24,22,12,3,2,29,48,44,2,1,2,24,5,0,1,4,56,56,5,33,0,2,0.54,6.44,1.34,0,0.27,1.07,0.09,0.06,27.25,0,3.49,5.1,10.2,0.81,0.45,,838.2
A3Z physicality,Forwards,Forwards,A3Z tracked games; five on five,2024–25,20242025,351,8475172,Nazem Kadri,C,-0.75,1,292.45,297.08,20,0.24,-0.94,-0.08,-0.86,-0.01,FALSE,,0,FALSE,-3.12,0.14,-2.08,-1.34,0.3,,72,185,7,20,19,12,37,6,52,40,15,5,51,83,8,3,12,22,13,29,23,20,2,2,46,65,53,2,3,7,27,7,0,3,8,62,62,2,46,3,4,1.44,5.54,1.44,0,0.62,1.64,0.03,0.09,35.23,0.07,1.44,4.1,10.46,1.23,0.33,,1587.1
