seasonId,teamId,model,trackedGames,trackedPlayers,trackedPlayerMinutes,teamTriCode,specification,referencePopulation,eventScope,summaryType,eligiblePlayerGames,allPlayerGames,coverage,teamCSAx,teamListedSize,teamAge,goals,xGoals,GAx,teamFullName,teamCSAxZ,teamGAxZ,attempts_2,attempts_3,xGoalsPerAttempt_2,xGoalsPerAttempt_3,absoluteQualityChange
20212022,1,Defensemen,29,9,2830.1833333333334,NJD,A3Z integrated,Defensemen,A3Z tracked games; five on five,Tracking coverage,NA,NA,NA,NA,NA,NA,NA,NA,NA,NA,NA,NA,NA,NA,NA,NA,NA
20212022,1,Forwards,29,22,4268.05,NJD,A3Z integrated,Forwards,A3Z tracked games; five on five,Tracking coverage,NA,NA,NA,NA,NA,NA,NA,NA,NA,NA,NA,NA,NA,NA,NA,NA,NA
20212022,2,Defensemen,36,10,3500.9666666666667,NYI,A3Z integrated,Defensemen,A3Z tracked games; five on five,Tracking coverage,NA,NA,NA,NA,NA,NA,NA,NA,NA,NA,NA,NA,NA,NA,NA,NA,NA
20212022,2,Forwards,36,18,5315.9,NYI,A3Z integrated,Forwards,A3Z tracked games; five on five,Tracking coverage,NA,NA,NA,NA,NA,NA,NA,NA,NA,NA,NA,NA,NA,NA,NA,NA,NA
20212022,3,Defensemen,35,11,3370.4166666666665,NYR,A3Z integrated,Defensemen,A3Z tracked games; five on five,Tracking coverage,NA,NA,NA,NA,NA,NA,NA,NA,NA,NA,NA,NA,NA,NA,NA,NA,NA
20212022,3,Forwards,35,20,5068.716666666666,NYR,A3Z integrated,Forwards,A3Z tracked games; five on five,Tracking coverage,NA,NA,NA,NA,NA,NA,NA,NA,NA,NA,NA,NA,NA,NA,NA,NA,NA
20212022,4,Defensemen,32,9,3012.55,PHI,A3Z integrated,Defensemen,A3Z tracked games; five on five,Tracking coverage,NA,NA,NA,NA,NA,NA,NA,NA,NA,NA,NA,NA,NA,NA,NA,NA,NA
20212022,4,Forwards,32,22,4524.733333333334,PHI,A3Z integrated,Forwards,A3Z tracked games; five on five,Tracking coverage,NA,NA,NA,NA,NA,NA,NA,NA,NA,NA,NA,NA,NA,NA,NA,NA,NA
20212022,5,Defensemen,34,9,3242.4666666666667,PIT,A3Z integrated,Defensemen,A3Z tracked games; five on five,Tracking coverage,NA,NA,NA,NA,NA,NA,NA,NA,NA,NA,NA,NA,NA,NA,NA,NA,NA
20212022,5,Forwards,34,21,4843.35,PIT,A3Z integrated,Forwards,A3Z tracked games; five on five,Tracking coverage,NA,NA,NA,NA,NA,NA,NA,NA,NA,NA,NA,NA,NA,NA,NA,NA,NA
20212022,6,Defensemen,30,11,2834.516666666667,BOS,A3Z integrated,Defensemen,A3Z tracked games; five on five,Tracking coverage,NA,NA,NA,NA,NA,NA,NA,NA,NA,NA,NA,NA,NA,NA,NA,NA,NA
20212022,6,Forwards,30,19,4256.516666666666,BOS,A3Z integrated,Forwards,A3Z tracked games; five on five,Tracking coverage,NA,NA,NA,NA,NA,NA,NA,NA,NA,NA,NA,NA,NA,NA,NA,NA,NA
20212022,7,Defensemen,23,11,2192.633333333333,BUF,A3Z integrated,Defensemen,A3Z tracked games; five on five,Tracking coverage,NA,NA,NA,NA,NA,NA,NA,NA,NA,NA,NA,NA,NA,NA,NA,NA,NA
20212022,7,Forwards,23,20,3290.2,BUF,A3Z integrated,Forwards,A3Z tracked games; five on five,Tracking coverage,NA,NA,NA,NA,NA,NA,NA,NA,NA,NA,NA,NA,NA,NA,NA,NA,NA
20212022,8,Defensemen,22,12,1977.4333333333334,MTL,A3Z integrated,Defensemen,A3Z tracked games; five on five,Tracking coverage,NA,NA,NA,NA,NA,NA,NA,NA,NA,NA,NA,NA,NA,NA,NA,NA,NA
20212022,8,Forwards,22,25,3001.7,MTL,A3Z integrated,Forwards,A3Z tracked games; five on five,Tracking coverage,NA,NA,NA,NA,NA,NA,NA,NA,NA,NA,NA,NA,NA,NA,NA,NA,NA
20212022,9,Defensemen,26,12,2482.3,OTT,A3Z integrated,Defensemen,A3Z tracked games; five on five,Tracking coverage,NA,NA,NA,NA,NA,NA,NA,NA,NA,NA,NA,NA,NA,NA,NA,NA,NA
20212022,9,Forwards,26,23,3725.65,OTT,A3Z integrated,Forwards,A3Z tracked games; five on five,Tracking coverage,NA,NA,NA,NA,NA,NA,NA,NA,NA,NA,NA,NA,NA,NA,NA,NA,NA
20212022,10,Defensemen,36,12,3495.4166666666665,TOR,A3Z integrated,Defensemen,A3Z tracked games; five on five,Tracking coverage,NA,NA,NA,NA,NA,NA,NA,NA,NA,NA,NA,NA,NA,NA,NA,NA,NA
20212022,10,Forwards,36,22,5243.083333333333,TOR,A3Z integrated,Forwards,A3Z tracked games; five on five,Tracking coverage,NA,NA,NA,NA,NA,NA,NA,NA,NA,NA,NA,NA,NA,NA,NA,NA,NA
20212022,12,Defensemen,35,10,3277.0833333333335,CAR,A3Z integrated,Defensemen,A3Z tracked games; five on five,Tracking coverage,NA,NA,NA,NA,NA,NA,NA,NA,NA,NA,NA,NA,NA,NA,NA,NA,NA
20212022,12,Forwards,35,15,4914.433333333333,CAR,A3Z integrated,Forwards,A3Z tracked games; five on five,Tracking coverage,NA,NA,NA,NA,NA,NA,NA,NA,NA,NA,NA,NA,NA,NA,NA,NA,NA
20212022,13,Defensemen,33,13,2991.5333333333333,FLA,A3Z integrated,Defensemen,A3Z tracked games; five on five,Tracking coverage,NA,NA,NA,NA,NA,NA,NA,NA,NA,NA,NA,NA,NA,NA,NA,NA,NA
20212022,13,Forwards,33,18,4530.6,FLA,A3Z integrated,Forwards,A3Z tracked games; five on five,Tracking coverage,NA,NA,NA,NA,NA,NA,NA,NA,NA,NA,NA,NA,NA,NA,NA,NA,NA
20212022,14,Defensemen,35,10,3259.3,TBL,A3Z integrated,Defensemen,A3Z tracked games; five on five,Tracking coverage,NA,NA,NA,NA,NA,NA,NA,NA,NA,NA,NA,NA,NA,NA,NA,NA,NA
20212022,14,Forwards,35,18,4878.433333333333,TBL,A3Z integrated,Forwards,A3Z tracked games; five on five,Tracking coverage,NA,NA,NA,NA,NA,NA,NA,NA,NA,NA,NA,NA,NA,NA,NA,NA,NA
20212022,15,Defensemen,31,9,3000.766666666667,WSH,A3Z integrated,Defensemen,A3Z tracked games; five on five,Tracking coverage,NA,NA,NA,NA,NA,NA,NA,NA,NA,NA,NA,NA,NA,NA,NA,NA,NA
20212022,15,Forwards,31,23,4508.416666666667,WSH,A3Z integrated,Forwards,A3Z tracked games; five on five,Tracking coverage,NA,NA,NA,NA,NA,NA,NA,NA,NA,NA,NA,NA,NA,NA,NA,NA,NA
20212022,16,Defensemen,26,13,2518.4166666666665,CHI,A3Z integrated,Defensemen,A3Z tracked games; five on five,Tracking coverage,NA,NA,NA,NA,NA,NA,NA,NA,NA,NA,NA,NA,NA,NA,NA,NA,NA
20212022,16,Forwards,26,23,3776.233333333333,CHI,A3Z integrated,Forwards,A3Z tracked games; five on five,Tracking coverage,NA,NA,NA,NA,NA,NA,NA,NA,NA,NA,NA,NA,NA,NA,NA,NA,NA
20212022,17,Defensemen,27,11,2556.65,DET,A3Z integrated,Defensemen,A3Z tracked games; five on five,Tracking coverage,NA,NA,NA,NA,NA,NA,NA,NA,NA,NA,NA,NA,NA,NA,NA,NA,NA
20212022,17,Forwards,27,20,3822.3333333333335,DET,A3Z integrated,Forwards,A3Z tracked games; five on five,Tracking coverage,NA,NA,NA,NA,NA,NA,NA,NA,NA,NA,NA,NA,NA,NA,NA,NA,NA
20212022,18,Defensemen,31,11,2879.633333333333,NSH,A3Z integrated,Defensemen,A3Z tracked games; five on five,Tracking coverage,NA,NA,NA,NA,NA,NA,NA,NA,NA,NA,NA,NA,NA,NA,NA,NA,NA
20212022,18,Forwards,31,19,4357.35,NSH,A3Z integrated,Forwards,A3Z tracked games; five on five,Tracking coverage,NA,NA,NA,NA,NA,NA,NA,NA,NA,NA,NA,NA,NA,NA,NA,NA,NA
20212022,19,Defensemen,30,10,2845.5666666666666,STL,A3Z integrated,Defensemen,A3Z tracked games; five on five,Tracking coverage,NA,NA,NA,NA,NA,NA,NA,NA,NA,NA,NA,NA,NA,NA,NA,NA,NA
20212022,19,Forwards,30,21,4258.333333333333,STL,A3Z integrated,Forwards,A3Z tracked games; five on five,Tracking coverage,NA,NA,NA,NA,NA,NA,NA,NA,NA,NA,NA,NA,NA,NA,NA,NA,NA
20212022,20,Defensemen,33,9,3100.8,CGY,A3Z integrated,Defensemen,A3Z tracked games; five on five,Tracking coverage,NA,NA,NA,NA,NA,NA,NA,NA,NA,NA,NA,NA,NA,NA,NA,NA,NA
20212022,20,Forwards,33,18,4650.633333333333,CGY,A3Z integrated,Forwards,A3Z tracked games; five on five,Tracking coverage,NA,NA,NA,NA,NA,NA,NA,NA,NA,NA,NA,NA,NA,NA,NA,NA,NA
20212022,21,Defensemen,41,10,3736.1833333333334,COL,A3Z integrated,Defensemen,A3Z tracked games; five on five,Tracking coverage,NA,NA,NA,NA,NA,NA,NA,NA,NA,NA,NA,NA,NA,NA,NA,NA,NA
20212022,21,Forwards,41,24,5869.3,COL,A3Z integrated,Forwards,A3Z tracked games; five on five,Tracking coverage,NA,NA,NA,NA,NA,NA,NA,NA,NA,NA,NA,NA,NA,NA,NA,NA,NA
20212022,22,Defensemen,39,12,3747.633333333333,EDM,A3Z integrated,Defensemen,A3Z tracked games; five on five,Tracking coverage,NA,NA,NA,NA,NA,NA,NA,NA,NA,NA,NA,NA,NA,NA,NA,NA,NA
20212022,22,Forwards,39,21,5624.383333333333,EDM,A3Z integrated,Forwards,A3Z tracked games; five on five,Tracking coverage,NA,NA,NA,NA,NA,NA,NA,NA,NA,NA,NA,NA,NA,NA,NA,NA,NA
20212022,23,Defensemen,27,13,2601.483333333333,VAN,A3Z integrated,Defensemen,A3Z tracked games; five on five,Tracking coverage,NA,NA,NA,NA,NA,NA,NA,NA,NA,NA,NA,NA,NA,NA,NA,NA,NA
20212022,23,Forwards,27,18,3888.3333333333335,VAN,A3Z integrated,Forwards,A3Z tracked games; five on five,Tracking coverage,NA,NA,NA,NA,NA,NA,NA,NA,NA,NA,NA,NA,NA,NA,NA,NA,NA
20212022,24,Defensemen,25,12,2385.233333333333,ANA,A3Z integrated,Defensemen,A3Z tracked games; five on five,Tracking coverage,NA,NA,NA,NA,NA,NA,NA,NA,NA,NA,NA,NA,NA,NA,NA,NA,NA
20212022,24,Forwards,25,22,3591.3166666666666,ANA,A3Z integrated,Forwards,A3Z tracked games; five on five,Tracking coverage,NA,NA,NA,NA,NA,NA,NA,NA,NA,NA,NA,NA,NA,NA,NA,NA,NA
20212022,25,Defensemen,31,8,2975.25,DAL,A3Z integrated,Defensemen,A3Z tracked games; five on five,Tracking coverage,NA,NA,NA,NA,NA,NA,NA,NA,NA,NA,NA,NA,NA,NA,NA,NA,NA
20212022,25,Forwards,31,20,4453.35,DAL,A3Z integrated,Forwards,A3Z tracked games; five on five,Tracking coverage,NA,NA,NA,NA,NA,NA,NA,NA,NA,NA,NA,NA,NA,NA,NA,NA,NA
20212022,26,Defensemen,32,14,3059.9333333333334,LAK,A3Z integrated,Defensemen,A3Z tracked games; five on five,Tracking coverage,NA,NA,NA,NA,NA,NA,NA,NA,NA,NA,NA,NA,NA,NA,NA,NA,NA
20212022,26,Forwards,32,21,4592.016666666666,LAK,A3Z integrated,Forwards,A3Z tracked games; five on five,Tracking coverage,NA,NA,NA,NA,NA,NA,NA,NA,NA,NA,NA,NA,NA,NA,NA,NA,NA
20212022,28,Defensemen,24,11,2357.483333333333,SJS,A3Z integrated,Defensemen,A3Z tracked games; five on five,Tracking coverage,NA,NA,NA,NA,NA,NA,NA,NA,NA,NA,NA,NA,NA,NA,NA,NA,NA
20212022,28,Forwards,24,23,3538.016666666667,SJS,A3Z integrated,Forwards,A3Z tracked games; five on five,Tracking coverage,NA,NA,NA,NA,NA,NA,NA,NA,NA,NA,NA,NA,NA,NA,NA,NA,NA
20212022,29,Defensemen,23,10,2219.016666666667,CBJ,A3Z integrated,Defensemen,A3Z tracked games; five on five,Tracking coverage,NA,NA,NA,NA,NA,NA,NA,NA,NA,NA,NA,NA,NA,NA,NA,NA,NA
20212022,29,Forwards,23,20,3323.7833333333333,CBJ,A3Z integrated,Forwards,A3Z tracked games; five on five,Tracking coverage,NA,NA,NA,NA,NA,NA,NA,NA,NA,NA,NA,NA,NA,NA,NA,NA,NA
20212022,30,Defensemen,36,10,3308.15,MIN,A3Z integrated,Defensemen,A3Z tracked games; five on five,Tracking coverage,NA,NA,NA,NA,NA,NA,NA,NA,NA,NA,NA,NA,NA,NA,NA,NA,NA
20212022,30,Forwards,36,21,4937.766666666666,MIN,A3Z integrated,Forwards,A3Z tracked games; five on five,Tracking coverage,NA,NA,NA,NA,NA,NA,NA,NA,NA,NA,NA,NA,NA,NA,NA,NA,NA
20212022,52,Defensemen,35,11,3277.5666666666666,WPG,A3Z integrated,Defensemen,A3Z tracked games; five on five,Tracking coverage,NA,NA,NA,NA,NA,NA,NA,NA,NA,NA,NA,NA,NA,NA,NA,NA,NA
20212022,52,Forwards,35,22,4892.4,WPG,A3Z integrated,Forwards,A3Z tracked games; five on five,Tracking coverage,NA,NA,NA,NA,NA,NA,NA,NA,NA,NA,NA,NA,NA,NA,NA,NA,NA
20212022,53,Defensemen,20,11,1954.9333333333334,ARI,A3Z integrated,Defensemen,A3Z tracked games; five on five,Tracking coverage,NA,NA,NA,NA,NA,NA,NA,NA,NA,NA,NA,NA,NA,NA,NA,NA,NA
20212022,53,Forwards,20,25,2924.233333333333,ARI,A3Z integrated,Forwards,A3Z tracked games; five on five,Tracking coverage,NA,NA,NA,NA,NA,NA,NA,NA,NA,NA,NA,NA,NA,NA,NA,NA,NA
20212022,54,Defensemen,36,12,3569.483333333333,VGK,A3Z integrated,Defensemen,A3Z tracked games; five on five,Tracking coverage,NA,NA,NA,NA,NA,NA,NA,NA,NA,NA,NA,NA,NA,NA,NA,NA,NA
20212022,54,Forwards,36,22,5339.583333333333,VGK,A3Z integrated,Forwards,A3Z tracked games; five on five,Tracking coverage,NA,NA,NA,NA,NA,NA,NA,NA,NA,NA,NA,NA,NA,NA,NA,NA,NA
20212022,55,Defensemen,29,9,2783.75,SEA,A3Z integrated,Defensemen,A3Z tracked games; five on five,Tracking coverage,NA,NA,NA,NA,NA,NA,NA,NA,NA,NA,NA,NA,NA,NA,NA,NA,NA
20212022,55,Forwards,29,24,4168.766666666666,SEA,A3Z integrated,Forwards,A3Z tracked games; five on five,Tracking coverage,NA,NA,NA,NA,NA,NA,NA,NA,NA,NA,NA,NA,NA,NA,NA,NA,NA
20222023,1,Defensemen,31,8,2993.4666666666667,NJD,A3Z integrated,Defensemen,A3Z tracked games; five on five,Tracking coverage,NA,NA,NA,NA,NA,NA,NA,NA,NA,NA,NA,NA,NA,NA,NA,NA,NA
20222023,1,Forwards,31,17,4484.933333333333,NJD,A3Z integrated,Forwards,A3Z tracked games; five on five,Tracking coverage,NA,NA,NA,NA,NA,NA,NA,NA,NA,NA,NA,NA,NA,NA,NA,NA,NA
20222023,2,Defensemen,27,9,2530.8,NYI,A3Z integrated,Defensemen,A3Z tracked games; five on five,Tracking coverage,NA,NA,NA,NA,NA,NA,NA,NA,NA,NA,NA,NA,NA,NA,NA,NA,NA
20222023,2,Forwards,27,22,3788.85,NYI,A3Z integrated,Forwards,A3Z tracked games; five on five,Tracking coverage,NA,NA,NA,NA,NA,NA,NA,NA,NA,NA,NA,NA,NA,NA,NA,NA,NA
20222023,3,Defensemen,28,9,2703.5333333333333,NYR,A3Z integrated,Defensemen,A3Z tracked games; five on five,Tracking coverage,NA,NA,NA,NA,NA,NA,NA,NA,NA,NA,NA,NA,NA,NA,NA,NA,NA
20222023,3,Forwards,28,21,4054.8333333333335,NYR,A3Z integrated,Forwards,A3Z tracked games; five on five,Tracking coverage,NA,NA,NA,NA,NA,NA,NA,NA,NA,NA,NA,NA,NA,NA,NA,NA,NA
20222023,4,Defensemen,23,8,2236.6833333333334,PHI,A3Z integrated,Defensemen,A3Z tracked games; five on five,Tracking coverage,NA,NA,NA,NA,NA,NA,NA,NA,NA,NA,NA,NA,NA,NA,NA,NA,NA
20222023,4,Forwards,23,21,3324,PHI,A3Z integrated,Forwards,A3Z tracked games; five on five,Tracking coverage,NA,NA,NA,NA,NA,NA,NA,NA,NA,NA,NA,NA,NA,NA,NA,NA,NA
20222023,5,Defensemen,25,10,2399.133333333333,PIT,A3Z integrated,Defensemen,A3Z tracked games; five on five,Tracking coverage,NA,NA,NA,NA,NA,NA,NA,NA,NA,NA,NA,NA,NA,NA,NA,NA,NA
20222023,5,Forwards,25,19,3596.5,PIT,A3Z integrated,Forwards,A3Z tracked games; five on five,Tracking coverage,NA,NA,NA,NA,NA,NA,NA,NA,NA,NA,NA,NA,NA,NA,NA,NA,NA
20222023,6,Defensemen,25,10,2278.35,BOS,A3Z integrated,Defensemen,A3Z tracked games; five on five,Tracking coverage,NA,NA,NA,NA,NA,NA,NA,NA,NA,NA,NA,NA,NA,NA,NA,NA,NA
20222023,6,Forwards,25,21,3417.766666666667,BOS,A3Z integrated,Forwards,A3Z tracked games; five on five,Tracking coverage,NA,NA,NA,NA,NA,NA,NA,NA,NA,NA,NA,NA,NA,NA,NA,NA,NA
20222023,7,Defensemen,23,10,2218.4166666666665,BUF,A3Z integrated,Defensemen,A3Z tracked games; five on five,Tracking coverage,NA,NA,NA,NA,NA,NA,NA,NA,NA,NA,NA,NA,NA,NA,NA,NA,NA
20222023,7,Forwards,23,15,3325.9666666666667,BUF,A3Z integrated,Forwards,A3Z tracked games; five on five,Tracking coverage,NA,NA,NA,NA,NA,NA,NA,NA,NA,NA,NA,NA,NA,NA,NA,NA,NA
20222023,8,Defensemen,22,11,2078.55,MTL,A3Z integrated,Defensemen,A3Z tracked games; five on five,Tracking coverage,NA,NA,NA,NA,NA,NA,NA,NA,NA,NA,NA,NA,NA,NA,NA,NA,NA
20222023,8,Forwards,22,21,3119.3166666666666,MTL,A3Z integrated,Forwards,A3Z tracked games; five on five,Tracking coverage,NA,NA,NA,NA,NA,NA,NA,NA,NA,NA,NA,NA,NA,NA,NA,NA,NA
20222023,9,Defensemen,26,11,2377.7833333333333,OTT,A3Z integrated,Defensemen,A3Z tracked games; five on five,Tracking coverage,NA,NA,NA,NA,NA,NA,NA,NA,NA,NA,NA,NA,NA,NA,NA,NA,NA
20222023,9,Forwards,26,19,3563.4166666666665,OTT,A3Z integrated,Forwards,A3Z tracked games; five on five,Tracking coverage,NA,NA,NA,NA,NA,NA,NA,NA,NA,NA,NA,NA,NA,NA,NA,NA,NA
20222023,10,Defensemen,30,15,2817.3166666666666,TOR,A3Z integrated,Defensemen,A3Z tracked games; five on five,Tracking coverage,NA,NA,NA,NA,NA,NA,NA,NA,NA,NA,NA,NA,NA,NA,NA,NA,NA
20222023,10,Forwards,30,23,4231.116666666667,TOR,A3Z integrated,Forwards,A3Z tracked games; five on five,Tracking coverage,NA,NA,NA,NA,NA,NA,NA,NA,NA,NA,NA,NA,NA,NA,NA,NA,NA
20222023,12,Defensemen,29,9,2689.9166666666665,CAR,A3Z integrated,Defensemen,A3Z tracked games; five on five,Tracking coverage,NA,NA,NA,NA,NA,NA,NA,NA,NA,NA,NA,NA,NA,NA,NA,NA,NA
20222023,12,Forwards,29,15,4031.5333333333333,CAR,A3Z integrated,Forwards,A3Z tracked games; five on five,Tracking coverage,NA,NA,NA,NA,NA,NA,NA,NA,NA,NA,NA,NA,NA,NA,NA,NA,NA
20222023,13,Defensemen,25,8,2330.4166666666665,FLA,A3Z integrated,Defensemen,A3Z tracked games; five on five,Tracking coverage,NA,NA,NA,NA,NA,NA,NA,NA,NA,NA,NA,NA,NA,NA,NA,NA,NA
20222023,13,Forwards,25,19,3475.5666666666666,FLA,A3Z integrated,Forwards,A3Z tracked games; five on five,Tracking coverage,NA,NA,NA,NA,NA,NA,NA,NA,NA,NA,NA,NA,NA,NA,NA,NA,NA
20222023,14,Defensemen,25,10,2337.6,TBL,A3Z integrated,Defensemen,A3Z tracked games; five on five,Tracking coverage,NA,NA,NA,NA,NA,NA,NA,NA,NA,NA,NA,NA,NA,NA,NA,NA,NA
20222023,14,Forwards,25,17,3511.6,TBL,A3Z integrated,Forwards,A3Z tracked games; five on five,Tracking coverage,NA,NA,NA,NA,NA,NA,NA,NA,NA,NA,NA,NA,NA,NA,NA,NA,NA
20222023,15,Defensemen,25,13,2363,WSH,A3Z integrated,Defensemen,A3Z tracked games; five on five,Tracking coverage,NA,NA,NA,NA,NA,NA,NA,NA,NA,NA,NA,NA,NA,NA,NA,NA,NA
20222023,15,Forwards,25,20,3549,WSH,A3Z integrated,Forwards,A3Z tracked games; five on five,Tracking coverage,NA,NA,NA,NA,NA,NA,NA,NA,NA,NA,NA,NA,NA,NA,NA,NA,NA
20222023,16,Defensemen,29,12,2732.5333333333333,CHI,A3Z integrated,Defensemen,A3Z tracked games; five on five,Tracking coverage,NA,NA,NA,NA,NA,NA,NA,NA,NA,NA,NA,NA,NA,NA,NA,NA,NA
20222023,16,Forwards,29,22,4081.35,CHI,A3Z integrated,Forwards,A3Z tracked games; five on five,Tracking coverage,NA,NA,NA,NA,NA,NA,NA,NA,NA,NA,NA,NA,NA,NA,NA,NA,NA
20222023,17,Defensemen,21,9,1974.9333333333334,DET,A3Z integrated,Defensemen,A3Z tracked games; five on five,Tracking coverage,NA,NA,NA,NA,NA,NA,NA,NA,NA,NA,NA,NA,NA,NA,NA,NA,NA
20222023,17,Forwards,21,19,2977.55,DET,A3Z integrated,Forwards,A3Z tracked games; five on five,Tracking coverage,NA,NA,NA,NA,NA,NA,NA,NA,NA,NA,NA,NA,NA,NA,NA,NA,NA
20222023,18,Defensemen,25,12,2309.8333333333335,NSH,A3Z integrated,Defensemen,A3Z tracked games; five on five,Tracking coverage,NA,NA,NA,NA,NA,NA,NA,NA,NA,NA,NA,NA,NA,NA,NA,NA,NA
20222023,18,Forwards,25,22,3469.2833333333333,NSH,A3Z integrated,Forwards,A3Z tracked games; five on five,Tracking coverage,NA,NA,NA,NA,NA,NA,NA,NA,NA,NA,NA,NA,NA,NA,NA,NA,NA
20222023,19,Defensemen,26,11,2573.0333333333333,STL,A3Z integrated,Defensemen,A3Z tracked games; five on five,Tracking coverage,NA,NA,NA,NA,NA,NA,NA,NA,NA,NA,NA,NA,NA,NA,NA,NA,NA
20222023,19,Forwards,26,21,3862.65,STL,A3Z integrated,Forwards,A3Z tracked games; five on five,Tracking coverage,NA,NA,NA,NA,NA,NA,NA,NA,NA,NA,NA,NA,NA,NA,NA,NA,NA
20222023,20,Defensemen,29,10,2628.9166666666665,CGY,A3Z integrated,Defensemen,A3Z tracked games; five on five,Tracking coverage,NA,NA,NA,NA,NA,NA,NA,NA,NA,NA,NA,NA,NA,NA,NA,NA,NA
20222023,20,Forwards,29,18,3923.15,CGY,A3Z integrated,Forwards,A3Z tracked games; five on five,Tracking coverage,NA,NA,NA,NA,NA,NA,NA,NA,NA,NA,NA,NA,NA,NA,NA,NA,NA
20222023,21,Defensemen,28,10,2489.6666666666665,COL,A3Z integrated,Defensemen,A3Z tracked games; five on five,Tracking coverage,NA,NA,NA,NA,NA,NA,NA,NA,NA,NA,NA,NA,NA,NA,NA,NA,NA
20222023,21,Forwards,28,27,3872.616666666667,COL,A3Z integrated,Forwards,A3Z tracked games; five on five,Tracking coverage,NA,NA,NA,NA,NA,NA,NA,NA,NA,NA,NA,NA,NA,NA,NA,NA,NA
20222023,22,Defensemen,32,10,2960.6,EDM,A3Z integrated,Defensemen,A3Z tracked games; five on five,Tracking coverage,NA,NA,NA,NA,NA,NA,NA,NA,NA,NA,NA,NA,NA,NA,NA,NA,NA
20222023,22,Forwards,32,17,4438.2,EDM,A3Z integrated,Forwards,A3Z tracked games; five on five,Tracking coverage,NA,NA,NA,NA,NA,NA,NA,NA,NA,NA,NA,NA,NA,NA,NA,NA,NA
20222023,23,Defensemen,24,13,2299.516666666667,VAN,A3Z integrated,Defensemen,A3Z tracked games; five on five,Tracking coverage,NA,NA,NA,NA,NA,NA,NA,NA,NA,NA,NA,NA,NA,NA,NA,NA,NA
20222023,23,Forwards,24,21,3444.0666666666666,VAN,A3Z integrated,Forwards,A3Z tracked games; five on five,Tracking coverage,NA,NA,NA,NA,NA,NA,NA,NA,NA,NA,NA,NA,NA,NA,NA,NA,NA
20222023,24,Defensemen,23,9,2172.85,ANA,A3Z integrated,Defensemen,A3Z tracked games; five on five,Tracking coverage,NA,NA,NA,NA,NA,NA,NA,NA,NA,NA,NA,NA,NA,NA,NA,NA,NA
20222023,24,Forwards,23,16,3253.8,ANA,A3Z integrated,Forwards,A3Z tracked games; five on five,Tracking coverage,NA,NA,NA,NA,NA,NA,NA,NA,NA,NA,NA,NA,NA,NA,NA,NA,NA
20222023,25,Defensemen,27,7,2580.0666666666666,DAL,A3Z integrated,Defensemen,A3Z tracked games; five on five,Tracking coverage,NA,NA,NA,NA,NA,NA,NA,NA,NA,NA,NA,NA,NA,NA,NA,NA,NA
20222023,25,Forwards,27,18,3845.383333333333,DAL,A3Z integrated,Forwards,A3Z tracked games; five on five,Tracking coverage,NA,NA,NA,NA,NA,NA,NA,NA,NA,NA,NA,NA,NA,NA,NA,NA,NA
20222023,26,Defensemen,26,10,2317.3333333333335,LAK,A3Z integrated,Defensemen,A3Z tracked games; five on five,Tracking coverage,NA,NA,NA,NA,NA,NA,NA,NA,NA,NA,NA,NA,NA,NA,NA,NA,NA
20222023,26,Forwards,26,18,3524.733333333333,LAK,A3Z integrated,Forwards,A3Z tracked games; five on five,Tracking coverage,NA,NA,NA,NA,NA,NA,NA,NA,NA,NA,NA,NA,NA,NA,NA,NA,NA
20222023,28,Defensemen,25,12,2430.5666666666666,SJS,A3Z integrated,Defensemen,A3Z tracked games; five on five,Tracking coverage,NA,NA,NA,NA,NA,NA,NA,NA,NA,NA,NA,NA,NA,NA,NA,NA,NA
20222023,28,Forwards,25,22,3622.7833333333333,SJS,A3Z integrated,Forwards,A3Z tracked games; five on five,Tracking coverage,NA,NA,NA,NA,NA,NA,NA,NA,NA,NA,NA,NA,NA,NA,NA,NA,NA
20222023,29,Defensemen,21,12,2013.5,CBJ,A3Z integrated,Defensemen,A3Z tracked games; five on five,Tracking coverage,NA,NA,NA,NA,NA,NA,NA,NA,NA,NA,NA,NA,NA,NA,NA,NA,NA
20222023,29,Forwards,21,20,3015.0666666666666,CBJ,A3Z integrated,Forwards,A3Z tracked games; five on five,Tracking coverage,NA,NA,NA,NA,NA,NA,NA,NA,NA,NA,NA,NA,NA,NA,NA,NA,NA
20222023,30,Defensemen,27,8,2530.133333333333,MIN,A3Z integrated,Defensemen,A3Z tracked games; five on five,Tracking coverage,NA,NA,NA,NA,NA,NA,NA,NA,NA,NA,NA,NA,NA,NA,NA,NA,NA
20222023,30,Forwards,27,21,3785.6833333333334,MIN,A3Z integrated,Forwards,A3Z tracked games; five on five,Tracking coverage,NA,NA,NA,NA,NA,NA,NA,NA,NA,NA,NA,NA,NA,NA,NA,NA,NA
20222023,52,Defensemen,23,9,2221.4666666666667,WPG,A3Z integrated,Defensemen,A3Z tracked games; five on five,Tracking coverage,NA,NA,NA,NA,NA,NA,NA,NA,NA,NA,NA,NA,NA,NA,NA,NA,NA
20222023,52,Forwards,23,21,3321.483333333333,WPG,A3Z integrated,Forwards,A3Z tracked games; five on five,Tracking coverage,NA,NA,NA,NA,NA,NA,NA,NA,NA,NA,NA,NA,NA,NA,NA,NA,NA
20222023,53,Defensemen,20,11,1880.55,ARI,A3Z integrated,Defensemen,A3Z tracked games; five on five,Tracking coverage,NA,NA,NA,NA,NA,NA,NA,NA,NA,NA,NA,NA,NA,NA,NA,NA,NA
20222023,53,Forwards,20,19,2800.366666666667,ARI,A3Z integrated,Forwards,A3Z tracked games; five on five,Tracking coverage,NA,NA,NA,NA,NA,NA,NA,NA,NA,NA,NA,NA,NA,NA,NA,NA,NA
20222023,54,Defensemen,28,10,2769.5333333333333,VGK,A3Z integrated,Defensemen,A3Z tracked games; five on five,Tracking coverage,NA,NA,NA,NA,NA,NA,NA,NA,NA,NA,NA,NA,NA,NA,NA,NA,NA
20222023,54,Forwards,28,19,4147.6,VGK,A3Z integrated,Forwards,A3Z tracked games; five on five,Tracking coverage,NA,NA,NA,NA,NA,NA,NA,NA,NA,NA,NA,NA,NA,NA,NA,NA,NA
20222023,55,Defensemen,30,8,2896.65,SEA,A3Z integrated,Defensemen,A3Z tracked games; five on five,Tracking coverage,NA,NA,NA,NA,NA,NA,NA,NA,NA,NA,NA,NA,NA,NA,NA,NA,NA
20222023,55,Forwards,30,17,4338.733333333334,SEA,A3Z integrated,Forwards,A3Z tracked games; five on five,Tracking coverage,NA,NA,NA,NA,NA,NA,NA,NA,NA,NA,NA,NA,NA,NA,NA,NA,NA
20232024,1,Defensemen,23,10,2139.483333333333,NJD,A3Z integrated,Defensemen,A3Z tracked games; five on five,Tracking coverage,NA,NA,NA,NA,NA,NA,NA,NA,NA,NA,NA,NA,NA,NA,NA,NA,NA
20232024,1,Forwards,23,19,3168.6666666666665,NJD,A3Z integrated,Forwards,A3Z tracked games; five on five,Tracking coverage,NA,NA,NA,NA,NA,NA,NA,NA,NA,NA,NA,NA,NA,NA,NA,NA,NA
20232024,2,Defensemen,29,9,2850.65,NYI,A3Z integrated,Defensemen,A3Z tracked games; five on five,Tracking coverage,NA,NA,NA,NA,NA,NA,NA,NA,NA,NA,NA,NA,NA,NA,NA,NA,NA
20232024,2,Forwards,29,15,4274.416666666667,NYI,A3Z integrated,Forwards,A3Z tracked games; five on five,Tracking coverage,NA,NA,NA,NA,NA,NA,NA,NA,NA,NA,NA,NA,NA,NA,NA,NA,NA
20232024,3,Defensemen,27,8,2588.8166666666666,NYR,A3Z integrated,Defensemen,A3Z tracked games; five on five,Tracking coverage,NA,NA,NA,NA,NA,NA,NA,NA,NA,NA,NA,NA,NA,NA,NA,NA,NA
20232024,3,Forwards,27,20,3882.2166666666667,NYR,A3Z integrated,Forwards,A3Z tracked games; five on five,Tracking coverage,NA,NA,NA,NA,NA,NA,NA,NA,NA,NA,NA,NA,NA,NA,NA,NA,NA
20232024,4,Defensemen,25,13,2257.55,PHI,A3Z integrated,Defensemen,A3Z tracked games; five on five,Tracking coverage,NA,NA,NA,NA,NA,NA,NA,NA,NA,NA,NA,NA,NA,NA,NA,NA,NA
20232024,4,Forwards,25,15,3418.2166666666667,PHI,A3Z integrated,Forwards,A3Z tracked games; five on five,Tracking coverage,NA,NA,NA,NA,NA,NA,NA,NA,NA,NA,NA,NA,NA,NA,NA,NA,NA
20232024,5,Defensemen,23,9,2188.3333333333335,PIT,A3Z integrated,Defensemen,A3Z tracked games; five on five,Tracking coverage,NA,NA,NA,NA,NA,NA,NA,NA,NA,NA,NA,NA,NA,NA,NA,NA,NA
20232024,5,Forwards,23,21,3278.266666666667,PIT,A3Z integrated,Forwards,A3Z tracked games; five on five,Tracking coverage,NA,NA,NA,NA,NA,NA,NA,NA,NA,NA,NA,NA,NA,NA,NA,NA,NA
20232024,6,Defensemen,21,10,2010.6666666666667,BOS,A3Z integrated,Defensemen,A3Z tracked games; five on five,Tracking coverage,NA,NA,NA,NA,NA,NA,NA,NA,NA,NA,NA,NA,NA,NA,NA,NA,NA
20232024,6,Forwards,21,19,3003.266666666667,BOS,A3Z integrated,Forwards,A3Z tracked games; five on five,Tracking coverage,NA,NA,NA,NA,NA,NA,NA,NA,NA,NA,NA,NA,NA,NA,NA,NA,NA
20232024,7,Defensemen,21,9,1986.5166666666667,BUF,A3Z integrated,Defensemen,A3Z tracked games; five on five,Tracking coverage,NA,NA,NA,NA,NA,NA,NA,NA,NA,NA,NA,NA,NA,NA,NA,NA,NA
20232024,7,Forwards,21,18,2960.1666666666665,BUF,A3Z integrated,Forwards,A3Z tracked games; five on five,Tracking coverage,NA,NA,NA,NA,NA,NA,NA,NA,NA,NA,NA,NA,NA,NA,NA,NA,NA
20232024,8,Defensemen,17,9,1589.95,MTL,A3Z integrated,Defensemen,A3Z tracked games; five on five,Tracking coverage,NA,NA,NA,NA,NA,NA,NA,NA,NA,NA,NA,NA,NA,NA,NA,NA,NA
20232024,8,Forwards,17,21,2391.616666666667,MTL,A3Z integrated,Forwards,A3Z tracked games; five on five,Tracking coverage,NA,NA,NA,NA,NA,NA,NA,NA,NA,NA,NA,NA,NA,NA,NA,NA,NA
20232024,9,Defensemen,25,9,2339.4,OTT,A3Z integrated,Defensemen,A3Z tracked games; five on five,Tracking coverage,NA,NA,NA,NA,NA,NA,NA,NA,NA,NA,NA,NA,NA,NA,NA,NA,NA
20232024,9,Forwards,25,20,3477.7833333333333,OTT,A3Z integrated,Forwards,A3Z tracked games; five on five,Tracking coverage,NA,NA,NA,NA,NA,NA,NA,NA,NA,NA,NA,NA,NA,NA,NA,NA,NA
20232024,10,Defensemen,25,12,2411.3166666666666,TOR,A3Z integrated,Defensemen,A3Z tracked games; five on five,Tracking coverage,NA,NA,NA,NA,NA,NA,NA,NA,NA,NA,NA,NA,NA,NA,NA,NA,NA
20232024,10,Forwards,25,16,3612.45,TOR,A3Z integrated,Forwards,A3Z tracked games; five on five,Tracking coverage,NA,NA,NA,NA,NA,NA,NA,NA,NA,NA,NA,NA,NA,NA,NA,NA,NA
20232024,12,Defensemen,38,8,3622.55,CAR,A3Z integrated,Defensemen,A3Z tracked games; five on five,Tracking coverage,NA,NA,NA,NA,NA,NA,NA,NA,NA,NA,NA,NA,NA,NA,NA,NA,NA
20232024,12,Forwards,38,16,5399.966666666666,CAR,A3Z integrated,Forwards,A3Z tracked games; five on five,Tracking coverage,NA,NA,NA,NA,NA,NA,NA,NA,NA,NA,NA,NA,NA,NA,NA,NA,NA
20232024,13,Defensemen,26,9,2424.5666666666666,FLA,A3Z integrated,Defensemen,A3Z tracked games; five on five,Tracking coverage,NA,NA,NA,NA,NA,NA,NA,NA,NA,NA,NA,NA,NA,NA,NA,NA,NA
20232024,13,Forwards,26,18,3630.6833333333334,FLA,A3Z integrated,Forwards,A3Z tracked games; five on five,Tracking coverage,NA,NA,NA,NA,NA,NA,NA,NA,NA,NA,NA,NA,NA,NA,NA,NA,NA
20232024,14,Defensemen,26,12,2489.4,TBL,A3Z integrated,Defensemen,A3Z tracked games; five on five,Tracking coverage,NA,NA,NA,NA,NA,NA,NA,NA,NA,NA,NA,NA,NA,NA,NA,NA,NA
20232024,14,Forwards,26,17,3732.2833333333333,TBL,A3Z integrated,Forwards,A3Z tracked games; five on five,Tracking coverage,NA,NA,NA,NA,NA,NA,NA,NA,NA,NA,NA,NA,NA,NA,NA,NA,NA
20232024,15,Defensemen,25,12,2448.366666666667,WSH,A3Z integrated,Defensemen,A3Z tracked games; five on five,Tracking coverage,NA,NA,NA,NA,NA,NA,NA,NA,NA,NA,NA,NA,NA,NA,NA,NA,NA
20232024,15,Forwards,25,19,3673.383333333333,WSH,A3Z integrated,Forwards,A3Z tracked games; five on five,Tracking coverage,NA,NA,NA,NA,NA,NA,NA,NA,NA,NA,NA,NA,NA,NA,NA,NA,NA
20232024,16,Defensemen,25,11,2310.516666666667,CHI,A3Z integrated,Defensemen,A3Z tracked games; five on five,Tracking coverage,NA,NA,NA,NA,NA,NA,NA,NA,NA,NA,NA,NA,NA,NA,NA,NA,NA
20232024,16,Forwards,25,22,3469.1,CHI,A3Z integrated,Forwards,A3Z tracked games; five on five,Tracking coverage,NA,NA,NA,NA,NA,NA,NA,NA,NA,NA,NA,NA,NA,NA,NA,NA,NA
20232024,17,Defensemen,28,8,2607.383333333333,DET,A3Z integrated,Defensemen,A3Z tracked games; five on five,Tracking coverage,NA,NA,NA,NA,NA,NA,NA,NA,NA,NA,NA,NA,NA,NA,NA,NA,NA
20232024,17,Forwards,28,15,3896.5666666666666,DET,A3Z integrated,Forwards,A3Z tracked games; five on five,Tracking coverage,NA,NA,NA,NA,NA,NA,NA,NA,NA,NA,NA,NA,NA,NA,NA,NA,NA
20232024,18,Defensemen,23,9,2139.766666666667,NSH,A3Z integrated,Defensemen,A3Z tracked games; five on five,Tracking coverage,NA,NA,NA,NA,NA,NA,NA,NA,NA,NA,NA,NA,NA,NA,NA,NA,NA
20232024,18,Forwards,23,20,3204.983333333333,NSH,A3Z integrated,Forwards,A3Z tracked games; five on five,Tracking coverage,NA,NA,NA,NA,NA,NA,NA,NA,NA,NA,NA,NA,NA,NA,NA,NA,NA
20232024,19,Defensemen,24,9,2311.866666666667,STL,A3Z integrated,Defensemen,A3Z tracked games; five on five,Tracking coverage,NA,NA,NA,NA,NA,NA,NA,NA,NA,NA,NA,NA,NA,NA,NA,NA,NA
20232024,19,Forwards,24,18,3472.766666666667,STL,A3Z integrated,Forwards,A3Z tracked games; five on five,Tracking coverage,NA,NA,NA,NA,NA,NA,NA,NA,NA,NA,NA,NA,NA,NA,NA,NA,NA
20232024,20,Defensemen,23,13,2148.3,CGY,A3Z integrated,Defensemen,A3Z tracked games; five on five,Tracking coverage,NA,NA,NA,NA,NA,NA,NA,NA,NA,NA,NA,NA,NA,NA,NA,NA,NA
20232024,20,Forwards,23,20,3220.116666666667,CGY,A3Z integrated,Forwards,A3Z tracked games; five on five,Tracking coverage,NA,NA,NA,NA,NA,NA,NA,NA,NA,NA,NA,NA,NA,NA,NA,NA,NA
20232024,21,Defensemen,25,9,2295.766666666667,COL,A3Z integrated,Defensemen,A3Z tracked games; five on five,Tracking coverage,NA,NA,NA,NA,NA,NA,NA,NA,NA,NA,NA,NA,NA,NA,NA,NA,NA
20232024,21,Forwards,25,24,3439.366666666667,COL,A3Z integrated,Forwards,A3Z tracked games; five on five,Tracking coverage,NA,NA,NA,NA,NA,NA,NA,NA,NA,NA,NA,NA,NA,NA,NA,NA,NA
20232024,22,Defensemen,32,8,3082.266666666667,EDM,A3Z integrated,Defensemen,A3Z tracked games; five on five,Tracking coverage,NA,NA,NA,NA,NA,NA,NA,NA,NA,NA,NA,NA,NA,NA,NA,NA,NA
20232024,22,Forwards,32,18,4623.55,EDM,A3Z integrated,Forwards,A3Z tracked games; five on five,Tracking coverage,NA,NA,NA,NA,NA,NA,NA,NA,NA,NA,NA,NA,NA,NA,NA,NA,NA
20232024,23,Defensemen,23,10,2246.9166666666665,VAN,A3Z integrated,Defensemen,A3Z tracked games; five on five,Tracking coverage,NA,NA,NA,NA,NA,NA,NA,NA,NA,NA,NA,NA,NA,NA,NA,NA,NA
20232024,23,Forwards,23,18,3355.15,VAN,A3Z integrated,Forwards,A3Z tracked games; five on five,Tracking coverage,NA,NA,NA,NA,NA,NA,NA,NA,NA,NA,NA,NA,NA,NA,NA,NA,NA
20232024,24,Defensemen,18,12,1645.4,ANA,A3Z integrated,Defensemen,A3Z tracked games; five on five,Tracking coverage,NA,NA,NA,NA,NA,NA,NA,NA,NA,NA,NA,NA,NA,NA,NA,NA,NA
20232024,24,Forwards,18,17,2466.266666666667,ANA,A3Z integrated,Forwards,A3Z tracked games; five on five,Tracking coverage,NA,NA,NA,NA,NA,NA,NA,NA,NA,NA,NA,NA,NA,NA,NA,NA,NA
20232024,25,Defensemen,31,9,3017.0666666666666,DAL,A3Z integrated,Defensemen,A3Z tracked games; five on five,Tracking coverage,NA,NA,NA,NA,NA,NA,NA,NA,NA,NA,NA,NA,NA,NA,NA,NA,NA
20232024,25,Forwards,31,14,4521.816666666667,DAL,A3Z integrated,Forwards,A3Z tracked games; five on five,Tracking coverage,NA,NA,NA,NA,NA,NA,NA,NA,NA,NA,NA,NA,NA,NA,NA,NA,NA
20232024,26,Defensemen,23,9,2138.1,LAK,A3Z integrated,Defensemen,A3Z tracked games; five on five,Tracking coverage,NA,NA,NA,NA,NA,NA,NA,NA,NA,NA,NA,NA,NA,NA,NA,NA,NA
20232024,26,Forwards,23,14,3203.516666666667,LAK,A3Z integrated,Forwards,A3Z tracked games; five on five,Tracking coverage,NA,NA,NA,NA,NA,NA,NA,NA,NA,NA,NA,NA,NA,NA,NA,NA,NA
20232024,28,Defensemen,19,11,1902.3666666666666,SJS,A3Z integrated,Defensemen,A3Z tracked games; five on five,Tracking coverage,NA,NA,NA,NA,NA,NA,NA,NA,NA,NA,NA,NA,NA,NA,NA,NA,NA
20232024,28,Forwards,19,22,2766.05,SJS,A3Z integrated,Forwards,A3Z tracked games; five on five,Tracking coverage,NA,NA,NA,NA,NA,NA,NA,NA,NA,NA,NA,NA,NA,NA,NA,NA,NA
20232024,29,Defensemen,19,10,1835.0666666666666,CBJ,A3Z integrated,Defensemen,A3Z tracked games; five on five,Tracking coverage,NA,NA,NA,NA,NA,NA,NA,NA,NA,NA,NA,NA,NA,NA,NA,NA,NA
20232024,29,Forwards,19,23,2753.116666666667,CBJ,A3Z integrated,Forwards,A3Z tracked games; five on five,Tracking coverage,NA,NA,NA,NA,NA,NA,NA,NA,NA,NA,NA,NA,NA,NA,NA,NA,NA
20232024,30,Defensemen,19,11,1729.6166666666666,MIN,A3Z integrated,Defensemen,A3Z tracked games; five on five,Tracking coverage,NA,NA,NA,NA,NA,NA,NA,NA,NA,NA,NA,NA,NA,NA,NA,NA,NA
20232024,30,Forwards,19,19,2604.2833333333333,MIN,A3Z integrated,Forwards,A3Z tracked games; five on five,Tracking coverage,NA,NA,NA,NA,NA,NA,NA,NA,NA,NA,NA,NA,NA,NA,NA,NA,NA
20232024,52,Defensemen,29,9,2853.4,WPG,A3Z integrated,Defensemen,A3Z tracked games; five on five,Tracking coverage,NA,NA,NA,NA,NA,NA,NA,NA,NA,NA,NA,NA,NA,NA,NA,NA,NA
20232024,52,Forwards,29,17,4270.233333333334,WPG,A3Z integrated,Forwards,A3Z tracked games; five on five,Tracking coverage,NA,NA,NA,NA,NA,NA,NA,NA,NA,NA,NA,NA,NA,NA,NA,NA,NA
20232024,53,Defensemen,18,9,1691.0166666666667,ARI,A3Z integrated,Defensemen,A3Z tracked games; five on five,Tracking coverage,NA,NA,NA,NA,NA,NA,NA,NA,NA,NA,NA,NA,NA,NA,NA,NA,NA
20232024,53,Forwards,18,18,2542.2833333333333,ARI,A3Z integrated,Forwards,A3Z tracked games; five on five,Tracking coverage,NA,NA,NA,NA,NA,NA,NA,NA,NA,NA,NA,NA,NA,NA,NA,NA,NA
20232024,54,Defensemen,23,13,2168.133333333333,VGK,A3Z integrated,Defensemen,A3Z tracked games; five on five,Tracking coverage,NA,NA,NA,NA,NA,NA,NA,NA,NA,NA,NA,NA,NA,NA,NA,NA,NA
20232024,54,Forwards,23,20,3248.25,VGK,A3Z integrated,Forwards,A3Z tracked games; five on five,Tracking coverage,NA,NA,NA,NA,NA,NA,NA,NA,NA,NA,NA,NA,NA,NA,NA,NA,NA
20232024,55,Defensemen,27,7,2627,SEA,A3Z integrated,Defensemen,A3Z tracked games; five on five,Tracking coverage,NA,NA,NA,NA,NA,NA,NA,NA,NA,NA,NA,NA,NA,NA,NA,NA,NA
20232024,55,Forwards,27,21,3942.75,SEA,A3Z integrated,Forwards,A3Z tracked games; five on five,Tracking coverage,NA,NA,NA,NA,NA,NA,NA,NA,NA,NA,NA,NA,NA,NA,NA,NA,NA
20242025,1,Defensemen,20,11,1917.5833333333333,NJD,A3Z integrated,Defensemen,A3Z tracked games; five on five,Tracking coverage,NA,NA,NA,NA,NA,NA,NA,NA,NA,NA,NA,NA,NA,NA,NA,NA,NA
20242025,1,Forwards,20,19,2876.55,NJD,A3Z integrated,Forwards,A3Z tracked games; five on five,Tracking coverage,NA,NA,NA,NA,NA,NA,NA,NA,NA,NA,NA,NA,NA,NA,NA,NA,NA
20242025,2,Defensemen,20,12,1939.45,NYI,A3Z integrated,Defensemen,A3Z tracked games; five on five,Tracking coverage,NA,NA,NA,NA,NA,NA,NA,NA,NA,NA,NA,NA,NA,NA,NA,NA,NA
20242025,2,Forwards,20,16,2906.133333333333,NYI,A3Z integrated,Forwards,A3Z tracked games; five on five,Tracking coverage,NA,NA,NA,NA,NA,NA,NA,NA,NA,NA,NA,NA,NA,NA,NA,NA,NA
20242025,3,Defensemen,19,12,1764.0833333333333,NYR,A3Z integrated,Defensemen,A3Z tracked games; five on five,Tracking coverage,NA,NA,NA,NA,NA,NA,NA,NA,NA,NA,NA,NA,NA,NA,NA,NA,NA
20242025,3,Forwards,19,20,2678.65,NYR,A3Z integrated,Forwards,A3Z tracked games; five on five,Tracking coverage,NA,NA,NA,NA,NA,NA,NA,NA,NA,NA,NA,NA,NA,NA,NA,NA,NA
20242025,4,Defensemen,19,9,1872.4833333333333,PHI,A3Z integrated,Defensemen,A3Z tracked games; five on five,Tracking coverage,NA,NA,NA,NA,NA,NA,NA,NA,NA,NA,NA,NA,NA,NA,NA,NA,NA
20242025,4,Forwards,19,19,2803.3333333333335,PHI,A3Z integrated,Forwards,A3Z tracked games; five on five,Tracking coverage,NA,NA,NA,NA,NA,NA,NA,NA,NA,NA,NA,NA,NA,NA,NA,NA,NA
20242025,5,Defensemen,18,12,1720.1666666666667,PIT,A3Z integrated,Defensemen,A3Z tracked games; five on five,Tracking coverage,NA,NA,NA,NA,NA,NA,NA,NA,NA,NA,NA,NA,NA,NA,NA,NA,NA
20242025,5,Forwards,18,26,2574.9666666666667,PIT,A3Z integrated,Forwards,A3Z tracked games; five on five,Tracking coverage,NA,NA,NA,NA,NA,NA,NA,NA,NA,NA,NA,NA,NA,NA,NA,NA,NA
20242025,6,Defensemen,17,11,1623.2833333333333,BOS,A3Z integrated,Defensemen,A3Z tracked games; five on five,Tracking coverage,NA,NA,NA,NA,NA,NA,NA,NA,NA,NA,NA,NA,NA,NA,NA,NA,NA
20242025,6,Forwards,17,23,2429.6666666666665,BOS,A3Z integrated,Forwards,A3Z tracked games; five on five,Tracking coverage,NA,NA,NA,NA,NA,NA,NA,NA,NA,NA,NA,NA,NA,NA,NA,NA,NA
20242025,7,Defensemen,21,9,1988.4333333333334,BUF,A3Z integrated,Defensemen,A3Z tracked games; five on five,Tracking coverage,NA,NA,NA,NA,NA,NA,NA,NA,NA,NA,NA,NA,NA,NA,NA,NA,NA
20242025,7,Forwards,21,15,2986.266666666667,BUF,A3Z integrated,Forwards,A3Z tracked games; five on five,Tracking coverage,NA,NA,NA,NA,NA,NA,NA,NA,NA,NA,NA,NA,NA,NA,NA,NA,NA
20242025,8,Defensemen,22,9,2053.016666666667,MTL,A3Z integrated,Defensemen,A3Z tracked games; five on five,Tracking coverage,NA,NA,NA,NA,NA,NA,NA,NA,NA,NA,NA,NA,NA,NA,NA,NA,NA
20242025,8,Forwards,22,19,3075.016666666667,MTL,A3Z integrated,Forwards,A3Z tracked games; five on five,Tracking coverage,NA,NA,NA,NA,NA,NA,NA,NA,NA,NA,NA,NA,NA,NA,NA,NA,NA
20242025,9,Defensemen,21,10,1931.4666666666667,OTT,A3Z integrated,Defensemen,A3Z tracked games; five on five,Tracking coverage,NA,NA,NA,NA,NA,NA,NA,NA,NA,NA,NA,NA,NA,NA,NA,NA,NA
20242025,9,Forwards,21,20,2896.383333333333,OTT,A3Z integrated,Forwards,A3Z tracked games; five on five,Tracking coverage,NA,NA,NA,NA,NA,NA,NA,NA,NA,NA,NA,NA,NA,NA,NA,NA,NA
20242025,10,Defensemen,41,8,3956.5,TOR,A3Z integrated,Defensemen,A3Z tracked games; five on five,Tracking coverage,NA,NA,NA,NA,NA,NA,NA,NA,NA,NA,NA,NA,NA,NA,NA,NA,NA
20242025,10,Forwards,41,20,5936.15,TOR,A3Z integrated,Forwards,A3Z tracked games; five on five,Tracking coverage,NA,NA,NA,NA,NA,NA,NA,NA,NA,NA,NA,NA,NA,NA,NA,NA,NA
20242025,12,Defensemen,27,9,2565.0666666666666,CAR,A3Z integrated,Defensemen,A3Z tracked games; five on five,Tracking coverage,NA,NA,NA,NA,NA,NA,NA,NA,NA,NA,NA,NA,NA,NA,NA,NA,NA
20242025,12,Forwards,27,19,3848.15,CAR,A3Z integrated,Forwards,A3Z tracked games; five on five,Tracking coverage,NA,NA,NA,NA,NA,NA,NA,NA,NA,NA,NA,NA,NA,NA,NA,NA,NA
20242025,13,Defensemen,21,9,2024,FLA,A3Z integrated,Defensemen,A3Z tracked games; five on five,Tracking coverage,NA,NA,NA,NA,NA,NA,NA,NA,NA,NA,NA,NA,NA,NA,NA,NA,NA
20242025,13,Forwards,21,16,3045.6666666666665,FLA,A3Z integrated,Forwards,A3Z tracked games; five on five,Tracking coverage,NA,NA,NA,NA,NA,NA,NA,NA,NA,NA,NA,NA,NA,NA,NA,NA,NA
20242025,14,Defensemen,32,9,3156.7833333333333,TBL,A3Z integrated,Defensemen,A3Z tracked games; five on five,Tracking coverage,NA,NA,NA,NA,NA,NA,NA,NA,NA,NA,NA,NA,NA,NA,NA,NA,NA
20242025,14,Forwards,32,16,4726.966666666666,TBL,A3Z integrated,Forwards,A3Z tracked games; five on five,Tracking coverage,NA,NA,NA,NA,NA,NA,NA,NA,NA,NA,NA,NA,NA,NA,NA,NA,NA
20242025,15,Defensemen,25,7,2462.85,WSH,A3Z integrated,Defensemen,A3Z tracked games; five on five,Tracking coverage,NA,NA,NA,NA,NA,NA,NA,NA,NA,NA,NA,NA,NA,NA,NA,NA,NA
20242025,15,Forwards,25,18,3689.133333333333,WSH,A3Z integrated,Forwards,A3Z tracked games; five on five,Tracking coverage,NA,NA,NA,NA,NA,NA,NA,NA,NA,NA,NA,NA,NA,NA,NA,NA,NA
20242025,16,Defensemen,36,13,3460.766666666667,CHI,A3Z integrated,Defensemen,A3Z tracked games; five on five,Tracking coverage,NA,NA,NA,NA,NA,NA,NA,NA,NA,NA,NA,NA,NA,NA,NA,NA,NA
20242025,16,Forwards,36,20,5293.166666666667,CHI,A3Z integrated,Forwards,A3Z tracked games; five on five,Tracking coverage,NA,NA,NA,NA,NA,NA,NA,NA,NA,NA,NA,NA,NA,NA,NA,NA,NA
20242025,17,Defensemen,21,8,2083.483333333333,DET,A3Z integrated,Defensemen,A3Z tracked games; five on five,Tracking coverage,NA,NA,NA,NA,NA,NA,NA,NA,NA,NA,NA,NA,NA,NA,NA,NA,NA
20242025,17,Forwards,21,17,3124.633333333333,DET,A3Z integrated,Forwards,A3Z tracked games; five on five,Tracking coverage,NA,NA,NA,NA,NA,NA,NA,NA,NA,NA,NA,NA,NA,NA,NA,NA,NA
20242025,18,Defensemen,24,14,2290.0833333333335,NSH,A3Z integrated,Defensemen,A3Z tracked games; five on five,Tracking coverage,NA,NA,NA,NA,NA,NA,NA,NA,NA,NA,NA,NA,NA,NA,NA,NA,NA
20242025,18,Forwards,24,21,3472.9666666666667,NSH,A3Z integrated,Forwards,A3Z tracked games; five on five,Tracking coverage,NA,NA,NA,NA,NA,NA,NA,NA,NA,NA,NA,NA,NA,NA,NA,NA,NA
20242025,19,Defensemen,38,11,3851.2,STL,A3Z integrated,Defensemen,A3Z tracked games; five on five,Tracking coverage,NA,NA,NA,NA,NA,NA,NA,NA,NA,NA,NA,NA,NA,NA,NA,NA,NA
20242025,19,Forwards,38,16,5761.716666666666,STL,A3Z integrated,Forwards,A3Z tracked games; five on five,Tracking coverage,NA,NA,NA,NA,NA,NA,NA,NA,NA,NA,NA,NA,NA,NA,NA,NA,NA
20242025,20,Defensemen,20,9,1884.5833333333333,CGY,A3Z integrated,Defensemen,A3Z tracked games; five on five,Tracking coverage,NA,NA,NA,NA,NA,NA,NA,NA,NA,NA,NA,NA,NA,NA,NA,NA,NA
20242025,20,Forwards,20,21,2822.366666666667,CGY,A3Z integrated,Forwards,A3Z tracked games; five on five,Tracking coverage,NA,NA,NA,NA,NA,NA,NA,NA,NA,NA,NA,NA,NA,NA,NA,NA,NA
20242025,21,Defensemen,27,11,2555.2,COL,A3Z integrated,Defensemen,A3Z tracked games; five on five,Tracking coverage,NA,NA,NA,NA,NA,NA,NA,NA,NA,NA,NA,NA,NA,NA,NA,NA,NA
20242025,21,Forwards,27,28,3819.3333333333335,COL,A3Z integrated,Forwards,A3Z tracked games; five on five,Tracking coverage,NA,NA,NA,NA,NA,NA,NA,NA,NA,NA,NA,NA,NA,NA,NA,NA,NA
20242025,22,Defensemen,20,10,1960.5666666666666,EDM,A3Z integrated,Defensemen,A3Z tracked games; five on five,Tracking coverage,NA,NA,NA,NA,NA,NA,NA,NA,NA,NA,NA,NA,NA,NA,NA,NA,NA
20242025,22,Forwards,20,16,2907.3,EDM,A3Z integrated,Forwards,A3Z tracked games; five on five,Tracking coverage,NA,NA,NA,NA,NA,NA,NA,NA,NA,NA,NA,NA,NA,NA,NA,NA,NA
20242025,23,Defensemen,33,13,3168.95,VAN,A3Z integrated,Defensemen,A3Z tracked games; five on five,Tracking coverage,NA,NA,NA,NA,NA,NA,NA,NA,NA,NA,NA,NA,NA,NA,NA,NA,NA
20242025,23,Forwards,33,21,4739.566666666667,VAN,A3Z integrated,Forwards,A3Z tracked games; five on five,Tracking coverage,NA,NA,NA,NA,NA,NA,NA,NA,NA,NA,NA,NA,NA,NA,NA,NA,NA
20242025,24,Defensemen,21,9,2011.7333333333333,ANA,A3Z integrated,Defensemen,A3Z tracked games; five on five,Tracking coverage,NA,NA,NA,NA,NA,NA,NA,NA,NA,NA,NA,NA,NA,NA,NA,NA,NA
20242025,24,Forwards,21,16,3015.75,ANA,A3Z integrated,Forwards,A3Z tracked games; five on five,Tracking coverage,NA,NA,NA,NA,NA,NA,NA,NA,NA,NA,NA,NA,NA,NA,NA,NA,NA
20242025,25,Defensemen,31,10,2946.366666666667,DAL,A3Z integrated,Defensemen,A3Z tracked games; five on five,Tracking coverage,NA,NA,NA,NA,NA,NA,NA,NA,NA,NA,NA,NA,NA,NA,NA,NA,NA
20242025,25,Forwards,31,17,4416.566666666667,DAL,A3Z integrated,Forwards,A3Z tracked games; five on five,Tracking coverage,NA,NA,NA,NA,NA,NA,NA,NA,NA,NA,NA,NA,NA,NA,NA,NA,NA
20242025,26,Defensemen,22,10,2172.85,LAK,A3Z integrated,Defensemen,A3Z tracked games; five on five,Tracking coverage,NA,NA,NA,NA,NA,NA,NA,NA,NA,NA,NA,NA,NA,NA,NA,NA,NA
20242025,26,Forwards,22,16,3258.4166666666665,LAK,A3Z integrated,Forwards,A3Z tracked games; five on five,Tracking coverage,NA,NA,NA,NA,NA,NA,NA,NA,NA,NA,NA,NA,NA,NA,NA,NA,NA
20242025,28,Defensemen,22,13,2083.366666666667,SJS,A3Z integrated,Defensemen,A3Z tracked games; five on five,Tracking coverage,NA,NA,NA,NA,NA,NA,NA,NA,NA,NA,NA,NA,NA,NA,NA,NA,NA
20242025,28,Forwards,22,23,3134.5,SJS,A3Z integrated,Forwards,A3Z tracked games; five on five,Tracking coverage,NA,NA,NA,NA,NA,NA,NA,NA,NA,NA,NA,NA,NA,NA,NA,NA,NA
20242025,29,Defensemen,16,9,1580.2,CBJ,A3Z integrated,Defensemen,A3Z tracked games; five on five,Tracking coverage,NA,NA,NA,NA,NA,NA,NA,NA,NA,NA,NA,NA,NA,NA,NA,NA,NA
20242025,29,Forwards,16,20,2366.016666666667,CBJ,A3Z integrated,Forwards,A3Z tracked games; five on five,Tracking coverage,NA,NA,NA,NA,NA,NA,NA,NA,NA,NA,NA,NA,NA,NA,NA,NA,NA
20242025,30,Defensemen,21,10,2065.233333333333,MIN,A3Z integrated,Defensemen,A3Z tracked games; five on five,Tracking coverage,NA,NA,NA,NA,NA,NA,NA,NA,NA,NA,NA,NA,NA,NA,NA,NA,NA
20242025,30,Forwards,21,19,3107.133333333333,MIN,A3Z integrated,Forwards,A3Z tracked games; five on five,Tracking coverage,NA,NA,NA,NA,NA,NA,NA,NA,NA,NA,NA,NA,NA,NA,NA,NA,NA
20242025,52,Defensemen,24,10,2369.016666666667,WPG,A3Z integrated,Defensemen,A3Z tracked games; five on five,Tracking coverage,NA,NA,NA,NA,NA,NA,NA,NA,NA,NA,NA,NA,NA,NA,NA,NA,NA
20242025,52,Forwards,24,17,3540.4666666666667,WPG,A3Z integrated,Forwards,A3Z tracked games; five on five,Tracking coverage,NA,NA,NA,NA,NA,NA,NA,NA,NA,NA,NA,NA,NA,NA,NA,NA,NA
20242025,54,Defensemen,21,9,2129.4666666666667,VGK,A3Z integrated,Defensemen,A3Z tracked games; five on five,Tracking coverage,NA,NA,NA,NA,NA,NA,NA,NA,NA,NA,NA,NA,NA,NA,NA,NA,NA
20242025,54,Forwards,21,20,3183.116666666667,VGK,A3Z integrated,Forwards,A3Z tracked games; five on five,Tracking coverage,NA,NA,NA,NA,NA,NA,NA,NA,NA,NA,NA,NA,NA,NA,NA,NA,NA
20242025,55,Defensemen,29,8,2820.2166666666667,SEA,A3Z integrated,Defensemen,A3Z tracked games; five on five,Tracking coverage,NA,NA,NA,NA,NA,NA,NA,NA,NA,NA,NA,NA,NA,NA,NA,NA,NA
20242025,55,Forwards,29,20,4246.416666666667,SEA,A3Z integrated,Forwards,A3Z tracked games; five on five,Tracking coverage,NA,NA,NA,NA,NA,NA,NA,NA,NA,NA,NA,NA,NA,NA,NA,NA,NA
20242025,59,Defensemen,17,11,1648.1833333333334,UTA,A3Z integrated,Defensemen,A3Z tracked games; five on five,Tracking coverage,NA,NA,NA,NA,NA,NA,NA,NA,NA,NA,NA,NA,NA,NA,NA,NA,NA
20242025,59,Forwards,17,15,2462.8166666666666,UTA,A3Z integrated,Forwards,A3Z tracked games; five on five,Tracking coverage,NA,NA,NA,NA,NA,NA,NA,NA,NA,NA,NA,NA,NA,NA,NA,NA,NA
20212022,1,Defensemen,NA,NA,NA,NJD,Full-season play-by-play benchmark,Defensemen,All situations,Team applications,457,491,0.9307535641547862,-0.26420643522216364,0.29155330657196765,26.310722100656456,245,248.61155546765076,-3.61155546765076,New Jersey Devils,-0.6955846828461132,-0.2197948994340012,NA,NA,NA,NA,NA
20212022,2,Defensemen,NA,NA,NA,NYI,Full-season play-by-play benchmark,Defensemen,All situations,Team applications,473,492,0.9613821138211384,-0.00661776233283134,0.4901365651170869,29.813953488372093,229,233.46120998670813,-4.461209986708127,New York Islanders,-0.03041887804454016,-0.256394678899951,NA,NA,NA,NA,NA
20212022,3,Defensemen,NA,NA,NA,NYR,Full-season play-by-play benchmark,Defensemen,All situations,Team applications,458,494,0.9271255060728744,0.14668107427205132,0.1144519327247666,23.975982532751093,250,241.66451445728308,8.335485542716924,New York Rangers,0.36544147901875573,0.2948367025201955,NA,NA,NA,NA,NA
20212022,4,Defensemen,NA,NA,NA,PHI,Full-season play-by-play benchmark,Defensemen,All situations,Team applications,462,496,0.9314516129032258,-0.74044401033073,0.24601743329941292,28.11904761904762,210,231.9000020532112,-21.90000205321121,Philadelphia Flyers,-1.925362942777348,-1.0075893462274064,NA,NA,NA,NA,NA
20212022,5,Defensemen,NA,NA,NA,PIT,Full-season play-by-play benchmark,Defensemen,All situations,Team applications,485,494,0.9817813765182186,0.30404164808394835,-0.3549734868291593,28.3340206185567,269,279.0047859994229,-10.004785999422891,Pittsburgh Penguins,0.7717903745254984,-0.49519015984812065,NA,NA,NA,NA,NA
20212022,6,Defensemen,NA,NA,NA,BOS,Full-season play-by-play benchmark,Defensemen,All situations,Team applications,467,492,0.9491869918699188,0.14537815168600748,0.03631589496742898,26.010706638115632,253,258.0056680915295,-5.005668091529515,Boston Bruins,0.3620769694663022,-0.27984779557026473,NA,NA,NA,NA,NA
20212022,7,Defensemen,NA,NA,NA,BUF,Full-season play-by-play benchmark,Defensemen,All situations,Team applications,482,495,0.9737373737373738,-0.3458130783583275,-0.4113543856541763,24.213692946058092,229,207.2916583137121,21.708341686287895,Buffalo Sabres,-0.9063157986593552,0.8708868201934038,NA,NA,NA,NA,NA
20212022,8,Defensemen,NA,NA,NA,MTL,Full-season play-by-play benchmark,Defensemen,All situations,Team applications,459,493,0.9310344827586208,0.2489299167757778,0.01705349873865716,27.941176470588236,218,230.8339450833737,-12.833945083373692,Montréal Canadiens,0.6294765115034359,-0.6170592210067262,NA,NA,NA,NA,NA
20212022,9,Defensemen,NA,NA,NA,OTT,Full-season play-by-play benchmark,Defensemen,All situations,Team applications,459,492,0.9329268292682928,0.27017993674035984,-0.1982945707538571,27.183006535947712,224,241.66884897090495,-17.668848970904946,Ottawa Senators,0.6843499905009515,-0.8253278902760054,NA,NA,NA,NA,NA
20212022,10,Defensemen,NA,NA,NA,TOR,Full-season play-by-play benchmark,Defensemen,All situations,Team applications,486,494,0.9838056680161944,-0.25221951008231636,-0.14043226333317443,27.33127572016461,312,287.06651682558004,24.93348317441996,Toronto Maple Leafs,-0.6646310985199565,1.009813248011472,NA,NA,NA,NA,NA
20212022,12,Defensemen,NA,NA,NA,CAR,Full-season play-by-play benchmark,Defensemen,All situations,Team applications,473,495,0.9555555555555556,-0.0239629627290949,0.20140255020021175,27.482029598308667,277,294.5139533057809,-17.513953305780888,Carolina Hurricanes,-0.07520902371209456,-0.8186555934110847,NA,NA,NA,NA,NA
20212022,13,Defensemen,NA,NA,NA,FLA,Full-season play-by-play benchmark,Defensemen,All situations,Team applications,460,494,0.931174089068826,0.8345993207189016,-0.1662186588824466,27.03913043478261,337,316.5431065890007,20.456893410999328,Florida Panthers,2.1418382782370804,0.8169793438471121,NA,NA,NA,NA,NA
20212022,14,Defensemen,NA,NA,NA,TBL,Full-season play-by-play benchmark,Defensemen,All situations,Team applications,481,496,0.969758064516129,-0.18090762015914935,1.1317505321673895,27.8004158004158,285,276.29479461116716,8.705205388832837,Tampa Bay Lightning,-0.4804839071058228,0.31076278133048624,NA,NA,NA,NA,NA
20212022,15,Defensemen,NA,NA,NA,WSH,Full-season play-by-play benchmark,Defensemen,All situations,Team applications,455,496,0.9173387096774194,-0.4322186864670404,0.09082015865675702,28.93846153846154,270,252.75507079361705,17.24492920638295,Washington Capitals,-1.129439180647871,0.6786205416460648,NA,NA,NA,NA,NA
20212022,16,Defensemen,NA,NA,NA,CHI,Full-season play-by-play benchmark,Defensemen,All situations,Team applications,441,496,0.8891129032258065,0.6036856973007672,-0.05130301099440233,26.87074829931973,213,219.8557615493191,-6.855761549319141,Chicago Blackhawks,1.5455548918687674,-0.35954255506100424,NA,NA,NA,NA,NA
20212022,17,Defensemen,NA,NA,NA,DET,Full-season play-by-play benchmark,Defensemen,All situations,Team applications,488,501,0.9740518962075848,-0.37265001095213934,-0.303808679145446,26.485655737704917,227,235.7561501231976,-8.756150123197585,Detroit Red Wings,-0.9756162444706418,-0.4414038306071251,NA,NA,NA,NA,NA
20212022,18,Defensemen,NA,NA,NA,NSH,Full-season play-by-play benchmark,Defensemen,All situations,Team applications,461,494,0.9331983805668016,0.10494804109007774,-0.01118029582857172,27.63774403470716,262,238.70826343394583,23.29173656605417,Nashville Predators,0.2576751463926917,0.9390932524633732,NA,NA,NA,NA,NA
20212022,19,Defensemen,NA,NA,NA,STL,Full-season play-by-play benchmark,Defensemen,All situations,Team applications,469,506,0.9268774703557312,0.24733100687822673,0.35673331559879495,29.04051172707889,309,252.91697181400377,56.08302818599623,St. Louis Blues,0.6253476801504102,2.351613300052851,NA,NA,NA,NA,NA
20212022,20,Defensemen,NA,NA,NA,CGY,Full-season play-by-play benchmark,Defensemen,All situations,Team applications,470,493,0.9533468559837728,-0.6520032806205671,0.567525305665004,26.365957446808512,291,288.87352695842856,2.126473041571444,Calgary Flames,-1.6969843091400951,0.02737683130646211,NA,NA,NA,NA,NA
20212022,21,Defensemen,NA,NA,NA,COL,Full-season play-by-play benchmark,Defensemen,All situations,Team applications,450,461,0.9761388286334056,0.12484907881516503,-0.22598493030522993,27.44,308,274.3909461097792,33.60905389022082,Colorado Avalanche,0.3090651769647323,1.3835227591335155,NA,NA,NA,NA,NA
20212022,22,Defensemen,NA,NA,NA,EDM,Full-season play-by-play benchmark,Defensemen,All situations,Team applications,469,509,0.9214145383104124,0.1857774540468798,-0.1391104849614778,27.771855010660985,285,288.7029840827454,-3.702984082745388,Edmonton Oilers,0.4663992370833912,-0.22373328506520224,NA,NA,NA,NA,NA
20212022,23,Defensemen,NA,NA,NA,VAN,Full-season play-by-play benchmark,Defensemen,All situations,Team applications,476,496,0.9596774193548387,0.01500885982782994,-0.19403066560607868,28.50420168067227,246,256.8406459814869,-10.840645981486889,Vancouver Canucks,0.02542709287210857,-0.531195724841637,NA,NA,NA,NA,NA
20212022,24,Defensemen,NA,NA,NA,ANA,Full-season play-by-play benchmark,Defensemen,All situations,Team applications,473,497,0.9517102615694164,-0.2506099711533953,0.04429219816134402,26.236786469344608,228,226.7520218935097,1.2479781064903364,Anaheim Ducks,-0.6604748200430872,-0.01046528000437236,NA,NA,NA,NA,NA
20212022,25,Defensemen,NA,NA,NA,DAL,Full-season play-by-play benchmark,Defensemen,All situations,Team applications,492,492,1,-0.5843892411214663,0.15434043547989448,28.71951219512195,233,265.43399579578545,-32.43399579578545,Dallas Stars,-1.5223859989937982,-1.4613524219556968,NA,NA,NA,NA,NA
20212022,26,Defensemen,NA,NA,NA,LAK,Full-season play-by-play benchmark,Defensemen,All situations,Team applications,471,493,0.9553752535496958,-0.3611255357439515,-0.18658423234734625,24.94904458598726,235,275.26107000454795,-40.261070004547946,Los Angeles Kings,-0.9458568348631262,-1.7985120362212088,NA,NA,NA,NA,NA
20212022,28,Defensemen,NA,NA,NA,SJS,Full-season play-by-play benchmark,Defensemen,All situations,Team applications,484,494,0.979757085020243,0.3774255902003043,0.13265281881676244,28.762396694214875,211,225.0262493276969,-14.02624932769686,San Jose Sharks,0.9612881826776032,-0.6684190048009173,NA,NA,NA,NA,NA
20212022,29,Defensemen,NA,NA,NA,CBJ,Full-season play-by-play benchmark,Defensemen,All situations,Team applications,471,493,0.9553752535496958,-0.18214015448728135,0.0968725949901382,24.144373673036092,258,237.3269344860455,20.673065513954494,Columbus Blue Jackets,-0.4836666545423519,0.826291188976386,NA,NA,NA,NA,NA
20212022,30,Defensemen,NA,NA,NA,MIN,Full-season play-by-play benchmark,Defensemen,All situations,Team applications,476,494,0.9635627530364372,-0.1762325654430662,-0.6635855166037096,30.340336134453786,305,241.7807214269997,63.21927857300034,Minnesota Wild,-0.4684116117760865,2.6590149374476786,NA,NA,NA,NA,NA
20212022,52,Defensemen,NA,NA,NA,WPG,Full-season play-by-play benchmark,Defensemen,All situations,Team applications,446,503,0.8866799204771372,0.5978348639200306,0.0041228133490856,27.34977578475336,250,276.57324642979074,-26.573246429790743,Winnipeg Jets,1.530446408056944,-1.208894358720081,NA,NA,NA,NA,NA
20212022,53,Defensemen,NA,NA,NA,ARI,Full-season play-by-play benchmark,Defensemen,All situations,Team applications,470,492,0.9552845528455284,0.4894951079993274,-0.6623572493383725,26.146808510638294,206,201.05189139879076,4.948108601209242,Arizona Coyotes,1.2506829381393,0.14892180858804893,NA,NA,NA,NA,NA
20212022,54,Defensemen,NA,NA,NA,VGK,Full-season play-by-play benchmark,Defensemen,All situations,Team applications,482,501,0.9620758483033932,-0.1911296214524369,0.5696957783327293,27.02489626556017,262,278.1251663901494,-16.12516639014939,Vegas Golden Knights,-0.5068799657549291,-0.7588321078681595,NA,NA,NA,NA,NA
20212022,55,Defensemen,NA,NA,NA,SEA,Full-season play-by-play benchmark,Defensemen,All situations,Team applications,471,493,0.9553752535496958,0.4856917451814773,0.6428732226164969,27.309978768577498,213,219.2981612831354,-6.298161283135414,Seattle Kraken,1.2408615944392434,-0.3355233256980855,NA,NA,NA,NA,NA
20222023,1,Defensemen,NA,NA,NA,NJD,Full-season play-by-play benchmark,Defensemen,All situations,Team applications,487,499,0.9759519038076152,-0.5037774618469409,0.6783561839424921,27.21971252566735,289,318.68618467915803,-29.686184679158032,New Jersey Devils,-1.3850404518400783,-0.9361930135174829,NA,NA,NA,NA,NA
20222023,2,Defensemen,NA,NA,NA,NYI,Full-season play-by-play benchmark,Defensemen,All situations,Team applications,450,492,0.9146341463414634,-0.3372473833855826,0.06480754772835497,25.63111111111111,242,261.52982503338717,-19.52982503338717,New York Islanders,-0.9122430410797562,-0.4384084823824595,NA,NA,NA,NA,NA
20222023,3,Defensemen,NA,NA,NA,NYR,Full-season play-by-play benchmark,Defensemen,All situations,Team applications,461,493,0.9350912778904664,0.7911467970909577,0.20012584783258988,24.24295010845987,273,274.0062431639526,-1.006243163952604,New York Rangers,2.2913935138031367,0.4694711947277588,NA,NA,NA,NA,NA
20222023,4,Defensemen,NA,NA,NA,PHI,Full-season play-by-play benchmark,Defensemen,All situations,Team applications,489,506,0.966403162055336,-0.5905155898786227,0.08371943675239447,26.842535787321065,220,229.80299061583355,-9.80299061583355,Philadelphia Flyers,-1.63129964253092,0.0383241146151372,NA,NA,NA,NA,NA
20222023,5,Defensemen,NA,NA,NA,PIT,Full-season play-by-play benchmark,Defensemen,All situations,Team applications,482,495,0.9737373737373738,0.4263301305809496,-0.2408095036637069,29.935684647302903,261,298.3529922958696,-37.352992295869626,Pittsburgh Penguins,1.2556384302662786,-1.3119593675945929,NA,NA,NA,NA,NA
20222023,6,Defensemen,NA,NA,NA,BOS,Full-season play-by-play benchmark,Defensemen,All situations,Team applications,452,494,0.9149797570850202,-0.1802060187960953,0.03565962459689104,27.128318584070797,300,280.21687240875326,19.78312759124674,Boston Bruins,-0.466385144138898,1.4884019469760084,NA,NA,NA,NA,NA
20222023,7,Defensemen,NA,NA,NA,BUF,Full-season play-by-play benchmark,Defensemen,All situations,Team applications,474,492,0.9634146341463414,-0.7082295153156183,0.0062423061780449,23.09071729957806,293,280.4947051394265,12.505294860573484,Buffalo Sabres,-1.965502566538785,1.1317000695443784,NA,NA,NA,NA,NA
20222023,8,Defensemen,NA,NA,NA,MTL,Full-season play-by-play benchmark,Defensemen,All situations,Team applications,493,503,0.9801192842942346,0.1387844202506154,0.2874873198608081,25.543610547667345,227,225.45514036039825,1.544859639601782,Montréal Canadiens,0.4392641837906447,0.5945061046005451,NA,NA,NA,NA,NA
20222023,9,Defensemen,NA,NA,NA,OTT,Full-season play-by-play benchmark,Defensemen,All situations,Team applications,471,492,0.9573170731707316,0.05881292746940062,-0.3887093927062969,26.626326963906585,259,296.4590098041808,-37.45900980418082,Ottawa Senators,0.21221622302018447,-1.317155508486351,NA,NA,NA,NA,NA
20222023,10,Defensemen,NA,NA,NA,TOR,Full-season play-by-play benchmark,Defensemen,All situations,Team applications,470,505,0.9306930693069309,-0.03700108674747197,-0.304787064920379,29.070212765957447,278,293.156301809242,-15.156301809241995,Toronto Maple Leafs,-0.05981041778153483,-0.22405291764566135,NA,NA,NA,NA,NA
20222023,12,Defensemen,NA,NA,NA,CAR,Full-season play-by-play benchmark,Defensemen,All situations,Team applications,475,495,0.9595959595959596,-0.8120479138288581,0.2567731146306728,29.43578947368421,262,300.3086688708281,-38.308668870828114,Carolina Hurricanes,-2.260254544438878,-1.3587990850105205,NA,NA,NA,NA,NA
20222023,13,Defensemen,NA,NA,NA,FLA,Full-season play-by-play benchmark,Defensemen,All situations,Team applications,473,495,0.9555555555555556,-0.2365320146652822,-0.1752505728054247,28.456659619450317,288,323.2994350012159,-35.2994350012159,Florida Panthers,-0.6263009098161932,-1.2113102087688938,NA,NA,NA,NA,NA
20222023,14,Defensemen,NA,NA,NA,TBL,Full-season play-by-play benchmark,Defensemen,All situations,Team applications,473,501,0.9441117764471058,-0.27001503121589043,1.1240416385669338,27.602536997885835,280,288.29471665614983,-8.29471665614983,Tampa Bay Lightning,-0.721362917087426,0.11224779121091026,NA,NA,NA,NA,NA
20222023,15,Defensemen,NA,NA,NA,WSH,Full-season play-by-play benchmark,Defensemen,All situations,Team applications,475,492,0.9654471544715448,-0.18916038106928443,-0.07017119905205613,29.26736842105263,253,261.5152053562924,-8.515205356292427,Washington Capitals,-0.4918075743502433,0.10144117663156584,NA,NA,NA,NA,NA
20222023,16,Defensemen,NA,NA,NA,CHI,Full-season play-by-play benchmark,Defensemen,All situations,Team applications,446,498,0.8955823293172691,0.5135084309640974,0.2589507938402742,28.27354260089686,202,217.51259401347488,-15.512594013474882,Chicago Blackhawks,1.5031473192097378,-0.2415155473689977,NA,NA,NA,NA,NA
20222023,17,Defensemen,NA,NA,NA,DET,Full-season play-by-play benchmark,Defensemen,All situations,Team applications,485,494,0.9817813765182186,0.0900192771796622,-0.09004705134470266,26.296907216494844,237,241.93372468685263,-4.933724686852656,Detroit Red Wings,0.3008145199681823,0.2769770711829754,NA,NA,NA,NA,NA
20222023,18,Defensemen,NA,NA,NA,NSH,Full-season play-by-play benchmark,Defensemen,All situations,Team applications,455,493,0.922920892494929,-0.1732954745882239,0.03366372407625467,28.446153846153845,223,258.1645367091987,-35.16453670919873,Nashville Predators,-0.446765340685887,-1.2046985599710252,NA,NA,NA,NA,NA
20222023,19,Defensemen,NA,NA,NA,STL,Full-season play-by-play benchmark,Defensemen,All situations,Team applications,490,498,0.9839357429718876,0.10156251683804098,-0.00585401349679165,29.43877551020408,260,232.89598503743764,27.10401496256236,St. Louis Blues,0.33358706095712887,1.8472140228303844,NA,NA,NA,NA,NA
20222023,20,Defensemen,NA,NA,NA,CGY,Full-season play-by-play benchmark,Defensemen,All situations,Team applications,466,493,0.9452332657200812,-0.3104702812640049,0.4058515245021773,27.721030042918457,258,292.29205483430997,-34.292054834309965,Calgary Flames,-0.8362198705647413,-1.1619363896498751,NA,NA,NA,NA,NA
20222023,21,Defensemen,NA,NA,NA,COL,Full-season play-by-play benchmark,Defensemen,All situations,Team applications,489,489,1,0.21493769551508837,-0.6188119003068916,27.901840490797547,274,268.36608305596747,5.633916944032535,Colorado Avalanche,0.6554718004484098,0.79491939677043,NA,NA,NA,NA,NA
20222023,22,Defensemen,NA,NA,NA,EDM,Full-season play-by-play benchmark,Defensemen,All situations,Team applications,490,527,0.9297912713472486,0.04940477160527282,0.18499600251297335,26.56938775510204,325,315.14269492414314,9.857305075856855,Edmonton Oilers,0.18550542234268816,1.001916525104381,NA,NA,NA,NA,NA
20222023,23,Defensemen,NA,NA,NA,VAN,Full-season play-by-play benchmark,Defensemen,All situations,Team applications,410,492,0.8333333333333334,0.09455228204184628,-0.04344458693044166,27.63658536585366,270,257.85581388056744,12.14418611943256,Vancouver Canucks,0.31368422483835623,1.1140013712246075,NA,NA,NA,NA,NA
20222023,24,Defensemen,NA,NA,NA,ANA,Full-season play-by-play benchmark,Defensemen,All situations,Team applications,484,502,0.9641434262948207,0.17734257648980267,-0.11947707227215844,28.673553719008265,206,221.82171047187876,-15.82171047187876,Anaheim Ducks,0.5487350769891358,-0.2566659946433581,NA,NA,NA,NA,NA
20222023,25,Defensemen,NA,NA,NA,DAL,Full-season play-by-play benchmark,Defensemen,All situations,Team applications,490,496,0.9879032258064516,-0.15222021007646658,0.09520048314086428,28.620408163265303,281,283.8532611806877,-2.8532611806876957,Dallas Stars,-0.38693032118483106,0.37894495998170336,NA,NA,NA,NA,NA
20222023,26,Defensemen,NA,NA,NA,LAK,Full-season play-by-play benchmark,Defensemen,All situations,Team applications,466,493,0.9452332657200812,0.14450558676358502,-0.2248647011039887,27.783261802575108,274,265.24280112504493,8.757198874955066,Los Angeles Kings,0.4555072117100025,0.9479980081835412,NA,NA,NA,NA,NA
20222023,28,Defensemen,NA,NA,NA,SJS,Full-season play-by-play benchmark,Defensemen,All situations,Team applications,454,498,0.9116465863453816,0.1358791285713085,-0.30294083632788915,29.707048458149774,233,260.8229585214285,-27.82295852142852,San Jose Sharks,0.4310157376470337,-0.8448723837177983,NA,NA,NA,NA,NA
20222023,29,Defensemen,NA,NA,NA,CBJ,Full-season play-by-play benchmark,Defensemen,All situations,Team applications,464,495,0.9373737373737374,0.2407249846077027,0.00330141115179295,25.092672413793103,213,247.04210475541183,-34.042104755411856,Columbus Blue Jackets,0.7286847817077985,-1.1496858109808472,NA,NA,NA,NA,NA
20222023,30,Defensemen,NA,NA,NA,MIN,Full-season play-by-play benchmark,Defensemen,All situations,Team applications,495,499,0.9919839679358716,0.00929033650971096,-0.8867898177308394,28.88888888888889,239,266.2137668542564,-27.21376685425639,Minnesota Wild,0.07161608041401361,-0.8150146198150683,NA,NA,NA,NA,NA
20222023,52,Defensemen,NA,NA,NA,WPG,Full-season play-by-play benchmark,Defensemen,All situations,Team applications,451,494,0.9129554655870444,0.093518789905304045,-0.22266425176293317,28.13082039911308,246,277.3835663497448,-31.383566349744797,Winnipeg Jets,0.3107500257392325,-1.0193852564587855,NA,NA,NA,NA,NA
20222023,53,Defensemen,NA,NA,NA,ARI,Full-season play-by-play benchmark,Defensemen,All situations,Team applications,504,530,0.9509433962264152,-0.07252578540039073,-0.16879364556775006,25.853174603174605,225,217.84931838384364,7.150681616156362,Arizona Coyotes,-0.160668987574607,0.8692592210272168,NA,NA,NA,NA,NA
20222023,54,Defensemen,NA,NA,NA,VGK,Full-season play-by-play benchmark,Defensemen,All situations,Team applications,458,492,0.9308943089430894,0.3236187085075489,0.6539307172991438,29.028384279475983,267,271.47023484588135,-4.47023484588135,Vegas Golden Knights,0.9640292815737636,0.2996936823724797,NA,NA,NA,NA,NA
20222023,55,Defensemen,NA,NA,NA,SEA,Full-season play-by-play benchmark,Defensemen,All situations,Team applications,477,492,0.9695121951219512,0.45940118639159183,0.4353568140736593,27.928721174004192,289,258.2760124122724,30.723987587727606,Seattle Kraken,1.3495308351870503,2.024636489027694,NA,NA,NA,NA,NA
20232024,1,Defensemen,NA,NA,NA,NJD,Full-season play-by-play benchmark,Defensemen,All situations,Team applications,491,507,0.9684418145956608,-0.7227109640329635,0.17578875760007873,25.20977596741344,264,265.21114167012274,-1.2111416701227429,New Jersey Devils,-1.5435434678671132,0.01581530407047246,NA,NA,NA,NA,NA
20232024,2,Defensemen,NA,NA,NA,NYI,Full-season play-by-play benchmark,Defensemen,All situations,Team applications,491,493,0.995943204868154,0.07647902062169719,0.08284436108501742,26.643584521384927,245,239.00004574470225,5.99995425529778,New York Islanders,0.24264896351178447,0.45297598902141273,NA,NA,NA,NA,NA
20232024,3,Defensemen,NA,NA,NA,NYR,Full-season play-by-play benchmark,Defensemen,All situations,Team applications,491,493,0.995943204868154,0.31875665761927546,-0.3368508113198026,25.55600814663951,278,274.526844488224,3.473155511775986,New York Rangers,0.7841403357847198,0.29979302198346613,NA,NA,NA,NA,NA
20232024,4,Defensemen,NA,NA,NA,PHI,Full-season play-by-play benchmark,Defensemen,All situations,Team applications,470,508,0.9251968503937008,-0.1242298939790758,-0.07328696870659882,26.872340425531913,231,245.13142410491128,-14.131424104911275,Philadelphia Flyers,-0.2059361677509506,-0.7674553079651556,NA,NA,NA,NA,NA
20232024,5,Defensemen,NA,NA,NA,PIT,Full-season play-by-play benchmark,Defensemen,All situations,Team applications,479,493,0.9716024340770792,0.5360204186483687,-0.4171754808814632,29.636743215031316,252,286.9499645479955,-34.94996454799548,Pittsburgh Penguins,1.269725607140155,-2.029544662191407,NA,NA,NA,NA,NA
20232024,6,Defensemen,NA,NA,NA,BOS,Full-season play-by-play benchmark,Defensemen,All situations,Team applications,479,492,0.9735772357723578,-0.3482868542195463,0.1784137743619309,27.707724425887264,263,253.15878802299267,9.841211977007331,Boston Bruins,-0.7067042632773551,0.6858458432104221,NA,NA,NA,NA,NA
20232024,7,Defensemen,NA,NA,NA,BUF,Full-season play-by-play benchmark,Defensemen,All situations,Team applications,496,499,0.9939879759519038,-0.3121729743144132,0.11081400831277108,24.721774193548388,244,246.67173422395717,-2.6717342239571735,Buffalo Sabres,-0.6259896144543358,-0.07273068781095814,NA,NA,NA,NA,NA
20232024,8,Defensemen,NA,NA,NA,MTL,Full-season play-by-play benchmark,Defensemen,All situations,Team applications,492,495,0.993939393939394,0.17870067074390325,0.1936997385380191,24.821138211382113,232,232.98931044293568,-0.9893104429356754,Montréal Canadiens,0.4711147116783414,0.02926345289882835,NA,NA,NA,NA,NA
20232024,9,Defensemen,NA,NA,NA,OTT,Full-season play-by-play benchmark,Defensemen,All situations,Team applications,477,497,0.959758551307847,-0.00964407620523712,-0.41122674171038937,25.07756813417191,250,263.88896776607726,-13.888967766077258,Ottawa Senators,0.05016353867797002,-0.7527567960813056,NA,NA,NA,NA,NA
20232024,10,Defensemen,NA,NA,NA,TOR,Full-season play-by-play benchmark,Defensemen,All situations,Team applications,471,494,0.9534412955465588,0.1642489909773874,-0.02653393210209131,29.191082802547772,298,276.84323495905846,21.156765040941536,Toronto Maple Leafs,0.4388151564845704,1.371832408801659,NA,NA,NA,NA,NA
20232024,12,Defensemen,NA,NA,NA,CAR,Full-season play-by-play benchmark,Defensemen,All situations,Team applications,498,501,0.994011976047904,-1.0216675709706218,0.27642081130788365,30.42168674698795,277,274.8649127697572,2.135087230242789,Carolina Hurricanes,-2.211712537645316,0.21867486012347565,NA,NA,NA,NA,NA
20232024,13,Defensemen,NA,NA,NA,FLA,Full-season play-by-play benchmark,Defensemen,All situations,Team applications,492,493,0.9979716024340772,-0.68097407306814,-0.0912391417194534,28.74390243902439,265,288.13260183949023,-23.132601839490235,Florida Panthers,-1.450261369514907,-1.3131367223452062,NA,NA,NA,NA,NA
20232024,14,Defensemen,NA,NA,NA,TBL,Full-season play-by-play benchmark,Defensemen,All situations,Team applications,482,502,0.9601593625498008,-0.4497309652345447,0.6446787346456411,27.558091286307057,288,265.04321260773577,22.956787392264232,Tampa Bay Lightning,-0.9334322087999068,1.4809557670497804,NA,NA,NA,NA,NA
20232024,15,Defensemen,NA,NA,NA,WSH,Full-season play-by-play benchmark,Defensemen,All situations,Team applications,471,492,0.9573170731707316,-0.3790690865876539,0.18413516705605185,28.54140127388535,216,234.66755936015397,-18.667559360153973,Washington Capitals,-0.775502661070865,-1.0424509557447772,NA,NA,NA,NA,NA
20232024,16,Defensemen,NA,NA,NA,CHI,Full-season play-by-play benchmark,Defensemen,All situations,Team applications,488,494,0.9878542510121456,0.6157700405514248,0.5892520144499727,25.42622950819672,178,207.03878028108736,-29.038780281087384,Chicago Blackhawks,1.4479662930643176,-1.6711889573555896,NA,NA,NA,NA,NA
20232024,17,Defensemen,NA,NA,NA,DET,Full-season play-by-play benchmark,Defensemen,All situations,Team applications,486,502,0.9681274900398408,0.10195096502169047,0.01200429877462728,29.25925925925926,275,242.90823535667732,32.091764643322676,Detroit Red Wings,0.2995788489875543,2.034748554357777,NA,NA,NA,NA,NA
20232024,18,Defensemen,NA,NA,NA,NSH,Full-season play-by-play benchmark,Defensemen,All situations,Team applications,488,497,0.9818913480885312,0.4675260580758923,-0.2849226548941966,29.5594262295082,266,275.3430297985906,-9.343029798590578,Nashville Predators,1.1166404699439467,-0.47716687519212114,NA,NA,NA,NA,NA
20232024,19,Defensemen,NA,NA,NA,STL,Full-season play-by-play benchmark,Defensemen,All situations,Team applications,489,495,0.987878787878788,0.5812886035551896,-0.2141467731619481,29.721881390593047,234,245.26194957713597,-11.261949577135963,St. Louis Blues,1.3709001598940458,-0.5934981920170167,NA,NA,NA,NA,NA
20232024,20,Defensemen,NA,NA,NA,CGY,Full-season play-by-play benchmark,Defensemen,All situations,Team applications,460,493,0.9330628803245437,0.6020102333590266,-0.06533162782170981,27.48695652173913,253,256.3918082844466,-3.391808284446597,Calgary Flames,1.4172130755112786,-0.1163839788993864,NA,NA,NA,NA,NA
20232024,21,Defensemen,NA,NA,NA,COL,Full-season play-by-play benchmark,Defensemen,All situations,Team applications,495,495,1,0.1381530686767436,-0.524267911497847,28.032323232323233,302,273.5228981997352,28.47710180026479,Colorado Avalanche,0.3804906782024716,1.8156156374363104,NA,NA,NA,NA,NA
20232024,22,Defensemen,NA,NA,NA,EDM,Full-season play-by-play benchmark,Defensemen,All situations,Team applications,487,500,0.974,-0.1707236249195263,0.5784694079294225,28.164271047227928,292,311.73719950870145,-19.73719950870145,Edmonton Oilers,-0.3098498202078004,-1.107296108940097,NA,NA,NA,NA,NA
20232024,23,Defensemen,NA,NA,NA,VAN,Full-season play-by-play benchmark,Defensemen,All situations,Team applications,466,493,0.9452332657200812,-0.5949623507078127,0.4224740059105729,28.283261802575108,279,266.89083566784393,12.10916433215607,Vancouver Canucks,-1.2580248670063496,0.8233366788984942,NA,NA,NA,NA,NA
20232024,24,Defensemen,NA,NA,NA,ANA,Full-season play-by-play benchmark,Defensemen,All situations,Team applications,482,494,0.9757085020242916,0.14404621657992212,-0.15009679555564212,25.815352697095435,203,208.47842640028105,-5.478426400281023,Anaheim Ducks,0.3936618845285899,-0.24288172822672224,NA,NA,NA,NA,NA
20232024,25,Defensemen,NA,NA,NA,DAL,Full-season play-by-play benchmark,Defensemen,All situations,Team applications,488,494,0.9878542510121456,-0.508218654685634,0.1870826159975345,28.540983606557376,294,274.41372237261385,19.586277627386153,Dallas Stars,-1.0641524007846923,1.2766242240101546,NA,NA,NA,NA,NA
20232024,26,Defensemen,NA,NA,NA,LAK,Full-season play-by-play benchmark,Defensemen,All situations,Team applications,467,508,0.9192913385826772,0.11776551104391292,-0.1323760515057022,26.991434689507496,254,255.71127338451333,-1.7112733845133334,Los Angeles Kings,0.33492441506442805,-0.01450434846083519,NA,NA,NA,NA,NA
20232024,28,Defensemen,NA,NA,NA,SJS,Full-season play-by-play benchmark,Defensemen,All situations,Team applications,495,524,0.9446564885496184,0.6836660526440753,-0.630363423057087,27.234343434343433,180,198.98824187903665,-18.98824187903665,San Jose Sharks,1.5997141193000366,-1.061891799557761,NA,NA,NA,NA,NA
20232024,29,Defensemen,NA,NA,NA,CBJ,Full-season play-by-play benchmark,Defensemen,All situations,Team applications,470,494,0.951417004048583,-0.4078237668294067,0.23511150131532055,26.19148936170213,234,237.111606471939,-3.1116064719390124,Columbus Blue Jackets,-0.8397694727185773,-0.09939721051533287,NA,NA,NA,NA,NA
20232024,30,Defensemen,NA,NA,NA,MIN,Full-season play-by-play benchmark,Defensemen,All situations,Team applications,490,502,0.9760956175298804,0.3036214595578163,-0.17443713932910984,28.514285714285716,248,254.8366779179778,-6.836677917977795,Minnesota Wild,0.7503131147936047,-0.32522346517669193,NA,NA,NA,NA,NA
20232024,52,Defensemen,NA,NA,NA,WPG,Full-season play-by-play benchmark,Defensemen,All situations,Team applications,495,495,1,0.47299625512530186,-0.08254979291236872,28.68080808080808,259,254.8111140873516,4.188885912648402,Winnipeg Jets,1.128866379621767,0.3431829859392362,NA,NA,NA,NA,NA
20232024,53,Defensemen,NA,NA,NA,ARI,Full-season play-by-play benchmark,Defensemen,All situations,Team applications,495,506,0.9782608695652174,-0.3380266754215251,-0.30748594916800687,25.484848484848484,254,245.11468723404687,8.885312765953131,Arizona Coyotes,-0.6837727275155064,0.6278960449869088,NA,NA,NA,NA,NA
20232024,54,Defensemen,NA,NA,NA,VGK,Full-season play-by-play benchmark,Defensemen,All situations,Team applications,489,493,0.9918864097363084,-0.2541775800188704,0.6308214538676441,28.993865030674847,263,246.97094536665827,16.02905463334173,Vegas Golden Knights,-0.4963697038766322,1.0609735023053246,NA,NA,NA,NA,NA
20232024,55,Defensemen,NA,NA,NA,SEA,Full-season play-by-play benchmark,Defensemen,All situations,Team applications,490,492,0.9959349593495936,-0.20741558027512988,0.46557340015315646,28.942857142857143,214,229.49346019991208,-15.49346019991208,Seattle Kraken,-0.3918564696992748,-0.8500264786133581,NA,NA,NA,NA,NA
20242025,1,Defensemen,NA,NA,NA,NJD,Full-season play-by-play benchmark,Defensemen,All situations,Team applications,477,492,0.9695121951219512,-0.29797620059716007,0.7110824630269567,27.80712788259958,240,256.4209836751688,-16.420983675168827,New Jersey Devils,-0.7907177989245399,-1.3217844186194796,2732,194,0.05920016483638874,0.05814082586007269,0.00105933897631604
20242025,2,Defensemen,NA,NA,NA,NYI,Full-season play-by-play benchmark,Defensemen,All situations,Team applications,464,496,0.935483870967742,0.1278650182150968,0.1225725783252586,26.775862068965516,221,230.2642807746888,-9.264280774688814,New York Islanders,0.3505707244304593,-0.9299242818774625,NA,NA,NA,NA,NA
20242025,3,Defensemen,NA,NA,NA,NYR,Full-season play-by-play benchmark,Defensemen,All situations,Team applications,483,492,0.9817073170731708,0.15862222761834605,-0.2015476499054942,25.17184265010352,255,237.1185143982293,17.88148560177069,New York Rangers,0.433002505459695,0.5564226955180653,NA,NA,NA,NA,NA
20242025,4,Defensemen,NA,NA,NA,PHI,Full-season play-by-play benchmark,Defensemen,All situations,Team applications,486,493,0.9858012170385396,0.5436038658873337,-0.1840888608749915,26.376543209876544,232,223.5725924328144,8.427407567185583,Philadelphia Flyers,1.464784085186272,0.03877143027499617,NA,NA,NA,NA,NA
20242025,5,Defensemen,NA,NA,NA,PIT,Full-season play-by-play benchmark,Defensemen,All situations,Team applications,492,493,0.9979716024340772,-0.0056255108150806,-0.4567196176339456,29.87195121951219,241,233.52691373723792,7.473086262762081,Pittsburgh Penguins,-0.00719456936534118,-0.01348174860464285,NA,NA,NA,NA,NA
20242025,6,Defensemen,NA,NA,NA,BOS,Full-season play-by-play benchmark,Defensemen,All situations,Team applications,459,492,0.9329268292682928,0.05755368866050655,0.8538293488564428,26.679738562091504,222,227.92247246796617,-5.922472467966145,Boston Bruins,0.16213073802824268,-0.7469459637541654,NA,NA,NA,NA,NA
20242025,7,Defensemen,NA,NA,NA,BUF,Full-season play-by-play benchmark,Defensemen,All situations,Team applications,499,502,0.99402390438247,-0.02035420266498006,0.03818609359045362,24.519038076152302,265,230.38576560036745,34.61423439963255,Buffalo Sabres,-0.04666864146011775,1.4726123603929604,NA,NA,NA,NA,NA
20242025,8,Defensemen,NA,NA,NA,MTL,Full-season play-by-play benchmark,Defensemen,All situations,Team applications,486,493,0.9858012170385396,0.6555759076856476,-0.3911561508775576,25.46090534979424,243,244.12935218258644,-1.1293521825864443,Montréal Canadiens,1.7648781122451755,-0.48450209867156585,2566,192,0.06511504569471815,0.05906075317579962,0.00605429251891853
20242025,9,Defensemen,NA,NA,NA,OTT,Full-season play-by-play benchmark,Defensemen,All situations,Team applications,495,497,0.9959758551307848,-0.2688694275841952,-0.01095195470994751,27.02828282828283,242,229.8123280474392,12.187671952560777,Ottawa Senators,-0.7127093194160276,0.2446620109976402,2715,204,0.05409129132809542,0.04746589921449092,0.0066253921136045
20242025,10,Defensemen,NA,NA,NA,TOR,Full-season play-by-play benchmark,Defensemen,All situations,Team applications,486,491,0.989816700610998,-0.40846425701559314,0.2561468817343497,29.67489711934156,267,240.13056628161576,26.869433718384244,Toronto Maple Leafs,-1.086834626482633,1.048551351266806,2672,411,0.0569249581793976,0.04901456869198258,0.00791038948741501
20242025,12,Defensemen,NA,NA,NA,CAR,Full-season play-by-play benchmark,Defensemen,All situations,Team applications,469,498,0.9417670682730924,-0.7002350970639817,-0.2142989273014797,31.69722814498934,266,285.60070174804423,-19.60070174804423,Carolina Hurricanes,-1.8688038123816673,-1.495887602189451,3276,603,0.05931807248768572,0.05150707645683856,0.00781099603084715
20242025,13,Defensemen,NA,NA,NA,FLA,Full-season play-by-play benchmark,Defensemen,All situations,Team applications,477,501,0.9520958083832336,-0.26193207385022904,-0.08213532418692168,29.465408805031448,246,259.17682045916445,-13.176820459164446,Florida Panthers,-0.6941166565894632,-1.1441525874376048,3051,821,0.05509898858873667,0.05589513878432192,7.961501955852518e-4
20242025,14,Defensemen,NA,NA,NA,TBL,Full-season play-by-play benchmark,Defensemen,All situations,Team applications,514,523,0.982791586998088,-0.5553512411980998,0.6315457697020447,28.28988326848249,292,263.11102162170573,28.88897837829427,Tampa Bay Lightning,-1.480503491477195,1.1591300713273909,2788,147,0.06120100670282103,0.0570311965785135,0.00416981012430753
20242025,15,Defensemen,NA,NA,NA,WSH,Full-season play-by-play benchmark,Defensemen,All situations,Team applications,467,492,0.9491869918699188,0.03156714262471472,0.15005878380461768,28.32762312633833,286,261.0524300740217,24.94756992597831,Washington Capitals,0.09248471636080724,0.9433210770799024,2816,312,0.0621257050628711,0.06414027158611227,0.00201456652324116
20242025,16,Defensemen,NA,NA,NA,CHI,Full-season play-by-play benchmark,Defensemen,All situations,Team applications,464,492,0.943089430894309,0.13602552964949471,0.3592994142288285,26.717672413793103,224,191.80318977165737,32.196810228342656,Chicago Blackhawks,0.3724415477170413,1.3402480329228932,NA,NA,NA,NA,NA
20242025,17,Defensemen,NA,NA,NA,DET,Full-season play-by-play benchmark,Defensemen,All situations,Team applications,486,493,0.9858012170385396,-0.4928705697206856,0.2177514105601779,28.08641975308642,235,240.63451205732417,-5.634512057324173,Detroit Red Wings,-1.3130502949839618,-0.7311788979056052,NA,NA,NA,NA,NA
20242025,18,Defensemen,NA,NA,NA,NSH,Full-season play-by-play benchmark,Defensemen,All situations,Team applications,494,501,0.9860279441117764,0.6312956304278601,-0.49593900022893816,28.16599190283401,212,241.5028858271544,-29.502885827154387,Nashville Predators,1.6998050273627858,-2.0380745926574324,NA,NA,NA,NA,NA
20242025,19,Defensemen,NA,NA,NA,STL,Full-season play-by-play benchmark,Defensemen,All situations,Team applications,488,492,0.991869918699187,-0.11899053250668146,0.05258595771481236,30.131147540983605,250,218.30341443198267,31.696585568017326,St. Louis Blues,-0.31102189394275853,1.3128585902531875,2569,222,0.05903675452935295,0.05750775129611914,0.0015290032332338
20242025,20,Defensemen,NA,NA,NA,CGY,Full-season play-by-play benchmark,Defensemen,All situations,Team applications,472,492,0.959349593495935,0.6487010069812623,-0.09294802930646678,27.266949152542377,220,219.92388301267056,0.07611698732944205,Calgary Flames,1.746452828532611,-0.41849749846246087,NA,NA,NA,NA,NA
20242025,21,Defensemen,NA,NA,NA,COL,Full-season play-by-play benchmark,Defensemen,All situations,Team applications,470,495,0.9494949494949496,0.4992124938537572,-0.6728241861234511,28.04255319148936,273,265.6111364585522,7.38886354144779,Colorado Avalanche,1.3458116579064243,-0.01809330333172102,2938,305,0.05910811820059144,0.05668474836885685,0.00242336983173459
20242025,22,Defensemen,NA,NA,NA,EDM,Full-season play-by-play benchmark,Defensemen,All situations,Team applications,462,497,0.9295774647887324,0.2887233612014444,-0.2293572651606426,28.28138528138528,259,275.55678782469477,-16.556787824694766,Edmonton Oilers,0.7816839483881408,-1.3292202774700403,3073,858,0.0618688129162882,0.05714382690146602,0.00472498601482217
20242025,23,Defensemen,NA,NA,NA,VAN,Full-season play-by-play benchmark,Defensemen,All situations,Team applications,485,495,0.9797979797979798,-0.13076578537268457,0.11127506536437552,27.849484536082475,233,219.69443421356848,13.305565786431544,Vancouver Canucks,-0.3425805133574219,0.3058714864635388,NA,NA,NA,NA,NA
20242025,24,Defensemen,NA,NA,NA,ANA,Full-season play-by-play benchmark,Defensemen,All situations,Team applications,478,493,0.969574036511156,0.412103492003522,-0.06327591452261581,26.57112970711297,217,226.23056661058217,-9.230566610582173,Anaheim Ducks,1.1123525663467293,-0.928078286991174,NA,NA,NA,NA,NA
20242025,25,Defensemen,NA,NA,NA,DAL,Full-season play-by-play benchmark,Defensemen,All situations,Team applications,491,497,0.9879275653923542,-0.33076570919229126,0.17364929433559775,27.454175152749492,275,263.80110718825017,11.198892811749827,Dallas Stars,-0.8785963043225152,0.1905221179891091,2703,599,0.06416895114299467,0.0616318206793554,0.00253713046363927
20242025,26,Defensemen,NA,NA,NA,LAK,Full-season play-by-play benchmark,Defensemen,All situations,Team applications,479,518,0.9247104247104247,0.07856201240402703,-0.1113370351607281,26.181628392484345,249,237.47737418249017,11.522625817509834,Los Angeles Kings,0.21843472581571177,0.2082478866383164,2958,205,0.05440442657617359,0.05473973476413137,3.353081879577807e-4
20242025,28,Defensemen,NA,NA,NA,SJS,Full-season play-by-play benchmark,Defensemen,All situations,Team applications,458,492,0.9308943089430894,0.02927907812639683,-0.13009655849772803,27.240174672489083,208,202.33294985891553,5.667050141084474,San Jose Sharks,0.08635252051581671,-0.11236996171659724,NA,NA,NA,NA,NA
20242025,29,Defensemen,NA,NA,NA,CBJ,Full-season play-by-play benchmark,Defensemen,All situations,Team applications,482,504,0.9563492063492064,-0.44928366873745257,-0.21947658702055975,27.016597510373444,267,234.91880024873535,32.08119975126465,Columbus Blue Jackets,-1.1962339144571483,1.333917864130563,NA,NA,NA,NA,NA
20242025,30,Defensemen,NA,NA,NA,MIN,Full-season play-by-play benchmark,Defensemen,All situations,Team applications,478,495,0.9656565656565655,-0.00125284186639986,-0.18272516668502925,29.213389121338913,224,220.46838412916983,3.5316158708301373,Minnesota Wild,0.00452453312426605,-0.22929413431140044,2710,197,0.05305916381681104,0.05634570790119091,0.00328654408437986
20242025,52,Defensemen,NA,NA,NA,WPG,Full-season play-by-play benchmark,Defensemen,All situations,Team applications,468,492,0.951219512195122,0.20619408446729187,-0.00971059871393091,28.767094017094017,275,239.96761802531543,35.03238197468454,Winnipeg Jets,0.5604988864061466,1.4955077310988234,2885,440,0.05796958732917465,0.04820750754919242,0.00976207977998223
20242025,54,Defensemen,NA,NA,NA,VGK,Full-season play-by-play benchmark,Defensemen,All situations,Team applications,482,495,0.9737373737373738,-0.2685052261232009,0.6001207437128913,28.71576763485477,274,257.1754171556677,16.824582844332326,Vegas Golden Knights,-0.7117332303733058,0.4985527427182873,3035,424,0.06015656213467876,0.05472690812235188,0.00542965401232688
20242025,55,Defensemen,NA,NA,NA,SEA,Full-season play-by-play benchmark,Defensemen,All situations,Team applications,477,492,0.9695121951219512,0.2170652141771861,0.07351238389992004,27.9853249475891,245,218.1953189129999,26.804681087000063,Seattle Kraken,0.5896343834545802,1.0450058673559246,NA,NA,NA,NA,NA
20242025,59,Defensemen,NA,NA,NA,UTA,Full-season play-by-play benchmark,Defensemen,All situations,Team applications,462,495,0.9333333333333332,-0.5048210133841444,0.30843893425417057,27.746753246753247,240,255.1595890906756,-15.15958909067558,Utah Hockey Club,-1.3450784397468083,-1.252717662427601,NA,NA,NA,NA,NA
20212022,1,Forwards,NA,NA,NA,NJD,Full-season play-by-play benchmark,Forwards,All situations,Team applications,905,984,0.9197154471544716,-0.4648211798840652,-0.3579009837223081,23.593370165745856,245,248.61155546765076,-3.61155546765076,New Jersey Devils,-1.5349101863091357,-0.2197948994340012,NA,NA,NA,NA,NA
20212022,2,Forwards,NA,NA,NA,NYI,Full-season play-by-play benchmark,Forwards,All situations,Team applications,952,983,0.9684638860630722,0.41867792933128506,-0.00421147506476177,28.803571428571427,229,233.46120998670813,-4.461209986708127,New York Islanders,1.5723093283901262,-0.256394678899951,NA,NA,NA,NA,NA
20212022,3,Forwards,NA,NA,NA,NYR,Full-season play-by-play benchmark,Forwards,All situations,Team applications,924,982,0.940936863543788,0.1752310322533055,0.3013344615851164,26.6017316017316,250,241.66451445728308,8.335485542716924,New York Rangers,0.7161195014807477,0.2948367025201955,NA,NA,NA,NA,NA
20212022,4,Forwards,NA,NA,NA,PHI,Full-season play-by-play benchmark,Forwards,All situations,Team applications,909,980,0.9275510204081632,0.2583910192637972,-0.20290269159521485,27.562156215621563,210,231.9000020532112,-21.90000205321121,Philadelphia Flyers,1.008588765779863,-1.0075893462274064,NA,NA,NA,NA,NA
20212022,5,Forwards,NA,NA,NA,PIT,Full-season play-by-play benchmark,Forwards,All situations,Team applications,931,982,0.9480651731160896,-0.142818427215228,-0.11115799771136203,29.225563909774436,269,279.0047859994229,-10.004785999422891,Pittsburgh Penguins,-0.40244358114404344,-0.49519015984812065,NA,NA,NA,NA,NA
20212022,6,Forwards,NA,NA,NA,BOS,Full-season play-by-play benchmark,Forwards,All situations,Team applications,927,983,0.943031536113937,0.01871278343956492,-0.00383434950826151,28.947141316073356,253,258.0056680915295,-5.005668091529515,Boston Bruins,0.16565312064587331,-0.27984779557026473,NA,NA,NA,NA,NA
20212022,7,Forwards,NA,NA,NA,BUF,Full-season play-by-play benchmark,Forwards,All situations,Team applications,901,981,0.9184505606523956,-0.7943497662305562,0.03700791647865763,25.609322974472807,229,207.2916583137121,21.708341686287895,Buffalo Sabres,-2.693844749419714,0.8708868201934038,NA,NA,NA,NA,NA
20212022,8,Forwards,NA,NA,NA,MTL,Full-season play-by-play benchmark,Forwards,All situations,Team applications,891,981,0.908256880733945,0.206351484864462,-0.4226433620347511,25.636363636363637,218,230.8339450833737,-12.833945083373692,Montréal Canadiens,0.8255684829806138,-0.6170592210067262,NA,NA,NA,NA,NA
20212022,9,Forwards,NA,NA,NA,OTT,Full-season play-by-play benchmark,Forwards,All situations,Team applications,917,984,0.931910569105691,0.09462877727957866,0.10166646804044951,24.512540894220283,224,241.66884897090495,-17.668848970904946,Ottawa Senators,0.4326456451170923,-0.8253278902760054,NA,NA,NA,NA,NA
20212022,10,Forwards,NA,NA,NA,TOR,Full-season play-by-play benchmark,Forwards,All situations,Team applications,927,982,0.9439918533604889,-0.2841549361567636,0.08512130491639819,27.44120819848975,312,287.06651682558004,24.93348317441996,Toronto Maple Leafs,-0.8995165879438289,1.009813248011472,NA,NA,NA,NA,NA
20212022,12,Forwards,NA,NA,NA,CAR,Full-season play-by-play benchmark,Forwards,All situations,Team applications,965,979,0.985699693564862,0.09258258660271672,0.06385901612651097,25.98963730569948,277,294.5139533057809,-17.513953305780888,Carolina Hurricanes,0.4254493010171105,-0.8186555934110847,NA,NA,NA,NA,NA
20212022,13,Forwards,NA,NA,NA,FLA,Full-season play-by-play benchmark,Forwards,All situations,Team applications,949,980,0.9683673469387756,-0.16436655172701953,-0.02628349928086261,26.406743940990516,337,316.5431065890007,20.456893410999328,Florida Panthers,-0.4782271923439141,0.8169793438471121,NA,NA,NA,NA,NA
20212022,14,Forwards,NA,NA,NA,TBL,Full-season play-by-play benchmark,Forwards,All situations,Team applications,953,978,0.9744376278118608,-0.01252211168510896,-0.02605121211930334,28.931794333683104,285,276.29479461116716,8.705205388832837,Tampa Bay Lightning,0.05580165089491172,0.31076278133048624,NA,NA,NA,NA,NA
20212022,15,Forwards,NA,NA,NA,WSH,Full-season play-by-play benchmark,Forwards,All situations,Team applications,914,980,0.9326530612244898,-0.315238527688244,0.4024423379534381,28.88512035010941,270,252.75507079361705,17.24492920638295,Washington Capitals,-1.0088359309812365,0.6786205416460648,NA,NA,NA,NA,NA
20212022,16,Forwards,NA,NA,NA,CHI,Full-season play-by-play benchmark,Forwards,All situations,Team applications,922,980,0.9408163265306122,-0.16386371583606774,-0.09784841773854495,25.432754880694144,213,219.8557615493191,-6.855761549319141,Chicago Blackhawks,-0.47645874518108194,-0.35954255506100424,NA,NA,NA,NA,NA
20212022,17,Forwards,NA,NA,NA,DET,Full-season play-by-play benchmark,Forwards,All situations,Team applications,916,975,0.9394871794871796,0.31808364571347,-0.1637279090882687,24.474890829694324,227,235.7561501231976,-8.756150123197585,Detroit Red Wings,1.2185245674727505,-0.4414038306071251,NA,NA,NA,NA,NA
20212022,18,Forwards,NA,NA,NA,NSH,Full-season play-by-play benchmark,Forwards,All situations,Team applications,925,982,0.9419551934826884,0.35156394884807846,-0.01383240722921062,25.67027027027027,262,238.70826343394583,23.29173656605417,Nashville Predators,1.3362730181195128,0.9390932524633732,NA,NA,NA,NA,NA
20212022,19,Forwards,NA,NA,NA,STL,Full-season play-by-play benchmark,Forwards,All situations,Team applications,888,967,0.9183040330920372,-0.3860901569683701,0.2737756520723041,27.070945945945947,309,252.91697181400377,56.08302818599623,St. Louis Blues,-1.258017353861182,2.351613300052851,NA,NA,NA,NA,NA
20212022,20,Forwards,NA,NA,NA,CGY,Full-season play-by-play benchmark,Forwards,All situations,Team applications,952,983,0.9684638860630722,0.2773552159523594,-0.1960655042724537,28.29621848739496,291,288.87352695842856,2.126473041571444,Calgary Flames,1.0752848398524542,0.02737683130646211,NA,NA,NA,NA,NA
20212022,21,Forwards,NA,NA,NA,COL,Full-season play-by-play benchmark,Forwards,All situations,Team applications,933,1009,0.9246778989098116,-0.1517674970253527,0.06308346372140762,26.2475884244373,308,274.3909461097792,33.60905389022082,Colorado Avalanche,-0.4339169850924877,1.3835227591335155,NA,NA,NA,NA,NA
20212022,22,Forwards,NA,NA,NA,EDM,Full-season play-by-play benchmark,Forwards,All situations,Team applications,873,966,0.903726708074534,0.21489397256784745,0.04219968923136652,26.79381443298969,285,288.7029840827454,-3.702984082745388,Edmonton Oilers,0.855611959220914,-0.22373328506520224,NA,NA,NA,NA,NA
20212022,23,Forwards,NA,NA,NA,VAN,Full-season play-by-play benchmark,Forwards,All situations,Team applications,901,980,0.9193877551020408,-0.04491231147593193,-0.2539553427698053,25.30632630410655,246,256.8406459814869,-10.840645981486889,Vancouver Canucks,-0.05811296410049686,-0.531195724841637,NA,NA,NA,NA,NA
20212022,24,Forwards,NA,NA,NA,ANA,Full-season play-by-play benchmark,Forwards,All situations,Team applications,910,979,0.9295199182839632,0.1762054380331961,-0.0953937498747122,26.594505494505498,228,226.7520218935097,1.2479781064903364,Anaheim Ducks,0.7195464349353844,-0.01046528000437236,NA,NA,NA,NA,NA
20212022,25,Forwards,NA,NA,NA,DAL,Full-season play-by-play benchmark,Forwards,All situations,Team applications,930,984,0.945121951219512,0.11447837751447792,0.20708046266838356,28.525806451612905,233,265.43399579578545,-32.43399579578545,Dallas Stars,0.5024556365087468,-1.4613524219556968,NA,NA,NA,NA,NA
20212022,26,Forwards,NA,NA,NA,LAK,Full-season play-by-play benchmark,Forwards,All situations,Team applications,932,983,0.948118006103764,-0.36357826714573627,0.04125243534211591,26.042918454935624,235,275.26107000454795,-40.261070004547946,Los Angeles Kings,-1.1788442311720475,-1.7985120362212088,NA,NA,NA,NA,NA
20212022,28,Forwards,NA,NA,NA,SJS,Full-season play-by-play benchmark,Forwards,All situations,Team applications,860,982,0.8757637474541752,0.2784714547238022,-0.09703796355306508,26.711627906976744,211,225.0262493276969,-14.02624932769686,San Jose Sharks,1.0792105924169035,-0.6684190048009173,NA,NA,NA,NA,NA
20212022,29,Forwards,NA,NA,NA,CBJ,Full-season play-by-play benchmark,Forwards,All situations,Team applications,921,983,0.9369277721261444,-0.19763371956333775,-0.09321524903119136,25.711183496199784,258,237.3269344860455,20.673065513954494,Columbus Blue Jackets,-0.595226057449264,0.826291188976386,NA,NA,NA,NA,NA
20212022,30,Forwards,NA,NA,NA,MIN,Full-season play-by-play benchmark,Forwards,All situations,Team applications,966,982,0.9837067209775968,-0.02864420166903484,0.168972115619583,26.198757763975156,305,241.7807214269997,63.21927857300034,Minnesota Wild,-8.988846158507693e-4,2.6590149374476786,NA,NA,NA,NA,NA
20212022,52,Forwards,NA,NA,NA,WPG,Full-season play-by-play benchmark,Forwards,All situations,Team applications,891,973,0.9157245632065776,-0.3540144943043153,0.4097627747362046,26.838383838383837,250,276.57324642979074,-26.573246429790743,Winnipeg Jets,-1.1452089492605515,-1.208894358720081,NA,NA,NA,NA,NA
20212022,53,Forwards,NA,NA,NA,ARI,Full-season play-by-play benchmark,Forwards,All situations,Team applications,899,984,0.9136178861788616,0.23913236131334825,-0.12602336085043694,28.13459399332592,206,201.05189139879076,4.948108601209242,Arizona Coyotes,0.9408570870646472,0.14892180858804893,NA,NA,NA,NA,NA
20212022,54,Forwards,NA,NA,NA,VGK,Full-season play-by-play benchmark,Forwards,All situations,Team applications,931,975,0.9548717948717949,0.03790738716381172,0.01553897709442135,26.83566058002148,262,278.1251663901494,-16.12516639014939,Vegas Golden Knights,0.23315952404436416,-0.7588321078681595,NA,NA,NA,NA,NA
20212022,55,Forwards,NA,NA,NA,SEA,Full-season play-by-play benchmark,Forwards,All situations,Team applications,924,983,0.9399796541200408,-0.31232723161159337,-0.47130362232536993,27.471861471861473,213,219.2981612831354,-6.298161283135414,Seattle Kraken,-0.9985970570671808,-0.3355233256980855,NA,NA,NA,NA,NA
20222023,1,Forwards,NA,NA,NA,NJD,Full-season play-by-play benchmark,Forwards,All situations,Team applications,948,977,0.970317297850563,-0.28200305824994454,-0.5209410276081686,25.033755274261605,289,318.68618467915803,-29.686184679158032,New Jersey Devils,-0.8723868472528871,-0.9361930135174829,NA,NA,NA,NA,NA
20222023,2,Forwards,NA,NA,NA,NYI,Full-season play-by-play benchmark,Forwards,All situations,Team applications,935,984,0.9502032520325204,0.04043890217508353,0.1146502783718414,29.87058823529412,242,261.52982503338717,-19.52982503338717,New York Islanders,0.23173206074420075,-0.4384084823824595,NA,NA,NA,NA,NA
20222023,3,Forwards,NA,NA,NA,NYR,Full-season play-by-play benchmark,Forwards,All situations,Team applications,932,978,0.952965235173824,-0.04491910137876089,0.2480590088639841,26.798283261802577,273,274.0062431639526,-1.006243163952604,New York Rangers,-0.06055429537536979,0.4694711947277588,NA,NA,NA,NA,NA
20222023,4,Forwards,NA,NA,NA,PHI,Full-season play-by-play benchmark,Forwards,All situations,Team applications,908,970,0.936082474226804,0.4178211789301651,0.19791146648412655,26.330396475770925,220,229.80299061583355,-9.80299061583355,Philadelphia Flyers,1.523979840031468,0.0383241146151372,NA,NA,NA,NA,NA
20222023,5,Forwards,NA,NA,NA,PIT,Full-season play-by-play benchmark,Forwards,All situations,Team applications,960,981,0.9785932721712538,0.03071326714563576,-0.19269706491808297,29.859375,261,298.3529922958696,-37.352992295869626,Pittsburgh Penguins,0.1984291447275092,-1.3119593675945929,NA,NA,NA,NA,NA
20222023,6,Forwards,NA,NA,NA,BOS,Full-season play-by-play benchmark,Forwards,All situations,Team applications,947,982,0.9643584521384928,-0.15975078760646083,0.2776093095553088,29.701161562829988,300,280.21687240875326,19.78312759124674,Boston Bruins,-0.4537656374540075,1.4884019469760084,NA,NA,NA,NA,NA
20222023,7,Forwards,NA,NA,NA,BUF,Full-season play-by-play benchmark,Forwards,All situations,Team applications,979,984,0.9949186991869918,-0.9165834940967512,0.03399547602504404,24.97854954034729,293,280.4947051394265,12.505294860573484,Buffalo Sabres,-3.0453430497890728,1.1317000695443784,NA,NA,NA,NA,NA
20222023,8,Forwards,NA,NA,NA,MTL,Full-season play-by-play benchmark,Forwards,All situations,Team applications,950,973,0.9763617677286742,-0.11321888300760612,-0.15764791705100556,25.925263157894737,227,225.45514036039825,1.544859639601782,Montréal Canadiens,-0.29442919245475974,0.5945061046005451,NA,NA,NA,NA,NA
20222023,9,Forwards,NA,NA,NA,OTT,Full-season play-by-play benchmark,Forwards,All situations,Team applications,934,984,0.9491869918699188,0.589413826884761,0.07742090613023664,25.70235546038544,259,296.4590098041808,-37.45900980418082,Ottawa Senators,2.1115543816023647,-1.317155508486351,NA,NA,NA,NA,NA
20222023,10,Forwards,NA,NA,NA,TOR,Full-season play-by-play benchmark,Forwards,All situations,Team applications,905,970,0.9329896907216496,-0.282945930271592,-0.10575409500751258,27.311602209944752,278,293.156301809242,-15.156301809241995,Toronto Maple Leafs,-0.8756154680736702,-0.22405291764566135,NA,NA,NA,NA,NA
20222023,12,Forwards,NA,NA,NA,CAR,Full-season play-by-play benchmark,Forwards,All situations,Team applications,975,981,0.9938837920489296,0.10262209572990878,-0.06980121063386657,27.283076923076923,262,300.3086688708281,-38.308668870828114,Carolina Hurricanes,0.44466228754540216,-1.3587990850105205,NA,NA,NA,NA,NA
20222023,13,Forwards,NA,NA,NA,FLA,Full-season play-by-play benchmark,Forwards,All situations,Team applications,842,976,0.8627049180327869,-0.19864027210341412,-0.16159940668251693,26.543942992874108,288,323.2994350012159,-35.2994350012159,Florida Panthers,-0.5869325959315768,-1.2113102087688938,NA,NA,NA,NA,NA
20222023,14,Forwards,NA,NA,NA,TBL,Full-season play-by-play benchmark,Forwards,All situations,Team applications,953,975,0.9774358974358974,0.08769481174050268,-0.01076223095557137,29.83105981112277,280,288.29471665614983,-8.29471665614983,Tampa Bay Lightning,0.3935476730702255,0.11224779121091026,NA,NA,NA,NA,NA
20222023,15,Forwards,NA,NA,NA,WSH,Full-season play-by-play benchmark,Forwards,All situations,Team applications,949,981,0.9673802242609582,-0.183154081295155,0.5592267086274025,29.812434141201265,253,261.5152053562924,-8.515205356292427,Washington Capitals,-0.5339041499386576,0.10144117663156584,NA,NA,NA,NA,NA
20222023,16,Forwards,NA,NA,NA,CHI,Full-season play-by-play benchmark,Forwards,All situations,Team applications,913,978,0.9335378323108384,0.04584263969808487,-0.2164735303666026,26.766703176341732,202,217.51259401347488,-15.512594013474882,Chicago Blackhawks,0.25023575910012985,-0.2415155473689977,NA,NA,NA,NA,NA
20222023,17,Forwards,NA,NA,NA,DET,Full-season play-by-play benchmark,Forwards,All situations,Team applications,916,982,0.9327902240325866,-0.0499951256152002,-0.1952756648313526,25.844978165938866,237,241.93372468685263,-4.933724686852656,Detroit Red Wings,-0.07793582453341266,0.2769770711829754,NA,NA,NA,NA,NA
20222023,18,Forwards,NA,NA,NA,NSH,Full-season play-by-play benchmark,Forwards,All situations,Team applications,944,983,0.960325534079349,0.09613886555064662,0.2501229076978595,26.48411016949153,223,258.1645367091987,-35.16453670919873,Nashville Predators,0.42246214642113583,-1.2046985599710252,NA,NA,NA,NA,NA
20222023,19,Forwards,NA,NA,NA,STL,Full-season play-by-play benchmark,Forwards,All situations,Team applications,943,978,0.9642126789366052,-0.17779480540815426,0.1450960981868663,26.91304347826087,260,232.89598503743764,27.10401496256236,St. Louis Blues,-0.5155526989295814,1.8472140228303844,NA,NA,NA,NA,NA
20222023,20,Forwards,NA,NA,NA,CGY,Full-season play-by-play benchmark,Forwards,All situations,Team applications,928,983,0.9440488301119024,0.23281304335845435,-0.09554117911156204,29.229525862068964,258,292.29205483430997,-34.292054834309965,Calgary Flames,0.8904674387647289,-1.1619363896498751,NA,NA,NA,NA,NA
20222023,21,Forwards,NA,NA,NA,COL,Full-season play-by-play benchmark,Forwards,All situations,Team applications,893,987,0.9047619047619048,-0.19034455474464523,-0.3674926262936504,26.992161254199328,274,268.36608305596747,5.633916944032535,Colorado Avalanche,-0.5585260623056715,0.79491939677043,NA,NA,NA,NA,NA
20222023,22,Forwards,NA,NA,NA,EDM,Full-season play-by-play benchmark,Forwards,All situations,Team applications,924,946,0.9767441860465116,0.04576247696729802,0.19830213765700055,27.02164502164502,325,315.14269492414314,9.857305075856855,Edmonton Oilers,0.24996126260884885,1.001916525104381,NA,NA,NA,NA,NA
20222023,23,Forwards,NA,NA,NA,VAN,Full-season play-by-play benchmark,Forwards,All situations,Team applications,948,984,0.9634146341463414,0.1919021493281857,-0.38533616324669706,25.38185654008439,270,257.85581388056744,12.14418611943256,Vancouver Canucks,0.7503786873430988,1.1140013712246075,NA,NA,NA,NA,NA
20222023,24,Forwards,NA,NA,NA,ANA,Full-season play-by-play benchmark,Forwards,All situations,Team applications,939,974,0.9640657084188912,-0.28990679888397136,0.07760221042624654,26.185303514376997,206,221.82171047187876,-15.82171047187876,Anaheim Ducks,-0.8994511581956404,-0.2566659946433581,NA,NA,NA,NA,NA
20222023,25,Forwards,NA,NA,NA,DAL,Full-season play-by-play benchmark,Forwards,All situations,Team applications,934,980,0.953061224489796,-0.2097850876004447,0.2332714964263055,27.60492505353319,281,283.8532611806877,-2.8532611806876957,Dallas Stars,-0.625095127570419,0.37894495998170336,NA,NA,NA,NA,NA
20222023,26,Forwards,NA,NA,NA,LAK,Full-season play-by-play benchmark,Forwards,All situations,Team applications,969,983,0.9857578840284842,-0.2895336455473485,0.05218599089164606,25.92466460268318,274,265.24280112504493,8.757198874955066,Los Angeles Kings,-0.8981733913255828,0.9479980081835412,NA,NA,NA,NA,NA
20222023,28,Forwards,NA,NA,NA,SJS,Full-season play-by-play benchmark,Forwards,All situations,Team applications,922,978,0.9427402862985684,0.44896164646921616,0.17506168313415613,27.13882863340564,233,260.8229585214285,-27.82295852142852,San Jose Sharks,1.6306122986867064,-0.8448723837177983,NA,NA,NA,NA,NA
20222023,29,Forwards,NA,NA,NA,CBJ,Full-season play-by-play benchmark,Forwards,All situations,Team applications,902,980,0.9204081632653062,-0.25363740271152424,-0.15807706390602858,24.88691796008869,213,247.04210475541183,-34.042104755411856,Columbus Blue Jackets,-0.7752560129891987,-1.1496858109808472,NA,NA,NA,NA,NA
20222023,30,Forwards,NA,NA,NA,MIN,Full-season play-by-play benchmark,Forwards,All situations,Team applications,922,977,0.9437052200614124,0.3560452706595461,-0.15910124275487267,26.94468546637744,239,266.2137668542564,-27.21376685425639,Minnesota Wild,1.3124442561069207,-0.8150146198150683,NA,NA,NA,NA,NA
20222023,52,Forwards,NA,NA,NA,WPG,Full-season play-by-play benchmark,Forwards,All situations,Team applications,953,982,0.970468431771894,-0.3744251414292725,0.4344595196944528,26.86673662119622,246,277.3835663497448,-31.383566349744797,Winnipeg Jets,-1.1888623128537803,-1.0193852564587855,NA,NA,NA,NA,NA
20222023,53,Forwards,NA,NA,NA,ARI,Full-season play-by-play benchmark,Forwards,All situations,Team applications,886,945,0.9375661375661376,0.23520808810021157,0.29280567355927234,25.291196388261852,225,217.84931838384364,7.150681616156362,Arizona Coyotes,0.8986686486239773,0.8692592210272168,NA,NA,NA,NA,NA
20222023,54,Forwards,NA,NA,NA,VGK,Full-season play-by-play benchmark,Forwards,All situations,Team applications,943,984,0.9583333333333334,0.18869277474763843,0.01033643860241018,27.588547189819725,267,271.47023484588135,-4.47023484588135,Vegas Golden Knights,0.7393890160467311,0.2996936823724797,NA,NA,NA,NA,NA
20222023,55,Forwards,NA,NA,NA,SEA,Full-season play-by-play benchmark,Forwards,All situations,Team applications,955,984,0.9705284552845528,0.03504408959737364,-0.6846746510803795,26.86701570680628,289,258.2760124122724,30.723987587727606,Seattle Kraken,0.2132589235498406,2.024636489027694,NA,NA,NA,NA,NA
20232024,1,Forwards,NA,NA,NA,NJD,Full-season play-by-play benchmark,Forwards,All situations,Team applications,914,969,0.9432404540763674,-0.0684594722300286,-0.3000671760444524,26.299781181619256,264,265.21114167012274,-1.2111416701227429,New Jersey Devils,-0.2362578303548842,0.01581530407047246,NA,NA,NA,NA,NA
20232024,2,Forwards,NA,NA,NA,NYI,Full-season play-by-play benchmark,Forwards,All situations,Team applications,955,983,0.9715157680569684,0.16137313170429202,0.35853647752189616,29.431413612565446,245,239.00004574470225,5.99995425529778,New York Islanders,0.7571623315221607,0.45297598902141273,NA,NA,NA,NA,NA
20232024,3,Forwards,NA,NA,NA,NYR,Full-season play-by-play benchmark,Forwards,All situations,Team applications,939,983,0.955239064089522,-0.1430878095852941,0.35635647581237667,28.757188498402556,278,274.526844488224,3.473155511775986,New York Rangers,-0.5588286654191243,0.29979302198346613,NA,NA,NA,NA,NA
20232024,4,Forwards,NA,NA,NA,PHI,Full-season play-by-play benchmark,Forwards,All situations,Team applications,945,968,0.9762396694214877,0.27276391693817603,-0.14109321589289367,26.46878306878307,231,245.13142410491128,-14.131424104911275,Philadelphia Flyers,1.2386338460261646,-0.7674553079651556,NA,NA,NA,NA,NA
20232024,5,Forwards,NA,NA,NA,PIT,Full-season play-by-play benchmark,Forwards,All situations,Team applications,893,983,0.9084435401831128,-0.1495289495677075,0.14271112343272105,31.03807390817469,252,286.9499645479955,-34.94996454799548,Pittsburgh Penguins,-0.586669616678722,-2.029544662191407,NA,NA,NA,NA,NA
20232024,6,Forwards,NA,NA,NA,BOS,Full-season play-by-play benchmark,Forwards,All situations,Team applications,935,984,0.9502032520325204,0.18686893453925127,0.29534933092859483,27.132620320855615,263,253.15878802299267,9.841211977007331,Boston Bruins,0.8673644705830246,0.6858458432104221,NA,NA,NA,NA,NA
20232024,7,Forwards,NA,NA,NA,BUF,Full-season play-by-play benchmark,Forwards,All situations,Team applications,946,977,0.9682702149437052,-0.4514280208571835,0.2437308072367394,25.37103594080338,244,246.67173422395717,-2.6717342239571735,Buffalo Sabres,-1.8915872790858663,-0.07273068781095814,NA,NA,NA,NA,NA
20232024,8,Forwards,NA,NA,NA,MTL,Full-season play-by-play benchmark,Forwards,All situations,Team applications,902,981,0.9194699286442406,0.23381917807712585,-0.06758227619033612,25.721729490022177,232,232.98931044293568,-0.9893104429356754,Montréal Canadiens,1.0703005107146095,0.02926345289882835,NA,NA,NA,NA,NA
20232024,9,Forwards,NA,NA,NA,OTT,Full-season play-by-play benchmark,Forwards,All situations,Team applications,887,977,0.9078812691914022,-0.02206025407290703,0.2111161760192007,25.61443066516347,250,263.88896776607726,-13.888967766077258,Ottawa Senators,-0.03570352246483256,-0.7527567960813056,NA,NA,NA,NA,NA
20232024,10,Forwards,NA,NA,NA,TOR,Full-season play-by-play benchmark,Forwards,All situations,Team applications,977,982,0.994908350305499,0.07933122305977715,0.16198523049374514,27.092118730808597,298,276.84323495905846,21.156765040941536,Toronto Maple Leafs,0.4025473431733946,1.371832408801659,NA,NA,NA,NA,NA
20232024,12,Forwards,NA,NA,NA,CAR,Full-season play-by-play benchmark,Forwards,All situations,Team applications,937,975,0.961025641025641,-0.05500156578307213,-0.0587729040064326,27.1803628601921,277,274.8649127697572,2.135087230242789,Carolina Hurricanes,-0.17808786068042412,0.21867486012347565,NA,NA,NA,NA,NA
20232024,13,Forwards,NA,NA,NA,FLA,Full-season play-by-play benchmark,Forwards,All situations,Team applications,908,983,0.923702950152594,0.17844165376652904,-0.02649499330880379,27.00330396475771,265,288.13260183949023,-23.132601839490235,Florida Panthers,0.8309386959709358,-1.3131367223452062,NA,NA,NA,NA,NA
20232024,14,Forwards,NA,NA,NA,TBL,Full-season play-by-play benchmark,Forwards,All situations,Team applications,910,973,0.935251798561151,-0.10869132356211568,-0.3870555757979444,28.41318681318681,288,265.04321260773577,22.956787392264232,Tampa Bay Lightning,-0.4101545342113857,1.4809557670497804,NA,NA,NA,NA,NA
20232024,15,Forwards,NA,NA,NA,WSH,Full-season play-by-play benchmark,Forwards,All situations,Team applications,924,984,0.9390243902439024,-0.21761307009188816,0.7437266902420455,28.17532467532467,216,234.66755936015397,-18.667559360153973,Washington Capitals,-0.8809539648285442,-1.0424509557447772,NA,NA,NA,NA,NA
20232024,16,Forwards,NA,NA,NA,CHI,Full-season play-by-play benchmark,Forwards,All situations,Team applications,940,982,0.9572301425661914,0.3058652190265698,-0.37479264484173935,26.398936170212767,178,207.03878028108736,-29.038780281087384,Chicago Blackhawks,1.381709720885026,-1.6711889573555896,NA,NA,NA,NA,NA
20232024,17,Forwards,NA,NA,NA,DET,Full-season play-by-play benchmark,Forwards,All situations,Team applications,925,974,0.9496919917864476,-0.07335883221023126,-0.1705093386312788,26.716756756756755,275,242.90823535667732,32.091764643322676,Detroit Red Wings,-0.25743464731344645,2.034748554357777,NA,NA,NA,NA,NA
20232024,18,Forwards,NA,NA,NA,NSH,Full-season play-by-play benchmark,Forwards,All situations,Team applications,947,979,0.9673135852911132,-0.21213669295489113,0.10035778022747846,27.42238648363253,266,275.3430297985906,-9.343029798590578,Nashville Predators,-0.8572830697126796,-0.47716687519212114,NA,NA,NA,NA,NA
20232024,19,Forwards,NA,NA,NA,STL,Full-season play-by-play benchmark,Forwards,All situations,Team applications,913,981,0.930682976554536,-0.3090931484824069,0.29077472192184994,26.99014238773275,234,245.26194957713597,-11.261949577135963,St. Louis Blues,-1.2763641578453897,-0.5934981920170167,NA,NA,NA,NA,NA
20232024,20,Forwards,NA,NA,NA,CGY,Full-season play-by-play benchmark,Forwards,All situations,Team applications,960,983,0.9766022380467956,-0.10982708758903068,-0.24233220810784104,27.391666666666666,253,256.3918082844466,-3.391808284446597,Calgary Flames,-0.4150637196975079,-0.1163839788993864,NA,NA,NA,NA,NA
20232024,21,Forwards,NA,NA,NA,COL,Full-season play-by-play benchmark,Forwards,All situations,Team applications,911,981,0.928644240570846,0.06787065905415031,-0.12496837106164416,28.743139407244787,302,273.5228981997352,28.47710180026479,Colorado Avalanche,0.35301061446398313,1.8156156374363104,NA,NA,NA,NA,NA
20232024,22,Forwards,NA,NA,NA,EDM,Full-season play-by-play benchmark,Forwards,All situations,Team applications,883,973,0.9075025693730728,0.05777245313015665,0.15779740653971322,29.304643261608152,292,311.73719950870145,-19.73719950870145,Edmonton Oilers,0.30936249321418735,-1.107296108940097,NA,NA,NA,NA,NA
20232024,23,Forwards,NA,NA,NA,VAN,Full-season play-by-play benchmark,Forwards,All situations,Team applications,946,982,0.9633401221995926,0.41167397520638455,-0.42351034455912506,26.72832980972516,279,266.89083566784393,12.10916433215607,Vancouver Canucks,1.8390536742355192,0.8233366788984942,NA,NA,NA,NA,NA
20232024,24,Forwards,NA,NA,NA,ANA,Full-season play-by-play benchmark,Forwards,All situations,Team applications,931,982,0.9480651731160896,0.3484613436853609,0.3585993394854571,27.15145005370569,203,208.47842640028105,-5.478426400281023,Anaheim Ducks,1.5658256745378143,-0.24288172822672224,NA,NA,NA,NA,NA
20232024,25,Forwards,NA,NA,NA,DAL,Full-season play-by-play benchmark,Forwards,All situations,Team applications,980,981,0.9989806320081548,-0.20922336573160905,0.26543469622218496,28.990816326530613,294,274.41372237261385,19.586277627386153,Dallas Stars,-0.8446906091469857,1.2766242240101546,NA,NA,NA,NA,NA
20232024,26,Forwards,NA,NA,NA,LAK,Full-season play-by-play benchmark,Forwards,All situations,Team applications,936,967,0.96794208893485,-0.5241933906727727,0.33582245770121344,27.147435897435894,254,255.71127338451333,-1.7112733845133334,Los Angeles Kings,-2.206105690415806,-0.01450434846083519,NA,NA,NA,NA,NA
20232024,28,Forwards,NA,NA,NA,SJS,Full-season play-by-play benchmark,Forwards,All situations,Team applications,872,952,0.9159663865546218,0.16369877094379512,-0.22071920623806637,26.863532110091743,180,198.98824187903665,-18.98824187903665,San Jose Sharks,0.767214590732673,-1.061891799557761,NA,NA,NA,NA,NA
20232024,29,Forwards,NA,NA,NA,CBJ,Full-season play-by-play benchmark,Forwards,All situations,Team applications,880,981,0.8970438328236493,0.04932641501163902,0.01167648738447363,24.956818181818186,234,237.111606471939,-3.1116064719390124,Columbus Blue Jackets,0.272855642526827,-0.09939721051533287,NA,NA,NA,NA,NA
20232024,30,Forwards,NA,NA,NA,MIN,Full-season play-by-play benchmark,Forwards,All situations,Team applications,906,973,0.9311408016443988,0.01463854638312039,-0.2641366051536841,28.04083885209713,248,254.8366779179778,-6.836677917977795,Minnesota Wild,0.12292204964998613,-0.32522346517669193,NA,NA,NA,NA,NA
20232024,52,Forwards,NA,NA,NA,WPG,Full-season play-by-play benchmark,Forwards,All situations,Team applications,910,981,0.9276248725790012,-0.45985063912510815,0.17969668623398208,27.273626373626374,259,254.8111140873516,4.188885912648402,Winnipeg Jets,-1.9279929006552996,0.3431829859392362,NA,NA,NA,NA,NA
20232024,53,Forwards,NA,NA,NA,ARI,Full-season play-by-play benchmark,Forwards,All situations,Team applications,919,970,0.9474226804123712,0.02583615301691831,-0.16166345675654903,25.70076169749728,254,245.11468723404687,8.885312765953131,Arizona Coyotes,0.17132218089490686,0.6278960449869088,NA,NA,NA,NA,NA
20232024,54,Forwards,NA,NA,NA,VGK,Full-season play-by-play benchmark,Forwards,All situations,Team applications,908,983,0.923702950152594,0.0015010322912711,0.23278878162573077,27.204845814977972,263,246.97094536665827,16.02905463334173,Vegas Golden Knights,0.06613693234123173,1.0609735023053246,NA,NA,NA,NA,NA
20232024,55,Forwards,NA,NA,NA,SEA,Full-season play-by-play benchmark,Forwards,All situations,Team applications,934,984,0.9491869918699188,0.11270878115527568,-0.8661886693190385,27.98608137044968,214,229.49346019991208,-15.49346019991208,Seattle Kraken,0.5468172970384527,-0.8500264786133581,NA,NA,NA,NA,NA
20242025,1,Forwards,NA,NA,NA,NJD,Full-season play-by-play benchmark,Forwards,All situations,Team applications,941,984,0.95630081300813,0.24224011218892197,-0.3695255100458575,27.934112646121147,240,256.4209836751688,-16.420983675168827,New Jersey Devils,1.255812925875036,-1.3217844186194796,2732,194,0.05920016483638874,0.05814082586007269,0.00105933897631604
20242025,2,Forwards,NA,NA,NA,NYI,Full-season play-by-play benchmark,Forwards,All situations,Team applications,945,980,0.9642857142857144,0.05860550681130837,0.2652497630935961,28.988359788359787,221,230.2642807746888,-9.264280774688814,New York Islanders,0.3710621507025446,-0.9299242818774625,NA,NA,NA,NA,NA
20242025,3,Forwards,NA,NA,NA,NYR,Full-season play-by-play benchmark,Forwards,All situations,Team applications,940,984,0.9552845528455284,0.1328365795707484,0.35835344873430514,28.086170212765957,255,237.1185143982293,17.88148560177069,New York Rangers,0.7287071546534534,0.5564226955180653,NA,NA,NA,NA,NA
20242025,4,Forwards,NA,NA,NA,PHI,Full-season play-by-play benchmark,Forwards,All situations,Team applications,882,983,0.8972533062054934,0.09497497209460004,-0.28763951738908766,25.50680272108843,232,223.5725924328144,8.427407567185583,Philadelphia Flyers,0.5462900851968785,0.03877143027499617,NA,NA,NA,NA,NA
20242025,5,Forwards,NA,NA,NA,PIT,Full-season play-by-play benchmark,Forwards,All situations,Team applications,899,983,0.9145473041709054,0.3218192892159265,-0.12362801934538828,30.230255839822025,241,233.52691373723792,7.473086262762081,Pittsburgh Penguins,1.6392250742413506,-0.01348174860464285,NA,NA,NA,NA,NA
20242025,6,Forwards,NA,NA,NA,BOS,Full-season play-by-play benchmark,Forwards,All situations,Team applications,903,984,0.9176829268292684,-0.02020795123203897,0.5517861301322495,27.01107419712071,222,227.92247246796617,-5.922472467966145,Boston Bruins,-0.00866076674260497,-0.7469459637541654,NA,NA,NA,NA,NA
20242025,7,Forwards,NA,NA,NA,BUF,Full-season play-by-play benchmark,Forwards,All situations,Team applications,913,974,0.9373716632443532,-0.2050838090653072,0.25012614739511235,24.774370208105147,265,230.38576560036745,34.61423439963255,Buffalo Sabres,-0.8993918911530133,1.4726123603929604,NA,NA,NA,NA,NA
20242025,8,Forwards,NA,NA,NA,MTL,Full-season play-by-play benchmark,Forwards,All situations,Team applications,904,983,0.9196337741607324,-0.12486257598069572,0.05674915264864097,26.09070796460177,243,244.12935218258644,-1.1293521825864443,Montréal Canadiens,-0.5128863193357985,-0.48450209867156585,2566,192,0.06511504569471815,0.05906075317579962,0.00605429251891853
20242025,9,Forwards,NA,NA,NA,OTT,Full-season play-by-play benchmark,Forwards,All situations,Team applications,929,979,0.9489274770173648,0.10340048036405146,0.02408818612258049,26.56404736275565,242,229.8123280474392,12.187671952560777,Ottawa Senators,0.5868841494653779,0.2446620109976402,2715,204,0.05409129132809542,0.04746589921449092,0.0066253921136045
20242025,10,Forwards,NA,NA,NA,TOR,Full-season play-by-play benchmark,Forwards,All situations,Team applications,895,984,0.9095528455284552,-0.00336335424063838,0.18861006285184956,27.4927374301676,267,240.13056628161576,26.869433718384244,Toronto Maple Leafs,0.07249643244087042,1.048551351266806,2672,411,0.0569249581793976,0.04901456869198258,0.00791038948741501
20242025,12,Forwards,NA,NA,NA,CAR,Full-season play-by-play benchmark,Forwards,All situations,Team applications,951,977,0.9733879222108496,-0.2065952877023808,0.07250403780306222,26.86225026288118,266,285.60070174804423,-19.60070174804423,Carolina Hurricanes,-0.9066741890241452,-1.495887602189451,3276,603,0.05931807248768572,0.05150707645683856,0.00781099603084715
20242025,13,Forwards,NA,NA,NA,FLA,Full-season play-by-play benchmark,Forwards,All situations,Team applications,958,974,0.9835728952772074,0.45742661468006185,0.02660678863144092,26.989561586638832,246,259.17682045916445,-13.176820459164446,Florida Panthers,2.2925806118686194,-1.1441525874376048,3051,821,0.05509898858873667,0.05589513878432192,7.961501955852518e-4
20242025,14,Forwards,NA,NA,NA,TBL,Full-season play-by-play benchmark,Forwards,All situations,Team applications,945,953,0.9916054564533052,0.04964553466863836,-0.34814542303834634,28.3978835978836,292,263.11102162170573,28.88897837829427,Tampa Bay Lightning,0.32789304168602795,1.1591300713273909,2788,147,0.06120100670282103,0.0570311965785135,0.00416981012430753
20242025,15,Forwards,NA,NA,NA,WSH,Full-season play-by-play benchmark,Forwards,All situations,Team applications,900,984,0.9146341463414634,-0.0622427865484936,0.628996310334538,28.57111111111111,286,261.0524300740217,24.94756992597831,Washington Capitals,-0.21118443080911117,0.9433210770799024,2816,312,0.0621257050628711,0.06414027158611227,0.00201456652324116
20242025,16,Forwards,NA,NA,NA,CHI,Full-season play-by-play benchmark,Forwards,All situations,Team applications,947,984,0.9623983739837398,-0.04955706317822622,-0.18807790385519052,27.7740232312566,224,191.80318977165737,32.196810228342656,Chicago Blackhawks,-0.15006466766649323,1.3402480329228932,NA,NA,NA,NA,NA
20242025,17,Forwards,NA,NA,NA,DET,Full-season play-by-play benchmark,Forwards,All situations,Team applications,960,983,0.9766022380467956,-0.3290993820820621,-0.12816978710157187,26.95625,235,240.63451205732417,-5.634512057324173,Detroit Red Wings,-1.49689841305507,-0.7311788979056052,NA,NA,NA,NA,NA
20242025,18,Forwards,NA,NA,NA,NSH,Full-season play-by-play benchmark,Forwards,All situations,Team applications,940,975,0.964102564102564,0.17912661130217325,-0.10665988548197217,28.846808510638297,212,241.5028858271544,-29.502885827154387,Nashville Predators,0.9517323375862672,-2.0380745926574324,NA,NA,NA,NA,NA
20242025,19,Forwards,NA,NA,NA,STL,Full-season play-by-play benchmark,Forwards,All situations,Team applications,975,984,0.9908536585365854,-0.01883939925236182,0.1205110149748508,26.858461538461537,250,218.30341443198267,31.696585568017326,St. Louis Blues,-0.00206708892031569,1.3128585902531875,2569,222,0.05903675452935295,0.05750775129611914,0.0015290032332338
20242025,20,Forwards,NA,NA,NA,CGY,Full-season play-by-play benchmark,Forwards,All situations,Team applications,880,984,0.8943089430894309,0.005764822924872,-0.587603993965261,28.20909090909091,220,219.92388301267056,0.07611698732944205,Calgary Flames,0.11647595256720984,-0.41849749846246087,NA,NA,NA,NA,NA
20242025,21,Forwards,NA,NA,NA,COL,Full-season play-by-play benchmark,Forwards,All situations,Team applications,884,981,0.9011213047910296,0.15347962975145124,-0.2489289557643838,27.197963800904976,273,265.6111364585522,7.38886354144779,Colorado Avalanche,0.8281652857161946,-0.01809330333172102,2938,305,0.05910811820059144,0.05668474836885685,0.00242336983173459
20242025,22,Forwards,NA,NA,NA,EDM,Full-season play-by-play benchmark,Forwards,All situations,Team applications,928,975,0.9517948717948718,0.08549903068746122,-0.18092462285238137,30.845905172413794,259,275.55678782469477,-16.556787824694766,Edmonton Oilers,0.5006350383814092,-1.3292202774700403,3073,858,0.0618688129162882,0.05714382690146602,0.00472498601482217
20242025,23,Forwards,NA,NA,NA,VAN,Full-season play-by-play benchmark,Forwards,All situations,Team applications,875,981,0.891946992864424,0.10194037013942546,-0.4656529073549887,27.045714285714286,233,219.69443421356848,13.305565786431544,Vancouver Canucks,0.5798493443946305,0.3058714864635388,NA,NA,NA,NA,NA
20242025,24,Forwards,NA,NA,NA,ANA,Full-season play-by-play benchmark,Forwards,All situations,Team applications,961,983,0.9776195320447608,-0.26402424023272,0.1817708896306205,26.05411030176899,217,226.23056661058217,-9.230566610582173,Anaheim Ducks,-1.183366646658037,-0.928078286991174,NA,NA,NA,NA,NA
20242025,25,Forwards,NA,NA,NA,DAL,Full-season play-by-play benchmark,Forwards,All situations,Team applications,962,979,0.982635342185904,-0.32332989505527554,-0.11911937896659062,27.75883575883576,275,263.80110718825017,11.198892811749827,Dallas Stars,-1.469101048234859,0.1905221179891091,2703,599,0.06416895114299467,0.0616318206793554,0.00253713046363927
20242025,26,Forwards,NA,NA,NA,LAK,Full-season play-by-play benchmark,Forwards,All situations,Team applications,901,958,0.940501043841336,-0.21333081590017375,0.4973924092712071,27.86126526082131,249,237.47737418249017,11.522625817509834,Los Angeles Kings,-0.939125936242156,0.2082478866383164,2958,205,0.05440442657617359,0.05473973476413137,3.353081879577807e-4
20242025,28,Forwards,NA,NA,NA,SJS,Full-season play-by-play benchmark,Forwards,All situations,Team applications,925,984,0.940040650406504,0.04423725816110765,-0.22577081768964607,25.633513513513513,208,202.33294985891553,5.667050141084474,San Jose Sharks,0.3018359876653794,-0.11236996171659724,NA,NA,NA,NA,NA
20242025,29,Forwards,NA,NA,NA,CBJ,Full-season play-by-play benchmark,Forwards,All situations,Team applications,947,972,0.9742798353909464,0.2505979231690077,0.2346208055831746,26.303062302006335,267,234.91880024873535,32.08119975126465,Columbus Blue Jackets,1.2960808248811646,1.333917864130563,NA,NA,NA,NA,NA
20242025,30,Forwards,NA,NA,NA,MIN,Full-season play-by-play benchmark,Forwards,All situations,Team applications,912,981,0.9296636085626911,0.0734025371360586,-0.25808199490365624,28.601973684210527,224,220.46838412916983,3.5316158708301373,Minnesota Wild,0.442354182088202,-0.22929413431140044,2710,197,0.05305916381681104,0.05634570790119091,0.00328654408437986
20242025,52,Forwards,NA,NA,NA,WPG,Full-season play-by-play benchmark,Forwards,All situations,Team applications,960,984,0.975609756097561,-0.21618151577405684,0.143635469311324,27.872916666666665,275,239.96761802531543,35.03238197468454,Winnipeg Jets,-0.9528605965367982,1.4955077310988234,2885,440,0.05796958732917465,0.04820750754919242,0.00976207977998223
20242025,54,Forwards,NA,NA,NA,VGK,Full-season play-by-play benchmark,Forwards,All situations,Team applications,933,981,0.9510703363914372,-0.17517271723335828,0.27323478116923866,27.786709539121116,274,257.1754171556677,16.824582844332326,Vegas Golden Knights,-0.7552803734455862,0.4985527427182873,3035,424,0.06015656213467876,0.05472690812235188,0.00542965401232688
20242025,55,Forwards,NA,NA,NA,SEA,Full-season play-by-play benchmark,Forwards,All situations,Team applications,903,984,0.9176829268292684,-0.3068554842125046,-0.5491911427283863,27.155038759689923,245,218.1953189129999,26.804681087000063,Seattle Kraken,-1.3897274043964378,1.0450058673559246,NA,NA,NA,NA,NA
20242025,59,Forwards,NA,NA,NA,UTA,Full-season play-by-play benchmark,Forwards,All situations,Team applications,941,981,0.9592252803261978,-0.42538265091341326,-0.05239978552363206,25.721572794899043,240,255.1595890906756,-15.15958909067558,Utah Hockey Club,-1.960790807190191,-1.252717662427601,NA,NA,NA,NA,NA
