playerId,seasonId,playerFullName,timeOnIce,outerFold,CSAx_Wings,CSAx_Defensemen,referencePercentile_Wings,referencePercentile_Defensemen,outsideTrainingRange_Wings,outsideTrainingRange_Defensemen,outsideFeatures_Wings,outsideFeatures_Defensemen,imputedFeatures_Wings,imputedFeatures_Defensemen,directContribution_Wings,directContribution_Defensemen,indirectContribution_Wings,indirectContribution_Defensemen,frameAdjustment_Wings,frameAdjustment_Defensemen,percentileDifference,supported,wingReference,defensemanReference,rankingEligible,height,weight,defensiveTakeaways,defensivePerimeterTakeaways,locatedAttempts,typedShotsOnNet,hitsPer60,hitsReceivedPer60,blockedShotsPer60,fightsPer60,contactPenaltiesTakenPer60,contactPenaltiesDrawnPer60
8469455,20212022,Jason Spezza,45778,1,-0.28,-0.85,37.99,19.92,FALSE,TRUE,,blockedShotsPer60,0,0,0.78,-0.4,-0.29,-0.07,-0.77,-0.38,18.07,FALSE,Wings; centers excluded,Defensemen; centers excluded,TRUE,75,219,7,3,131,97,2.44,3.22,1.89,0,0.87,0.24
8470638,20212022,Patrice Bergeron,79585,1,-0.12,-0.45,43.67,31.12,FALSE,FALSE,,,0,0,0.14,-0.65,-0.38,0.06,0.12,0.14,12.55,TRUE,Wings; centers excluded,Defensemen; centers excluded,TRUE,73,196,18,5,369,293,3.53,2.35,2.04,0,0.54,0.36
8471215,20212022,Evgeni Malkin,45091,1,-2.63,-2.43,0.87,0.83,FALSE,TRUE,,blockedShotsPer60,0,0,-1.34,-2.26,-0.32,0.32,-0.98,-0.49,0.04,FALSE,Wings; centers excluded,Defensemen; centers excluded,TRUE,77,213,15,7,158,129,1.68,3.67,1.44,0,0.48,0.88
8471699,20212022,Andrew Cogliano,56254,1,1.46,0.44,89.96,67.63,FALSE,FALSE,,,0,0,0.52,-0.18,-0.1,-0.05,1.05,0.67,22.32,TRUE,Wings; centers excluded,Defensemen; centers excluded,TRUE,70,179,10,3,104,75,6.66,3.2,1.98,0,0.51,0.38
8471794,20212022,Darren Helm,43049,1,0.73,0.88,82.53,81.74,TRUE,FALSE,netFrontAttemptShare,,0,0,1.14,0.43,-0.8,0.16,0.39,0.29,0.79,FALSE,Wings; centers excluded,Defensemen; centers excluded,TRUE,72,192,10,5,115,93,9.53,4.68,2.26,0,0.5,0.25
8474613,20212022,Derek Stepan,37569,1,1.31,0.07,89.52,56.43,FALSE,FALSE,,,0,0,0.72,-0.38,0.12,0.11,0.47,0.33,33.09,TRUE,Wings; centers excluded,Defensemen; centers excluded,TRUE,71,196,8,4,124,96,2.78,4.79,2.4,0,0.38,0
8474884,20212022,Mike Hoffman,68509,1,-0.83,-1.33,17.9,8.3,FALSE,TRUE,,blockedShotsPer60,0,0,-0.55,-1.79,-0.71,0.13,0.44,0.32,9.61,FALSE,Wings; centers excluded,Defensemen; centers excluded,TRUE,72,190,16,7,207,154,1.42,2.36,1.52,0,0.53,0.42
8475168,20212022,Matt Duchene,88984,1,-1.02,-2.51,13.1,0.83,FALSE,TRUE,,blockedShotsPer60,0,0,-0.96,-2.44,-0.19,-0.19,0.12,0.12,12.27,FALSE,Wings; centers excluded,Defensemen; centers excluded,TRUE,71,211,11,4,318,229,1.25,3.48,1.13,0,0.4,0.49
8475170,20212022,Brayden Schenn,66159,1,0.95,-0.45,86.46,31.12,FALSE,TRUE,,blockedShotsPer60,0,0,0.7,-0.7,0.22,0.17,0.03,0.08,55.34,FALSE,Wings; centers excluded,Defensemen; centers excluded,TRUE,73,200,17,7,152,111,6.48,2.29,0.93,0.16,0.44,0.33
8475744,20212022,Evgeny Kuznetsov,96129,1,-1.49,-2.52,4.37,0.83,FALSE,TRUE,,blockedShotsPer60,0,0,-1.03,-2.45,-0.15,0.04,-0.31,-0.11,3.54,FALSE,Wings; centers excluded,Defensemen; centers excluded,TRUE,74,207,20,7,289,208,1.57,1.8,0.94,0,0.45,0.6
8476278,20212022,Colin Blackwell,41530,1,0.71,-0.12,82.1,47.72,FALSE,TRUE,,height,0,0,-0.76,-1.02,0.12,0.06,1.35,0.84,34.38,FALSE,Wings; centers excluded,Defensemen; centers excluded,TRUE,68,181,8,4,96,77,7.89,6.07,2.08,0,0.17,0.69
8476288,20212022,Ryan Dzingel,26326,1,0.74,-0.83,83.41,19.92,FALSE,TRUE,,blockedShotsPer60,0,0,0.17,-1.17,0.14,0.02,0.44,0.32,63.49,FALSE,Wings; centers excluded,Defensemen; centers excluded,FALSE,72,190,5,2,45,32,2.73,1.91,1.23,0.41,0.27,0.27
8476374,20212022,Sean Kuraly,73273,1,1.18,1.03,89.52,85.89,FALSE,FALSE,,,0,0,1.62,1.06,-0.11,0.1,-0.33,-0.13,3.63,TRUE,Wings; centers excluded,Defensemen; centers excluded,TRUE,74,208,17,6,161,121,11.79,4.81,2.51,0.05,0.84,0.39
8476389,20212022,Vincent Trocheck,86867,1,2.13,0.72,98.25,76.76,FALSE,TRUE,,blockedShotsPer60,0,0,0.83,0.22,0.61,0.04,0.68,0.46,21.49,FALSE,Wings; centers excluded,Defensemen; centers excluded,TRUE,71,187,16,8,254,168,7.67,5.1,1.91,0.04,0.95,0.7
8476882,20212022,Teuvo Teravainen,81772,1,-1.06,-2.01,11.79,1.24,FALSE,TRUE,,hitsPer60; blockedShotsPer60,0,0,-0.9,-2.48,-0.75,0.07,0.59,0.4,10.55,FALSE,Wings; centers excluded,Defensemen; centers excluded,TRUE,71,191,14,9,264,202,0.66,2.38,1.32,0,0.44,0.35
8476889,20212022,Radek Faksa,72852,1,0.42,-0.02,70.31,52.7,FALSE,FALSE,,,0,0,0.62,0.42,0.5,-0.1,-0.7,-0.34,17.61,TRUE,Wings; centers excluded,Defensemen; centers excluded,TRUE,75,216,11,4,130,89,6.37,5.78,3.36,0.1,0.69,0.59
8476897,20212022,Oskar Sundqvist,49558,1,-0.91,-1.48,14.85,4.56,FALSE,FALSE,,,0,0,-0.46,-0.89,0.1,-0.34,-0.56,-0.25,10.28,TRUE,Wings; centers excluded,Defensemen; centers excluded,TRUE,75,210,5,1,89,70,5.08,4.65,2.11,0,0.44,0.73
8477406,20212022,Mattias Janmark,57664,1,-0.48,-1.85,32.75,2.49,FALSE,TRUE,,blockedShotsPer60,0,0,-0.65,-1.91,0.44,0.15,-0.26,-0.09,30.26,FALSE,Wings; centers excluded,Defensemen; centers excluded,TRUE,74,205,16,4,122,89,1.19,5.37,1.75,0.06,0.44,0.44
8477429,20212022,Andrew Copp,82852,1,-0.1,-1.57,45.41,4.15,FALSE,TRUE,,blockedShotsPer60,0,0,-0.49,-1.58,0.37,-0.07,0.03,0.08,41.27,FALSE,Wings; centers excluded,Defensemen; centers excluded,TRUE,73,200,12,6,242,183,1.96,3.39,1.78,0,0.3,0.26
8477450,20212022,Jason Dickinson,48516,1,0.44,0.22,72.05,60.17,FALSE,FALSE,,,0,0,0.77,0.34,-0.17,-0.11,-0.15,-0.01,11.89,TRUE,Wings; centers excluded,Defensemen; centers excluded,TRUE,74,200,8,2,98,66,7.49,8.53,3.19,0.07,0.45,0.37
8477496,20212022,Elias Lindholm,98129,1,-0.59,-1.16,29.26,12.45,FALSE,TRUE,,blockedShotsPer60,0,0,-0.74,-1.5,0.13,0.25,0.03,0.08,16.81,FALSE,Wings; centers excluded,Defensemen; centers excluded,TRUE,73,200,32,10,310,236,2.42,2.27,1.91,0,0.37,0.48
8477505,20212022,Alexander Wennberg,85689,1,-0.24,-1.13,38.86,12.86,FALSE,TRUE,,blockedShotsPer60,0,0,-0.46,-1.44,0.13,0.19,0.09,0.13,26,FALSE,Wings; centers excluded,Defensemen; centers excluded,TRUE,74,190,22,10,119,95,1.97,3.66,1.85,0,0.5,0.46
8477508,20212022,Curtis Lazar,50375,1,0.84,0.48,84.72,69.29,FALSE,FALSE,,,0,0,0.66,0.6,0.05,-0.26,0.13,0.14,15.42,TRUE,Wings; centers excluded,Defensemen; centers excluded,TRUE,72,203,5,2,124,95,13.29,9.29,3.64,0,0.43,0.57
8477846,20212022,Ryan Carpenter,50579,1,0.76,0.42,83.84,67.63,FALSE,FALSE,,,0,0,0.79,0.51,-0.1,-0.2,0.08,0.11,16.21,TRUE,Wings; centers excluded,Defensemen; centers excluded,TRUE,73,198,4,3,93,67,9.68,5.27,3.13,0.14,0.36,0.36
8477935,20212022,Sam Bennett,72177,1,0.74,-0.31,82.97,37.34,FALSE,TRUE,,blockedShotsPer60,0,0,0.4,-0.39,0.15,-0.1,0.19,0.18,45.63,FALSE,Wings; centers excluded,Defensemen; centers excluded,TRUE,73,193,12,3,292,241,5.94,5.19,1.35,0.1,1.05,1
8477987,20212022,Ryan Donato,61246,1,0.89,-1.37,86.03,7.47,FALSE,TRUE,,blockedShotsPer60,0,0,-0.66,-1.85,1.11,0.17,0.44,0.32,78.56,FALSE,Wings; centers excluded,Defensemen; centers excluded,TRUE,72,190,16,6,222,159,4.11,6.47,1,0.12,0.29,0.71
8478427,20212022,Sebastian Aho,89841,1,0.56,-1.28,77.29,8.71,FALSE,TRUE,,blockedShotsPer60,0,0,-0.48,-1.79,0.58,0.17,0.46,0.34,68.58,FALSE,Wings; centers excluded,Defensemen; centers excluded,TRUE,72,189,21,11,329,221,3.05,3.49,0.92,0,0.6,0.72
8478449,20212022,Roope Hintz,86573,1,-0.98,-1.65,13.97,4.15,FALSE,FALSE,,,0,0,-0.38,-0.95,0.12,-0.35,-0.72,-0.35,9.82,TRUE,Wings; centers excluded,Defensemen; centers excluded,TRUE,75,217,8,2,304,213,3.41,3.58,2.2,0,0.5,0.58
8478458,20212022,Jack Roslovic,69407,1,0.21,-1.44,60.26,4.98,FALSE,TRUE,,blockedShotsPer60,0,0,-0.21,-1.53,0.34,-0.02,0.08,0.11,55.28,FALSE,Wings; centers excluded,Defensemen; centers excluded,TRUE,73,198,13,4,182,131,3.11,4.15,1.3,0,0.16,0.1
8478508,20212022,Yakov Trenin,70404,1,-0.02,-0.04,50.66,51.87,FALSE,TRUE,,blockedShotsPer60,0,0,0.55,-0.16,-0.4,0.15,-0.17,-0.03,-1.21,FALSE,Wings; centers excluded,Defensemen; centers excluded,TRUE,74,201,15,9,191,136,9.77,4.35,1.69,0.2,0.36,0.51
8478519,20212022,Anthony Cirelli,83504,1,-0.38,-0.22,35.37,42.74,FALSE,TRUE,,contactPenaltiesDrawnPer60,0,0,-0.72,-0.73,0.14,0.34,0.19,0.18,-7.37,FALSE,Wings; centers excluded,Defensemen; centers excluded,TRUE,73,193,33,9,202,146,3.23,4.87,2.89,0.09,0.78,1.21
8478904,20212022,Steven Lorentz,43772,1,-0.79,-2.18,20.52,0.83,FALSE,TRUE,,blockedShotsPer60,0,0,-0.3,-1.57,0.45,-0.13,-0.94,-0.48,19.69,FALSE,Wings; centers excluded,Defensemen; centers excluded,TRUE,76,219,5,3,113,80,5.51,9.13,1.07,0,0.25,0.49
8479346,20212022,Dillon Dube,60857,1,0.88,-1.05,85.59,14.11,FALSE,TRUE,,blockedShotsPer60,0,0,0.12,-1.38,0.02,-0.16,0.73,0.49,71.48,FALSE,Wings; centers excluded,Defensemen; centers excluded,TRUE,71,185,6,4,188,143,5.15,7.93,0.89,0,0.47,0.53
8479366,20212022,Logan Brown,23844,1,-0.77,-2.31,21.4,0.83,TRUE,FALSE,height,,0,0,-0.12,-1.12,1.05,-0.28,-1.7,-0.91,20.57,FALSE,Wings; centers excluded,Defensemen; centers excluded,FALSE,79,229,1,1,49,34,3.32,8.15,1.96,0,0.3,0.3
8479404,20212022,Henrik Borgstrom,32819,1,0.12,-0.59,55.9,27.39,FALSE,FALSE,,,0,0,0.4,-0.31,0.02,-0.19,-0.3,-0.1,28.51,TRUE,Wings; centers excluded,Defensemen; centers excluded,TRUE,75,199,3,2,57,41,2.85,2.08,2.08,0,1.1,0.55
8479511,20212022,Janne Kuokkanen,46141,1,-1.22,-1.61,9.17,4.15,FALSE,TRUE,,blockedShotsPer60,0,0,-0.87,-1.75,-0.54,-0.04,0.19,0.18,5.02,FALSE,Wings; centers excluded,Defensemen; centers excluded,TRUE,73,193,9,2,89,64,2.57,5.07,1.72,0,0.31,0.55
8479553,20212022,Maxim Mamin,28567,1,1.77,0.07,95.2,56.43,FALSE,FALSE,,,0,0,1.17,0.32,0.89,-0.14,-0.29,-0.1,38.76,TRUE,Wings; centers excluded,Defensemen; centers excluded,FALSE,74,206,2,2,66,49,7.44,5.42,2.14,0.13,0.5,0.25
8480003,20212022,Jesper Boqvist,44114,1,-0.07,-1.67,48.03,4.15,TRUE,TRUE,deflectionShare,blockedShotsPer60,0,0,-0.13,-1.62,-0.17,-0.26,0.24,0.21,43.89,FALSE,Wings; centers excluded,Defensemen; centers excluded,TRUE,73,191,4,2,105,74,2.53,6.53,1.31,0,0.24,0.16
8480205,20212022,Emil Bemstrom,25881,1,0.1,-0.77,55.46,21.58,FALSE,TRUE,,blockedShotsPer60,0,0,0.41,-1.25,-0.74,0.16,0.44,0.32,33.88,FALSE,Wings; centers excluded,Defensemen; centers excluded,FALSE,72,190,6,3,84,62,5.01,3.76,0.83,0,0.28,0.14
8480216,20212022,Jacob Peterson,43146,1,-0.87,-1.57,17.03,4.15,FALSE,TRUE,,blockedShotsPer60,0,0,-1.06,-1.85,-0.3,-0.09,0.5,0.36,12.88,FALSE,Wings; centers excluded,Defensemen; centers excluded,TRUE,73,180,6,3,115,85,1.84,4.34,1.92,0,0.42,0.67
8480806,20212022,Isac Lundeström,74331,1,-1.15,-2.1,10.92,0.83,FALSE,FALSE,,,0,0,-1.73,-2.03,0.36,-0.27,0.22,0.2,10.09,TRUE,Wings; centers excluded,Defensemen; centers excluded,TRUE,73,192,7,3,117,84,1.84,3.68,2.66,0,0.15,0.58
8480849,20212022,Barrett Hayton,58021,1,-0.83,-1.24,17.9,9.54,FALSE,FALSE,,,0,0,-0.93,-1.24,0.07,-0.07,0.03,0.08,8.36,TRUE,Wings; centers excluded,Defensemen; centers excluded,TRUE,73,200,6,5,116,82,5.21,6.89,2.05,0,0.37,0.99
8480901,20212022,Karson Kuhlman,31425,1,1.19,-0.19,89.52,43.57,FALSE,FALSE,,,0,0,0.15,-0.37,0.29,-0.32,0.75,0.5,45.95,TRUE,Wings; centers excluded,Defensemen; centers excluded,TRUE,71,184,4,0,92,68,8.13,6.19,2.29,0,0.23,0.34
8481522,20212022,Peyton Krebs,49880,1,-0.7,-2.2,24.02,0.83,FALSE,TRUE,,blockedShotsPer60,0,0,-0.5,-2.44,-0.68,-0.11,0.48,0.35,23.19,FALSE,Wings; centers excluded,Defensemen; centers excluded,TRUE,72,188,7,3,79,56,1.8,5.2,0.58,0,0.65,0.65
8481618,20212022,Alex Newhook,57784,1,-0.63,-1.21,27.51,10.37,FALSE,FALSE,,,0,0,-0.65,-1.35,-0.36,-0.14,0.38,0.28,17.14,TRUE,Wings; centers excluded,Defensemen; centers excluded,TRUE,71,200,6,4,143,113,2.49,4.98,2.24,0,0.37,0.5
8466138,20212022,Joe Thornton,22656,2,0.57,-0.41,77.73,33.2,TRUE,TRUE,deflectionShare,blockedShotsPer60,0,0,0.44,-0.2,0.52,0.3,-0.4,-0.51,44.53,FALSE,Wings; centers excluded,Defensemen; centers excluded,FALSE,76,220,5,3,35,26,3.18,2.22,1.59,0,0.64,0.16
8470775,20212022,Nate Thompson,23686,2,0.93,1.43,86.03,93.36,TRUE,FALSE,backhandShare,,0,0,0.84,1.12,0.11,0.26,-0.02,0.05,-7.33,FALSE,Wings; centers excluded,Defensemen; centers excluded,FALSE,73,205,5,3,35,23,7.45,3.19,3.04,0.15,0.3,0
8470794,20212022,Joe Pavelski,90892,2,0.22,-1.27,60.26,8.71,FALSE,FALSE,,,0,0,-0.34,-0.63,0.48,-0.83,0.08,0.19,51.55,TRUE,Wings; centers excluded,Defensemen; centers excluded,TRUE,73,196,6,1,312,216,4.12,2.34,2.73,0,0.24,0.51
8473563,20212022,Nicklas Backstrom,49324,2,-0.16,-1.48,43.23,4.56,FALSE,TRUE,,blockedShotsPer60,0,0,-0.05,-1.62,-0.13,0.05,0.02,0.1,38.67,FALSE,Wings; centers excluded,Defensemen; centers excluded,TRUE,73,202,9,4,98,68,1.17,2.77,1.17,0,0.36,0
8473604,20212022,Jonathan Toews,74445,2,-0.46,-2.49,32.75,0.83,FALSE,TRUE,,blockedShotsPer60,0,0,-0.46,-2.26,0.06,-0.23,-0.05,0,31.92,FALSE,Wings; centers excluded,Defensemen; centers excluded,TRUE,74,201,10,4,158,125,1.21,4.06,1.06,0.05,0.58,0.58
8474009,20212022,Nick Bonino,80159,2,0.25,-0.05,61.57,50.62,FALSE,FALSE,,,0,0,-0.19,-0.59,0.39,0.38,0.06,0.16,10.95,TRUE,Wings; centers excluded,Defensemen; centers excluded,TRUE,73,198,20,11,181,137,1.53,2.74,4.58,0,0.36,0.18
8474189,20212022,Lars Eller,69653,2,-0.56,-0.51,31.44,30.29,FALSE,FALSE,,,0,0,-0.17,-0.69,-0.27,0.28,-0.11,-0.09,1.15,TRUE,Wings; centers excluded,Defensemen; centers excluded,TRUE,74,207,17,7,170,116,4.91,4.81,1.86,0,0.52,0.67
8474291,20212022,Jay Beagle,27295,2,0.79,1.24,83.84,90.87,TRUE,FALSE,backhandShare,,0,0,1.06,1.07,-0.05,0.42,-0.22,-0.25,-7.03,FALSE,Wings; centers excluded,Defensemen; centers excluded,FALSE,75,210,7,4,29,24,6.59,3.69,2.11,0.13,0.79,0.13
8475158,20212022,Ryan O'Reilly,89298,2,-1.1,-2.78,11.79,0,FALSE,TRUE,,blockedShotsPer60,0,0,-1.22,-2.93,0.15,0.14,-0.04,0.02,11.79,FALSE,Wings; centers excluded,Defensemen; centers excluded,TRUE,73,207,16,10,215,168,0.81,2.62,1.53,0,0.24,0.85
8475166,20212022,John Tavares,85671,2,0.12,-0.96,55.9,17.84,FALSE,FALSE,,,0,0,-0.1,-0.74,0.36,-0.08,-0.14,-0.14,38.05,TRUE,Wings; centers excluded,Defensemen; centers excluded,TRUE,73,217,12,7,347,237,3.78,3.99,1.85,0,0.59,0.59
8475236,20212022,Cody Eakin,56250,2,-0.31,-0.55,37.12,28.22,FALSE,FALSE,,,0,0,-0.24,-1.16,-0.23,0.31,0.15,0.3,8.9,TRUE,Wings; centers excluded,Defensemen; centers excluded,TRUE,72,196,12,8,94,74,2.11,2.05,1.86,0,0.45,0.45
8475714,20212022,Calle Jarnkrok,63509,2,-0.91,-2.98,14.85,0,FALSE,TRUE,,blockedShotsPer60,0,0,-0.92,-2.7,-0.18,-0.62,0.18,0.35,14.85,FALSE,Wings; centers excluded,Defensemen; centers excluded,TRUE,72,193,6,1,142,101,2.15,4.25,0.96,0,0.06,0.34
8475726,20212022,Tyler Toffoli,72387,2,-0.28,-0.94,37.99,17.84,FALSE,TRUE,,blockedShotsPer60,0,0,-0.16,-1.09,-0.18,-0.01,0.06,0.16,20.15,FALSE,Wings; centers excluded,Defensemen; centers excluded,TRUE,72,205,14,4,258,195,4.03,2.39,1.19,0,0.3,0.4
8475745,20212022,Charlie Coyle,85647,2,-0.64,-1.83,27.07,2.49,FALSE,TRUE,,blockedShotsPer60,0,0,-0.36,-1.21,0.05,-0.19,-0.33,-0.42,24.58,FALSE,Wings; centers excluded,Defensemen; centers excluded,TRUE,75,221,14,3,185,131,3.53,2.94,1.64,0,0.29,0.5
8475752,20212022,Tyler Pitlick,25600,2,-0.3,0.13,37.55,58.51,FALSE,FALSE,,,0,0,-0.23,0.13,-0.04,-0.03,-0.03,0.03,-20.95,TRUE,Wings; centers excluded,Defensemen; centers excluded,FALSE,74,199,6,0,54,36,9.84,6.47,3.66,0,0.14,0.42
8475798,20212022,Mikael Granlund,97990,2,-0.06,-0.26,48.47,41.49,FALSE,TRUE,,blockedShotsPer60,0,0,-0.37,-1.3,-0.03,0.48,0.34,0.56,6.98,FALSE,Wings; centers excluded,Defensemen; centers excluded,TRUE,70,193,30,12,165,117,3.38,4.34,1.65,0.04,0.44,0.7
8476345,20212022,Gregory Hofmann,18008,2,-0.12,0.02,44.1,55.19,FALSE,FALSE,,,0,0,-0.15,-0.56,-0.14,0.25,0.17,0.33,-11.08,TRUE,Wings; centers excluded,Defensemen; centers excluded,FALSE,72,194,4,2,36,33,4.6,2.6,2,0,0.4,0.6
8476461,20212022,Sean Couturier,35486,2,-0.8,-0.69,20.52,24.07,FALSE,FALSE,,,0,0,-0.34,-1.26,-0.16,0.93,-0.3,-0.36,-3.54,TRUE,Wings; centers excluded,Defensemen; centers excluded,TRUE,76,210,16,9,108,79,2.23,3.04,1.83,0,0.61,0.71
8476851,20212022,Alex Galchenyuk,47352,2,0.43,0.01,70.74,55.19,FALSE,FALSE,,,0,0,0.59,0.27,-0.26,-0.48,0.1,0.22,15.56,TRUE,Wings; centers excluded,Defensemen; centers excluded,TRUE,73,194,4,2,122,89,5.09,4.79,1.82,0,0.84,0.23
8476881,20212022,Tomas Hertl,98106,2,-0.22,-0.51,40.61,30.29,FALSE,FALSE,,,0,0,-0.15,-0.75,0.25,0.65,-0.32,-0.41,10.32,TRUE,Wings; centers excluded,Defensemen; centers excluded,TRUE,75,220,33,18,281,205,3.85,3.78,2.09,0,0.4,0.44
8476952,20212022,Dominic Toninato,38801,2,1.07,0.81,88.21,79.25,FALSE,FALSE,,,0,0,0.71,1.16,0.41,-0.35,-0.05,0,8.96,TRUE,Wings; centers excluded,Defensemen; centers excluded,TRUE,74,201,4,2,64,44,8.54,4.92,2.97,0,0.74,0.28
8477070,20212022,Liam O'Brien,22177,2,2.52,2.36,98.69,97.93,TRUE,TRUE,fightsPer60,hitsPer60; blockedShotsPer60; fightsPer60; contactPenaltiesTakenPer60,0,0,2.98,2.97,-0.34,-0.5,-0.12,-0.11,0.76,FALSE,Wings; centers excluded,Defensemen; centers excluded,FALSE,73,215,1,1,51,36,22.56,8.77,1.62,1.62,1.46,1.46
8477353,20212022,Tyler Motte,48759,2,0.07,1.54,54.15,93.78,FALSE,FALSE,,,0,0,0.08,0.71,-0.34,0.29,0.33,0.55,-39.63,TRUE,Wings; centers excluded,Defensemen; centers excluded,TRUE,70,194,11,6,144,101,8.64,5.61,4.28,0,0.52,0.66
8477460,20212022,Laurent Dauphin,30309,2,0.23,-0.38,60.26,35.27,FALSE,FALSE,,,0,0,-0.06,-0.5,0.04,-0.34,0.26,0.46,24.99,TRUE,Wings; centers excluded,Defensemen; centers excluded,TRUE,72,186,4,1,68,50,3.68,9.5,3.21,0.12,0.71,0.59
8477497,20212022,Sean Monahan,54850,2,-0.01,-0.95,51.09,17.84,FALSE,TRUE,,blockedShotsPer60,0,0,0.03,-0.62,0.07,-0.26,-0.1,-0.08,33.25,FALSE,Wings; centers excluded,Defensemen; centers excluded,TRUE,74,206,8,2,151,111,3.87,3.08,1.58,0,0.66,0.59
8477933,20212022,Sam Reinhart,83111,2,-0.4,-2.83,34.93,0,FALSE,TRUE,,blockedShotsPer60,0,0,-0.97,-2.7,0.49,-0.32,0.08,0.19,34.93,FALSE,Wings; centers excluded,Defensemen; centers excluded,TRUE,73,196,8,5,266,186,2.12,6.76,1.3,0.04,0.09,0.39
8477951,20212022,Nick Schmaltz,68971,2,-0.63,-1.74,27.51,3.73,FALSE,TRUE,,blockedShotsPer60,0,0,-0.89,-2.78,-0.01,0.55,0.28,0.49,23.78,FALSE,Wings; centers excluded,Defensemen; centers excluded,TRUE,72,184,25,7,163,123,0.78,3.91,1.46,0,0.26,0.42
8478403,20212022,Jack Eichel,39559,2,-0.63,-0.58,27.51,27.8,FALSE,FALSE,,,0,0,-0.45,-0.77,-0.06,0.3,-0.12,-0.11,-0.29,TRUE,Wings; centers excluded,Defensemen; centers excluded,TRUE,74,208,10,4,160,133,4.1,5.64,3.19,0,0.36,0.64
8478424,20212022,Jansen Harkins,43782,2,-0.53,-1.53,31.88,4.56,FALSE,TRUE,,blockedShotsPer60,0,0,-0.42,-1.45,-0.18,-0.25,0.07,0.17,27.31,FALSE,Wings; centers excluded,Defensemen; centers excluded,TRUE,73,197,6,2,100,67,4.19,6,1.48,0.08,0.33,0.66
8478445,20212022,Mathew Barzal,78926,2,-0.79,-2.29,20.96,0.83,FALSE,TRUE,,blockedShotsPer60,0,0,-0.86,-2.69,-0.1,0.05,0.18,0.35,20.13,FALSE,Wings; centers excluded,Defensemen; centers excluded,TRUE,73,186,16,5,208,161,1.64,2.87,0.78,0,0.32,0.78
8478866,20212022,Dominik Simon,44435,2,0.05,-0.2,53.28,43.15,FALSE,FALSE,,,0,0,-0.28,-0.22,0.03,-0.48,0.29,0.5,10.12,TRUE,Wings; centers excluded,Defensemen; centers excluded,TRUE,71,190,5,1,114,88,5.83,6.81,3.08,0,0.65,0.97
8479335,20212022,Rasmus Asplund,68533,2,-0.36,-2.28,35.81,0.83,FALSE,TRUE,,blockedShotsPer60,0,0,-0.57,-2.59,-0.09,-0.19,0.29,0.5,34.98,FALSE,Wings; centers excluded,Defensemen; centers excluded,TRUE,71,190,8,5,174,130,1.58,4.15,0.74,0,0.21,0.21
8479365,20212022,Trent Frederic,41953,2,0.76,1.22,83.41,90.46,FALSE,TRUE,,fightsPer60,0,0,1.38,1.33,-0.29,0.31,-0.33,-0.42,-7.05,FALSE,Wings; centers excluded,Defensemen; centers excluded,TRUE,75,221,11,4,126,100,10.21,6.95,1.89,0.43,1.03,0.43
8479373,20212022,Jonathan Dahlen,50479,2,0.08,-1.63,54.59,4.15,FALSE,FALSE,,,0,0,-0.41,-1.52,0.09,-0.77,0.4,0.66,50.44,TRUE,Wings; centers excluded,Defensemen; centers excluded,TRUE,71,180,3,1,137,105,1.14,2.21,2.42,0,0.29,0.21
8480012,20212022,Elias Pettersson,89256,2,-1.2,-2.11,10.04,0.83,FALSE,TRUE,,blockedShotsPer60,0,0,-1.23,-2.57,-0.17,0.06,0.2,0.4,9.21,FALSE,Wings; centers excluded,Defensemen; centers excluded,TRUE,74,176,17,7,290,192,1.98,4.44,1.73,0,0.16,0.89
8480014,20212022,Gabriel Vilardi,20271,2,-0.36,-3.94,35.81,0,TRUE,TRUE,deflectionShare,blockedShotsPer60,0,0,-0.85,-2.52,0.77,-1.08,-0.28,-0.34,35.81,FALSE,Wings; centers excluded,Defensemen; centers excluded,FALSE,75,216,1,0,52,41,1.07,6.39,1.6,0,0.53,0.71
8480018,20212022,Nick Suzuki,100910,2,-0.16,-0.61,42.79,26.97,FALSE,FALSE,,,0,0,-0.24,-0.91,-0.04,0.06,0.12,0.23,15.82,TRUE,Wings; centers excluded,Defensemen; centers excluded,TRUE,71,207,22,5,238,186,3.18,3.53,2.21,0,0.43,0.5
8480039,20212022,Martin Necas,75760,2,-1.05,-2.34,11.79,0.83,FALSE,TRUE,,blockedShotsPer60,0,0,-0.78,-2.38,-0.2,0.05,-0.07,-0.01,10.96,FALSE,Wings; centers excluded,Defensemen; centers excluded,TRUE,75,195,13,7,226,159,2.61,5.04,0.9,0,0.33,0.76
8480060,20212022,Scott Reedy,23491,2,0.15,-0.66,56.33,24.9,FALSE,FALSE,,,0,0,-0.19,-0.48,0.41,-0.14,-0.08,-0.04,31.44,TRUE,Wings; centers excluded,Defensemen; centers excluded,FALSE,74,204,4,1,48,33,2.15,4.29,3.98,0,0.77,0.61
8480068,20212022,Ryan Poehling,41708,2,-0.53,-1.31,32.31,8.3,FALSE,FALSE,,,0,0,-0.75,-1.49,0.32,0.26,-0.1,-0.08,24.02,TRUE,Wings; centers excluded,Defensemen; centers excluded,TRUE,74,206,11,3,114,91,3.45,4.57,2.42,0,0.17,0.6
8480078,20212022,Filip Chytil,52964,2,-0.71,-2.34,24.02,0.83,FALSE,FALSE,,,0,0,-0.57,-1.89,0,-0.32,-0.14,-0.14,23.19,TRUE,Wings; centers excluded,Defensemen; centers excluded,TRUE,74,210,8,1,188,135,1.63,5.1,1.84,0,0.48,0.54
8480144,20212022,David Kampf,75108,2,-0.57,-1.46,31,4.98,FALSE,TRUE,,blockedShotsPer60,0,0,-0.4,-1.51,-0.15,0,-0.02,0.05,26.03,FALSE,Wings; centers excluded,Defensemen; centers excluded,TRUE,74,198,10,8,136,102,3.83,5.27,1.25,0,0.38,0.58
8480448,20212022,Parker Kelly,26016,2,0.84,1.88,84.72,96.27,TRUE,TRUE,hitsReceivedPer60,hitsPer60; contactPenaltiesTakenPer60,0,0,0.76,2.12,-0.11,-0.61,0.19,0.36,-11.55,FALSE,Wings; centers excluded,Defensemen; centers excluded,FALSE,73,185,3,0,64,48,18.13,11.21,4.15,0.14,1.25,0.97
8480798,20212022,Philipp Kurashev,51673,2,-0.85,-1.82,17.9,2.49,FALSE,FALSE,,,0,0,-0.97,-2.08,-0.09,-0.13,0.22,0.39,15.41,TRUE,Wings; centers excluded,Defensemen; centers excluded,TRUE,72,190,10,1,105,86,2.16,5.85,2.09,0,0.35,0.91
8480829,20212022,Jesperi Kotkaniemi,47612,2,-0.08,-1.68,48.03,4.15,FALSE,TRUE,,blockedShotsPer60,0,0,-0.12,-0.87,0.28,-0.53,-0.24,-0.28,43.89,FALSE,Wings; centers excluded,Defensemen; centers excluded,TRUE,75,212,5,1,111,81,5.6,5.44,1.13,0.08,0.68,0.98
8481061,20212022,Jasper Weatherby,33722,2,-0.07,0.23,48.03,61.83,FALSE,FALSE,,,0,0,0.25,0.15,0.11,0.63,-0.42,-0.55,-13.79,TRUE,Wings; centers excluded,Defensemen; centers excluded,TRUE,76,222,10,7,64,45,5.55,4.8,2.56,0,0.64,0.43
8481068,20212022,Yegor Sharangovich,75275,2,-1.05,-2.36,11.79,0.83,FALSE,TRUE,,blockedShotsPer60,0,0,-0.89,-2.69,-0.16,0.25,-0,0.08,10.96,FALSE,Wings; centers excluded,Defensemen; centers excluded,TRUE,74,196,20,5,238,168,1.43,3.35,1.24,0.05,0.1,0.38
8481528,20212022,Dylan Cozens,75330,2,-1.08,-2.85,11.79,0,FALSE,TRUE,,blockedShotsPer60,0,0,-0.55,-2.13,-0.36,-0.56,-0.17,-0.17,11.79,FALSE,Wings; centers excluded,Defensemen; centers excluded,TRUE,75,205,7,2,210,160,1.67,3.97,1.05,0.05,0.62,0.86
8481533,20212022,Trevor Zegras,80582,2,-0.66,-1.25,26.2,9.13,FALSE,TRUE,,blockedShotsPer60,0,0,-0.59,-1.84,-0.33,0.12,0.27,0.47,17.07,FALSE,Wings; centers excluded,Defensemen; centers excluded,TRUE,72,185,15,8,251,181,2.5,4.47,1.21,0,0.58,0.94
8482110,20212022,Dawson Mercer,81383,2,-0.37,-1.86,35.81,2.49,FALSE,TRUE,,blockedShotsPer60,0,0,-0.84,-2.5,0.16,0.09,0.32,0.55,33.32,FALSE,Wings; centers excluded,Defensemen; centers excluded,TRUE,72,180,21,1,193,154,1.15,5.71,1.55,0,0.49,0.71
8482113,20212022,Anton Lundell,61375,2,-0.61,-0.44,28.38,31.54,FALSE,FALSE,,,0,0,-0.54,-1.35,-0.15,0.71,0.08,0.19,-3.15,TRUE,Wings; centers excluded,Defensemen; centers excluded,TRUE,73,196,25,9,171,125,1.53,4.69,3.28,0,0.53,0.59
8470604,20212022,Jeff Carter,80579,3,0.01,-0.55,52.4,28.22,FALSE,FALSE,,,0,0,0.38,0.01,-0.02,-0.13,-0.36,-0.43,24.19,TRUE,Wings; centers excluded,Defensemen; centers excluded,TRUE,75,219,13,5,245,200,4.42,3.22,2.23,0,0.63,0.36
8470612,20212022,Ryan Getzlaf,63699,3,-0.46,-0.03,32.75,52.28,FALSE,FALSE,,,0,0,0.49,0.54,-0.5,0.01,-0.45,-0.58,-19.53,TRUE,Wings; centers excluded,Defensemen; centers excluded,TRUE,76,220,11,5,148,104,5.03,2.71,3.16,0.06,0.62,0.45
8474040,20212022,Sam Gagner,66194,3,-0.27,-2.03,38.86,1.24,FALSE,TRUE,,blockedShotsPer60,0,0,-0.33,-2.32,-0.14,-0.14,0.21,0.43,37.62,FALSE,Wings; centers excluded,Defensemen; centers excluded,TRUE,71,200,9,6,158,132,1.14,3.59,1.36,0,0.6,0.33
8474062,20212022,Riley Nash,33597,3,0.14,-0.48,56.33,30.71,FALSE,FALSE,,,0,0,-0.03,-1.09,-0.01,0.19,0.18,0.42,25.63,TRUE,Wings; centers excluded,Defensemen; centers excluded,TRUE,73,187,6,4,56,36,4.93,6,1.82,0,0.54,0.64
8474564,20212022,Steven Stamkos,89828,3,-0.12,-1.39,43.67,7.47,FALSE,TRUE,,blockedShotsPer60,0,0,0.12,-1,-0.35,-0.7,0.11,0.31,36.2,FALSE,Wings; centers excluded,Defensemen; centers excluded,TRUE,73,193,8,4,323,241,3.73,3.05,1.24,0,0.52,0.36
8474683,20212022,Derek Grant,60976,3,0.34,-0.28,65.5,39,FALSE,FALSE,,,0,0,0.26,0.26,0.33,-0.27,-0.25,-0.26,26.5,TRUE,Wings; centers excluded,Defensemen; centers excluded,TRUE,75,210,9,3,155,117,4.07,2.24,2.89,0.06,0.3,0.12
8475098,20212022,Tyler Bozak,36512,3,-0.16,-0.4,42.79,34.02,FALSE,FALSE,,,0,0,-0.23,-1.37,-0.12,0.55,0.18,0.42,8.77,TRUE,Wings; centers excluded,Defensemen; centers excluded,TRUE,73,187,9,5,56,46,1.97,2.76,2.07,0,0.49,0.39
8475225,20212022,Craig Smith,64038,3,-0.18,-1.43,42.36,5.39,FALSE,TRUE,,blockedShotsPer60,0,0,0.12,-0.91,-0.3,-0.65,-0,0.12,36.96,FALSE,Wings; centers excluded,Defensemen; centers excluded,TRUE,73,203,6,3,248,187,5.34,5.45,1.57,0,0.56,0.56
8475231,20212022,Casey Cizikas,61036,3,1.22,1.09,89.52,87.14,FALSE,FALSE,,,0,0,0.6,0.61,0.31,-0.12,0.31,0.6,2.38,TRUE,Wings; centers excluded,Defensemen; centers excluded,TRUE,71,191,9,5,128,91,8.14,5.6,2.54,0,1.12,0.94
8475735,20212022,Greg McKegg,28037,3,0.58,0.07,77.73,56.43,FALSE,FALSE,,,0,0,-0.31,-0.81,0.72,0.48,0.18,0.4,21.3,TRUE,Wings; centers excluded,Defensemen; centers excluded,FALSE,72,195,7,3,31,25,6.42,5.52,2.82,0,0.13,0.39
8475760,20212022,Nick Bjugstad,35091,3,0.11,-0.28,55.46,39.42,FALSE,TRUE,,blockedShotsPer60,0,0,0.5,-0.04,0.13,0.41,-0.51,-0.65,16.04,FALSE,Wings; centers excluded,Defensemen; centers excluded,TRUE,78,210,8,4,107,82,10.16,5.13,1.44,0,0.51,0.51
8476419,20212022,Jean-Gabriel Pageau,81656,3,0.76,0.63,83.84,72.2,FALSE,FALSE,,,0,0,0.21,-0.26,0.12,0.09,0.44,0.81,11.64,TRUE,Wings; centers excluded,Defensemen; centers excluded,TRUE,71,180,15,7,169,126,7.54,4.36,2.34,0.09,0.31,0.48
8476437,20212022,Victor Rask,34391,3,-1.24,-3.05,7.86,0,FALSE,TRUE,,blockedShotsPer60,0,0,-0.86,-3.39,-0.34,0.27,-0.04,0.07,7.86,FALSE,Wings; centers excluded,Defensemen; centers excluded,TRUE,74,199,6,5,79,58,1.57,3.35,0.52,0,0.1,0.1
8476454,20212022,Ryan Nugent-Hopkins,73023,3,-0.37,-0.75,35.81,21.99,FALSE,TRUE,,blockedShotsPer60,0,0,-0.33,-1.75,-0.17,0.68,0.13,0.33,13.82,FALSE,Wings; centers excluded,Defensemen; centers excluded,TRUE,73,192,19,12,184,154,2.07,3.16,1.68,0,0.39,0.35
8476458,20212022,Ryan Strome,81331,3,0.09,-2.24,54.59,0.83,FALSE,TRUE,,blockedShotsPer60,0,0,-0.03,-1.97,-0.01,-0.6,0.13,0.33,53.76,FALSE,Wings; centers excluded,Defensemen; centers excluded,TRUE,73,192,9,3,216,161,1.81,2.7,0.84,0.04,0.84,0.53
8476479,20212022,Phillip Danault,85916,3,0.31,-2.16,64.19,0.83,FALSE,FALSE,,,0,0,-0.08,-1.31,0.36,-1.02,0.03,0.18,63.36,TRUE,Wings; centers excluded,Defensemen; centers excluded,TRUE,73,200,6,2,260,194,3.1,4.23,2.05,0.08,0.5,0.54
8476826,20212022,Yanni Gourde,82066,3,0.49,-0.43,73.8,32.78,FALSE,TRUE,,blockedShotsPer60,0,0,-0.22,-1.96,0.01,0.34,0.69,1.19,41.02,FALSE,Wings; centers excluded,Defensemen; centers excluded,TRUE,69,173,19,7,186,128,3.38,4.3,1.36,0.13,0.39,0.61
8476919,20212022,Chris Tierney,52141,3,0.69,-0.57,81.22,27.8,FALSE,FALSE,,,0,0,0.11,-0.67,0.43,-0.24,0.14,0.34,53.42,TRUE,Wings; centers excluded,Defensemen; centers excluded,TRUE,73,191,9,1,100,72,2.9,3.38,2.07,0,0.48,0.21
8476925,20212022,Colton Sissons,76609,3,0.95,0.42,86.46,67.63,FALSE,FALSE,,,0,0,0.81,0.96,0.11,-0.72,0.03,0.18,18.83,TRUE,Wings; centers excluded,Defensemen; centers excluded,TRUE,73,200,8,2,134,87,8.83,3.76,2.07,0,0.52,0.19
8476927,20212022,Teddy Blueger,58570,3,-0,0.4,51.53,67.22,FALSE,FALSE,,,0,0,-0.27,-1.2,-0.02,1.02,0.29,0.58,-15.69,TRUE,Wings; centers excluded,Defensemen; centers excluded,TRUE,72,185,20,11,114,93,5.35,4.92,1.97,0,0.25,0.49
8476994,20212022,Vinnie Hinostroza,51603,3,-0.11,-1.75,44.54,2.9,FALSE,TRUE,,blockedShotsPer60,0,0,-0.31,-2.51,-0.29,-0.11,0.49,0.88,41.64,FALSE,Wings; centers excluded,Defensemen; centers excluded,TRUE,70,183,7,5,122,92,1.74,4.19,0.91,0,0.7,0.56
8477500,20212022,Bo Horvat,81947,3,-0.08,-1.01,47.6,15.35,FALSE,FALSE,,,0,0,0.28,-0.16,-0.12,-0.56,-0.25,-0.29,32.25,TRUE,Wings; centers excluded,Defensemen; centers excluded,TRUE,73,225,11,1,261,195,4.22,2.5,1.98,0,0.62,0.44
8477934,20212022,Leon Draisaitl,107276,3,-1.03,-2.79,12.66,0,FALSE,TRUE,,blockedShotsPer60,0,0,-0.79,-3.3,-0.08,0.63,-0.16,-0.12,12.66,FALSE,Wings; centers excluded,Defensemen; centers excluded,TRUE,74,209,29,14,387,278,1.78,4.7,0.84,0,0.47,0.81
8478043,20212022,Sam Lafferty,45599,3,0.61,-0.53,78.6,29.05,FALSE,FALSE,,,0,0,0.44,-0.43,0.28,-0.06,-0.11,-0.04,49.56,TRUE,Wings; centers excluded,Defensemen; centers excluded,TRUE,74,205,7,4,100,80,10.82,7.97,2.05,0.24,0.47,0.87
8478440,20212022,Dylan Strome,72204,3,-0.63,-3.29,27.07,0,FALSE,TRUE,,hitsPer60; blockedShotsPer60,0,0,-0.69,-2.96,0.28,-0.13,-0.23,-0.21,27.07,FALSE,Wings; centers excluded,Defensemen; centers excluded,TRUE,76,200,12,4,156,126,0.55,3.24,1.65,0,0.65,0.55
8478477,20212022,Mitchell Stephens,18109,3,0.34,-0.28,65.5,39.42,TRUE,FALSE,deflectionShare,,0,0,0.67,0.32,-0.41,-0.85,0.09,0.25,26.08,FALSE,Wings; centers excluded,Defensemen; centers excluded,FALSE,72,203,2,0,26,17,4.17,2.98,1.79,0,0.8,0.2
8478891,20212022,Mason Appleton,60731,3,-0.29,-3.39,37.55,0,FALSE,TRUE,,blockedShotsPer60,0,0,-0.26,-2,-0.02,-1.52,-0.01,0.12,37.55,FALSE,Wings; centers excluded,Defensemen; centers excluded,TRUE,74,196,3,0,136,98,3.79,6.52,1.19,0,0.41,0.47
8479318,20212022,Auston Matthews,90268,3,-0.81,-1.07,19.21,14.11,FALSE,FALSE,,,0,0,-0.38,-1.45,-0.12,0.74,-0.31,-0.36,5.11,TRUE,Wings; centers excluded,Defensemen; centers excluded,TRUE,75,215,29,8,484,348,2.67,4.03,2.47,0,0.32,0.4
8479370,20212022,Tyson Jost,61536,3,-0.25,-1.38,38.86,7.47,FALSE,FALSE,,,0,0,-0.76,-2.23,0.15,0.17,0.36,0.68,31.4,TRUE,Wings; centers excluded,Defensemen; centers excluded,TRUE,71,187,11,7,118,97,3.22,8.72,2.16,0,0.59,1.35
8479420,20212022,Tage Thompson,83676,3,-1.49,-2.33,4.37,0.83,FALSE,TRUE,,blockedShotsPer60,0,0,-0.31,-1.8,-0.56,0.31,-0.63,-0.84,3.54,FALSE,Wings; centers excluded,Defensemen; centers excluded,TRUE,78,220,17,10,348,253,2.84,2.02,1.08,0.04,0.39,0.56
8479514,20212022,Rem Pitlick,59332,3,0.98,-0.58,86.9,27.8,FALSE,TRUE,,blockedShotsPer60,0,0,0.13,-1.25,0.48,-0.03,0.37,0.69,59.1,FALSE,Wings; centers excluded,Defensemen; centers excluded,TRUE,71,186,11,3,85,65,1.52,4.25,1.7,0,0.73,0.12
8479987,20212022,Morgan Geekie,55224,3,-0.73,-2.64,22.71,0.83,FALSE,TRUE,,blockedShotsPer60,0,0,-0.33,-1.98,-0.12,-0.36,-0.28,-0.3,21.88,FALSE,Wings; centers excluded,Defensemen; centers excluded,TRUE,75,212,8,2,142,97,3.59,7.17,1.5,0,0.46,0.59
8480459,20212022,Pius Suter,83266,3,0.57,-0.48,77.73,30.71,FALSE,TRUE,,blockedShotsPer60,0,0,-0.44,-1.96,0.48,0.53,0.53,0.95,47.02,FALSE,Wings; centers excluded,Defensemen; centers excluded,TRUE,71,172,21,10,216,166,1.04,1.6,1.6,0,0.48,0.35
8480802,20212022,Ryan McLeod,54358,3,-0.86,-2.21,17.47,0.83,FALSE,TRUE,,blockedShotsPer60,0,0,-0.77,-2.84,0.09,0.78,-0.18,-0.15,16.64,FALSE,Wings; centers excluded,Defensemen; centers excluded,TRUE,75,204,18,5,111,82,1.85,6.09,1.66,0,0.33,0.53
8480813,20212022,Joseph Veleno,52329,3,0.44,0.01,71.18,54.77,FALSE,TRUE,,blockedShotsPer60,0,0,0.44,-0.06,-0.03,-0.08,0.02,0.16,16.41,FALSE,Wings; centers excluded,Defensemen; centers excluded,TRUE,73,201,9,3,97,73,8.46,5.3,1.72,0,0.48,0.41
8481477,20212022,Nico Sturm,52855,3,-0.05,-1.58,49.34,4.15,FALSE,FALSE,,,0,0,0.15,-0.63,0.04,-0.71,-0.24,-0.25,45.2,TRUE,Wings; centers excluded,Defensemen; centers excluded,TRUE,75,209,5,2,129,101,6.74,7.08,1.98,0,0.41,0.41
8481481,20212022,Blake Lizotte,51088,3,0.44,-0.6,71.62,27.39,FALSE,TRUE,,blockedShotsPer60,0,0,-0.15,-1.98,-0.06,0.24,0.65,1.14,44.23,FALSE,Wings; centers excluded,Defensemen; centers excluded,TRUE,69,176,9,7,122,91,5.21,9.72,0.85,0,0.85,1.06
8470619,20212022,Brian Boyle,42724,4,-0.12,-0.01,44.54,53.53,FALSE,FALSE,,,0,0,0.8,0.8,-0.13,0.36,-0.79,-1.16,-8.99,TRUE,Wings; centers excluded,Defensemen; centers excluded,TRUE,78,245,12,4,109,87,8,4.3,3.29,0.25,0.34,0.25
8471669,20212022,Paul Stastny,75756,4,0.21,-1.67,60.26,4.15,FALSE,TRUE,,blockedShotsPer60,0,0,-0.49,-1.85,0.56,-0.33,0.14,0.5,56.11,FALSE,Wings; centers excluded,Defensemen; centers excluded,TRUE,72,193,9,4,172,141,1.28,1.71,1.28,0,0.33,0.24
8471675,20212022,Sidney Crosby,82694,4,0.08,-1.27,54.59,8.71,FALSE,TRUE,,blockedShotsPer60,0,0,-0.16,-1.38,0.1,-0.39,0.14,0.5,45.87,FALSE,Wings; centers excluded,Defensemen; centers excluded,TRUE,71,200,9,4,272,208,2.18,3.09,1.61,0,0.57,0.39
8473453,20212022,Trevor Lewis,61591,4,-0.01,-1.7,50.66,3.73,FALSE,FALSE,,,0,0,0.09,-0.52,-0.05,-1.35,-0.05,0.16,46.92,TRUE,Wings; centers excluded,Defensemen; centers excluded,TRUE,73,205,2,0,153,108,10.29,6.49,2.34,0,0.29,0.7
8473533,20212022,Jordan Staal,77838,4,0.21,-0.84,60.26,19.92,FALSE,TRUE,,blockedShotsPer60,0,0,0.19,-0.42,0.43,0.05,-0.41,-0.47,40.34,FALSE,Wings; centers excluded,Defensemen; centers excluded,TRUE,76,220,16,5,207,146,9.8,4.58,1.34,0,0.32,0.55
8474053,20212022,Logan Couture,87469,4,-0.22,-0.41,40.61,33.2,FALSE,FALSE,,,0,0,-0.26,-0.98,0.1,0.43,-0.06,0.14,7.42,TRUE,Wings; centers excluded,Defensemen; centers excluded,TRUE,73,206,25,10,260,199,3.79,3.21,2.39,0,0.25,0.41
8475151,20212022,Kyle Palmieri,64687,4,0.07,-2.58,54.15,0.83,FALSE,TRUE,,blockedShotsPer60,0,0,-0.28,-1.73,0.2,-1.36,0.15,0.52,53.32,FALSE,Wings; centers excluded,Defensemen; centers excluded,TRUE,72,192,2,0,215,156,4.29,3.67,1,0.06,0.45,0.78
8475172,20212022,Nazem Kadri,81958,4,-0.43,-2.41,34.06,0.83,FALSE,TRUE,,blockedShotsPer60,0,0,-0.56,-3.1,-0.08,0.05,0.21,0.64,33.23,FALSE,Wings; centers excluded,Defensemen; centers excluded,TRUE,72,185,15,7,339,247,2.28,5.45,0.83,0.13,0.57,1.01
8475772,20212022,Riley Sheahan,49865,4,-2.01,-4.04,1.75,0,FALSE,FALSE,,,0,0,-1.57,-3.69,-0.23,-0.22,-0.21,-0.12,1.75,TRUE,Wings; centers excluded,Defensemen; centers excluded,TRUE,74,214,9,1,89,69,1.16,2.45,2.02,0,0,0.72
8475793,20212022,Ryan Johansen,78512,4,-0.08,-0.8,47.6,21.58,FALSE,TRUE,,blockedShotsPer60,0,0,0.23,-0.21,0.01,-0.27,-0.32,-0.32,26.02,FALSE,Wings; centers excluded,Defensemen; centers excluded,TRUE,75,218,9,5,153,118,3.3,1.97,1.6,0.05,0.69,0.37
8476329,20212022,Travis Boyd,73318,4,0.64,-0.65,80.35,25.31,FALSE,FALSE,,,0,0,0.15,-0.81,0.33,-0.39,0.16,0.55,55.04,TRUE,Wings; centers excluded,Defensemen; centers excluded,TRUE,72,190,7,4,131,88,3.49,6.19,2.7,0,0.74,0.49
8476392,20212022,Adam Lowry,73377,4,0.84,-0.26,84.72,41.49,FALSE,FALSE,,,0,0,0.81,0.26,0.42,-0.09,-0.38,-0.42,43.22,TRUE,Wings; centers excluded,Defensemen; centers excluded,TRUE,77,210,15,2,163,115,11.33,4.91,2.11,0.34,0.29,0.44
8476393,20212022,Nick Cousins,50871,4,0.02,-2.44,52.4,0.83,FALSE,FALSE,,,0,0,-0.32,-2.3,0.1,-0.8,0.23,0.66,51.57,TRUE,Wings; centers excluded,Defensemen; centers excluded,TRUE,71,191,5,0,143,103,4.67,8.28,1.98,0.21,0.42,1.2
8476448,20212022,William Karlsson,73493,4,-0.43,-2.45,33.62,0.83,FALSE,FALSE,,,0,0,-0.77,-2.54,0.17,-0.47,0.16,0.55,32.79,TRUE,Wings; centers excluded,Defensemen; centers excluded,TRUE,72,190,9,2,192,135,2.06,4.41,2.06,0,0.15,0.44
8476878,20212022,Zemgus Girgensons,49692,4,-0.2,-1.41,41.48,6.22,FALSE,FALSE,,,0,0,-0.15,-1.34,0.06,-0.13,-0.12,0.06,35.26,TRUE,Wings; centers excluded,Defensemen; centers excluded,TRUE,75,197,8,3,120,92,5.87,6.16,1.81,0,0.29,0.58
8476905,20212022,Chandler Stephenson,91562,4,-0.13,-2.11,43.67,0.83,FALSE,TRUE,,blockedShotsPer60,0,0,-0.29,-1.96,0.11,-0.51,0.06,0.36,42.84,FALSE,Wings; centers excluded,Defensemen; centers excluded,TRUE,72,201,11,2,158,125,2.67,5.66,1.73,0,0.35,0.39
8476960,20212022,Andreas Athanasiou,25593,4,-1.58,-2.92,3.49,0,FALSE,TRUE,,blockedShotsPer60,0,0,-1.53,-4.02,-0.08,0.8,0.02,0.31,3.49,FALSE,Wings; centers excluded,Defensemen; centers excluded,FALSE,74,190,7,7,104,71,1.55,4.22,1.41,0,0.28,1.55
8477401,20212022,John Hayden,35797,4,0.8,-0.31,83.84,37.34,FALSE,FALSE,,,0,0,1.29,0.6,-0.12,-0.51,-0.36,-0.4,46.5,TRUE,Wings; centers excluded,Defensemen; centers excluded,TRUE,75,223,4,1,83,65,10.46,4.73,2.41,0.6,0.6,0.6
8477446,20212022,Michael McCarron,31791,4,2.12,0.57,98.25,71.37,TRUE,FALSE,deflectionShare,,0,0,2.25,1.52,0.53,-0.02,-0.66,-0.93,26.88,FALSE,Wings; centers excluded,Defensemen; centers excluded,TRUE,78,232,7,1,67,51,13.14,8.95,3.51,0.91,0.79,0.34
8477492,20212022,Nathan MacKinnon,82138,4,-0.75,-1.84,21.83,2.49,FALSE,TRUE,,blockedShotsPer60,0,0,-0.55,-2.09,-0.27,-0.12,0.07,0.37,19.34,FALSE,Wings; centers excluded,Defensemen; centers excluded,TRUE,72,200,12,6,385,299,2.98,3.59,1.71,0.09,0.48,1.05
8477503,20212022,Max Domi,56313,4,-0.19,-1.22,41.92,10.37,FALSE,TRUE,,blockedShotsPer60; contactPenaltiesTakenPer60,0,0,-0.22,-1.93,-0.11,0.23,0.14,0.48,31.55,FALSE,Wings; centers excluded,Defensemen; centers excluded,TRUE,70,208,11,7,145,104,1.53,2.43,0.58,0.06,1.47,0.89
8477887,20212022,Patrick Brown,32825,4,0.39,0.4,68.12,67.22,FALSE,FALSE,,,0,0,0.61,1.05,-0.05,-0.59,-0.16,-0.05,0.9,TRUE,Wings; centers excluded,Defensemen; centers excluded,TRUE,73,217,3,1,69,51,10.97,3.95,3.95,0.11,0.33,0.44
8477919,20212022,Freddy Gaudreau,74391,4,-0.76,-1.33,21.83,8.3,FALSE,FALSE,,,0,0,-0.71,-2.13,-0.27,0.14,0.22,0.66,13.54,TRUE,Wings; centers excluded,Defensemen; centers excluded,TRUE,72,184,15,7,179,132,2.32,3.34,2.08,0,0.15,0.44
8477946,20212022,Dylan Larkin,83740,4,-0.6,-1.25,28.82,9.13,FALSE,TRUE,,blockedShotsPer60,0,0,-0.39,-1.75,-0.17,0.32,-0.04,0.18,19.69,FALSE,Wings; centers excluded,Defensemen; centers excluded,TRUE,73,204,23,7,281,212,3.27,2.84,1.2,0.04,0.47,0.77
8477952,20212022,Robby Fabbri,58227,4,0.46,-1.02,72.05,15.35,FALSE,TRUE,,blockedShotsPer60,0,0,0.16,-0.83,0.01,-0.96,0.28,0.76,56.7,FALSE,Wings; centers excluded,Defensemen; centers excluded,TRUE,71,185,2,1,170,123,5.32,3.96,1.17,0.06,0.74,0.74
8477989,20212022,Christian Dvorak,58373,4,-0.23,-1.97,40.17,1.24,FALSE,FALSE,,,0,0,-0.55,-1.81,0.23,-0.59,0.09,0.43,38.93,TRUE,Wings; centers excluded,Defensemen; centers excluded,TRUE,73,190,5,2,116,87,1.97,3.95,3.21,0,0.31,0.49
8478051,20212022,Max Willman,28958,4,0.19,-0.3,58.52,37.76,FALSE,TRUE,,blockedShotsPer60,0,0,0.33,-1.05,-0.37,0.09,0.22,0.66,20.76,FALSE,Wings; centers excluded,Defensemen; centers excluded,FALSE,72,184,5,3,80,65,6.59,9.2,1.24,0,0.62,0.5
8478146,20212022,Matthew Highmore,35038,4,0.17,-0.34,58.08,36.1,FALSE,FALSE,,,0,0,-0.27,-1.25,0.22,0.27,0.22,0.64,21.98,TRUE,Wings; centers excluded,Defensemen; centers excluded,TRUE,71,192,9,3,81,61,4.21,6.88,3.9,0,0.31,0.62
8478400,20212022,Colin White,22086,4,0.28,-1.08,62.01,14.11,FALSE,TRUE,,blockedShotsPer60,0,0,0.15,-0.94,0.08,-0.48,0.05,0.34,47.9,FALSE,Wings; centers excluded,Defensemen; centers excluded,FALSE,73,195,2,1,60,47,4.56,4.07,0.65,0,0.33,0.16
8478401,20212022,Pavel Zacha,70753,4,-0.73,-1.69,22.27,3.73,FALSE,TRUE,,blockedShotsPer60,0,0,-0.13,-1.32,-0.28,-0.06,-0.32,-0.31,18.54,FALSE,Wings; centers excluded,Defensemen; centers excluded,TRUE,76,211,13,4,211,148,4.07,3.21,0.92,0,0.41,0.46
8478402,20212022,Connor McDavid,105918,4,-0.7,-2.4,24.02,0.83,FALSE,TRUE,,blockedShotsPer60,0,0,-0.91,-3.11,0.15,0.35,0.06,0.36,23.19,FALSE,Wings; centers excluded,Defensemen; centers excluded,TRUE,73,194,22,16,393,315,2.55,4.21,0.88,0,0.37,1.05
8478585,20212022,Derek Ryan,51439,4,0.37,-1.19,67.69,11.62,FALSE,FALSE,,,0,0,-0.31,-1.53,0.33,-0.54,0.36,0.89,56.07,TRUE,Wings; centers excluded,Defensemen; centers excluded,TRUE,70,185,6,1,95,72,2.66,4.9,2.66,0,0.28,0.35
8479316,20212022,Luke Kunin,68042,4,1.62,1.41,92.58,92.95,FALSE,FALSE,,,0,0,1.43,1.37,0.1,-0.38,0.1,0.43,-0.37,TRUE,Wings; centers excluded,Defensemen; centers excluded,TRUE,72,197,8,3,176,125,11.8,5.61,2.7,0.37,0.74,0.37
8479353,20212022,Brett Howden,30049,4,1.07,0.41,88.21,67.63,FALSE,FALSE,,,0,0,0.63,0.68,0.52,-0.38,-0.08,0.11,20.57,TRUE,Wings; centers excluded,Defensemen; centers excluded,TRUE,74,201,4,1,60,39,7.43,7.31,4.31,0,0.6,0.36
8479415,20212022,Michael McLeod,61566,4,0.34,1.28,65.5,90.87,TRUE,FALSE,deflectionShare,,0,0,0.84,0.22,-0.52,0.75,0.02,0.31,-25.37,FALSE,Wings; centers excluded,Defensemen; centers excluded,TRUE,74,190,27,7,106,78,8.48,5.67,1.99,0.23,0.7,0.53
8479933,20212022,Gerry Mayhew,31621,4,1.27,1.51,89.52,93.78,FALSE,TRUE,,weight,0,0,0.5,0.2,0.12,-0.13,0.66,1.44,-4.26,FALSE,Wings; centers excluded,Defensemen; centers excluded,TRUE,69,161,5,2,80,53,6.6,6.26,2.96,0,0.68,0.46
8479999,20212022,Casey Mittelstadt,38689,4,-1.07,-2.97,11.79,0,FALSE,TRUE,,blockedShotsPer60,0,0,-0.63,-2.69,-0.39,-0.44,-0.05,0.16,11.79,FALSE,Wings; centers excluded,Defensemen; centers excluded,TRUE,73,205,6,0,99,79,1.77,4.28,1.12,0,0.19,0.28
8480002,20212022,Nico Hischier,81245,4,-0.54,-1.97,31.88,1.24,FALSE,FALSE,,,0,0,-0.6,-2.43,0.06,0.21,-0,0.25,30.63,TRUE,Wings; centers excluded,Defensemen; centers excluded,TRUE,73,200,18,8,214,153,2.22,5.05,2.13,0.04,0.22,0.49
8480064,20212022,Josh Norris,73573,4,-0.8,-2.12,20.09,0.83,FALSE,FALSE,,,0,0,-0.61,-1.97,-0.16,-0.35,-0.04,0.2,19.26,TRUE,Wings; centers excluded,Defensemen; centers excluded,TRUE,74,196,8,4,246,172,3.87,4.7,2.15,0,0.24,0.78
8480845,20212022,Rasmus Kupari,40362,4,0.04,-1,53.28,15.77,FALSE,TRUE,,blockedShotsPer60,0,0,0.27,-0.86,-0.15,-0.24,-0.08,0.11,37.51,FALSE,Wings; centers excluded,Defensemen; centers excluded,TRUE,74,201,4,3,85,51,6.07,7.31,1.52,0,0.54,0.45
8481147,20212022,Reese Johnson,23590,4,0.64,0.17,79.91,59.75,TRUE,TRUE,deflectionShare,hitsPer60,0,0,1.06,0.69,-0.48,-0.89,0.06,0.38,20.16,FALSE,Wings; centers excluded,Defensemen; centers excluded,FALSE,73,193,2,0,36,24,21.52,6.87,2.14,0.31,0.46,0.76
8481523,20212022,Kirby Dach,75786,4,-0.69,-2.21,24.89,0.83,FALSE,FALSE,,,0,0,-0.1,-1.87,-0.18,0.16,-0.42,-0.49,24.06,TRUE,Wings; centers excluded,Defensemen; centers excluded,TRUE,76,221,17,6,157,116,2.33,6.89,2.09,0.05,0.67,0.52
8481559,20212022,Jack Hughes,57524,4,-1.96,-4.09,1.75,0,FALSE,TRUE,,hitsPer60; blockedShotsPer60,0,0,-1.96,-5.75,-0.38,0.72,0.38,0.94,1.75,FALSE,Wings; centers excluded,Defensemen; centers excluded,TRUE,71,175,21,10,223,165,0.38,4.57,0.94,0,0,0.75
8471685,20212022,Anze Kopitar,100939,5,-1.37,-2.02,5.24,1.24,FALSE,FALSE,,,0,0,-0.49,-1.54,-0.22,-0,-0.66,-0.48,4,TRUE,Wings; centers excluded,Defensemen; centers excluded,TRUE,75,225,16,10,280,210,2.57,3.03,2.53,0,0.25,0.43
8473544,20212022,Derick Brassard,35627,5,1.15,-0.99,89.52,15.77,FALSE,TRUE,,blockedShotsPer60,0,0,1.01,-0.43,0.16,-0.7,-0.03,0.14,73.75,FALSE,Wings; centers excluded,Defensemen; centers excluded,TRUE,73,200,3,1,70,62,8.29,3.84,0.61,0,0.61,0.3
8474098,20212022,Colton Sceviour,19894,5,0.79,0.69,83.84,75.1,FALSE,FALSE,,,0,0,0.68,0.17,-0.14,0.11,0.25,0.41,8.74,TRUE,Wings; centers excluded,Defensemen; centers excluded,FALSE,72,190,4,1,53,38,7.42,5.25,3.62,0.36,0.36,0.54
8474150,20212022,Mikael Backlund,84222,5,-0.2,-1.16,41.48,12.45,FALSE,TRUE,,blockedShotsPer60,0,0,-0.08,-1.75,-0.12,0.43,-0,0.16,29.04,FALSE,Wings; centers excluded,Defensemen; centers excluded,TRUE,72,206,20,12,288,214,2.65,2.35,1.15,0,0.43,0.43
8474641,20212022,Adam Henrique,60620,5,0.28,-1.89,62.45,2.07,TRUE,FALSE,deflectionShare,,0,0,-0.13,-1.45,0.23,-0.77,0.17,0.33,60.37,FALSE,Wings; centers excluded,Defensemen; centers excluded,TRUE,72,195,5,1,194,141,1.31,2.55,2.79,0,0.36,0.24
8474870,20212022,Tyler Johnson,20241,5,0.82,-1.3,84.28,8.71,FALSE,TRUE,,height; blockedShotsPer60,0,0,0.09,-0.95,0.02,-1.19,0.71,0.84,75.57,FALSE,Wings; centers excluded,Defensemen; centers excluded,FALSE,68,191,1,0,41,30,6.58,3.38,1.24,0,0.53,0.71
8475343,20212022,Nic Dowd,54769,5,0.87,1.54,85.15,93.78,FALSE,FALSE,,,0,0,0.9,1.08,0.04,0.35,-0.07,0.11,-8.62,TRUE,Wings; centers excluded,Defensemen; centers excluded,TRUE,74,195,13,5,113,90,9.14,7.49,3.48,0,1.18,0.66
8475754,20212022,Brock Nelson,76372,5,-1.04,-2.45,12.66,0.83,FALSE,FALSE,,,0,0,-0.7,-2.15,0.13,-0.02,-0.46,-0.27,11.83,TRUE,Wings; centers excluded,Defensemen; centers excluded,TRUE,76,205,13,5,211,171,1.46,3.21,2.03,0.05,0.52,0.71
8475794,20212022,Tyler Seguin,86598,5,0.1,-1.78,55.02,2.9,FALSE,TRUE,,blockedShotsPer60,0,0,0.29,-1.07,0.04,-0.66,-0.23,-0.05,52.12,FALSE,Wings; centers excluded,Defensemen; centers excluded,TRUE,74,205,8,2,280,218,3.99,1.75,1.37,0,0.54,0.54
8475842,20212022,Sam Carrick,44034,5,2.22,0.43,98.25,67.63,FALSE,TRUE,,blockedShotsPer60,0,0,2.22,0.79,-0.05,-0.58,0.06,0.22,30.62,FALSE,Wings; centers excluded,Defensemen; centers excluded,TRUE,72,202,4,2,114,80,9.97,5.97,1.72,0.9,0.98,0.74
8476432,20212022,Boone Jenner,72445,5,-0.25,-0.86,38.86,19.92,FALSE,FALSE,,,0,0,-0.17,-0.93,0.13,0.11,-0.21,-0.03,18.95,TRUE,Wings; centers excluded,Defensemen; centers excluded,TRUE,74,204,14,5,221,160,3.98,2.24,2.78,0,0.35,0.6
8476459,20212022,Mika Zibanejad,95448,5,-0.92,-1.7,14.85,3.73,FALSE,FALSE,,,0,0,-0.55,-1.9,-0.1,0.3,-0.27,-0.1,11.11,TRUE,Wings; centers excluded,Defensemen; centers excluded,TRUE,74,208,22,8,313,219,2.53,2.83,1.77,0,0.23,0.41
8476460,20212022,Mark Scheifele,84958,5,-1.5,-2.39,4.37,0.83,FALSE,FALSE,,,0,0,-1.25,-2.61,0.12,0.42,-0.38,-0.19,3.54,TRUE,Wings; centers excluded,Defensemen; centers excluded,TRUE,75,207,20,12,215,159,1.53,4.92,1.99,0.04,0.34,0.72
8476468,20212022,J.T. Miller,101169,5,0.36,0.01,66.81,54.36,FALSE,FALSE,,,0,0,0.37,-0.49,0.07,0.42,-0.08,0.07,12.46,TRUE,Wings; centers excluded,Defensemen; centers excluded,TRUE,72,211,27,6,293,206,6.12,3.02,1.99,0.04,0.43,0.5
8476480,20212022,Vladislav Namestnikov,65922,5,1.05,-0.47,87.77,30.71,FALSE,FALSE,,,0,0,0.2,-0.92,0.46,-0.1,0.39,0.56,57.07,TRUE,Wings; centers excluded,Defensemen; centers excluded,TRUE,72,181,9,7,123,91,3.39,4.86,2.13,0.16,0.55,0.49
8476624,20212022,Barclay Goodrow,79216,5,0.86,0.25,84.72,63.07,FALSE,FALSE,,,0,0,0.83,0.18,0.34,0.2,-0.3,-0.13,21.65,TRUE,Wings; centers excluded,Defensemen; centers excluded,TRUE,74,210,17,5,157,116,5.91,3.64,2.45,0.14,0.91,0.68
8476822,20212022,Luke Glendening,69449,5,0.81,-0.17,84.28,43.98,FALSE,FALSE,,,0,0,0.11,-0.13,0.33,-0.57,0.37,0.52,40.3,TRUE,Wings; centers excluded,Defensemen; centers excluded,TRUE,71,190,7,2,167,116,9.28,5.39,3.06,0.05,0.26,0.52
8476872,20212022,Scott Laughton,66013,5,0.71,0.53,82.1,70.12,FALSE,FALSE,,,0,0,0.56,0.14,0.01,0.09,0.13,0.3,11.97,TRUE,Wings; centers excluded,Defensemen; centers excluded,TRUE,73,190,11,8,148,110,8.23,3.16,2.56,0.05,0.65,0.76
8476913,20212022,Devin Shore,28111,5,0.49,0.78,74.24,78.42,FALSE,FALSE,,,0,0,0.81,0.53,-0.2,0.21,-0.12,0.04,-4.19,TRUE,Wings; centers excluded,Defensemen; centers excluded,FALSE,73,206,6,2,52,36,8.58,6.53,2.69,0,0.64,0.38
8477021,20212022,Alexander Kerfoot,74856,5,-0.52,-0.5,32.31,30.29,FALSE,FALSE,,,0,0,-1.12,-1.43,0.15,0.33,0.45,0.6,2.02,TRUE,Wings; centers excluded,Defensemen; centers excluded,TRUE,71,185,17,8,159,117,3.61,7.65,3.13,0,0.43,0.91
8477404,20212022,Jake Guentzel,91644,5,-0.06,-1.66,48.47,4.15,FALSE,TRUE,,blockedShotsPer60,0,0,-0.89,-1.99,0.24,-0.42,0.59,0.75,44.32,FALSE,Wings; centers excluded,Defensemen; centers excluded,TRUE,71,176,11,3,348,264,2.83,6.05,1.49,0,0.59,0.86
8477409,20212022,Carter Verhaeghe,75128,5,0.01,-1.29,52.4,8.71,FALSE,TRUE,,blockedShotsPer60,0,0,-0.17,-1.87,0.06,0.28,0.12,0.3,43.69,FALSE,Wings; centers excluded,Defensemen; centers excluded,TRUE,74,183,17,6,232,167,2.4,6.33,0.77,0,0.86,0.53
8477493,20212022,Aleksander Barkov,81619,5,-0.62,-0.89,27.51,19.5,FALSE,FALSE,,,0,0,-0.06,-1.43,-0.07,0.85,-0.49,-0.31,8.01,TRUE,Wings; centers excluded,Defensemen; centers excluded,TRUE,75,214,30,12,274,214,2.21,3.18,1.85,0,0.31,0.22
8477996,20212022,Juho Lammikko,55253,5,0.2,-0.89,58.52,19.09,FALSE,FALSE,,,0,0,0.2,-0.32,-0,-0.75,-0,0.17,39.43,TRUE,Wings; centers excluded,Defensemen; centers excluded,TRUE,74,191,4,2,92,67,6.06,2.35,3,0,0.33,0.52
8478010,20212022,Brayden Point,77069,5,0.66,-1.08,80.35,14.11,FALSE,TRUE,,blockedShotsPer60,0,0,-0.12,-1.65,0.2,-0.17,0.57,0.73,66.24,FALSE,Wings; centers excluded,Defensemen; centers excluded,TRUE,71,177,12,3,253,176,3.5,3.78,1.26,0.14,0.37,0.51
8478133,20212022,Jake Evans,67378,5,0.23,0.01,60.26,55.19,FALSE,FALSE,,,0,0,0.02,-0.78,-0.04,0.38,0.25,0.41,5.08,TRUE,Wings; centers excluded,Defensemen; centers excluded,TRUE,72,190,15,10,155,124,4.7,6.04,1.98,0,0.53,0.48
8478438,20212022,Thomas Novak,19106,5,-1.87,-3.24,2.62,0,FALSE,TRUE,,blockedShotsPer60,0,0,-1.8,-3.88,-0.2,0.34,0.13,0.3,2.62,FALSE,Wings; centers excluded,Defensemen; centers excluded,FALSE,73,190,4,3,37,25,0.75,5.28,1.13,0,0.19,0.57
8478462,20212022,Nicolas Roy,76059,5,0.67,-0.62,81.22,26.56,FALSE,TRUE,,blockedShotsPer60,0,0,0.58,-0.6,0.48,0.17,-0.39,-0.19,54.67,FALSE,Wings; centers excluded,Defensemen; centers excluded,TRUE,76,200,15,7,196,145,4.02,4.12,1.61,0.05,0.62,0.33
8478493,20212022,Joel Eriksson Ek,85831,5,-1.03,-1.77,12.66,2.9,FALSE,FALSE,,,0,0,-0.92,-1.52,0.26,-0.05,-0.38,-0.19,9.76,TRUE,Wings; centers excluded,Defensemen; centers excluded,TRUE,75,207,14,6,277,224,5.79,5.24,1.85,0,0.34,0.96
8478542,20212022,Evan Rodrigues,77918,5,-0.73,-1.73,22.71,3.73,FALSE,TRUE,,blockedShotsPer60,0,0,-0.95,-2.04,-0.27,-0.34,0.49,0.65,18.97,FALSE,Wings; centers excluded,Defensemen; centers excluded,TRUE,71,182,10,3,310,244,4.11,5.68,1.39,0,0.28,0.69
8478967,20212022,Lane Pederson,18302,5,0.55,-0.11,76.42,48.55,FALSE,FALSE,,,0,0,0.64,0.3,-0.13,-0.61,0.04,0.2,27.87,TRUE,Wings; centers excluded,Defensemen; centers excluded,FALSE,73,196,2,0,33,24,10.62,8.06,1.97,0,0.79,0.59
8479291,20212022,Kevin Rooney,50691,5,-0.49,-0.7,32.31,23.65,FALSE,FALSE,,,0,0,-0.65,-0.73,0.15,-0.15,0.01,0.19,8.66,TRUE,Wings; centers excluded,Defensemen; centers excluded,TRUE,74,190,8,2,84,71,5.97,4.9,3.34,0,0.43,0.99
8479351,20212022,Sam Steel,50233,5,0.16,-2.54,56.77,0.83,FALSE,FALSE,,,0,1,-0.26,-1.38,0.09,-1.66,0.33,0.49,55.94,FALSE,Wings; centers excluded,Defensemen; centers excluded,TRUE,72,185,0,0,89,67,2.65,5.37,1.93,0,0.57,0.5
8479400,20212022,Pierre-Luc Dubois,91951,5,-1.2,-2.2,10.04,0.83,TRUE,TRUE,contactPenaltiesDrawnPer60,blockedShotsPer60; contactPenaltiesTakenPer60; contactPenaltiesDrawnPer60,0,0,-0.87,-0.95,0.37,-0.74,-0.7,-0.51,9.21,FALSE,Wings; centers excluded,Defensemen; centers excluded,TRUE,76,220,7,3,329,233,4.38,5.36,1.68,0,1.45,1.84
8479525,20212022,Ross Colton,60637,5,-0.91,-1.34,15.28,7.88,FALSE,FALSE,,,0,0,-0.96,-1.25,-0.13,-0.44,0.19,0.35,7.4,TRUE,Wings; centers excluded,Defensemen; centers excluded,TRUE,72,194,6,4,215,159,9.08,5.64,2.14,0,0.18,0.95
8479580,20212022,Dylan Gambrell,45875,5,0.1,-0.8,55.46,21.58,FALSE,FALSE,,,0,0,-0.17,-0.31,0.04,-0.89,0.23,0.4,33.88,TRUE,Wings; centers excluded,Defensemen; centers excluded,TRUE,72,191,3,1,90,58,8.08,8.71,3.06,0,0.24,0.39
8479968,20212022,Vinni Lettieri,23279,5,0.88,-0.07,85.59,49.38,FALSE,FALSE,,,0,0,0.62,0.08,-0.33,-0.88,0.58,0.73,36.21,TRUE,Wings; centers excluded,Defensemen; centers excluded,FALSE,70,184,1,1,71,50,6.19,4.48,2.63,0,0.46,0.31
8479991,20212022,Jake Leschyshyn,27801,5,0.4,-0.48,68.56,30.71,FALSE,FALSE,,,0,0,-0.07,-0.34,0.2,-0.57,0.27,0.43,37.85,TRUE,Wings; centers excluded,Defensemen; centers excluded,FALSE,71,196,2,2,47,35,5.83,8.68,2.98,0,0.52,0.52
8479992,20212022,Michael Rasmussen,69687,5,-0.44,-0.52,33.19,29.46,FALSE,FALSE,,,0,0,0.12,0.27,0.41,-0.03,-0.97,-0.77,3.73,TRUE,Wings; centers excluded,Defensemen; centers excluded,TRUE,78,222,12,4,173,128,7.34,6.61,3.36,0,0.98,0.98
8480011,20212022,Klim Kostin,21636,5,-0.07,-0.16,48.03,43.98,FALSE,TRUE,,blockedShotsPer60; contactPenaltiesTakenPer60,0,0,0.9,0.67,-0.08,-0.13,-0.89,-0.71,4.05,FALSE,Wings; centers excluded,Defensemen; centers excluded,FALSE,76,232,3,2,44,31,14.98,3,1.5,0.17,1.33,1.5
8480023,20212022,Robert Thomas,81101,5,-0.99,-2.31,13.54,0.83,FALSE,TRUE,,hitsPer60; blockedShotsPer60,0,0,-1.09,-3.44,0.12,0.99,-0.02,0.14,12.71,FALSE,Wings; centers excluded,Defensemen; centers excluded,TRUE,72,207,33,15,166,115,0.58,2.89,1.11,0,0.31,0.44
8480028,20212022,Morgan Frost,45944,5,0.65,0.02,80.35,55.6,FALSE,FALSE,,,0,0,0.65,-0.45,-0.2,0.11,0.2,0.36,24.75,TRUE,Wings; centers excluded,Defensemen; centers excluded,TRUE,72,193,9,3,111,85,3.45,1.41,2.27,0,0.39,0.24
8480185,20212022,Eetu Luostarinen,62883,5,-1.35,-1.18,5.24,11.62,FALSE,FALSE,,,0,0,-1.41,-1.72,0.19,0.48,-0.12,0.06,-6.38,TRUE,Wings; centers excluded,Defensemen; centers excluded,TRUE,75,191,17,6,110,84,5.9,7.73,2.63,0,0.06,0.69
8480980,20212022,Connor Dewar,20782,5,0.05,1.46,53.28,93.36,TRUE,FALSE,deflectionShare,,0,0,-0.07,0.12,-0.42,0.65,0.54,0.68,-40.09,FALSE,Wings; centers excluded,Defensemen; centers excluded,FALSE,70,187,7,1,59,44,8.31,6.06,3.81,0.17,0.69,1.21
8482116,20212022,Tim Stützle,87270,5,-1.19,-0.8,10.48,21.58,FALSE,FALSE,,,0,0,-1.32,-1.55,-0.16,0.29,0.3,0.46,-11.1,TRUE,Wings; centers excluded,Defensemen; centers excluded,TRUE,72,187,20,7,241,176,5.16,5.36,2.15,0.04,0.5,1.53
8482705,20212022,Cole Sillinger,64941,5,0.6,-0.46,78.17,30.71,FALSE,FALSE,,,0,0,0.51,-0.16,0.03,-0.51,0.06,0.22,47.46,TRUE,Wings; centers excluded,Defensemen; centers excluded,TRUE,72,202,7,2,201,148,5.43,3.77,2.38,0.06,0.72,0.61
8471669,20222023,Paul Stastny,51991,1,-0.09,-2.49,46.96,0.43,FALSE,FALSE,,,0,0,-0.57,-2.47,0.32,-0.32,0.17,0.3,46.53,TRUE,Wings; centers excluded,Defensemen; centers excluded,TRUE,72,193,6,4,120,80,1.45,2.35,1.25,0,0.35,0.21
8473544,20222023,Derick Brassard,45311,1,0.35,-2.04,67.39,2.15,FALSE,TRUE,,blockedShotsPer60,0,0,0.13,-1.49,0.19,-0.69,0.03,0.14,65.25,FALSE,Wings; centers excluded,Defensemen; centers excluded,TRUE,73,200,4,0,117,92,7.15,2.38,0.79,0,0.87,0.56
8474040,20222023,Sam Gagner,35055,1,-0.41,-2.27,34.35,0.86,FALSE,FALSE,,,0,0,-0.32,-2.16,-0.26,-0.4,0.18,0.3,33.49,TRUE,Wings; centers excluded,Defensemen; centers excluded,TRUE,71,200,3,3,104,78,1.64,4.31,1.44,0.1,0.31,0.21
8474053,20222023,Logan Couture,94127,1,0.13,0.3,60,64.81,FALSE,FALSE,,,0,0,0.25,-0.41,-0.09,0.64,-0.03,0.07,-4.81,TRUE,Wings; centers excluded,Defensemen; centers excluded,TRUE,73,206,32,16,279,198,4.9,2.64,2.68,0.04,0.23,0.15
8474613,20222023,Derek Stepan,39773,1,-0.46,-1.4,32.61,8.15,FALSE,FALSE,,,0,0,-0.29,-1.95,-0.38,0.2,0.21,0.34,24.45,TRUE,Wings; centers excluded,Defensemen; centers excluded,TRUE,71,196,9,4,144,98,2.62,4.71,1.9,0,0.27,0.27
8475151,20222023,Kyle Palmieri,56425,1,-0.38,-3.03,35.22,0.43,FALSE,TRUE,,blockedShotsPer60,0,0,-0.44,-2.51,-0.13,-0.83,0.18,0.31,34.79,FALSE,Wings; centers excluded,Defensemen; centers excluded,TRUE,72,192,4,0,184,122,4.85,4.4,1.08,0,0.26,0.77
8475158,20222023,Ryan O'Reilly,57046,1,-0.72,-2.46,25.65,0.86,FALSE,FALSE,,,0,0,-0.85,-2.98,0.17,0.46,-0.04,0.06,24.79,TRUE,Wings; centers excluded,Defensemen; centers excluded,TRUE,73,207,17,6,130,102,1.14,2.15,1.45,0,0.44,0.5
8475168,20222023,Matt Duchene,78043,1,-0.96,-3.12,17.39,0.43,FALSE,FALSE,,,0,0,-0.9,-3.07,-0.13,-0.23,0.07,0.17,16.96,TRUE,Wings; centers excluded,Defensemen; centers excluded,TRUE,71,211,11,5,239,168,1.25,2.86,1.48,0,0.23,0.46
8475225,20222023,Craig Smith,42239,1,-0.32,-2.25,37.83,0.86,FALSE,FALSE,,,0,0,-0.05,-1.86,-0.27,-0.49,0,0.11,36.97,TRUE,Wings; centers excluded,Defensemen; centers excluded,TRUE,73,203,5,0,132,104,4.09,6.82,1.79,0,0.6,0.51
8476448,20222023,William Karlsson,85947,1,-0.29,-2.11,39.57,1.72,FALSE,FALSE,,,0,0,-0.71,-2.69,0.22,0.25,0.2,0.33,37.85,TRUE,Wings; centers excluded,Defensemen; centers excluded,TRUE,72,190,21,7,236,161,2.09,5.4,2.09,0,0.17,0.59
8476458,20222023,Ryan Strome,83835,1,0.05,-2.03,53.91,2.15,FALSE,TRUE,,blockedShotsPer60,0,0,-0.28,-2.21,0.23,-0.05,0.11,0.23,51.77,FALSE,Wings; centers excluded,Defensemen; centers excluded,TRUE,73,192,15,5,166,130,1.25,2.32,1.03,0.13,0.99,0.3
8476459,20222023,Mika Zibanejad,98214,1,-0.82,-2.01,24.35,2.15,FALSE,FALSE,,,0,0,-0.54,-2.32,-0.16,0.34,-0.12,-0.03,22.2,TRUE,Wings; centers excluded,Defensemen; centers excluded,TRUE,74,208,26,10,368,251,2.6,2.6,1.76,0,0.29,0.55
8476468,20222023,J.T. Miller,100503,1,0.15,-0.65,60.43,23.18,FALSE,FALSE,,,0,0,0.39,-0.69,-0.24,-0.05,-0,0.09,37.26,TRUE,Wings; centers excluded,Defensemen; centers excluded,TRUE,72,211,18,6,311,223,7.16,2.76,1.83,0.14,0.5,0.54
8476822,20222023,Luke Glendening,50662,1,0.73,-0.43,76.96,30.04,FALSE,FALSE,,,0,0,0.28,-0.14,0.17,-0.7,0.27,0.41,46.91,TRUE,Wings; centers excluded,Defensemen; centers excluded,TRUE,71,190,4,1,108,65,8.1,6.11,4.26,0.14,0.28,0.92
8476927,20222023,Teddy Blueger,48799,1,0.48,-0.26,71.74,36.48,FALSE,FALSE,,,0,0,0.06,-0.66,0.18,0.01,0.25,0.39,35.26,TRUE,Wings; centers excluded,Defensemen; centers excluded,TRUE,72,185,9,4,105,85,5.24,3.61,3.47,0,0.3,0.44
8477126,20222023,Jayson Megna,33014,1,0.1,-0.52,59.57,27.04,FALSE,FALSE,,,0,0,0.12,-0.74,-0.23,-0.12,0.2,0.33,32.53,TRUE,Wings; centers excluded,Defensemen; centers excluded,TRUE,72,190,5,3,53,36,5.13,2.84,2.51,0,0.22,0.22
8477353,20222023,Tyler Motte,46770,1,0.57,0.6,73.48,75.54,FALSE,FALSE,,,0,0,-0.01,-0.38,0.28,0.53,0.31,0.45,-2.06,TRUE,Wings; centers excluded,Defensemen; centers excluded,TRUE,70,194,15,5,140,109,9.08,5.31,4.62,0,0.23,1.15
8477409,20222023,Carter Verhaeghe,85060,1,-1.25,-4.02,9.57,0,FALSE,FALSE,,,0,0,-1.02,-3.58,-0.35,-0.69,0.12,0.25,9.57,TRUE,Wings; centers excluded,Defensemen; centers excluded,TRUE,74,183,6,3,353,275,1.23,4.49,1.31,0,0.59,1.02
8477429,20222023,Andrew Copp,89323,1,-0.47,-2.37,32.61,0.86,FALSE,FALSE,,,0,0,-0.62,-2.41,0.12,-0.1,0.03,0.14,31.75,TRUE,Wings; centers excluded,Defensemen; centers excluded,TRUE,73,200,14,8,162,120,1.29,2.26,1.81,0.04,0.36,0.36
8477500,20222023,Bo Horvat,97900,1,-0.67,-2.52,25.65,0.43,FALSE,FALSE,,,0,0,-0.6,-2.3,0.14,-0.08,-0.21,-0.15,25.22,TRUE,Wings; centers excluded,Defensemen; centers excluded,TRUE,73,225,17,6,301,229,2.1,2.32,2.02,0,0.29,0.51
8477503,20222023,Max Domi,85300,1,-0.95,-2.73,17.39,0.43,FALSE,TRUE,,blockedShotsPer60,0,0,-1,-3.34,-0.12,0.32,0.17,0.29,16.96,FALSE,Wings; centers excluded,Defensemen; centers excluded,TRUE,70,208,22,9,243,179,0.93,1.52,1.01,0.08,0.42,0.68
8477505,20222023,Alexander Wennberg,91972,1,0.09,-1.01,59.13,15.02,FALSE,FALSE,,,0,0,-0.54,-2.12,0.57,0.94,0.05,0.17,44.11,TRUE,Wings; centers excluded,Defensemen; centers excluded,TRUE,74,190,42,18,136,101,1.68,3.68,2.47,0,0.27,0.35
8477508,20222023,Curtis Lazar,35074,1,1.51,1.27,93.91,90.13,FALSE,FALSE,,,0,0,0.94,1.37,0.5,-0.29,0.07,0.18,3.78,TRUE,Wings; centers excluded,Defensemen; centers excluded,TRUE,72,203,5,1,69,55,14.16,7.08,5.44,0.1,0.62,0.62
8477952,20222023,Robby Fabbri,26877,1,0.23,-1.65,61.74,6.01,FALSE,FALSE,,,0,0,0.16,-1.31,-0.25,-0.8,0.32,0.47,55.73,TRUE,Wings; centers excluded,Defensemen; centers excluded,FALSE,71,185,1,1,53,35,6.56,5.76,2.01,0,0.67,0.67
8477989,20222023,Christian Dvorak,64745,1,-0.66,-2.23,26.09,1.29,FALSE,FALSE,,,0,0,-0.95,-2.13,0.17,-0.36,0.13,0.25,24.8,TRUE,Wings; centers excluded,Defensemen; centers excluded,TRUE,73,190,8,3,115,88,0.72,2.28,3.67,0,0.11,0.33
8478057,20222023,Dakota Joshua,54612,1,1.17,-0.28,87.83,36.05,TRUE,FALSE,netFrontAttemptShare; medianShotDistance,,0,0,0.92,0.01,0.54,-0.07,-0.29,-0.22,51.77,FALSE,Wings; centers excluded,Defensemen; centers excluded,TRUE,75,218,10,2,90,71,14.63,6.92,1.98,0.26,0.73,0.92
8478403,20222023,Jack Eichel,75443,1,-1.23,-2.06,9.57,1.72,FALSE,FALSE,,,0,0,-0.62,-2.2,-0.49,0.17,-0.12,-0.03,7.85,TRUE,Wings; centers excluded,Defensemen; centers excluded,TRUE,74,208,17,6,283,223,2.82,4.1,2.67,0,0.14,0.72
8478831,20222023,Kevin Stenlund,37730,1,-0.27,-1.08,40.87,14.16,FALSE,FALSE,,,0,0,-0.18,-1.67,0.14,0.76,-0.24,-0.17,26.71,TRUE,Wings; centers excluded,Defensemen; centers excluded,TRUE,75,213,14,8,93,63,2.96,5.44,2.67,0,0.67,0.57
8479353,20222023,Brett Howden,42311,1,0.81,-0.06,79.57,47.64,FALSE,TRUE,,contactPenaltiesTakenPer60,0,0,0.58,-0.34,0.29,0.23,-0.05,0.05,31.93,FALSE,Wings; centers excluded,Defensemen; centers excluded,TRUE,74,201,10,4,83,53,9.1,7.4,2.89,0.09,1.36,1.02
8479365,20222023,Trent Frederic,56490,1,0.51,-0.18,72.17,41.63,FALSE,FALSE,,,0,0,0.79,-0.25,0.03,0.33,-0.32,-0.26,30.54,TRUE,Wings; centers excluded,Defensemen; centers excluded,TRUE,75,221,13,10,161,120,6.69,8.03,2.29,0.45,0.32,0.57
8479415,20222023,Michael McLeod,58808,1,0.53,0.15,73.48,57.08,FALSE,FALSE,,,0,0,0.47,-0.32,0,0.29,0.05,0.17,16.4,TRUE,Wings; centers excluded,Defensemen; centers excluded,TRUE,74,190,15,5,122,90,7.77,6.98,3.12,0.18,0.24,0.55
8479994,20222023,Jaret Anderson-Dolan,29304,1,0.21,-1.5,61.3,6.44,FALSE,TRUE,,defensiveTakeawaysPer60,0,1,0.22,-0.45,-0.19,-1.35,0.18,0.3,54.87,FALSE,Wings; centers excluded,Defensemen; centers excluded,FALSE,71,200,0,0,68,54,7.49,6.63,3.56,0,0.12,0.37
8480008,20222023,Adam Ruzicka,30560,1,-0.93,-2.9,17.39,0.43,FALSE,TRUE,,blockedShotsPer60,0,0,-0.34,-2.58,-0.26,-0.05,-0.33,-0.27,16.96,FALSE,Wings; centers excluded,Defensemen; centers excluded,TRUE,76,215,5,3,90,64,3.3,5.89,0.94,0,0.47,0.47
8480014,20222023,Gabriel Vilardi,58981,1,-0.66,-3.2,26.09,0.43,FALSE,FALSE,,,0,0,-0.77,-2.91,0.38,-0.08,-0.27,-0.2,25.66,TRUE,Wings; centers excluded,Defensemen; centers excluded,TRUE,75,216,10,4,161,122,2.5,5.86,2.01,0,0.49,1.34
8480018,20222023,Nick Suzuki,103790,1,-0.65,-2.42,26.52,0.86,FALSE,FALSE,,,0,0,-0.86,-2.79,0.1,0.15,0.11,0.22,25.66,TRUE,Wings; centers excluded,Defensemen; centers excluded,TRUE,71,207,21,13,217,162,1.73,2.6,1.94,0,0.21,0.66
8480078,20222023,Filip Chytil,65196,1,-0.58,-2.56,28.26,0.43,FALSE,FALSE,,,0,0,-0.45,-2.38,0.01,-0.12,-0.14,-0.05,27.83,TRUE,Wings; centers excluded,Defensemen; centers excluded,TRUE,74,210,11,3,243,177,1.99,5.41,2.1,0,0.66,0.61
8480848,20222023,Ty Dellandrea,69866,1,0.59,-1.64,73.48,6.01,FALSE,FALSE,,,0,0,0.36,-1.16,0.13,-0.72,0.1,0.23,67.47,TRUE,Wings; centers excluded,Defensemen; centers excluded,TRUE,74,185,5,2,134,92,6.44,7.88,2.01,0.1,0.93,0.77
8480849,20222023,Barrett Hayton,86089,1,-0.14,-2.39,45.65,0.86,FALSE,FALSE,,,0,0,-0.51,-2.73,0.34,0.2,0.03,0.14,44.79,TRUE,Wings; centers excluded,Defensemen; centers excluded,TRUE,73,200,19,10,235,178,3.47,5.77,1.38,0,0.67,1.13
8480855,20222023,Jack McBain,68787,1,1.18,0.86,87.83,81.97,FALSE,FALSE,,,0,0,1.41,1.18,0.14,-0.01,-0.37,-0.31,5.85,TRUE,Wings; centers excluded,Defensemen; centers excluded,TRUE,76,219,13,4,119,85,15.91,6.65,2.67,0.21,1.1,0.37
8481477,20222023,Nico Sturm,65402,1,0.38,-0.49,68.26,27.47,FALSE,FALSE,,,0,0,0.25,-0.83,0.33,0.47,-0.2,-0.12,40.79,TRUE,Wings; centers excluded,Defensemen; centers excluded,TRUE,75,209,19,9,165,119,5.5,5.17,2.48,0.06,0.33,0.33
8481481,20222023,Blake Lizotte,62907,1,0.72,-1.49,76.52,6.44,FALSE,TRUE,,hitsReceivedPer60,0,0,-0.03,-1.81,0.19,-0.4,0.55,0.73,70.08,FALSE,Wings; centers excluded,Defensemen; centers excluded,TRUE,69,176,8,1,152,108,5.49,10.19,2.23,0.06,1.03,1.43
8481523,20222023,Kirby Dach,64365,1,-0.25,-2.71,40.87,0.43,FALSE,FALSE,,,0,0,-0.24,-2.1,0.38,-0.27,-0.39,-0.34,40.44,TRUE,Wings; centers excluded,Defensemen; centers excluded,TRUE,76,221,9,3,151,107,2.96,6.54,2.13,0.06,0.84,0.89
8481528,20222023,Dylan Cozens,80175,1,-0.77,-2.5,24.78,0.43,FALSE,FALSE,,,0,0,-0.44,-2.56,-0.17,0.13,-0.16,-0.08,24.35,TRUE,Wings; centers excluded,Defensemen; centers excluded,TRUE,75,205,18,4,274,211,2.47,4.13,1.35,0.04,0.72,0.76
8481559,20222023,Jack Hughes,93441,1,-1.43,-3.43,6.09,0.43,TRUE,TRUE,hitsPer60,hitsPer60,0,0,-1.52,-4.29,-0.33,0.27,0.41,0.58,5.66,FALSE,Wings; centers excluded,Defensemen; centers excluded,TRUE,71,175,24,6,422,336,0.46,4.08,1.16,0,0.08,0.62
8481704,20222023,Juuso Parssinen,38700,1,0.66,-1.44,74.78,6.87,FALSE,FALSE,,,0,0,0.1,-1.37,0.74,0.03,-0.18,-0.1,67.92,TRUE,Wings; centers excluded,Defensemen; centers excluded,TRUE,75,207,8,1,75,49,7.07,4.65,1.67,0.09,0.28,0.65
8482113,20222023,Anton Lundell,71703,1,-0.81,-2.53,24.35,0.43,FALSE,FALSE,,,0,0,-0.64,-2.76,-0.24,0.05,0.07,0.18,23.92,TRUE,Wings; centers excluded,Defensemen; centers excluded,TRUE,73,196,13,8,196,152,1.46,3.41,1.61,0.05,0.75,0.75
8482116,20222023,Tim Stützle,99520,1,-0.36,-1.4,37.39,8.15,FALSE,FALSE,,,0,0,-0.23,-2.09,-0.36,0.32,0.23,0.37,29.24,TRUE,Wings; centers excluded,Defensemen; centers excluded,TRUE,72,187,23,17,322,228,4.12,5.32,1.77,0,0.76,0.9
8482496,20222023,Nils Aman,51825,1,0.24,-2.19,63.04,1.72,FALSE,FALSE,,,0,0,-0.2,-1.64,0.29,-0.85,0.16,0.3,61.33,TRUE,Wings; centers excluded,Defensemen; centers excluded,TRUE,74,179,3,1,71,50,3.06,6.11,2.85,0,0.42,0.49
8471276,20222023,David Krejci,72217,2,-0.32,-2.73,37.83,0.43,FALSE,FALSE,,,0,0,-0.51,-2.84,0.03,-0.29,0.16,0.4,37.4,TRUE,Wings; centers excluded,Defensemen; centers excluded,TRUE,72,192,7,3,156,112,2.04,3.49,1.89,0,0.5,0.5
8471675,20222023,Sidney Crosby,99106,2,-0.11,-2.51,46.96,0.43,FALSE,FALSE,,,0,0,-0.58,-2.74,0.32,-0.16,0.16,0.38,46.53,TRUE,Wings; centers excluded,Defensemen; centers excluded,TRUE,71,200,13,6,348,255,2.58,3.2,1.71,0,0.29,0.65
8471685,20222023,Anze Kopitar,99887,2,-0.81,-1.57,24.35,6.01,FALSE,FALSE,,,0,0,-0.61,-1.17,0.21,0.09,-0.42,-0.49,18.34,TRUE,Wings; centers excluded,Defensemen; centers excluded,TRUE,75,225,22,7,239,169,2.45,3.14,3.14,0,0.07,0.36
8473533,20222023,Jordan Staal,79063,2,0.24,-1.62,63.04,6.01,FALSE,FALSE,,,0,0,0.47,-1,0.22,-0.09,-0.44,-0.53,57.03,TRUE,Wings; centers excluded,Defensemen; centers excluded,TRUE,76,220,12,5,171,124,7.06,4.33,1.78,0,0.64,0.36
8473563,20222023,Nicklas Backstrom,39495,2,0.1,-1.98,59.57,3,FALSE,FALSE,,,0,0,-0.24,-1.83,0.36,-0.26,-0.02,0.12,56.56,TRUE,Wings; centers excluded,Defensemen; centers excluded,TRUE,73,202,4,2,80,59,2.19,2.37,2.1,0,0.55,0.27
8474564,20222023,Steven Stamkos,92441,2,-0.53,-2.36,28.7,0.86,FALSE,FALSE,,,0,0,-0.21,-2.36,-0.39,-0.27,0.07,0.27,27.84,TRUE,Wings; centers excluded,Defensemen; centers excluded,TRUE,73,193,9,5,343,240,3.58,3.47,1.99,0,0.66,0.62
8474884,20222023,Mike Hoffman,63008,2,-0.71,-2.18,25.65,1.72,FALSE,FALSE,,,0,0,-0.37,-2.21,-0.52,-0.4,0.18,0.43,23.94,TRUE,Wings; centers excluded,Defensemen; centers excluded,TRUE,72,190,5,0,198,148,1.37,1.83,1.37,0,0.4,0.17
8475714,20222023,Calle Jarnkrok,62995,2,-0.62,-2.87,26.96,0.43,FALSE,TRUE,,blockedShotsPer60,0,0,-0.42,-3.04,-0.36,-0.22,0.15,0.38,26.53,FALSE,Wings; centers excluded,Defensemen; centers excluded,TRUE,72,193,7,4,153,106,2.86,6.63,1.09,0,0.17,0.46
8476278,20222023,Colin Blackwell,37527,2,0.11,-1.59,60,6.01,FALSE,TRUE,,height,0,0,-0.68,-2.89,0.19,0.26,0.59,1.04,53.99,FALSE,Wings; centers excluded,Defensemen; centers excluded,TRUE,68,181,11,4,72,53,4.7,4.41,1.63,0,0.19,1.44
8476392,20222023,Adam Lowry,76985,2,0.59,-0.96,73.48,16.74,FALSE,FALSE,,,0,0,0.61,-0.34,0.4,-0.14,-0.42,-0.48,56.74,TRUE,Wings; centers excluded,Defensemen; centers excluded,TRUE,77,210,11,3,182,126,7.53,5.66,2.15,0.28,0.28,0.37
8476419,20222023,Jean-Gabriel Pageau,73995,2,0.93,0.77,81.74,79.4,FALSE,FALSE,,,0,0,0.31,0.08,0.25,-0.02,0.37,0.71,2.34,TRUE,Wings; centers excluded,Defensemen; centers excluded,TRUE,71,180,13,5,173,123,8.51,4.91,2.97,0,0.24,0.39
8476479,20222023,Phillip Danault,90159,2,-0.22,-2.17,42.61,1.72,FALSE,FALSE,,,0,0,-0.45,-2.28,0.23,-0.04,0,0.15,40.89,TRUE,Wings; centers excluded,Defensemen; centers excluded,TRUE,73,200,15,7,203,152,3.23,3.91,2.99,0.04,0.64,0.84
8476826,20222023,Yanni Gourde,83273,2,0.88,-0.79,81.3,19.74,FALSE,FALSE,,,0,0,0.01,-2.02,0.27,0.17,0.6,1.06,61.56,TRUE,Wings; centers excluded,Defensemen; centers excluded,TRUE,69,173,20,12,200,141,5.1,4.45,2.33,0.17,0.69,0.91
8476878,20222023,Zemgus Girgensons,62289,2,-0.52,-1.9,29.13,3.43,FALSE,FALSE,,,0,0,-0.26,-1.8,-0.14,-0.07,-0.13,-0.03,25.7,TRUE,Wings; centers excluded,Defensemen; centers excluded,TRUE,75,197,10,4,167,114,5.55,6.53,2.83,0,0.35,0.81
8476889,20222023,Radek Faksa,66682,2,0.26,-2.12,63.48,1.72,FALSE,FALSE,,,0,0,0.05,-1.43,0.53,-0.34,-0.32,-0.35,61.76,TRUE,Wings; centers excluded,Defensemen; centers excluded,TRUE,75,216,6,1,120,88,4.8,8.8,3.73,0.05,0.76,0.49
8476925,20222023,Colton Sissons,77871,2,0.07,-0.15,56.52,43.35,FALSE,FALSE,,,0,0,0.04,-0.19,0.04,-0.11,0,0.15,13.17,TRUE,Wings; centers excluded,Defensemen; centers excluded,TRUE,73,200,12,2,136,87,7.58,3.28,3.33,0,0.28,0.65
8476960,20222023,Andreas Athanasiou,77777,2,-0.51,-2.32,29.57,0.86,FALSE,FALSE,,,0,0,-0.68,-2.84,0.14,0.32,0.03,0.2,28.71,TRUE,Wings; centers excluded,Defensemen; centers excluded,TRUE,74,190,24,15,259,175,1.99,3.15,2.04,0,0.37,0.6
8477021,20222023,Alexander Kerfoot,71925,2,0.07,-2.99,56.52,0.43,FALSE,FALSE,,,0,0,-0.52,-3.4,0.28,-0.21,0.31,0.63,56.09,TRUE,Wings; centers excluded,Defensemen; centers excluded,TRUE,71,185,9,1,177,133,2.7,9.31,2.3,0,0.55,0.65
8477492,20222023,Nathan MacKinnon,95072,2,-1.37,-3.65,6.52,0,FALSE,FALSE,,,0,0,-0.85,-3.75,-0.6,-0.17,0.08,0.27,6.52,TRUE,Wings; centers excluded,Defensemen; centers excluded,TRUE,72,200,13,2,480,366,2.01,2.76,1.51,0,0.49,1.06
8477887,20222023,Patrick Brown,41642,2,0.6,0.13,73.48,56.22,FALSE,FALSE,,,0,0,0.97,0.76,-0.19,-0.5,-0.18,-0.13,17.26,TRUE,Wings; centers excluded,Defensemen; centers excluded,TRUE,73,217,2,1,98,60,14.44,6.05,3.63,0.17,0.78,0.52
8477951,20222023,Nick Schmaltz,74501,2,-1.22,-3.14,9.57,0.43,FALSE,FALSE,,,0,0,-1.08,-4.05,-0.38,0.37,0.25,0.53,9.14,TRUE,Wings; centers excluded,Defensemen; centers excluded,TRUE,72,184,26,11,195,132,0.58,2.61,1.35,0,0.34,0.48
8478438,20222023,Thomas Novak,44839,2,-1.47,-4.21,5.22,0,FALSE,FALSE,,,0,0,-1.42,-4.81,-0.16,0.27,0.1,0.32,5.22,TRUE,Wings; centers excluded,Defensemen; centers excluded,TRUE,73,190,13,7,121,93,0.72,6.1,1.85,0,0.24,0.88
8478493,20222023,Joel Eriksson Ek,88895,2,0.06,-2.54,54.78,0.43,FALSE,FALSE,,,0,0,-0.1,-2.11,0.38,-0.23,-0.23,-0.2,54.35,TRUE,Wings; centers excluded,Defensemen; centers excluded,TRUE,75,207,10,4,336,247,4.82,4.78,2.23,0,0.65,0.69
8478904,20222023,Steven Lorentz,56800,2,0.3,-0.51,65.65,27.04,FALSE,FALSE,,,0,0,0.42,-0.23,0.32,0.23,-0.43,-0.51,38.61,TRUE,Wings; centers excluded,Defensemen; centers excluded,TRUE,76,219,15,9,151,111,8.43,5.83,2.92,0,0.44,0.38
8479370,20222023,Tyson Jost,56418,2,0.17,-2.11,60.43,1.72,FALSE,FALSE,,,0,0,-0.17,-2.75,0.04,0.04,0.29,0.6,58.72,TRUE,Wings; centers excluded,Defensemen; centers excluded,TRUE,71,187,11,5,142,98,3.89,7.78,2.04,0.13,0.51,0.7
8479420,20222023,Tage Thompson,87002,2,-1.54,-4.64,3.91,0,FALSE,TRUE,,blockedShotsPer60,0,0,-0.5,-3.77,-0.43,-0.12,-0.6,-0.76,3.91,FALSE,Wings; centers excluded,Defensemen; centers excluded,TRUE,78,220,13,3,410,295,2.28,3.48,1.08,0.04,0.66,0.83
8479550,20222023,Tanner Laczynski,18285,2,0.32,0.29,65.65,64.81,TRUE,FALSE,netFrontAttemptShare,,0,0,0.55,0.35,-0.12,-0.03,-0.11,-0.03,0.85,FALSE,Wings; centers excluded,Defensemen; centers excluded,FALSE,73,211,3,2,31,23,5.91,5.71,1.97,0,0.2,0
8479987,20222023,Morgan Geekie,43284,2,-0.02,-1.51,50.87,6.01,FALSE,FALSE,,,0,0,-0.03,-1.57,0.29,0.34,-0.28,-0.28,44.86,TRUE,Wings; centers excluded,Defensemen; centers excluded,TRUE,75,212,14,8,115,81,4.41,5.74,2.74,0.17,0.42,0.58
8479992,20222023,Michael Rasmussen,50728,2,0.03,-3.01,53.04,0.43,FALSE,TRUE,,contactPenaltiesDrawnPer60,0,0,-0.01,-1.79,0.66,-0.43,-0.62,-0.79,52.61,FALSE,Wings; centers excluded,Defensemen; centers excluded,TRUE,78,222,3,2,121,88,8.45,7.31,3.41,0.07,0.99,1.49
8479996,20222023,Cody Glass,63794,2,-0.23,-2.4,42.61,0.86,FALSE,FALSE,,,0,0,-0.27,-2.24,0.2,-0.06,-0.17,-0.1,41.75,TRUE,Wings; centers excluded,Defensemen; centers excluded,TRUE,75,201,10,6,185,131,3.5,4.23,1.75,0,0.34,0.51
8479999,20222023,Casey Mittelstadt,77383,2,-0.9,-3.44,19.13,0.43,FALSE,TRUE,,blockedShotsPer60,0,0,-0.72,-3.84,-0.13,0.33,-0.05,0.07,18.7,FALSE,Wings; centers excluded,Defensemen; centers excluded,TRUE,73,205,26,6,178,135,1.4,5.26,0.74,0,0.19,0.42
8480023,20222023,Robert Thomas,84724,2,-0.94,-3.53,17.39,0.43,FALSE,FALSE,,,0,0,-0.97,-3.99,0.02,0.3,0.01,0.15,16.96,TRUE,Wings; centers excluded,Defensemen; centers excluded,TRUE,72,207,26,13,144,106,0.64,2.8,1.23,0,0.38,0.42
8480039,20222023,Martin Necas,90588,2,-1.09,-4.04,13.48,0,FALSE,TRUE,,blockedShotsPer60,0,0,-0.56,-3.92,-0.43,-0.12,-0.11,0,13.48,FALSE,Wings; centers excluded,Defensemen; centers excluded,TRUE,75,195,13,5,349,240,2.27,4.37,0.83,0,0.48,0.76
8480068,20222023,Ryan Poehling,37431,2,-0.57,-1.05,28.26,14.59,FALSE,FALSE,,,0,0,-0.43,-1.24,-0,0.25,-0.14,-0.06,13.67,TRUE,Wings; centers excluded,Defensemen; centers excluded,TRUE,74,206,11,3,94,64,5.48,5.77,3.94,0,0.29,0.96
8480144,20222023,David Kampf,75313,2,0.11,-1.87,60,3.43,FALSE,FALSE,,,0,0,-0.23,-2.38,0.4,0.44,-0.06,0.07,56.57,TRUE,Wings; centers excluded,Defensemen; centers excluded,TRUE,74,198,29,14,140,107,3.54,6.5,1.39,0,0.19,0.38
8480326,20222023,Sheldon Dries,43587,2,1.29,0.35,89.13,66.09,FALSE,FALSE,,,0,0,0.42,0.07,0.44,-0.51,0.42,0.8,23.04,TRUE,Wings; centers excluded,Defensemen; centers excluded,TRUE,70,182,2,1,129,94,6.94,2.64,3.3,0.25,0.5,0.58
8480448,20222023,Parker Kelly,34677,2,0.85,0.05,80.87,52.79,FALSE,TRUE,,hitsPer60,0,0,0.87,-0.33,-0.18,-0.02,0.16,0.4,28.08,FALSE,Wings; centers excluded,Defensemen; centers excluded,TRUE,73,185,6,3,79,59,17.86,9.55,2.6,0.31,0.52,1.04
8480459,20222023,Pius Suter,66653,2,-0.21,-1.04,42.61,15.02,FALSE,TRUE,,hitsReceivedPer60,0,0,-0.65,-1.8,-0.01,-0.08,0.45,0.85,27.59,FALSE,Wings; centers excluded,Defensemen; centers excluded,TRUE,71,172,10,6,145,106,2.11,1.4,2,0,0.11,0.43
8480798,20222023,Philipp Kurashev,73166,2,-0.53,-2.72,28.7,0.43,FALSE,FALSE,,,0,0,-0.79,-3.13,0.07,-0.02,0.18,0.43,28.27,TRUE,Wings; centers excluded,Defensemen; centers excluded,TRUE,72,190,13,4,157,116,1.87,3.3,1.67,0,0.25,0.64
8480806,20222023,Isac Lundeström,52462,2,-0.22,-0.67,42.61,22.75,FALSE,FALSE,,,0,0,-0.73,-1.02,0.43,0.07,0.08,0.28,19.86,TRUE,Wings; centers excluded,Defensemen; centers excluded,TRUE,73,192,11,4,81,60,1.37,2.61,2.95,0,0,0.14
8480853,20222023,Liam Foudy,45141,2,0.55,-1.48,73.48,6.44,FALSE,FALSE,,,0,0,-0.08,-1.94,0.48,0.08,0.15,0.38,67.04,TRUE,Wings; centers excluded,Defensemen; centers excluded,TRUE,73,186,9,6,98,67,4.79,3.67,1.44,0,0.32,0.56
8482149,20222023,Cole Perfetti,45806,2,-0.07,-1.96,47.83,3,FALSE,FALSE,,,0,0,-0.17,-2.16,-0.22,-0.43,0.31,0.63,44.82,TRUE,Wings; centers excluded,Defensemen; centers excluded,TRUE,71,185,3,1,122,90,2.75,4.01,1.73,0,0.47,0.31
8482660,20222023,Kent Johnson,68808,2,-0.89,-2.79,19.13,0.43,FALSE,FALSE,,,0,0,-1.02,-3.47,-0.26,-0.08,0.39,0.76,18.7,TRUE,Wings; centers excluded,Defensemen; centers excluded,TRUE,72,170,11,3,167,126,0.78,3.61,1.57,0,0.16,0.37
8482705,20222023,Cole Sillinger,51107,2,0.29,0.08,65.22,54.51,FALSE,FALSE,,,0,0,0.48,0.07,-0.25,-0.22,0.06,0.23,10.71,TRUE,Wings; centers excluded,Defensemen; centers excluded,TRUE,72,202,6,2,137,93,7.4,4.93,2.54,0,0.35,0.21
8474009,20222023,Nick Bonino,59204,3,-0.45,0.01,32.61,50.64,FALSE,FALSE,,,0,0,-0.84,-0.31,0.3,0.29,0.09,0.03,-18.04,TRUE,Wings; centers excluded,Defensemen; centers excluded,TRUE,73,198,20,10,118,91,1.16,2.19,4.8,0,0.49,0.18
8474870,20222023,Tyler Johnson,55663,3,0.46,-0.42,71.3,30.04,FALSE,TRUE,,height,0,0,-0.25,-0.79,-0.17,0.06,0.88,0.31,41.26,FALSE,Wings; centers excluded,Defensemen; centers excluded,TRUE,68,191,11,2,173,125,3.17,2.2,1.62,0,0.39,0.26
8475166,20222023,John Tavares,84751,3,0.81,-0.91,79.57,16.74,FALSE,FALSE,,,0,0,0.19,-0.9,0.87,0.08,-0.25,-0.1,62.83,TRUE,Wings; centers excluded,Defensemen; centers excluded,TRUE,73,217,18,6,392,277,4.76,5.01,1.53,0,0.51,0.3
8475172,20222023,Nazem Kadri,84667,3,-0.58,-2.15,28.26,1.72,FALSE,TRUE,,contactPenaltiesDrawnPer60,0,0,-0.55,-2.38,-0.48,0.06,0.45,0.16,26.54,FALSE,Wings; centers excluded,Defensemen; centers excluded,TRUE,72,185,18,11,383,267,4.21,6,1.32,0,0.55,1.49
8475744,20222023,Evgeny Kuznetsov,87770,3,-1.24,-1.77,9.57,4.72,FALSE,TRUE,,hitsReceivedPer60,0,0,-0.53,-1.84,-0.5,0.15,-0.21,-0.08,4.84,FALSE,Wings; centers excluded,Defensemen; centers excluded,TRUE,74,207,22,10,241,172,1.76,1.39,1.19,0,0.9,0.49
8475794,20222023,Tyler Seguin,75776,3,-0.89,-1.63,19.13,6.01,FALSE,TRUE,,blockedShotsPer60,0,0,-0.17,-1.38,-0.55,-0.19,-0.17,-0.06,13.12,FALSE,Wings; centers excluded,Defensemen; centers excluded,TRUE,74,205,8,5,254,189,3.99,2.38,1.09,0,0.52,0.52
8476310,20222023,Lukas Sedlak,21968,3,1.51,-1.04,93.91,15.02,FALSE,TRUE,,defensiveTakeawaysPer60,0,1,0.11,-0.55,1.3,-0.52,0.1,0.03,78.89,FALSE,Wings; centers excluded,Defensemen; centers excluded,FALSE,72,205,0,0,54,44,9.5,9.34,5.08,0,0.49,1.15
8476389,20222023,Vincent Trocheck,95034,3,1.22,-0.65,87.83,23.18,FALSE,FALSE,,,0,0,0.35,-0.92,0.32,0.07,0.55,0.19,64.65,TRUE,Wings; centers excluded,Defensemen; centers excluded,TRUE,71,187,20,9,333,225,6.89,3.94,1.67,0.08,0.64,0.61
8476454,20222023,Ryan Nugent-Hopkins,97422,3,-0.89,-1.28,19.13,9.01,FALSE,TRUE,,blockedShotsPer60,0,0,-0.64,-1.51,-0.44,0.16,0.19,0.07,10.12,FALSE,Wings; centers excluded,Defensemen; centers excluded,TRUE,73,192,25,12,266,201,1.77,2.4,0.96,0.04,0.33,0.3
8476480,20222023,Vladislav Namestnikov,58324,3,1,-0.82,83.04,18.88,FALSE,FALSE,,,0,0,0.26,-1.17,0.22,0.16,0.52,0.19,64.16,TRUE,Wings; centers excluded,Defensemen; centers excluded,TRUE,72,181,15,7,142,108,6.67,6.67,2.41,0.06,0.74,0.8
8476881,20222023,Tomas Hertl,91393,3,0.53,-1.31,73.48,9.01,FALSE,FALSE,,,0,0,-0.09,-1.1,1.19,-0,-0.57,-0.21,64.47,TRUE,Wings; centers excluded,Defensemen; centers excluded,TRUE,75,220,16,7,256,183,3.58,3.11,2.25,0,0.79,0.47
8476897,20222023,Oskar Sundqvist,55738,3,0,-1.99,51.3,2.15,FALSE,FALSE,,,0,0,-0.27,-1.8,0.67,-0.05,-0.39,-0.14,49.16,TRUE,Wings; centers excluded,Defensemen; centers excluded,TRUE,75,210,8,1,97,69,4.07,4.65,1.81,0,0.71,0.9
8476905,20222023,Chandler Stephenson,92423,3,0.34,-0.99,66.52,16.31,FALSE,FALSE,,,0,0,-0.58,-1.4,0.75,0.36,0.17,0.06,50.21,TRUE,Wings; centers excluded,Defensemen; centers excluded,TRUE,72,201,34,8,165,120,2.88,4.87,2.18,0,0.31,0.51
8477406,20222023,Mattias Janmark,58069,3,-0.05,-2.43,47.83,0.86,FALSE,FALSE,,,0,0,-0.82,-2.5,0.95,0.14,-0.17,-0.06,46.97,TRUE,Wings; centers excluded,Defensemen; centers excluded,TRUE,74,205,14,4,102,79,1.24,6.01,1.61,0,0.74,0.62
8477446,20222023,Michael McCarron,20241,3,0.18,0.02,60.87,51.5,FALSE,FALSE,,,0,0,1.33,0.51,0.04,-0.06,-1.19,-0.43,9.37,TRUE,Wings; centers excluded,Defensemen; centers excluded,FALSE,78,232,3,1,55,39,13.34,6.22,3.56,0.36,0.89,0.53
8477919,20222023,Freddy Gaudreau,78931,3,-0.5,-0.95,30.43,16.74,FALSE,FALSE,,,0,0,-0.93,-1.21,-0.04,0.1,0.47,0.17,13.7,TRUE,Wings; centers excluded,Defensemen; centers excluded,TRUE,72,184,17,4,168,138,1.92,2.51,2.37,0,0.23,0.41
8478043,20222023,Sam Lafferty,61356,3,1.15,-0.4,87.39,30.47,FALSE,FALSE,,,0,0,0.54,-0.38,0.79,0.04,-0.17,-0.06,56.92,TRUE,Wings; centers excluded,Defensemen; centers excluded,TRUE,74,205,12,5,135,102,7.33,4.87,1.94,0.18,0.47,0.41
8478458,20222023,Jack Roslovic,75983,3,-1.89,-1.21,1.74,11.59,FALSE,FALSE,,,0,0,-1.01,-1.24,-0.97,-0,0.09,0.03,-9.85,TRUE,Wings; centers excluded,Defensemen; centers excluded,TRUE,73,198,14,9,164,123,1.99,2.51,2.51,0,0.19,0.47
8478508,20222023,Yakov Trenin,69978,3,0.26,-0.26,63.48,36.91,FALSE,FALSE,,,0,0,0.58,-0.59,-0.22,0.36,-0.1,-0.04,26.57,TRUE,Wings; centers excluded,Defensemen; centers excluded,TRUE,74,201,27,13,206,140,8.59,4.17,1.54,0.05,0.57,0.46
8478843,20222023,Denis Malgin,42586,3,0.34,-0.87,66.52,17.6,FALSE,FALSE,,,0,0,-0.05,-1.18,-0.51,-0.02,0.91,0.32,48.93,TRUE,Wings; centers excluded,Defensemen; centers excluded,TRUE,69,182,7,2,150,112,5.75,6.42,1.52,0,0.25,0.51
8478891,20222023,Mason Appleton,39407,3,-0.98,-2.01,16.96,2.15,FALSE,TRUE,,blockedShotsPer60,0,0,-0.55,-1.91,-0.41,-0.1,-0.01,-0,14.81,FALSE,Wings; centers excluded,Defensemen; centers excluded,TRUE,74,196,5,1,93,71,4.29,5.39,1,0,0.18,0.82
8479318,20222023,Auston Matthews,90036,3,-1.24,-1.14,9.57,12.45,FALSE,FALSE,,,0,0,-0.8,-1.12,0.05,0.15,-0.48,-0.18,-2.88,TRUE,Wings; centers excluded,Defensemen; centers excluded,TRUE,75,215,23,12,453,327,3.12,3.96,3.68,0,0.28,0.76
8479335,20222023,Rasmus Asplund,30256,3,-0.24,-2.07,41.74,1.72,FALSE,FALSE,,,0,0,-0.59,-1.81,-0.15,-0.44,0.5,0.17,40.02,TRUE,Wings; centers excluded,Defensemen; centers excluded,TRUE,71,190,1,1,68,54,2.74,6.54,1.31,0,0.24,0.48
8479366,20222023,Logan Brown,18726,3,-1.63,-1.8,3.04,4.29,TRUE,FALSE,height,,0,0,-0.25,-1.45,-0.11,0.11,-1.27,-0.45,-1.25,FALSE,Wings; centers excluded,Defensemen; centers excluded,FALSE,79,229,4,0,24,18,4.23,4.04,1.35,0,0.38,0.58
8479400,20222023,Pierre-Luc Dubois,80819,3,-0.97,-2.67,16.96,0.43,FALSE,TRUE,,contactPenaltiesDrawnPer60,0,0,-0.42,-2.35,0.16,-0.06,-0.71,-0.26,16.53,FALSE,Wings; centers excluded,Defensemen; centers excluded,TRUE,76,220,13,10,308,205,3.16,5.39,2.09,0.04,1.29,1.51
8479591,20222023,Michael Eyssimont,39702,3,1.24,-1.21,88.26,11.59,FALSE,FALSE,,,0,0,0.89,-1.27,0.07,-0.04,0.27,0.1,76.67,TRUE,Wings; centers excluded,Defensemen; centers excluded,TRUE,72,195,7,6,178,124,9.7,9.25,1.72,0.27,1.18,1.09
8480002,20222023,Nico Hischier,93746,3,-1.44,-2.03,5.65,2.15,FALSE,FALSE,,,0,0,-1.56,-2.3,0.07,0.25,0.05,0.02,3.51,TRUE,Wings; centers excluded,Defensemen; centers excluded,TRUE,73,200,29,13,343,256,1.31,4.49,2.34,0,0.15,0.96
8480028,20222023,Morgan Frost,79427,3,0.06,-0.67,54.78,22.75,FALSE,FALSE,,,0,0,-0.42,-0.89,0.16,0.11,0.31,0.11,32.04,TRUE,Wings; centers excluded,Defensemen; centers excluded,TRUE,72,193,18,7,206,155,3.85,2.72,2.4,0,0.32,0.5
8480185,20222023,Eetu Luostarinen,78650,3,0.04,-1.4,53.91,8.15,FALSE,FALSE,,,0,0,-0.4,-1.33,0.49,-0.05,-0.06,-0.02,45.76,TRUE,Wings; centers excluded,Defensemen; centers excluded,TRUE,75,191,12,4,188,132,2.93,5.36,2.33,0,0.46,0.46
8480205,20222023,Emil Bemstrom,39958,3,-1.41,-1.86,6.09,3.43,FALSE,FALSE,,,0,0,-1.18,-2,-0.59,0.02,0.36,0.13,2.65,TRUE,Wings; centers excluded,Defensemen; centers excluded,TRUE,72,190,7,1,134,95,1.44,3.42,1.89,0,0.27,0.63
8480845,20222023,Rasmus Kupari,39976,3,0.08,-0.75,57.83,20.17,FALSE,FALSE,,,0,0,0.23,-0.62,-0.04,-0.1,-0.1,-0.04,37.65,TRUE,Wings; centers excluded,Defensemen; centers excluded,TRUE,74,201,6,5,76,53,7.2,7.11,3.06,0,0.45,0.54
8481068,20222023,Yegor Sharangovich,64882,3,-1.48,-2.11,5.22,1.72,FALSE,FALSE,,,0,0,-1.15,-2.04,-0.32,-0.06,-0.01,-0,3.5,TRUE,Wings; centers excluded,Defensemen; centers excluded,TRUE,74,196,10,6,184,131,1.22,4.11,2.27,0,0.39,0.61
8481522,20222023,Peyton Krebs,61434,3,0.71,-1.68,76.09,6.01,FALSE,FALSE,,,0,0,0.29,-1.68,0.01,-0.14,0.4,0.14,70.08,TRUE,Wings; centers excluded,Defensemen; centers excluded,TRUE,72,188,7,2,110,78,5.45,5.57,1.17,0.12,0.94,0.82
8481533,20222023,Trevor Zegras,91500,3,-1.38,-2.38,6.52,0.86,FALSE,FALSE,,,0,0,-0.84,-2.51,-0.99,-0.03,0.45,0.16,5.66,TRUE,Wings; centers excluded,Defensemen; centers excluded,TRUE,72,185,15,7,257,184,1.81,3.78,1.14,0,0.63,0.87
8482110,20222023,Dawson Mercer,81477,3,0.06,-0.95,54.78,16.74,FALSE,FALSE,,,0,0,-0.79,-0.96,0.31,-0.19,0.54,0.19,38.04,TRUE,Wings; centers excluded,Defensemen; centers excluded,TRUE,72,180,8,3,216,161,1.59,4.29,2.78,0,0.27,0.22
8482665,20222023,Matty Beniers,82042,3,-0.85,-1.55,23.04,6.01,FALSE,FALSE,,,0,0,-1.02,-1.73,-0.09,0.08,0.25,0.1,17.03,TRUE,Wings; centers excluded,Defensemen; centers excluded,TRUE,74,181,18,9,218,148,3.47,6.93,2.11,0,0,0.83
8482740,20222023,Wyatt Johnston,76170,3,-0.64,-1.44,26.52,6.87,FALSE,FALSE,,,0,0,-0.83,-1.53,-0.09,-0.01,0.28,0.1,19.65,TRUE,Wings; centers excluded,Defensemen; centers excluded,TRUE,73,187,13,6,207,160,1.04,3.59,1.47,0,0.38,0.19
8483570,20222023,Ben Meyers,22456,3,0.69,-0.91,75.22,16.74,FALSE,FALSE,,,0,0,-0.3,-1.15,0.57,0.08,0.43,0.15,58.48,TRUE,Wings; centers excluded,Defensemen; centers excluded,FALSE,71,194,5,3,48,33,4.01,4.97,2.08,0,0.32,0.48
8470794,20222023,Joe Pavelski,87196,4,-0.24,-1.02,41.74,15.02,TRUE,FALSE,deflectionShare,,0,0,-0.65,-1.11,0.3,-0,0.11,0.09,26.72,FALSE,Wings; centers excluded,Defensemen; centers excluded,TRUE,73,196,13,4,263,184,3.84,2.52,2.64,0,0.17,0.87
8471215,20222023,Evgeni Malkin,91416,4,-1.57,-2.78,3.48,0.43,FALSE,TRUE,,contactPenaltiesDrawnPer60,0,0,-0.88,-2.86,0.05,0.36,-0.74,-0.28,3.05,FALSE,Wings; centers excluded,Defensemen; centers excluded,TRUE,77,213,29,9,313,240,2.09,3.9,1.3,0,1.06,1.06
8471699,20222023,Andrew Cogliano,59808,4,0.04,-1.7,53.91,5.58,FALSE,TRUE,,contactPenaltiesDrawnPer60,0,0,-0.73,-1.83,-0.06,-0.28,0.83,0.42,48.33,FALSE,Wings; centers excluded,Defensemen; centers excluded,TRUE,70,179,4,1,104,85,3.31,5.42,3.25,0,0.78,1.02
8473453,20222023,Trevor Lewis,59624,4,1.27,0.9,89.13,83.26,FALSE,FALSE,,,0,0,1.07,0.75,0.25,0.13,-0.05,0.02,5.87,TRUE,Wings; centers excluded,Defensemen; centers excluded,TRUE,73,205,12,4,188,144,9.54,6.64,1.99,0,0.48,0.18
8473604,20222023,Jonathan Toews,56320,4,-0.57,-2.31,28.26,0.86,FALSE,FALSE,,,0,0,-1.33,-2.5,0.88,0.2,-0.11,-0.01,27.4,TRUE,Wings; centers excluded,Defensemen; centers excluded,TRUE,74,201,14,7,113,87,0.58,1.98,1.47,0.06,0.45,0.38
8474189,20222023,Lars Eller,74551,4,-0.49,-1.14,30.43,12.45,FALSE,FALSE,,,0,0,-0.06,-1.21,-0.22,0.12,-0.22,-0.06,17.99,TRUE,Wings; centers excluded,Defensemen; centers excluded,TRUE,74,207,16,8,191,140,4.49,5.7,2.03,0,0.77,0.58
8474683,20222023,Derek Grant,40974,4,0.18,-0.49,60.87,27.47,FALSE,FALSE,,,0,0,0.08,-0.52,0.51,0.17,-0.42,-0.14,33.4,TRUE,Wings; centers excluded,Defensemen; centers excluded,TRUE,75,210,9,3,98,72,3.16,2.28,2.28,0,0.88,0.26
8475343,20222023,Nic Dowd,52069,4,-0.7,0.21,25.65,59.23,FALSE,TRUE,,contactPenaltiesDrawnPer60,0,0,0.17,-0.16,-0.87,0.32,-0.01,0.04,-33.58,FALSE,Wings; centers excluded,Defensemen; centers excluded,TRUE,74,195,15,4,84,62,9.4,5.88,4.22,0,0.62,1.11
8475745,20222023,Charlie Coyle,83573,4,-1.64,-1.77,3.04,4.29,FALSE,TRUE,,contactPenaltiesDrawnPer60,0,0,-0.81,-1.74,-0.22,0.2,-0.61,-0.23,-1.25,FALSE,Wings; centers excluded,Defensemen; centers excluded,TRUE,75,221,21,11,191,139,2.93,2.93,2.71,0,0.52,0.99
8475798,20222023,Mikael Granlund,84492,4,0.21,-0.87,61.3,17.6,FALSE,FALSE,,,0,0,-0.42,-1.08,0.05,-0.09,0.58,0.3,43.71,TRUE,Wings; centers excluded,Defensemen; centers excluded,TRUE,70,193,11,5,172,121,3.32,5.28,2.56,0,0.34,0.43
8476329,20222023,Travis Boyd,81329,4,-0.18,-1.81,44.78,4.29,FALSE,FALSE,,,0,0,-1.12,-2.13,0.58,0.12,0.36,0.2,40.49,TRUE,Wings; centers excluded,Defensemen; centers excluded,TRUE,72,190,17,8,134,94,1.73,4.47,2.61,0,0.44,0.62
8476374,20222023,Sean Kuraly,64213,4,0.45,0.16,70.87,57.94,FALSE,FALSE,,,0,0,0.7,0.02,-0.01,0.2,-0.24,-0.07,12.93,TRUE,Wings; centers excluded,Defensemen; centers excluded,TRUE,74,208,15,5,145,100,10.48,3.76,2.58,0,1.12,0.9
8476393,20222023,Nick Cousins,52261,4,0.37,-1.04,68.26,15.02,FALSE,FALSE,,,0,0,0.26,-0.83,-0.37,-0.47,0.48,0.25,53.24,TRUE,Wings; centers excluded,Defensemen; centers excluded,TRUE,71,191,2,1,136,102,5.99,7.99,2.48,0.14,0.83,0.69
8476624,20222023,Barclay Goodrow,69720,4,0.4,0.5,69.57,72.1,FALSE,FALSE,,,0,0,0.71,0.44,-0.03,0.14,-0.28,-0.08,-2.54,TRUE,Wings; centers excluded,Defensemen; centers excluded,TRUE,74,210,14,4,123,89,6.3,5.16,3.3,0.31,0.62,0.46
8476913,20222023,Devin Shore,25281,4,-0.14,0.32,45.65,64.81,FALSE,FALSE,,,0,0,0.16,0.08,-0.23,0.23,-0.07,0.01,-19.15,TRUE,Wings; centers excluded,Defensemen; centers excluded,FALSE,73,206,7,4,48,33,6.55,5.84,3.42,0,0.28,0.43
8476919,20222023,Chris Tierney,23464,4,-0.11,0.13,46.96,56.22,FALSE,FALSE,,,0,0,-0.32,-0.22,0.01,0.21,0.2,0.14,-9.27,TRUE,Wings; centers excluded,Defensemen; centers excluded,FALSE,73,191,6,3,28,19,2.3,1.99,3.22,0,0.31,0.15
8476994,20222023,Vinnie Hinostroza,19657,4,-2.29,-4.23,0.43,0,TRUE,TRUE,hitsPer60,hitsPer60; contactPenaltiesDrawnPer60,0,0,-2.48,-4.51,-0.57,-0.1,0.76,0.38,0.43,FALSE,Wings; centers excluded,Defensemen; centers excluded,FALSE,70,183,2,0,55,38,0.18,4.4,1.28,0,0.37,1.1
8477493,20222023,Aleksander Barkov,86595,4,-1.7,-1.52,2.61,6.01,FALSE,FALSE,,,0,0,-0.96,-1.55,-0.25,0.21,-0.49,-0.17,-3.4,TRUE,Wings; centers excluded,Defensemen; centers excluded,TRUE,75,214,21,8,277,208,2.16,3.62,2,0,0.04,0.46
8477496,20222023,Elias Lindholm,89527,4,-0.18,-0.65,45.22,23.18,FALSE,FALSE,,,0,0,-0.25,-0.73,0.04,0.02,0.04,0.06,22.04,TRUE,Wings; centers excluded,Defensemen; centers excluded,TRUE,73,200,15,7,266,186,3.94,2.69,2.01,0,0.2,0.48
8477935,20222023,Sam Bennett,65798,4,0.95,-0.03,81.74,48.93,FALSE,FALSE,,,0,0,0.58,-0.31,0.2,0.15,0.17,0.12,32.81,TRUE,Wings; centers excluded,Defensemen; centers excluded,TRUE,73,193,16,10,253,193,8.21,3.17,1.91,0,0.98,0.77
8477946,20222023,Dylan Larkin,93867,4,-1.39,-2.13,6.52,1.72,FALSE,TRUE,,blockedShotsPer60,0,0,-0.88,-2.38,-0.48,0.22,-0.03,0.03,4.81,FALSE,Wings; centers excluded,Defensemen; centers excluded,TRUE,73,204,23,8,348,244,1.8,2.45,1.04,0,0.46,0.69
8478010,20222023,Brayden Point,96775,4,-0.9,-1.85,19.13,3.86,FALSE,FALSE,,,0,0,-1.32,-2.29,-0.32,0.07,0.73,0.37,15.27,TRUE,Wings; centers excluded,Defensemen; centers excluded,TRUE,71,177,18,8,320,235,1.38,3.68,1.38,0.04,0,0.52
8478133,20222023,Jake Evans,46948,4,-0.44,-1.19,33.48,11.59,TRUE,FALSE,backhandShare,,0,0,-0.73,-1.52,-0.06,0.13,0.36,0.2,21.89,FALSE,Wings; centers excluded,Defensemen; centers excluded,TRUE,72,190,9,2,72,55,2.07,4.37,3.14,0.15,0.54,0.61
8478402,20222023,Connor McDavid,110137,4,-1.25,-1.97,9.57,3,FALSE,TRUE,,contactPenaltiesDrawnPer60,0,0,-0.81,-2.42,-0.59,0.33,0.15,0.11,6.56,FALSE,Wings; centers excluded,Defensemen; centers excluded,TRUE,73,194,33,10,441,352,2.91,3.53,1.31,0,0.46,1.18
8478427,20222023,Sebastian Aho,87730,4,-0.58,-2.39,28.26,0.86,FALSE,TRUE,,blockedShotsPer60; contactPenaltiesDrawnPer60,0,0,-0.75,-2.73,-0.2,0.13,0.38,0.21,27.4,FALSE,Wings; centers excluded,Defensemen; centers excluded,TRUE,72,189,19,9,311,218,2.42,3.73,0.86,0,0.7,1.03
8478440,20222023,Dylan Strome,81099,4,-1.68,-1.8,3.04,4.29,FALSE,FALSE,,,0,0,-1.05,-1.75,-0.25,0.07,-0.37,-0.12,-1.25,TRUE,Wings; centers excluded,Defensemen; centers excluded,TRUE,76,200,14,4,220,154,0.89,2,1.91,0,0.36,0.22
8478462,20222023,Nicolas Roy,63564,4,-0.03,-0.46,49.13,28.76,FALSE,FALSE,,,0,0,0.08,-0.63,0.26,0.29,-0.37,-0.12,20.38,TRUE,Wings; centers excluded,Defensemen; centers excluded,TRUE,76,200,18,7,139,101,4.7,4.19,2.32,0,0.62,0.45
8478542,20222023,Evan Rodrigues,73925,4,-0.49,-2.95,31.3,0.43,FALSE,FALSE,,,0,0,-1.12,-2.83,-0.01,-0.45,0.64,0.33,30.88,TRUE,Wings; centers excluded,Defensemen; centers excluded,TRUE,71,182,4,3,235,184,1.66,5.26,1.31,0,0.49,0.73
8478585,20222023,Derek Ryan,53597,4,1.14,-0.36,87.39,32.19,FALSE,FALSE,,,0,0,-0.24,-1.02,0.65,0.29,0.73,0.36,55.2,TRUE,Wings; centers excluded,Defensemen; centers excluded,TRUE,70,185,15,5,122,92,3.63,6.52,2.82,0,0.6,0.4
8478967,20222023,Lane Pederson,19321,4,1.65,-0.01,94.78,50.21,TRUE,TRUE,deflectionShare; backhandShare,defensiveTakeawaysPer60,0,1,1.46,0.59,0.08,-0.69,0.11,0.09,44.57,FALSE,Wings; centers excluded,Defensemen; centers excluded,FALSE,73,196,0,0,36,27,12.67,7.27,2.05,0.37,1.12,0.75
8479346,20222023,Dillon Dube,74592,4,0.79,-0.98,79.13,16.31,FALSE,TRUE,,blockedShotsPer60,0,0,0.44,-1.08,-0.24,-0.21,0.59,0.31,62.82,FALSE,Wings; centers excluded,Defensemen; centers excluded,TRUE,71,185,6,1,207,151,6.56,6.85,1.01,0.05,0.72,0.63
8479351,20222023,Sam Steel,58347,4,0.39,-1.05,69.13,14.59,FALSE,TRUE,,blockedShotsPer60,0,0,-0.06,-1.34,-0,0.04,0.45,0.25,54.54,FALSE,Wings; centers excluded,Defensemen; centers excluded,TRUE,72,185,10,4,119,85,2.84,4.69,0.93,0,0.49,0.25
8479514,20222023,Rem Pitlick,35666,4,-0.43,-1.86,33.48,3.43,FALSE,FALSE,,,0,0,-0.76,-2.24,-0.24,0.08,0.57,0.3,30.04,TRUE,Wings; centers excluded,Defensemen; centers excluded,TRUE,71,186,6,1,51,30,2.32,2.83,1.82,0,0.91,0.91
8479525,20222023,Ross Colton,60027,4,0.86,0.38,81.3,66.95,FALSE,FALSE,,,0,0,0.93,0.07,-0.36,0.15,0.29,0.17,14.35,TRUE,Wings; centers excluded,Defensemen; centers excluded,TRUE,72,194,12,3,216,153,11.27,7.08,1.68,0.12,0.6,0.66
8479580,20222023,Dylan Gambrell,41000,4,0.58,0.17,73.48,58.37,FALSE,FALSE,,,0,0,0.29,0.13,-0.05,-0.15,0.34,0.2,15.11,TRUE,Wings; centers excluded,Defensemen; centers excluded,TRUE,72,191,5,3,65,46,5.27,6.23,3.95,0,0.7,0.26
8480011,20222023,Klim Kostin,34403,4,0.35,-0.44,66.96,29.61,TRUE,TRUE,contactPenaltiesDrawnPer60,hitsPer60; contactPenaltiesTakenPer60; contactPenaltiesDrawnPer60,0,0,1.52,0.09,-0.22,-0.15,-0.95,-0.39,37.34,FALSE,Wings; centers excluded,Defensemen; centers excluded,TRUE,76,232,4,2,76,56,16.43,7.32,1.57,0.42,1.57,1.67
8480021,20222023,Jack Studnicka,30513,4,-0.09,-0.83,46.96,18.88,FALSE,FALSE,,,0,0,0.22,-0.86,-0.59,-0.14,0.28,0.17,28.07,TRUE,Wings; centers excluded,Defensemen; centers excluded,TRUE,73,187,5,5,85,65,7.2,8.14,2.24,0,0.71,0.71
8480835,20222023,Jack Drury,24590,4,0.48,-2.4,71.74,0.86,FALSE,FALSE,,,0,0,-0.99,-2.53,0.9,-0.17,0.57,0.3,70.88,TRUE,Wings; centers excluded,Defensemen; centers excluded,FALSE,71,186,3,2,88,69,1.76,7.61,2.34,0,0.88,0.59
8481596,20222023,Shane Pinto,78616,4,-0.95,-1.74,17.39,5.15,FALSE,FALSE,,,0,0,-0.69,-1.68,0.08,0.04,-0.34,-0.11,12.24,TRUE,Wings; centers excluded,Defensemen; centers excluded,TRUE,75,206,17,14,221,158,3.25,4.08,2.24,0,0.37,0.82
8481618,20222023,Alex Newhook,68649,4,-0.03,-1.51,49.13,6.44,FALSE,FALSE,,,0,0,-0.28,-1.54,-0.07,-0.15,0.32,0.18,42.69,TRUE,Wings; centers excluded,Defensemen; centers excluded,TRUE,71,200,7,2,141,116,3.15,6.56,1.36,0,0.42,0.37
8482745,20222023,Mason McTavish,73797,4,-0.8,-1.88,24.35,3.43,FALSE,FALSE,,,0,0,-0.51,-1.74,0.02,-0.04,-0.3,-0.1,20.91,TRUE,Wings; centers excluded,Defensemen; centers excluded,TRUE,73,219,10,3,216,161,2.68,2.29,1.8,0,0.83,0.73
8470595,20222023,Eric Staal,61504,5,-0.77,-1.32,24.78,9.01,FALSE,FALSE,,,0,0,-0.46,-1.27,-0.04,0.03,-0.26,-0.08,15.77,TRUE,Wings; centers excluded,Defensemen; centers excluded,TRUE,76,195,11,5,142,106,1.58,2.52,2.63,0,0.7,0.35
8470604,20222023,Jeff Carter,64968,5,0.06,-0.39,54.35,30.47,FALSE,FALSE,,,0,0,0.34,-0.07,0.26,-0.05,-0.55,-0.27,23.88,TRUE,Wings; centers excluded,Defensemen; centers excluded,TRUE,75,219,10,5,184,139,4.43,4.32,2.99,0,0.55,0.28
8470638,20222023,Patrice Bergeron,81393,5,-0.9,-1.07,19.13,14.16,FALSE,FALSE,,,0,0,-0.65,-1.29,-0.38,0.08,0.12,0.13,4.97,TRUE,Wings; centers excluded,Defensemen; centers excluded,TRUE,73,196,15,5,339,249,2.92,3.05,2.39,0,0.31,0.53
8474150,20222023,Mikael Backlund,89362,5,0.4,-0.4,69.57,30.47,FALSE,TRUE,,blockedShotsPer60,0,0,0.23,-0.66,0.09,0.16,0.08,0.1,39.09,FALSE,Wings; centers excluded,Defensemen; centers excluded,TRUE,72,206,21,9,345,260,3.91,2.86,1.25,0,0.6,0.36
8474641,20222023,Adam Henrique,67630,5,0.1,-1.06,59.57,14.59,FALSE,FALSE,,,0,0,-0.67,-1.32,0.5,0.04,0.27,0.22,44.97,TRUE,Wings; centers excluded,Defensemen; centers excluded,TRUE,72,195,10,2,177,132,1.49,1.92,2.45,0,0.48,0.32
8475170,20222023,Brayden Schenn,90672,5,-0.02,-0.37,49.57,31.76,FALSE,TRUE,,blockedShotsPer60,0,0,0.37,-0.33,-0.44,-0.13,0.05,0.09,17.81,FALSE,Wings; centers excluded,Defensemen; centers excluded,TRUE,73,200,10,4,214,144,5.56,2.82,1.63,0.08,0.52,0.52
8475231,20222023,Casey Cizikas,70647,5,1.54,0.69,93.91,77.68,FALSE,FALSE,,,0,0,0.84,0.2,0.23,0.15,0.47,0.34,16.23,TRUE,Wings; centers excluded,Defensemen; centers excluded,TRUE,71,191,17,8,149,111,9.58,4.99,2.96,0.05,0.76,0.71
8475726,20222023,Tyler Toffoli,81726,5,-0.76,-1.7,24.78,5.58,FALSE,TRUE,,blockedShotsPer60,0,0,-0.53,-1.85,-0.33,0.03,0.1,0.11,19.2,FALSE,Wings; centers excluded,Defensemen; centers excluded,TRUE,72,205,13,4,365,268,2.6,2.69,0.62,0,0.44,0.57
8475752,20222023,Tyler Pitlick,36877,5,0.57,-0.41,73.48,30.47,FALSE,FALSE,,,0,0,0.44,-0.44,0.19,0.01,-0.06,0.02,43.01,TRUE,Wings; centers excluded,Defensemen; centers excluded,TRUE,74,199,5,1,79,54,10.06,6.83,2.83,0,0.68,1.07
8475754,20222023,Brock Nelson,90702,5,-1.64,-2.23,3.04,1.72,FALSE,TRUE,,blockedShotsPer60,0,0,-1.01,-1.99,-0.19,-0.05,-0.44,-0.19,1.33,FALSE,Wings; centers excluded,Defensemen; centers excluded,TRUE,76,205,14,7,298,222,1.98,2.94,1.71,0,0.32,0.6
8475760,20222023,Nick Bjugstad,75818,5,0.19,-0.33,61.3,33.91,FALSE,TRUE,,blockedShotsPer60,0,0,0.87,0.09,0.12,-0.02,-0.79,-0.4,27.4,FALSE,Wings; centers excluded,Defensemen; centers excluded,TRUE,78,210,13,7,211,145,7.98,4.8,2.09,0,0.76,0.47
8475793,20222023,Ryan Johansen,52017,5,0.23,-1.23,61.74,10.3,FALSE,TRUE,,blockedShotsPer60,0,0,0.15,-0.69,0.61,-0.28,-0.53,-0.26,51.44,FALSE,Wings; centers excluded,Defensemen; centers excluded,TRUE,75,218,6,5,128,86,3.39,3.39,1.31,0,0.55,0.28
8475842,20222023,Sam Carrick,32964,5,2.79,1.71,99.13,95.28,FALSE,TRUE,,fightsPer60,0,0,1.91,1.54,0.73,0.02,0.15,0.14,3.85,FALSE,Wings; centers excluded,Defensemen; centers excluded,TRUE,72,202,6,3,69,50,10.7,6.33,2.62,0.87,1.09,0.87
8476432,20222023,Boone Jenner,82446,5,0.4,-0.56,69.57,25.32,FALSE,FALSE,,,0,0,0.12,-0.37,0.43,-0.17,-0.15,-0.03,44.24,TRUE,Wings; centers excluded,Defensemen; centers excluded,TRUE,74,204,8,3,316,214,5.63,3.06,3.06,0.04,0.52,0.7
8476460,20222023,Mark Scheifele,99527,5,-1.68,-2.45,2.61,0.86,FALSE,TRUE,,blockedShotsPer60,0,0,-1.32,-2.45,-0.02,0.13,-0.34,-0.14,1.75,FALSE,Wings; centers excluded,Defensemen; centers excluded,TRUE,75,207,27,18,301,206,1.81,3.91,1.37,0.04,0.22,0.69
8476872,20222023,Scott Laughton,85574,5,0.78,-0.04,79.13,48.93,FALSE,FALSE,,,0,0,0.25,-0.23,0.3,-0.01,0.23,0.2,30.2,TRUE,Wings; centers excluded,Defensemen; centers excluded,TRUE,73,190,13,5,219,170,6.56,2.36,2.4,0,0.46,0.63
8476882,20222023,Teuvo Teravainen,68988,5,-0.61,-1.03,26.96,15.02,FALSE,TRUE,,blockedShotsPer60,0,0,-0.76,-1.52,-0.33,0.14,0.47,0.34,11.94,FALSE,Wings; centers excluded,Defensemen; centers excluded,TRUE,71,191,14,4,195,144,0.78,2.24,0.94,0,0.37,0.05
8477070,20222023,Liam O'Brien,38394,5,1.53,1.4,93.91,92.27,FALSE,TRUE,,hitsPer60; fightsPer60; contactPenaltiesTakenPer60,0,0,2.36,1.84,-0.63,-0.37,-0.21,-0.07,1.64,FALSE,Wings; centers excluded,Defensemen; centers excluded,TRUE,73,215,2,1,56,39,19.03,7.59,2.63,0.75,1.5,1.13
8477404,20222023,Jake Guentzel,94143,5,0.16,-1.55,60.43,6.01,FALSE,TRUE,,blockedShotsPer60,0,0,-0.58,-1.91,-0,-0.15,0.74,0.51,54.43,FALSE,Wings; centers excluded,Defensemen; centers excluded,TRUE,71,176,12,7,344,244,3.17,5.85,1.76,0,0.57,0.84
8477450,20222023,Jason Dickinson,74594,5,0.25,0.14,63.48,56.65,FALSE,FALSE,,,0,0,0.25,-0.24,0.08,0.37,-0.08,0.01,6.83,TRUE,Wings; centers excluded,Defensemen; centers excluded,TRUE,74,200,29,14,155,114,5.41,5.55,3.86,0,0.58,0.48
8477497,20222023,Sean Monahan,26051,5,-0.5,-1.3,30.43,9.01,FALSE,TRUE,,blockedShotsPer60,0,0,-0.53,-1.42,0.22,0.18,-0.19,-0.05,21.42,FALSE,Wings; centers excluded,Defensemen; centers excluded,FALSE,74,206,6,2,70,55,1.38,3.45,1.11,0,0.41,0.14
8477933,20222023,Sam Reinhart,97323,5,-1.08,-2.09,14.35,1.72,FALSE,TRUE,,blockedShotsPer60,0,0,-1.07,-2,-0.13,-0.23,0.12,0.13,12.63,FALSE,Wings; centers excluded,Defensemen; centers excluded,TRUE,73,196,10,6,330,227,2.15,5.66,1.81,0,0.18,0.44
8477934,20222023,Leon Draisaitl,104323,5,-1.76,-1.83,2.17,4.29,FALSE,TRUE,,blockedShotsPer60,0,0,-1.1,-2.18,-0.42,0.44,-0.24,-0.09,-2.12,FALSE,Wings; centers excluded,Defensemen; centers excluded,TRUE,74,209,47,22,349,247,2.28,4.62,1.38,0,0.21,0.59
8477987,20222023,Ryan Donato,47943,5,1.07,-0.64,85.65,23.18,FALSE,TRUE,,blockedShotsPer60,0,0,0.45,-0.98,0.26,0.06,0.36,0.28,62.48,FALSE,Wings; centers excluded,Defensemen; centers excluded,TRUE,72,190,7,1,156,122,5.18,6.38,0.9,0.15,0.83,0.68
8478400,20222023,Colin White,39312,5,0.67,-0.15,74.78,43.35,FALSE,FALSE,,,0,0,0.32,-0.21,0.22,-0.08,0.14,0.15,31.43,TRUE,Wings; centers excluded,Defensemen; centers excluded,TRUE,73,195,5,2,89,64,5.59,5.13,2.66,0,0.46,0.37
8478401,20222023,Pavel Zacha,78995,5,-1.38,-1.38,6.52,8.15,FALSE,TRUE,,blockedShotsPer60,0,0,-0.43,-1.19,-0.42,0.07,-0.54,-0.26,-1.63,FALSE,Wings; centers excluded,Defensemen; centers excluded,TRUE,76,211,13,3,179,131,3.05,2.87,0.96,0,0.23,0.32
8478445,20222023,Mathew Barzal,65132,5,-0.81,-1.38,24.35,8.15,FALSE,TRUE,,blockedShotsPer60,0,0,-0.79,-1.65,-0.32,0.03,0.3,0.24,16.19,FALSE,Wings; centers excluded,Defensemen; centers excluded,TRUE,73,186,12,6,195,139,1.38,2.38,1.88,0,0.44,0.33
8478449,20222023,Roope Hintz,76903,5,-1.29,-2.15,9.13,1.72,FALSE,FALSE,,,0,0,-0.76,-1.86,-0.01,-0.04,-0.51,-0.25,7.41,TRUE,Wings; centers excluded,Defensemen; centers excluded,TRUE,75,217,10,3,252,184,2.2,3.89,2.11,0,0.51,0.66
8478512,20222023,Austin Czarnik,19440,5,1.01,-0.88,83.04,17.17,FALSE,FALSE,,,0,0,-0.91,-1.88,0.81,0.27,1.11,0.73,65.88,TRUE,Wings; centers excluded,Defensemen; centers excluded,FALSE,69,170,5,1,37,27,2.96,2.59,2.41,0,0.56,1.3
8478519,20222023,Anthony Cirelli,57632,5,-0.63,-1.58,26.96,6.01,FALSE,FALSE,,,0,0,-1,-1.97,0.2,0.23,0.17,0.17,20.95,TRUE,Wings; centers excluded,Defensemen; centers excluded,TRUE,73,193,16,7,155,111,2.12,3.94,2.87,0.06,0.5,0.94
8478569,20222023,Noel Acciari,66125,5,0.96,0.9,82.17,83.26,FALSE,FALSE,,,0,0,0.67,0.65,0.04,0.06,0.25,0.2,-1.09,TRUE,Wings; centers excluded,Defensemen; centers excluded,TRUE,71,204,14,8,144,102,13.28,6.32,4.41,0.05,0.27,0.6
8479316,20222023,Luke Kunin,28703,5,1.21,0.31,87.83,64.81,FALSE,FALSE,,,0,0,0.86,0.24,0.11,-0.13,0.24,0.2,23.02,TRUE,Wings; centers excluded,Defensemen; centers excluded,FALSE,72,197,3,1,83,58,7.9,4.77,3.39,0.13,1,0.75
8479972,20222023,Mason Shaw,39968,5,1.86,1.04,96.96,85.84,FALSE,FALSE,,,0,0,1.07,0.3,0.06,0.24,0.73,0.5,11.12,TRUE,Wings; centers excluded,Defensemen; centers excluded,TRUE,70,184,12,6,114,92,7.84,7.57,2.43,0.54,0.9,0.9
8479991,20222023,Jake Leschyshyn,19170,5,2.75,-0.34,99.13,33.05,TRUE,TRUE,netFrontAttemptShare,blockedShotsPer60,0,0,0.64,-0.43,1.72,-0.2,0.39,0.29,66.08,FALSE,Wings; centers excluded,Defensemen; centers excluded,FALSE,71,196,1,0,36,31,10.33,6.95,2.07,0,0.75,0.94
8480003,20222023,Jesper Boqvist,48744,5,-0.58,-1.64,28.26,6.01,FALSE,TRUE,,blockedShotsPer60,0,0,-0.84,-1.67,0.05,-0.16,0.21,0.19,22.25,FALSE,Wings; centers excluded,Defensemen; centers excluded,TRUE,73,191,5,2,94,67,3.69,7.39,1.48,0,0.07,0.44
8480012,20222023,Elias Pettersson,98663,5,-1.44,-2.11,5.65,1.72,FALSE,FALSE,,,0,0,-1.65,-2.21,-0.13,-0.18,0.34,0.28,3.94,TRUE,Wings; centers excluded,Defensemen; centers excluded,TRUE,74,176,13,9,373,257,2.7,3.32,3.25,0,0.15,1.31
8480289,20222023,Morgan Barron,55680,5,-0.01,-0.73,51.3,21.03,FALSE,FALSE,,,0,0,0.44,-0.27,0.26,-0.1,-0.7,-0.36,30.27,TRUE,Wings; centers excluded,Defensemen; centers excluded,TRUE,76,220,7,3,150,112,7.63,5.95,2.84,0.06,0.58,0.71
8480355,20222023,Mark Kastelic,34683,5,2.62,2.45,99.13,98.71,FALSE,TRUE,,fightsPer60,0,0,2.74,2.93,0.82,0.04,-0.94,-0.51,0.42,FALSE,Wings; centers excluded,Defensemen; centers excluded,TRUE,76,234,7,4,100,73,15.98,6.33,3.84,0.83,1.14,0.42
8480802,20222023,Ryan McLeod,48515,5,-0.72,-1.28,25.65,9.01,FALSE,TRUE,,blockedShotsPer60,0,0,-0.49,-1.42,0.05,0.24,-0.29,-0.11,16.64,FALSE,Wings; centers excluded,Defensemen; centers excluded,TRUE,75,204,15,8,109,78,2.97,5.34,1.48,0,0.3,0.37
8480813,20222023,Joseph Veleno,62091,5,1.03,-0,83.48,50.64,FALSE,FALSE,,,0,0,0.8,-0.01,0.19,-0.07,0.03,0.08,32.83,TRUE,Wings; centers excluded,Defensemen; centers excluded,TRUE,73,201,8,3,105,85,8.81,6.32,2.55,0,0.75,0.58
8480829,20222023,Jesperi Kotkaniemi,72501,5,0.25,-1.38,63.04,8.15,FALSE,TRUE,,blockedShotsPer60,0,0,0.36,-1.17,0.32,-0.02,-0.42,-0.19,54.89,FALSE,Wings; centers excluded,Defensemen; centers excluded,TRUE,75,212,10,3,184,129,5.21,6.36,1.04,0,0.94,0.7
8480901,20222023,Karson Kuhlman,33399,5,0.38,-0.55,68.26,26.61,FALSE,TRUE,,blockedShotsPer60,0,0,-0.17,-1.2,-0.04,0.23,0.6,0.42,41.65,FALSE,Wings; centers excluded,Defensemen; centers excluded,TRUE,71,184,8,2,77,48,4.42,6.9,1.94,0,0.43,0.54
8480980,20222023,Connor Dewar,53275,5,0.96,0.92,82.17,83.69,FALSE,FALSE,,,0,0,0.74,0.33,-0.46,0.12,0.68,0.46,-1.52,TRUE,Wings; centers excluded,Defensemen; centers excluded,TRUE,70,187,11,4,124,87,8.38,5,3.38,0.14,0.61,0.61
8481019,20222023,David Gustafsson,27869,5,-0.04,-1.43,49.13,6.87,FALSE,FALSE,,,0,0,-0.64,-1.7,0.62,0.21,-0.01,0.06,42.26,TRUE,Wings; centers excluded,Defensemen; centers excluded,FALSE,74,196,9,6,55,45,3.23,6.85,2.33,0,0.39,0.65
8481147,20222023,Reese Johnson,37659,5,1.7,1.72,95.22,95.71,FALSE,TRUE,,hitsPer60,0,0,1.86,1.49,-0.33,0.06,0.17,0.17,-0.49,FALSE,Wings; centers excluded,Defensemen; centers excluded,TRUE,73,193,5,0,73,54,17.02,4.11,2.2,0.19,0.76,0.48
8470604,20232024,Jeff Carter,54305,1,0.24,-0.87,60.7,17.6,FALSE,FALSE,,,0,0,0.35,-0.36,0.17,-0.24,-0.28,-0.27,43.1,TRUE,Wings; centers excluded,Defensemen; centers excluded,TRUE,75,219,9,2,134,90,5.5,2.25,2.19,0,0.27,0.27
8473533,20232024,Jordan Staal,73818,1,0.4,-1.18,68.56,7.6,FALSE,FALSE,,,0,0,0.6,-0.6,0.14,-0.2,-0.34,-0.39,60.96,TRUE,Wings; centers excluded,Defensemen; centers excluded,TRUE,76,220,9,3,175,123,6.93,3.85,2,0,0.68,0.44
8474870,20232024,Tyler Johnson,62465,1,0.66,-0.32,75.11,40.4,FALSE,TRUE,,height,0,0,0.35,-0.83,0.01,-0.31,0.29,0.82,34.71,FALSE,Wings; centers excluded,Defensemen; centers excluded,TRUE,68,191,11,1,161,112,2.77,1.56,1.79,0,0.63,0.4
8475151,20232024,Kyle Palmieri,84721,1,-0.26,-1.92,38.43,2.8,FALSE,FALSE,,,0,0,-0.45,-1.96,0.12,-0.37,0.07,0.41,35.63,TRUE,Wings; centers excluded,Defensemen; centers excluded,TRUE,72,192,7,1,312,218,3.78,3.91,1.83,0,0.38,0.89
8475170,20232024,Brayden Schenn,87482,1,0.52,0.15,71.18,60,FALSE,FALSE,,,0,0,0.73,-0.2,-0.17,0.15,-0.04,0.2,11.18,TRUE,Wings; centers excluded,Defensemen; centers excluded,TRUE,73,200,28,17,259,170,6.95,3.54,2.1,0.16,0.62,0.58
8475225,20232024,Craig Smith,45975,1,0.2,-1.19,58.95,7.6,FALSE,FALSE,,,0,0,0.34,-1.04,-0.08,-0.3,-0.06,0.15,51.35,TRUE,Wings; centers excluded,Defensemen; centers excluded,TRUE,73,203,5,1,166,112,3.99,5.87,2.35,0.08,0.78,0.47
8475754,20232024,Brock Nelson,88971,1,-1.21,-2.34,8.73,0.4,FALSE,FALSE,,,0,0,-0.72,-2.12,-0.26,-0.04,-0.23,-0.17,8.33,TRUE,Wings; centers excluded,Defensemen; centers excluded,TRUE,76,205,11,6,332,250,1.54,2.87,1.9,0,0.36,0.69
8475793,20232024,Ryan Johansen,51570,1,-0.14,-1.97,46.29,2.8,FALSE,TRUE,,blockedShotsPer60,0,0,-0.02,-1.55,0.15,-0.17,-0.27,-0.26,43.49,FALSE,Wings; centers excluded,Defensemen; centers excluded,TRUE,75,218,12,3,104,78,4.19,2.44,1.05,0,0.28,0.42
8476624,20232024,Barclay Goodrow,60308,1,1.43,1.43,93.01,92.8,TRUE,FALSE,blockedShotsPer60,,0,0,1.39,1.57,0.21,-0.09,-0.16,-0.05,0.21,FALSE,Wings; centers excluded,Defensemen; centers excluded,TRUE,74,210,14,5,89,61,10.15,5.01,5.13,0.24,0.9,0.42
8476960,20232024,Andreas Athanasiou,22004,1,-0.83,-0.79,22.27,21.2,FALSE,TRUE,,defensiveTakeawaysPer60,0,0,-0.73,-1.19,-0.07,0.16,-0.02,0.24,1.07,FALSE,Wings; centers excluded,Defensemen; centers excluded,FALSE,74,190,12,6,57,44,1.8,2.29,3.44,0.16,0.16,0.98
8477846,20232024,Ryan Carpenter,41303,1,0.22,-0.36,59.83,39.2,TRUE,FALSE,contactPenaltiesDrawnPer60,,0,0,0.03,-0.63,0.21,0.04,-0.02,0.22,20.63,FALSE,Wings; centers excluded,Defensemen; centers excluded,TRUE,73,198,9,5,87,58,4.1,4.71,2.7,0,0.17,0.09
8477952,20232024,Robby Fabbri,52503,1,0.43,-1.19,69,7.6,FALSE,FALSE,,,0,0,0.27,-1.31,-0,-0.48,0.17,0.61,61.4,TRUE,Wings; centers excluded,Defensemen; centers excluded,TRUE,71,185,3,0,131,97,5.28,5.62,1.99,0,0.75,0.55
8478078,20232024,Rourke Chartier,23908,1,-0.66,-1.49,27.51,5.2,FALSE,FALSE,,,0,0,-0.63,-2.07,-0.04,0.29,0.01,0.28,22.31,TRUE,Wings; centers excluded,Defensemen; centers excluded,FALSE,72,201,2,2,52,40,4.82,3.61,1.66,0,0.15,0.9
8478133,20232024,Jake Evans,78810,1,-0.18,-0.96,42.79,14,FALSE,FALSE,,,0,0,-0.34,-1.41,0.07,0.01,0.09,0.44,28.79,TRUE,Wings; centers excluded,Defensemen; centers excluded,TRUE,72,190,12,7,123,81,3.93,4.8,2.97,0,0.41,0.73
8478449,20232024,Roope Hintz,82751,1,-1.06,-2.71,13.1,0.4,FALSE,FALSE,,,0,0,-0.8,-2.47,0.01,-0,-0.27,-0.24,12.7,TRUE,Wings; centers excluded,Defensemen; centers excluded,TRUE,75,217,6,4,260,182,1.57,3.48,1.65,0,0.44,0.83
8478462,20232024,Nicolas Roy,64901,1,0.85,-0.65,80.35,26.4,FALSE,FALSE,,,0,0,0.55,-0.6,0.49,0.05,-0.2,-0.1,53.95,TRUE,Wings; centers excluded,Defensemen; centers excluded,TRUE,76,200,17,9,157,112,4.27,4.27,1.94,0.06,0.61,0.22
8478519,20232024,Anthony Cirelli,87779,1,-0.47,-1.53,32.31,4.8,FALSE,FALSE,,,0,0,-0.54,-1.7,0.06,-0.13,0.01,0.3,27.51,TRUE,Wings; centers excluded,Defensemen; centers excluded,TRUE,73,193,18,6,188,129,2.62,4.47,3.08,0,0.53,0.94
8479546,20232024,Oskar Steen,18503,1,-0.3,-0.49,37.12,30.8,TRUE,FALSE,backhandShare,,0,1,-0.13,-0.85,-0.31,-0.18,0.15,0.55,6.32,FALSE,Wings; centers excluded,Defensemen; centers excluded,FALSE,70,196,0,0,41,24,15.37,7.59,3.7,0,0.39,1.17
8479987,20232024,Morgan Geekie,70265,1,0.01,-1.1,51.09,9.2,FALSE,FALSE,,,0,0,0.28,-0.93,-0.04,0.01,-0.23,-0.17,41.89,TRUE,Wings; centers excluded,Defensemen; centers excluded,TRUE,75,212,13,7,171,130,7.02,6.76,2.56,0,0.56,0.41
8479992,20232024,Michael Rasmussen,68359,1,-0.18,-1.07,42.79,10.4,FALSE,FALSE,,,0,0,0.24,-0.76,0.04,0.3,-0.46,-0.61,32.39,TRUE,Wings; centers excluded,Defensemen; centers excluded,TRUE,78,222,6,6,148,101,6.53,7.16,4,0.05,0.9,0.95
8480008,20232024,Adam Ruzicka,25268,1,-1.61,-2.33,3.49,0.4,TRUE,FALSE,deflectionShare; backhandShare,,0,0,-0.56,-1.79,-0.75,-0.22,-0.3,-0.31,3.09,FALSE,Wings; centers excluded,Defensemen; centers excluded,FALSE,76,215,4,1,52,35,1.57,3.13,2.28,0,0.43,0.57
8480011,20232024,Klim Kostin,34037,1,0.47,-0.22,70.31,45.2,FALSE,FALSE,,,0,0,1.09,0.04,-0.19,0.3,-0.43,-0.56,25.11,TRUE,Wings; centers excluded,Defensemen; centers excluded,TRUE,76,232,3,3,67,43,11.42,3.81,1.69,0.32,0.95,1.27
8480018,20232024,Nick Suzuki,104619,1,-0.64,-2.02,27.95,2.8,FALSE,FALSE,,,0,0,-0.6,-2.23,-0.05,-0.08,0.02,0.29,25.15,TRUE,Wings; centers excluded,Defensemen; centers excluded,TRUE,71,207,19,8,266,185,2.37,4.2,1.65,0,0.34,0.62
8480068,20232024,Ryan Poehling,69280,1,-1.11,-1.18,11.79,7.6,TRUE,FALSE,blockedShotsPer60,,0,0,-0.85,-1.05,-0.13,-0.14,-0.13,0.01,4.19,FALSE,Wings; centers excluded,Defensemen; centers excluded,TRUE,74,206,11,4,153,111,3.22,4.52,5.25,0,0.05,0.62
8480185,20232024,Eetu Luostarinen,78408,1,-0.48,-2.06,31.88,2.4,FALSE,FALSE,,,0,0,-0.66,-2.05,0.26,-0.13,-0.08,0.13,29.48,TRUE,Wings; centers excluded,Defensemen; centers excluded,TRUE,75,191,14,5,184,119,5.92,7.39,2.57,0,0.23,0.87
8480205,20232024,Emil Bemstrom,37431,1,-0.13,-0.71,46.29,24,FALSE,FALSE,,,0,0,0,-0.91,-0.22,-0.24,0.09,0.44,22.29,TRUE,Wings; centers excluded,Defensemen; centers excluded,TRUE,72,190,3,1,124,83,3.46,5.87,3.27,0,0.48,0.29
8480448,20232024,Parker Kelly,56192,1,0.09,-0.33,55.46,40,FALSE,FALSE,,,0,0,0.1,-0.76,-0.07,0.01,0.07,0.41,15.46,TRUE,Wings; centers excluded,Defensemen; centers excluded,TRUE,73,185,20,8,126,86,10.96,8.46,4.29,0,0.7,1.03
8480798,20232024,Philipp Kurashev,85583,1,-0.99,-1.69,16.16,3.6,FALSE,FALSE,,,0,0,-0.69,-1.98,-0.39,-0.15,0.09,0.44,12.56,TRUE,Wings; centers excluded,Defensemen; centers excluded,TRUE,72,190,15,5,197,128,1.14,3.07,2.02,0,0.38,0.46
8480806,20232024,Isac Lundeström,39581,1,0.15,-0.53,56.77,30.8,FALSE,FALSE,,,0,0,-0.15,-0.9,0.29,0.06,0.02,0.31,25.97,TRUE,Wings; centers excluded,Defensemen; centers excluded,TRUE,73,192,12,6,63,38,4.64,3.37,2.46,0,0.09,0.27
8481477,20232024,Nico Sturm,55412,1,0.16,-1.23,57.64,7.2,FALSE,FALSE,,,0,0,0.06,-0.79,0.31,-0.31,-0.21,-0.13,50.44,TRUE,Wings; centers excluded,Defensemen; centers excluded,TRUE,75,209,9,1,104,69,4.87,3.12,2.53,0,0.32,0.45
8481522,20232024,Peyton Krebs,60027,1,0.65,-1.51,75.11,5.2,FALSE,TRUE,,blockedShotsPer60,0,0,0.57,-1.54,-0.02,-0.44,0.1,0.47,69.91,FALSE,Wings; centers excluded,Defensemen; centers excluded,TRUE,72,188,6,0,111,74,6.48,7.56,1.38,0.06,1.08,0.6
8481533,20232024,Trevor Zegras,31784,1,-0.26,-1.04,38.43,10.4,FALSE,FALSE,,,0,0,-0.17,-1.67,-0.21,0.12,0.12,0.51,28.03,TRUE,Wings; centers excluded,Defensemen; centers excluded,TRUE,72,185,8,5,105,73,1.81,3.74,1.7,0,0.57,0.34
8481556,20232024,John Beecher,33146,1,0.88,0.59,81.66,74,FALSE,FALSE,,,0,0,1.1,0.89,0.06,-0,-0.29,-0.29,7.66,TRUE,Wings; centers excluded,Defensemen; centers excluded,TRUE,75,220,9,4,48,38,12.16,7.6,3.69,0.22,0.54,0.22
8481596,20232024,Shane Pinto,44549,1,-0.29,-1.46,37.12,5.2,FALSE,FALSE,,,0,0,-0.17,-1.34,0.07,-0.03,-0.19,-0.09,31.92,TRUE,Wings; centers excluded,Defensemen; centers excluded,TRUE,75,206,8,4,165,110,3.15,3.96,2.51,0,0.48,0.57
8481704,20232024,Juuso Parssinen,38543,1,-0.84,-2.78,21.4,0.4,FALSE,TRUE,,blockedShotsPer60; contactPenaltiesDrawnPer60,0,0,-0.71,-2.4,0.07,-0.27,-0.19,-0.1,21,FALSE,Wings; centers excluded,Defensemen; centers excluded,TRUE,75,207,4,1,71,54,5.79,4.11,1.4,0,0.28,1.49
8482092,20232024,Ridly Greig,63690,1,0.77,-0.71,79.48,24,FALSE,FALSE,,,0,0,0.48,-1.12,0.16,-0.11,0.13,0.52,55.48,TRUE,Wings; centers excluded,Defensemen; centers excluded,TRUE,72,184,15,5,140,97,7.29,7.63,2.32,0.11,1.02,0.9
8482113,20232024,Anton Lundell,71961,1,-0.1,-1.42,48.03,5.6,FALSE,FALSE,,,0,0,0.03,-1.61,-0.12,-0.06,-0.01,0.25,42.43,TRUE,Wings; centers excluded,Defensemen; centers excluded,TRUE,73,196,10,5,221,166,3.05,4.35,2,0,0.85,0.7
8482702,20232024,Logan Stankoven,21128,1,-0.46,-1.38,32.75,6,FALSE,TRUE,,height; weight,0,0,-0.81,-2.55,-0.12,-0.02,0.48,1.19,26.75,FALSE,Wings; centers excluded,Defensemen; centers excluded,FALSE,68,165,4,2,78,51,3.41,5.79,1.87,0,0.34,1.02
8482740,20232024,Wyatt Johnston,83652,1,-0.4,-1.56,34.5,4.4,FALSE,FALSE,,,0,0,-0.46,-2.07,0,0.13,0.05,0.38,30.1,TRUE,Wings; centers excluded,Defensemen; centers excluded,TRUE,73,187,16,11,308,216,2.24,4.6,1.81,0,0.47,0.56
8483505,20232024,Matthew Poitras,26524,1,-1.36,-2.65,6.55,0.4,FALSE,TRUE,,contactPenaltiesDrawnPer60,0,0,-1.29,-3.25,-0.16,0.15,0.09,0.45,6.15,FALSE,Wings; centers excluded,Defensemen; centers excluded,FALSE,72,189,4,3,49,40,2.31,7.33,2.04,0,0.41,1.49
8473453,20232024,Trevor Lewis,57248,2,-0.5,-1.12,31.44,8.8,FALSE,FALSE,,,0,0,-0.02,-0.67,-0.33,-0.54,-0.15,0.09,22.64,TRUE,Wings; centers excluded,Defensemen; centers excluded,TRUE,73,205,4,1,175,130,5.66,6.73,3.9,0,0.44,0.31
8474150,20232024,Mikael Backlund,94634,2,-0.35,-1.44,36.24,5.6,FALSE,TRUE,,blockedShotsPer60,0,0,0.1,-1.62,-0.41,0.01,-0.03,0.17,30.64,FALSE,Wings; centers excluded,Defensemen; centers excluded,TRUE,72,206,25,9,307,209,2.66,2.59,1.26,0,0.34,0.38
8474884,20232024,Mike Hoffman,54377,2,-0.22,-0.74,40.17,22.4,TRUE,FALSE,netFrontAttemptShare,,0,0,0.2,-0.95,-0.7,-0.17,0.28,0.38,17.77,FALSE,Wings; centers excluded,Defensemen; centers excluded,TRUE,72,190,12,3,113,71,1.85,2.38,1.79,0,0.4,0.2
8475158,20232024,Ryan O'Reilly,97248,2,-1.57,-1.58,3.49,4.4,FALSE,FALSE,,,0,0,-1.23,-1.89,-0.14,0.25,-0.19,0.07,-0.91,TRUE,Wings; centers excluded,Defensemen; centers excluded,TRUE,73,207,30,16,248,180,0.93,2.63,2.07,0,0.22,0.33
8475714,20232024,Calle Jarnkrok,47606,2,0.67,-2.58,75.11,0.4,FALSE,TRUE,,blockedShotsPer60,0,0,0.45,-2.44,-0,-0.48,0.22,0.34,74.71,FALSE,Wings; centers excluded,Defensemen; centers excluded,TRUE,72,193,5,1,128,92,4.16,6.5,0.98,0,0.68,0.53
8475798,20232024,Mikael Granlund,86772,2,-0.28,-0.89,38.43,17.2,FALSE,FALSE,,,0,0,-0.35,-1.5,-0.43,0.09,0.5,0.53,21.23,TRUE,Wings; centers excluded,Defensemen; centers excluded,TRUE,70,193,22,10,187,134,2.57,4.31,2.28,0,0.58,0.54
8476448,20232024,William Karlsson,73927,2,-1.36,-2.05,6.55,2.4,FALSE,FALSE,,,0,0,-1.57,-2.45,-0.07,0.01,0.28,0.38,4.15,TRUE,Wings; centers excluded,Defensemen; centers excluded,TRUE,72,190,15,7,238,175,2.09,4.24,2.24,0,0.24,0.73
8476454,20232024,Ryan Nugent-Hopkins,94196,2,1.14,-0.3,89.08,41.6,FALSE,TRUE,,blockedShotsPer60,0,0,1.14,-0.73,-0.1,0.16,0.1,0.27,47.48,FALSE,Wings; centers excluded,Defensemen; centers excluded,TRUE,73,192,28,13,264,183,2.37,2.45,1.26,0,0.61,0.15
8476479,20232024,Phillip Danault,84339,2,-0.49,-1.04,31.88,10.8,FALSE,FALSE,,,0,0,-0.48,-1.09,0.05,-0.11,-0.06,0.16,21.08,TRUE,Wings; centers excluded,Defensemen; centers excluded,TRUE,73,200,14,6,221,159,3.41,2.86,2.56,0,0.3,0.51
8476822,20232024,Luke Glendening,56455,2,1.68,-0.51,95.63,30.8,TRUE,FALSE,backhandShare,,0,0,0.48,-0.46,0.77,-0.53,0.42,0.48,64.83,FALSE,Wings; centers excluded,Defensemen; centers excluded,TRUE,71,190,5,1,83,57,7.72,6.95,3.38,0.06,0.57,0.38
8476881,20232024,Tomas Hertl,66386,2,-0.77,-1.25,24.02,6.8,FALSE,FALSE,,,0,0,-0.38,-0.82,0.33,-0.14,-0.72,-0.29,17.22,TRUE,Wings; centers excluded,Defensemen; centers excluded,TRUE,75,220,16,4,177,124,3.2,2.33,2.66,0,0.27,0.43
8476889,20232024,Radek Faksa,55569,2,-0.4,-1.93,34.5,2.8,FALSE,FALSE,,,0,0,0.27,-1.48,-0.02,-0.21,-0.65,-0.24,31.7,TRUE,Wings; centers excluded,Defensemen; centers excluded,TRUE,75,216,10,3,122,71,6.28,9.01,2.72,0,0.65,0.39
8476897,20232024,Oskar Sundqvist,56444,2,-0.71,-1.18,25.76,7.6,FALSE,FALSE,,,0,0,-0.41,-1.03,0.23,0.01,-0.53,-0.16,18.16,TRUE,Wings; centers excluded,Defensemen; centers excluded,TRUE,75,210,9,5,112,68,5.23,4.66,3.13,0,0.57,0.83
8476919,20232024,Chris Tierney,28158,2,1.08,-0.01,88.21,54.4,FALSE,TRUE,,blockedShotsPer60,0,0,0.81,-0.57,0.15,0.28,0.12,0.28,33.81,FALSE,Wings; centers excluded,Defensemen; centers excluded,FALSE,73,191,2,2,32,26,2.56,2.81,1.53,0.13,0.38,0.13
8476925,20232024,Colton Sissons,80548,2,0.72,-0.95,77.29,14,FALSE,FALSE,,,0,0,0.42,-0.73,0.36,-0.38,-0.06,0.16,63.29,TRUE,Wings; centers excluded,Defensemen; centers excluded,TRUE,73,200,13,2,204,131,6.12,4.56,2.55,0,0.67,0.58
8477353,20232024,Tyler Motte,51514,2,0.24,-0.99,60.26,12.8,FALSE,FALSE,,,0,0,-0.62,-1.53,0.37,0.02,0.49,0.51,47.46,TRUE,Wings; centers excluded,Defensemen; centers excluded,TRUE,70,194,14,5,123,83,6.78,5.94,2.87,0,0.42,0.84
8477404,20232024,Jake Guentzel,80483,2,-0.18,-2.88,42.79,0,FALSE,TRUE,,blockedShotsPer60,0,0,-1.29,-3.09,0.42,-0.45,0.69,0.66,42.79,FALSE,Wings; centers excluded,Defensemen; centers excluded,TRUE,71,176,8,2,339,238,2.15,4.38,1.25,0,0.22,0.72
8477406,20232024,Mattias Janmark,50674,2,0.39,-1.6,67.25,4,FALSE,TRUE,,blockedShotsPer60,0,0,0.12,-1.69,0.55,0.09,-0.29,0,63.25,FALSE,Wings; centers excluded,Defensemen; centers excluded,TRUE,74,205,1,1,90,67,3.91,4.48,1.35,0.14,0.57,0.71
8477493,20232024,Aleksander Barkov,86009,2,-0.62,-1.15,28.82,8,FALSE,FALSE,,,0,0,0.25,-1.03,-0.25,0.09,-0.61,-0.21,20.82,TRUE,Wings; centers excluded,Defensemen; centers excluded,TRUE,75,214,24,10,285,193,4.35,3.85,2.09,0,0.42,0.38
8477496,20232024,Elias Lindholm,88621,2,0.1,-0.37,55.46,38.8,FALSE,FALSE,,,0,0,0.3,-0.41,-0.15,-0.12,-0.06,0.16,16.66,TRUE,Wings; centers excluded,Defensemen; centers excluded,TRUE,73,200,13,6,250,173,3.62,2.76,2.48,0.04,0.37,0.28
8477919,20232024,Freddy Gaudreau,56048,2,-0.78,-0.41,24.02,36.4,FALSE,FALSE,,,0,0,-0.56,-0.92,-0.61,0.04,0.39,0.46,-12.38,TRUE,Wings; centers excluded,Defensemen; centers excluded,TRUE,72,184,8,5,140,105,1.54,3.4,3.02,0,0.32,0.19
8477987,20232024,Ryan Donato,65516,2,-0.09,-1.95,48.03,2.8,FALSE,TRUE,,blockedShotsPer60,0,0,-0.48,-2.35,0.11,0.01,0.28,0.38,45.23,FALSE,Wings; centers excluded,Defensemen; centers excluded,TRUE,72,190,20,6,194,149,5.71,5.17,1.32,0.11,0.16,0.66
8478010,20232024,Brayden Point,97390,2,-0.94,-2,17.9,2.8,FALSE,TRUE,,blockedShotsPer60,0,0,-1.62,-2.42,0.01,-0.23,0.67,0.65,15.1,FALSE,Wings; centers excluded,Defensemen; centers excluded,TRUE,71,177,13,5,321,227,0.59,2.22,1.63,0,0.26,0.52
8478043,20232024,Sam Lafferty,56308,2,0.35,-1.75,64.63,3.6,FALSE,FALSE,,,0,0,0.02,-1.79,0.63,0.04,-0.29,0,61.03,TRUE,Wings; centers excluded,Defensemen; centers excluded,TRUE,74,205,8,5,115,78,12.28,7.93,2.05,0,0.45,0.77
8478057,20232024,Dakota Joshua,54376,2,0.64,-0.07,74.67,52.4,FALSE,TRUE,,hitsPer60,0,0,1.13,0.19,0.2,0.01,-0.69,-0.26,22.27,FALSE,Wings; centers excluded,Defensemen; centers excluded,TRUE,75,218,16,5,122,84,16.15,6.36,2.65,0.26,0.93,0.93
8478424,20232024,Jansen Harkins,22162,2,0.19,-0.51,58.08,30.8,FALSE,FALSE,,,0,0,0.7,-0.7,-0.52,-0,0,0.2,27.28,TRUE,Wings; centers excluded,Defensemen; centers excluded,FALSE,73,197,4,2,47,37,12.02,6.17,2.11,0.16,0.81,0.97
8478445,20232024,Mathew Barzal,96636,2,-0.66,-0.94,27.51,14,FALSE,FALSE,,,0,0,-0.58,-1.44,-0.3,0.15,0.21,0.35,13.51,TRUE,Wings; centers excluded,Defensemen; centers excluded,TRUE,73,186,33,13,320,240,2.01,2.12,1.94,0,0.56,0.78
8478508,20232024,Yakov Trenin,66455,2,1.34,0.18,91.7,61.6,FALSE,FALSE,,,0,0,1.54,-0.08,0.02,0.21,-0.22,0.05,30.1,TRUE,Wings; centers excluded,Defensemen; centers excluded,TRUE,74,201,19,10,185,116,11.21,5.04,1.95,0.05,0.49,0.22
8479316,20232024,Luke Kunin,72722,2,1,1.13,86.9,87.2,FALSE,FALSE,,,0,0,1.08,1.02,-0.23,-0.17,0.14,0.29,-0.3,TRUE,Wings; centers excluded,Defensemen; centers excluded,TRUE,72,197,8,4,146,98,8.17,3.47,2.97,0.45,0.74,0.74
8479318,20232024,Auston Matthews,101897,2,-1.68,-1.37,2.62,6,FALSE,FALSE,,,0,0,-0.89,-1.09,-0.15,-0.05,-0.63,-0.22,-3.38,TRUE,Wings; centers excluded,Defensemen; centers excluded,TRUE,75,215,27,8,534,369,3.14,3.29,3.29,0,0.18,0.42
8479346,20232024,Dillon Dube,28803,2,-0.19,-1.94,42.79,2.8,FALSE,FALSE,,,0,0,-0.53,-2.19,-0.18,-0.3,0.52,0.54,39.99,TRUE,Wings; centers excluded,Defensemen; centers excluded,FALSE,71,185,2,1,58,42,4.37,7.37,2.25,0,0.5,0.62
8479415,20232024,Michael McLeod,40889,2,0.07,-2.02,54.59,2.8,FALSE,FALSE,,,0,0,-0.35,-1.85,0.43,-0.37,-0.01,0.2,51.79,TRUE,Wings; centers excluded,Defensemen; centers excluded,TRUE,74,190,7,1,101,73,8.89,5.72,1.94,0,0.35,0.88
8480023,20232024,Robert Thomas,103155,2,-1.52,-2.12,3.93,1.6,FALSE,FALSE,,,0,0,-1.44,-2.46,-0.03,0.19,-0.05,0.16,2.33,TRUE,Wings; centers excluded,Defensemen; centers excluded,TRUE,72,207,34,15,243,170,0.56,3.07,1.64,0,0.42,0.52
8480039,20232024,Martin Necas,80186,2,-0.96,-2.32,17.03,0.4,FALSE,TRUE,,blockedShotsPer60,0,0,-0.05,-2.16,-0.67,-0.2,-0.24,0.04,16.63,FALSE,Wings; centers excluded,Defensemen; centers excluded,TRUE,75,195,8,4,323,231,3.46,5.07,1.39,0,0.76,0.81
8480289,20232024,Morgan Barron,50385,2,-0.71,-0.9,26.2,17.2,FALSE,FALSE,,,0,0,0.24,-0.44,-0.09,-0.07,-0.87,-0.38,9,TRUE,Wings; centers excluded,Defensemen; centers excluded,TRUE,76,220,10,4,121,94,8.72,5.57,3.22,0.07,0.43,0.5
8480355,20232024,Mark Kastelic,29198,2,0.16,1.14,57.64,87.2,FALSE,TRUE,,fightsPer60,0,0,1.45,1.73,-0.15,-0.02,-1.13,-0.57,-29.56,FALSE,Wings; centers excluded,Defensemen; centers excluded,FALSE,76,234,3,2,77,60,15.54,7.77,3.82,0.86,1.23,1.23
8480802,20232024,Ryan McLeod,69221,2,-0.97,-1.94,17.03,2.8,FALSE,FALSE,,,0,0,-0.48,-2.24,-0.08,0.38,-0.42,-0.08,14.23,TRUE,Wings; centers excluded,Defensemen; centers excluded,TRUE,75,204,27,15,160,106,3.38,5.77,1.77,0,0.26,0.36
8480829,20232024,Jesperi Kotkaniemi,61521,2,-0.77,-2.02,24.02,2.8,FALSE,FALSE,,,0,0,0.04,-1.69,-0.24,-0.15,-0.57,-0.18,21.22,TRUE,Wings; centers excluded,Defensemen; centers excluded,TRUE,75,212,10,4,192,128,3.28,5.21,1.93,0,0.88,0.7
8480848,20232024,Ty Dellandrea,31932,2,-0.01,-1.7,50.66,3.6,FALSE,FALSE,,,0,0,0.32,-1.65,-0.41,-0.32,0.09,0.27,47.06,TRUE,Wings; centers excluded,Defensemen; centers excluded,TRUE,74,185,2,1,78,53,7.1,7.78,1.92,0.11,0.79,0.79
8481528,20232024,Dylan Cozens,81649,2,-0.86,-2.14,20.96,1.6,FALSE,TRUE,,blockedShotsPer60,0,0,-0.04,-2.12,-0.38,0.07,-0.44,-0.09,19.36,FALSE,Wings; centers excluded,Defensemen; centers excluded,TRUE,75,205,13,8,262,200,4.72,4.89,1.19,0.09,0.35,0.62
8481618,20232024,Alex Newhook,55857,2,-0.32,-1.72,36.24,3.6,TRUE,FALSE,backhandShare,,0,0,-0.17,-1.53,-0.37,-0.54,0.23,0.34,32.64,FALSE,Wings; centers excluded,Defensemen; centers excluded,TRUE,71,200,4,1,131,85,2.32,4.12,2,0,0.58,0.45
8482079,20232024,Marco Rossi,82312,2,-0.61,-1.75,29.26,3.6,FALSE,TRUE,,blockedShotsPer60,0,0,-1.27,-2.35,-0.2,-0.17,0.86,0.77,25.66,FALSE,Wings; centers excluded,Defensemen; centers excluded,TRUE,69,182,12,5,238,167,1.53,3.15,1.62,0.04,0.52,1.05
8482149,20232024,Cole Perfetti,57887,2,0.09,-1.54,55.46,4.8,FALSE,TRUE,,blockedShotsPer60,0,0,-0.28,-2.06,-0.15,-0.02,0.52,0.54,50.66,FALSE,Wings; centers excluded,Defensemen; centers excluded,TRUE,71,185,4,3,188,142,1.62,4.42,1.43,0,0.31,0.19
8484153,20232024,Leo Carlsson,59760,2,-1.78,-2.49,1.75,0.4,FALSE,TRUE,,blockedShotsPer60,0,0,-1.28,-2.39,-0.01,0.03,-0.49,-0.13,1.35,FALSE,Wings; centers excluded,Defensemen; centers excluded,TRUE,75,208,17,6,144,109,1.69,2.41,1.51,0,0.3,0.84
8470794,20232024,Joe Pavelski,82702,3,0.22,-1.19,59.83,7.6,FALSE,FALSE,,,0,0,-0.41,-1.13,0.57,-0.32,0.06,0.26,52.23,TRUE,Wings; centers excluded,Defensemen; centers excluded,TRUE,73,196,6,3,261,194,3.26,2.44,3.05,0,0.35,0.74
8471685,20232024,Anze Kopitar,95539,3,-1.38,-1.97,6.55,2.8,FALSE,FALSE,,,0,0,-1.02,-1.54,0.31,0.01,-0.67,-0.44,3.75,TRUE,Wings; centers excluded,Defensemen; centers excluded,TRUE,75,225,24,9,182,133,1.39,2.6,2.45,0,0.19,0.38
8471699,20232024,Andrew Cogliano,47744,3,-0.53,-1.64,30.57,3.6,FALSE,FALSE,,,0,0,-0.69,-2.09,-0.55,-0.43,0.7,0.88,26.97,TRUE,Wings; centers excluded,Defensemen; centers excluded,TRUE,70,179,2,1,80,61,2.49,4.07,3.02,0,0.6,0.98
8475172,20232024,Nazem Kadri,90655,3,-0.94,-3.43,18.78,0,FALSE,TRUE,,blockedShotsPer60; contactPenaltiesDrawnPer60,0,0,-1.17,-3.8,-0.12,-0.18,0.36,0.55,18.78,FALSE,Wings; centers excluded,Defensemen; centers excluded,TRUE,72,185,17,5,391,277,2.26,5.84,0.95,0.04,0.64,1.31
8475752,20232024,Tyler Pitlick,20804,3,-0.3,-0.39,37.12,38,FALSE,FALSE,,,0,1,-0.25,0.07,0.07,-0.55,-0.12,0.1,-0.88,FALSE,Wings; centers excluded,Defensemen; centers excluded,FALSE,74,199,0,0,47,32,14.54,4.85,2.6,0,0,0.52
8475760,20232024,Nick Bjugstad,79548,3,0.28,-1.6,62.01,4,FALSE,FALSE,,,0,0,1.03,-1.18,0.03,0.11,-0.78,-0.54,58.01,TRUE,Wings; centers excluded,Defensemen; centers excluded,TRUE,78,210,14,9,246,165,5.34,3.67,2.17,0.05,0.95,0.54
8475842,20232024,Sam Carrick,56467,3,1.63,0.38,95.2,67.6,FALSE,FALSE,,,0,0,1.15,0.11,0.4,-0.01,0.08,0.27,27.6,TRUE,Wings; centers excluded,Defensemen; centers excluded,TRUE,72,202,14,5,129,92,10.65,6.82,2.23,0.57,0.96,0.96
8476393,20232024,Nick Cousins,50450,3,0.31,-1.36,63.76,6,TRUE,FALSE,hitsReceivedPer60,,0,0,0.01,-1.92,-0.08,-0.01,0.38,0.57,57.76,FALSE,Wings; centers excluded,Defensemen; centers excluded,TRUE,71,191,6,4,142,111,9.28,10.56,2.35,0.14,0.86,1.07
8476458,20232024,Ryan Strome,74887,3,1.29,-1.73,90.83,3.6,FALSE,TRUE,,blockedShotsPer60,0,0,1.33,-1.46,-0.15,-0.59,0.12,0.33,87.23,FALSE,Wings; centers excluded,Defensemen; centers excluded,TRUE,73,192,5,1,174,131,3.08,2.12,1.01,0.14,1.06,0.38
8476468,20232024,J.T. Miller,94721,3,1.22,-0.46,89.52,34,FALSE,FALSE,,,0,0,1.05,-0.42,0.24,-0.16,-0.07,0.13,55.52,TRUE,Wings; centers excluded,Defensemen; centers excluded,TRUE,72,211,13,6,304,194,8.25,3.65,2.32,0.08,0.65,0.49
8476480,20232024,Vladislav Namestnikov,67696,3,-0.04,-1.33,49.34,6,FALSE,FALSE,,,0,0,-0.7,-1.69,0.24,-0.27,0.42,0.62,43.34,TRUE,Wings; centers excluded,Defensemen; centers excluded,TRUE,72,181,6,3,144,95,4.89,5.8,2.39,0.05,0.32,0.8
8476905,20232024,Chandler Stephenson,83176,3,-1.09,-2.33,12.66,0.4,FALSE,FALSE,,,0,0,-1.25,-2.51,0.06,-0.11,0.1,0.29,12.26,TRUE,Wings; centers excluded,Defensemen; centers excluded,TRUE,72,201,14,6,135,97,1.86,3.55,1.73,0,0.26,0.74
8477497,20232024,Sean Monahan,90109,3,-1.47,-2.03,4.8,2.8,FALSE,FALSE,,,0,0,-1.18,-1.83,-0.05,-0.18,-0.23,-0.02,2,TRUE,Wings; centers excluded,Defensemen; centers excluded,TRUE,74,206,9,5,236,171,1.16,3.04,1.76,0,0.12,0.24
8477935,20232024,Sam Bennett,68765,3,1.77,-0.17,96.07,46.8,FALSE,FALSE,,,0,0,1.57,-0.58,0.1,0.1,0.11,0.31,49.27,TRUE,Wings; centers excluded,Defensemen; centers excluded,TRUE,73,193,14,8,248,171,9.06,3.46,2.25,0.1,1.1,0.68
8478401,20232024,Pavel Zacha,84739,3,-0.25,-1.91,38.43,2.8,FALSE,TRUE,,blockedShotsPer60,0,0,0.14,-1.39,0.16,-0.19,-0.56,-0.33,35.63,FALSE,Wings; centers excluded,Defensemen; centers excluded,TRUE,76,211,12,5,211,148,4.5,3.02,1.44,0,0.34,0.42
8478402,20232024,Connor McDavid,97398,3,-1.25,-2.16,8.73,1.2,FALSE,TRUE,,blockedShotsPer60; contactPenaltiesDrawnPer60,0,0,-1.05,-2.69,-0.29,0.23,0.09,0.29,7.53,FALSE,Wings; centers excluded,Defensemen; centers excluded,TRUE,73,194,27,15,354,263,4.36,4.69,1.44,0,0.33,1.29
8478403,20232024,Jack Eichel,77565,3,-2.89,-2.33,0.44,0.4,FALSE,FALSE,,,0,0,-2.1,-2.42,-0.52,0.14,-0.26,-0.05,0.04,TRUE,Wings; centers excluded,Defensemen; centers excluded,TRUE,74,208,18,10,348,278,1.21,3.95,2.83,0,0.14,0.88
8478427,20232024,Sebastian Aho,91857,3,-0.3,-2.25,37.12,0.8,FALSE,TRUE,,blockedShotsPer60,0,0,-0.27,-2.85,-0.33,0.12,0.29,0.49,36.32,FALSE,Wings; centers excluded,Defensemen; centers excluded,TRUE,72,189,19,11,311,216,1.88,2.94,0.71,0,0.55,0.51
8478542,20232024,Evan Rodrigues,72803,3,-0.25,-2.19,38.43,0.8,FALSE,TRUE,,blockedShotsPer60,0,0,-0.26,-2.6,-0.52,-0.31,0.53,0.72,37.63,FALSE,Wings; centers excluded,Defensemen; centers excluded,TRUE,71,182,7,3,259,186,5.14,6.92,1.38,0,0.59,0.74
8478585,20232024,Derek Ryan,42812,3,-0.61,-1.43,29.26,5.6,FALSE,FALSE,,,0,0,-1.44,-2.46,0.23,0.26,0.6,0.78,23.66,TRUE,Wings; centers excluded,Defensemen; centers excluded,TRUE,70,185,14,7,71,52,4.96,8.07,2.35,0,0.25,1.09
8478891,20232024,Mason Appleton,78956,3,-0.48,-1.82,32.31,3.6,FALSE,FALSE,,,0,0,-0.13,-1.73,-0.28,-0.24,-0.07,0.15,28.71,TRUE,Wings; centers excluded,Defensemen; centers excluded,TRUE,74,196,12,4,190,122,4.83,5.38,2.01,0,0.46,0.55
8478904,20232024,Steven Lorentz,20034,3,1.03,0.01,87.34,55.6,TRUE,FALSE,contactPenaltiesDrawnPer60,,0,0,1.49,0,0.23,0.46,-0.69,-0.46,31.74,FALSE,Wings; centers excluded,Defensemen; centers excluded,FALSE,76,219,3,3,46,30,12.58,9.88,2.52,0,0.72,0
8479291,20232024,Kevin Rooney,22207,3,0.18,0.86,57.64,81.2,FALSE,FALSE,,,0,0,-0.26,0.28,0.41,0.33,0.03,0.25,-23.56,TRUE,Wings; centers excluded,Defensemen; centers excluded,FALSE,74,190,6,4,32,27,10.54,5.19,4.7,0,0.16,0.65
8479353,20232024,Brett Howden,57142,3,0.24,-0.85,60.26,18.8,FALSE,FALSE,,,0,0,0.23,-1.09,0.15,0.18,-0.15,0.07,41.46,TRUE,Wings; centers excluded,Defensemen; centers excluded,TRUE,74,201,16,8,105,76,5.42,4.85,3.21,0,0.63,0.63
8479400,20232024,Pierre-Luc Dubois,77250,3,-0.95,-3.55,17.47,0,FALSE,FALSE,,,0,0,0.03,-2.84,-0.27,-0.23,-0.7,-0.47,17.47,TRUE,Wings; centers excluded,Defensemen; centers excluded,TRUE,76,220,9,4,231,146,4.47,5.78,1.72,0,1.07,1.21
8479420,20232024,Tage Thompson,77183,3,-2.22,-3.28,1.31,0,FALSE,TRUE,,blockedShotsPer60,0,0,-0.47,-2.13,-0.81,-0.45,-0.95,-0.7,1.31,FALSE,Wings; centers excluded,Defensemen; centers excluded,TRUE,78,220,7,2,341,246,3.68,3.36,1.35,0.05,0.37,0.84
8479525,20232024,Ross Colton,65852,3,1.17,-0.88,89.52,17.6,FALSE,FALSE,,,0,0,0.79,-1.12,0.17,-0.17,0.21,0.41,71.92,TRUE,Wings; centers excluded,Defensemen; centers excluded,TRUE,72,194,11,4,241,146,7.71,4.1,2.51,0,0.82,0.77
8479994,20232024,Jaret Anderson-Dolan,20553,3,0.86,0.97,81.22,84,FALSE,FALSE,,,0,0,0.62,0.39,0.01,0.15,0.23,0.42,-2.78,TRUE,Wings; centers excluded,Defensemen; centers excluded,FALSE,71,200,1,1,42,31,9.81,6.66,3.85,0,0.35,0.18
8480002,20232024,Nico Hischier,82994,3,-0.9,-2.04,20.96,2.8,FALSE,FALSE,,,0,0,-1.35,-2.28,0.46,0.05,-0.01,0.19,18.16,TRUE,Wings; centers excluded,Defensemen; centers excluded,TRUE,73,200,24,8,259,182,1.91,3.25,1.82,0,0.17,0.69
8480012,20232024,Elias Pettersson,96680,3,-0.92,-1.22,19.65,7.6,FALSE,FALSE,,,0,0,-1.03,-1.53,-0.15,-0.17,0.26,0.48,12.05,TRUE,Wings; centers excluded,Defensemen; centers excluded,TRUE,74,176,14,6,301,207,4.65,4.54,2.53,0,0.15,0.82
8480064,20232024,Josh Norris,52912,3,-0.53,-1.39,30.57,6,TRUE,FALSE,backhandShare,,0,0,0.05,-1.55,-0.52,0.01,-0.07,0.15,24.57,FALSE,Wings; centers excluded,Defensemen; centers excluded,TRUE,74,196,9,5,154,115,5.85,4.97,2.04,0,0.48,0.61
8480252,20232024,Cole Guttman,20444,3,-0.69,0.07,26.64,57.6,FALSE,TRUE,,weight,0,0,-1,-1.15,-0.7,0.02,1.02,1.19,-30.96,FALSE,Wings; centers excluded,Defensemen; centers excluded,FALSE,69,167,5,2,66,50,1.94,2.29,2.47,0.18,0.18,0.7
8480980,20232024,Connor Dewar,51726,3,1.19,0.89,89.52,82,FALSE,FALSE,,,0,0,0.81,0.13,-0.19,0.01,0.57,0.75,7.52,TRUE,Wings; centers excluded,Defensemen; centers excluded,TRUE,70,187,11,5,111,77,8.56,5.15,2.64,0.14,0.42,0.28
8481147,20232024,Reese Johnson,27551,3,0.46,0.17,69.43,61.2,FALSE,TRUE,,contactPenaltiesDrawnPer60,0,0,0.51,0.56,-0.15,-0.7,0.11,0.31,8.23,FALSE,Wings; centers excluded,Defensemen; centers excluded,FALSE,73,193,2,0,68,51,14.24,3.92,2.09,0.52,0.39,1.44
8481237,20232024,Kyle MacLean,19366,3,0.78,-1.08,79.48,10.4,FALSE,TRUE,,blockedShotsPer60,0,1,0.45,-0.88,0.17,-0.55,0.15,0.36,69.08,FALSE,Wings; centers excluded,Defensemen; centers excluded,FALSE,73,190,0,0,38,26,11.15,3.53,1.12,0.19,0.37,0.93
8481422,20232024,Jake Lucchini,23035,3,0.38,-0.6,67.25,28.8,TRUE,FALSE,contactPenaltiesDrawnPer60,,0,0,0.16,-0.43,-0.22,-0.81,0.44,0.64,38.45,FALSE,Wings; centers excluded,Defensemen; centers excluded,FALSE,72,180,1,0,37,22,3.44,7.03,2.19,0.16,0.31,0
8481481,20232024,Blake Lizotte,43974,3,0.8,-1.47,79.48,5.2,FALSE,FALSE,,,0,0,-0.22,-2.34,0.15,-0.17,0.87,1.04,74.28,TRUE,Wings; centers excluded,Defensemen; centers excluded,TRUE,69,176,3,2,100,76,5.24,8.51,2.29,0,0.74,0.74
8482074,20232024,Connor Zary,57734,3,-0.11,-2.44,47.16,0.4,FALSE,FALSE,,,0,0,-0.81,-2.75,0.23,-0.36,0.47,0.67,46.76,TRUE,Wings; centers excluded,Defensemen; centers excluded,TRUE,72,178,7,2,123,90,1.81,3.87,1.81,0,0.56,0.81
8482496,20232024,Nils Aman,26662,3,0.5,-1.73,70.74,3.6,FALSE,FALSE,,,0,1,-0.26,-1.6,0.54,-0.55,0.21,0.43,67.14,FALSE,Wings; centers excluded,Defensemen; centers excluded,FALSE,74,179,0,0,39,28,4.19,6.48,2.97,0,0.54,0.54
8484144,20232024,Connor Bedard,80716,3,-1.09,-2.2,12.66,0.8,FALSE,TRUE,,blockedShotsPer60,0,0,-0.91,-2.86,-0.7,-0.04,0.52,0.7,11.86,FALSE,Wings; centers excluded,Defensemen; centers excluded,TRUE,70,190,15,7,299,206,2.41,3.43,1.2,0,0.4,0.94
8471215,20232024,Evgeni Malkin,91436,4,-1.51,-3.23,3.93,0,FALSE,TRUE,,blockedShotsPer60; contactPenaltiesDrawnPer60,0,0,-0.78,-3.48,-0.11,0.76,-0.62,-0.51,3.93,FALSE,Wings; centers excluded,Defensemen; centers excluded,TRUE,77,213,38,20,280,199,1.14,3.15,1.65,0,1.06,1.1
8471675,20232024,Sidney Crosby,98827,4,0.11,-2.3,55.46,0.4,FALSE,TRUE,,blockedShotsPer60,0,0,-0.18,-2.52,0.14,-0.3,0.15,0.52,55.06,FALSE,Wings; centers excluded,Defensemen; centers excluded,TRUE,71,200,18,4,398,278,3.68,1.89,1.35,0,0.55,0.76
8474009,20232024,Nick Bonino,33086,4,-0.77,0.4,24.02,68,TRUE,FALSE,blockedShotsPer60,,0,0,-0.95,0.27,0.21,-0.17,-0.02,0.29,-43.98,FALSE,Wings; centers excluded,Defensemen; centers excluded,TRUE,73,198,6,2,48,31,1.09,2.5,8.49,0,0.22,0.22
8475166,20232024,John Tavares,85752,4,0.2,-2.62,58.95,0.4,FALSE,TRUE,,blockedShotsPer60,0,0,0.12,-2.52,0.36,-0.03,-0.28,-0.07,58.55,FALSE,Wings; centers excluded,Defensemen; centers excluded,TRUE,73,217,14,7,385,279,5.63,5.16,1.55,0,0.55,0.67
8475168,20232024,Matt Duchene,80478,4,-1.19,-3.68,8.73,0,FALSE,TRUE,,blockedShotsPer60,0,0,-1.07,-3.03,-0.13,-0.95,0,0.31,8.73,FALSE,Wings; centers excluded,Defensemen; centers excluded,TRUE,71,211,5,1,257,172,1.34,4.34,2.15,0,0.27,0.45
8475231,20232024,Casey Cizikas,58552,4,1.04,0.73,87.77,78,FALSE,FALSE,,,0,0,0.55,-0.2,0.22,0.24,0.27,0.69,9.77,TRUE,Wings; centers excluded,Defensemen; centers excluded,TRUE,71,191,12,7,110,82,8.3,6.52,4.37,0,0.55,0.49
8475726,20232024,Tyler Toffoli,80391,4,-0.57,-3.68,29.69,0,TRUE,TRUE,blockedShotsPer60,blockedShotsPer60,0,0,-0.25,-3.75,-0.3,-0.22,-0.02,0.29,29.69,FALSE,Wings; centers excluded,Defensemen; centers excluded,TRUE,72,205,10,5,332,229,3.36,3,0.49,0,0.22,0.31
8476392,20232024,Adam Lowry,78266,4,0.69,0.61,76.42,74,FALSE,FALSE,,,0,0,0.95,0.73,0.32,0.34,-0.58,-0.46,2.42,TRUE,Wings; centers excluded,Defensemen; centers excluded,TRUE,77,210,13,10,193,119,8.33,5.29,2.99,0.32,0.37,0.32
8476459,20232024,Mika Zibanejad,95955,4,-1.59,-2.47,3.49,0.4,FALSE,TRUE,,blockedShotsPer60,0,0,-0.96,-2.84,-0.37,0.4,-0.26,-0.03,3.09,FALSE,Wings; centers excluded,Defensemen; centers excluded,TRUE,74,208,24,14,340,221,1.84,2.59,2.06,0,0.34,0.71
8476460,20232024,Mark Scheifele,89624,4,-0.91,-3.08,20.09,0,FALSE,TRUE,,blockedShotsPer60,0,0,-0.62,-3.35,0.05,0.41,-0.34,-0.14,20.09,FALSE,Wings; centers excluded,Defensemen; centers excluded,TRUE,75,207,19,13,219,154,2.53,6.43,1.61,0.12,0.4,0.76
8476461,20232024,Sean Couturier,79138,4,-0.45,-1.69,33.19,3.6,FALSE,TRUE,,blockedShotsPer60,0,0,-0.06,-1.65,0.09,0.29,-0.48,-0.33,29.59,FALSE,Wings; centers excluded,Defensemen; centers excluded,TRUE,76,210,18,10,249,192,2.68,3.14,1.87,0.05,0.45,0.32
8476826,20232024,Yanni Gourde,83749,4,1.32,0.51,91.27,71.6,FALSE,TRUE,,blockedShotsPer60,0,0,0.47,-1.35,0.14,0.57,0.71,1.29,19.67,FALSE,Wings; centers excluded,Defensemen; centers excluded,TRUE,69,173,25,15,226,156,6.71,5.46,2.24,0.04,0.6,0.56
8476878,20232024,Zemgus Girgensons,44792,4,0.4,-2.03,68.56,2.8,FALSE,FALSE,,,0,0,0.31,-1.36,0.29,-0.72,-0.21,0.05,65.76,TRUE,Wings; centers excluded,Defensemen; centers excluded,TRUE,75,197,4,1,105,73,11.33,8.2,2.89,0.08,0.32,0.72
8477021,20232024,Alexander Kerfoot,85776,4,0.23,-1.13,59.83,8.8,FALSE,FALSE,,,0,0,-0.56,-2.08,0.44,0.15,0.35,0.8,51.03,TRUE,Wings; centers excluded,Defensemen; centers excluded,TRUE,71,185,17,9,162,103,3.06,5.46,3.19,0,0.34,0.59
8477070,20232024,Liam O'Brien,43782,4,2.89,2.85,98.69,98.8,FALSE,TRUE,,hitsPer60; fightsPer60,0,0,3.11,4.18,0.04,-1.29,-0.25,-0.03,-0.11,FALSE,Wings; centers excluded,Defensemen; centers excluded,TRUE,73,215,2,0,103,72,18.83,6.5,2.71,0.9,1.4,0.41
8477429,20232024,Andrew Copp,77140,4,-0.67,-1.27,26.64,6.4,FALSE,TRUE,,blockedShotsPer60,0,0,-0.5,-1.82,-0.12,0.3,-0.05,0.25,20.24,FALSE,Wings; centers excluded,Defensemen; centers excluded,TRUE,73,200,11,9,152,109,1.54,2.75,2.38,0,0.51,0.37
8477446,20232024,Michael McCarron,53621,4,0.54,0.51,71.18,71.6,FALSE,FALSE,,,0,0,1.49,1.77,0.03,-0.26,-0.98,-1,-0.42,TRUE,Wings; centers excluded,Defensemen; centers excluded,TRUE,78,232,8,3,143,94,9.53,6.38,3.69,0.54,0.81,0.6
8477492,20232024,Nathan MacKinnon,112246,4,-1.54,-2.55,3.93,0.4,FALSE,TRUE,,blockedShotsPer60,0,0,-1.17,-3.03,-0.42,0.1,0.05,0.39,3.53,FALSE,Wings; centers excluded,Defensemen; centers excluded,TRUE,72,200,18,11,526,405,1.76,2.73,2.21,0,0.26,0.77
8477500,20232024,Bo Horvat,95712,4,-1.12,-2.91,10.04,0,FALSE,TRUE,,blockedShotsPer60,0,0,-0.54,-2.5,-0.19,-0.19,-0.38,-0.22,10.04,FALSE,Wings; centers excluded,Defensemen; centers excluded,TRUE,73,225,15,6,339,248,2.29,2.56,1.58,0.04,0.3,0.45
8477503,20232024,Max Domi,66168,4,0.35,-1.6,63.76,4,FALSE,TRUE,,blockedShotsPer60,0,0,0.57,-1.59,-0.37,-0.5,0.14,0.49,59.76,FALSE,Wings; centers excluded,Defensemen; centers excluded,TRUE,70,208,9,2,190,137,2.88,4.08,1.2,0.33,1.03,0.65
8477934,20232024,Leon Draisaitl,100580,4,-1.06,-3.69,13.1,0,FALSE,TRUE,,blockedShotsPer60,0,0,-0.48,-3.98,-0.31,0.34,-0.27,-0.05,13.1,FALSE,Wings; centers excluded,Defensemen; centers excluded,TRUE,74,209,28,13,327,217,2.08,5.05,0.93,0,0.61,0.61
8477946,20232024,Dylan Larkin,82304,4,-1.41,-3.04,5.68,0,FALSE,TRUE,,blockedShotsPer60; contactPenaltiesDrawnPer60,0,0,-1.04,-3.56,-0.26,0.33,-0.1,0.18,5.68,FALSE,Wings; centers excluded,Defensemen; centers excluded,TRUE,73,204,17,11,313,221,1.92,2.67,1.49,0.04,0.35,0.96
8477951,20232024,Nick Schmaltz,90903,4,-1.52,-2.72,3.93,0.4,FALSE,TRUE,,blockedShotsPer60,0,0,-1.45,-3.43,-0.34,0.02,0.27,0.69,3.53,FALSE,Wings; centers excluded,Defensemen; centers excluded,TRUE,72,184,21,7,246,158,0.63,2.61,1.62,0,0.2,0.36
8478438,20232024,Thomas Novak,60495,4,-2.46,-4.55,0.44,0,FALSE,TRUE,,hitsPer60; blockedShotsPer60,0,0,-2.36,-5.36,-0.19,0.37,0.09,0.44,0.44,FALSE,Wings; centers excluded,Defensemen; centers excluded,TRUE,73,190,18,8,181,113,0.3,7.08,1.84,0,0.12,0.71
8478831,20232024,Kevin Stenlund,61256,4,0.15,-1.06,56.77,10.4,FALSE,FALSE,,,0,0,0.8,-0.65,-0.23,-0.16,-0.42,-0.25,46.37,TRUE,Wings; centers excluded,Defensemen; centers excluded,TRUE,75,213,10,4,104,81,4.88,6.64,3.23,0,1.12,0.41
8479365,20232024,Trent Frederic,67679,4,0.76,-0.65,79.04,26.4,FALSE,FALSE,,,0,0,1.23,0.36,0.07,-0.6,-0.53,-0.4,52.64,TRUE,Wings; centers excluded,Defensemen; centers excluded,TRUE,75,221,4,2,174,123,10.85,7.18,2.77,0.37,0.8,0.74
8479370,20232024,Tyson Jost,27338,4,-0.06,-2.02,48.47,2.8,FALSE,TRUE,,contactPenaltiesDrawnPer60,0,0,-0.34,-2.96,-0.04,0.18,0.33,0.76,45.67,FALSE,Wings; centers excluded,Defensemen; centers excluded,FALSE,71,187,5,3,71,48,5.79,9.61,2.63,0,0.4,0.92
8479999,20232024,Casey Mittelstadt,85102,4,-0.69,-2.94,26.64,0,FALSE,TRUE,,blockedShotsPer60,0,0,-0.44,-2.78,-0.14,-0.32,-0.12,0.16,26.64,FALSE,Wings; centers excluded,Defensemen; centers excluded,TRUE,73,205,13,4,172,127,1.06,4.23,1.31,0,0.55,0.17
8480459,20232024,Pius Suter,62290,4,0.18,-2.12,57.64,1.6,FALSE,TRUE,,blockedShotsPer60; contactPenaltiesDrawnPer60,0,0,-0.68,-3.39,0.33,0.22,0.53,1.05,56.04,FALSE,Wings; centers excluded,Defensemen; centers excluded,TRUE,71,172,15,7,146,105,3.12,2.77,1.33,0,0.35,0.87
8480849,20232024,Barrett Hayton,33687,4,-0.72,-3.77,25.76,0,FALSE,TRUE,,blockedShotsPer60; contactPenaltiesDrawnPer60,0,0,-0.94,-3.8,0.27,-0.23,-0.05,0.25,25.76,FALSE,Wings; centers excluded,Defensemen; centers excluded,TRUE,73,200,5,2,93,66,1.82,4.38,1.6,0,0.53,0.96
8480855,20232024,Jack McBain,50750,4,1.19,-0.18,89.52,46.8,FALSE,TRUE,,hitsPer60,0,0,1.4,0.54,0.39,-0.22,-0.6,-0.5,42.72,FALSE,Wings; centers excluded,Defensemen; centers excluded,TRUE,76,219,1,1,88,56,14.47,7.09,2.98,0.28,0.92,0.78
8480870,20232024,Bo Groulx,32909,4,1.64,0.56,95.2,72.8,FALSE,FALSE,,,0,0,1.64,1.08,0.17,-0.61,-0.17,0.09,22.4,TRUE,Wings; centers excluded,Defensemen; centers excluded,TRUE,74,202,3,1,54,32,11.05,5.91,3.28,0,0.88,0.11
8481028,20232024,Martin Pospisil,48080,4,1.84,-2.27,96.51,0.4,TRUE,TRUE,contactPenaltiesTakenPer60; contactPenaltiesDrawnPer60,hitsPer60; blockedShotsPer60; contactPenaltiesTakenPer60; contactPenaltiesDrawnPer60,0,0,1.46,-1.59,0.16,-1.32,0.22,0.64,96.11,FALSE,Wings; centers excluded,Defensemen; centers excluded,TRUE,74,173,2,0,162,117,17.82,5.99,1.65,0,2.02,1.65
8481068,20232024,Yegor Sharangovich,85189,4,-2.01,-3.84,1.31,0,FALSE,TRUE,,blockedShotsPer60,0,0,-1.65,-3.66,-0.26,-0.38,-0.09,0.2,1.31,FALSE,Wings; centers excluded,Defensemen; centers excluded,TRUE,74,196,14,3,273,179,0.55,3.72,1.86,0,0.13,0.34
8482133,20232024,Thomas Bordeleau,24339,4,0.38,-0.57,67.25,29.6,FALSE,FALSE,,,0,0,0.01,-1.36,-0.15,-0.23,0.52,1.02,37.65,TRUE,Wings; centers excluded,Defensemen; centers excluded,FALSE,70,180,5,1,74,48,1.77,3.85,2.81,0,1.04,0.44
8482148,20232024,Hendrix Lapierre,34998,4,-0.7,-0.85,26.2,17.6,FALSE,FALSE,,,0,0,-0.69,-1.74,-0.13,0.41,0.12,0.48,8.6,TRUE,Wings; centers excluded,Defensemen; centers excluded,TRUE,72,195,10,5,78,51,2.67,4.01,3.19,0,0.1,0.31
8482705,20232024,Cole Sillinger,74472,4,0.45,0.51,69,71.6,FALSE,FALSE,,,0,0,0.72,0.27,-0.29,-0.11,0.02,0.35,-2.6,TRUE,Wings; centers excluded,Defensemen; centers excluded,TRUE,72,202,17,4,222,157,5.75,4.16,3.58,0.1,0.68,0.39
8474189,20232024,Lars Eller,78550,5,-1.39,-1.69,6.55,3.6,FALSE,FALSE,,,0,0,-0.77,-1.9,-0.33,0.22,-0.29,-0.02,2.95,TRUE,Wings; centers excluded,Defensemen; centers excluded,TRUE,74,207,33,10,226,154,2.52,4.81,2.57,0,0.6,0.73
8474564,20232024,Steven Stamkos,86403,5,-0.89,-1.54,20.96,4.8,FALSE,FALSE,,,0,0,-0.07,-1.26,-0.9,-0.65,0.08,0.36,16.16,TRUE,Wings; centers excluded,Defensemen; centers excluded,TRUE,73,193,3,1,370,262,3.25,3.12,1.79,0,0.54,0.5
8474641,20232024,Adam Henrique,82898,5,1.27,0.32,90.83,66,FALSE,FALSE,,,0,0,0.11,-0.22,0.99,0.09,0.17,0.45,24.83,TRUE,Wings; centers excluded,Defensemen; centers excluded,TRUE,72,195,17,9,223,140,4.3,2.82,3.39,0.04,0.39,0.43
8475343,20232024,Nic Dowd,58378,5,1.26,0.69,90.39,76.4,FALSE,FALSE,,,0,0,0.71,0.37,0.64,0.12,-0.08,0.2,13.99,TRUE,Wings; centers excluded,Defensemen; centers excluded,TRUE,74,195,20,6,86,61,7.28,4.69,4.44,0.06,0.93,0.56
8475744,20232024,Evgeny Kuznetsov,66347,5,-0.65,-1.27,27.95,6.4,FALSE,TRUE,,blockedShotsPer60,0,0,-0.09,-1.26,-0.28,0.01,-0.29,-0.02,21.55,FALSE,Wings; centers excluded,Defensemen; centers excluded,TRUE,74,207,14,6,141,96,1.52,1.57,0.98,0,0.6,0.27
8475745,20232024,Charlie Coyle,88887,5,-0.27,-1.11,38.43,8.8,FALSE,FALSE,,,0,0,0.03,-0.86,0.35,0.16,-0.65,-0.4,29.63,TRUE,Wings; centers excluded,Defensemen; centers excluded,TRUE,75,221,26,11,209,147,5.31,3,2.43,0,0.65,0.77
8475794,20232024,Tyler Seguin,67512,5,0.56,-0.98,72.05,13.6,FALSE,TRUE,,blockedShotsPer60,0,0,0.66,-0.71,0.15,-0.28,-0.25,0.02,58.45,FALSE,Wings; centers excluded,Defensemen; centers excluded,TRUE,74,205,7,3,212,154,3.25,2.77,1.17,0,0.64,0.21
8476278,20232024,Colin Blackwell,38260,5,-0.03,-0.74,50.22,22.4,FALSE,TRUE,,height,0,0,-0.69,-1.94,-0.26,-0.01,0.91,1.21,27.82,FALSE,Wings; centers excluded,Defensemen; centers excluded,TRUE,68,181,10,3,118,88,4.23,4.14,2.07,0,0.47,1.04
8476374,20232024,Sean Kuraly,51095,5,0.09,-0.62,55.46,26.8,FALSE,FALSE,,,0,0,0.68,-0.44,-0.28,-0.15,-0.31,-0.04,28.66,TRUE,Wings; centers excluded,Defensemen; centers excluded,TRUE,74,208,10,3,126,92,10.99,4.3,2.4,0,0.85,0.85
8476389,20232024,Vincent Trocheck,105557,5,1.07,0.02,88.21,55.6,FALSE,FALSE,,,0,0,0.29,-0.6,0.36,-0.1,0.43,0.73,32.61,TRUE,Wings; centers excluded,Defensemen; centers excluded,TRUE,71,187,22,7,362,215,5.97,4.54,2.93,0.03,0.58,0.58
8476419,20232024,Jean-Gabriel Pageau,78269,5,1.43,1.04,93.01,85.6,FALSE,FALSE,,,0,0,0.75,0.26,0.12,-0.07,0.55,0.85,7.41,TRUE,Wings; centers excluded,Defensemen; centers excluded,TRUE,71,180,13,6,151,101,9.02,4.78,3.73,0.05,0.18,0.28
8476432,20232024,Boone Jenner,69934,5,0.22,-0.1,59.83,50,FALSE,FALSE,,,0,0,0.23,0.02,0.24,-0.15,-0.24,0.04,9.83,TRUE,Wings; centers excluded,Defensemen; centers excluded,TRUE,74,204,14,4,237,155,6.13,2.52,3.81,0,0.46,0.57
8476872,20232024,Scott Laughton,77024,5,1.04,0.31,87.77,66,FALSE,FALSE,,,0,0,0.71,0.22,0.2,-0.33,0.13,0.42,21.77,TRUE,Wings; centers excluded,Defensemen; centers excluded,TRUE,73,190,7,3,222,167,7.24,1.73,2.62,0.05,1.07,0.79
8476882,20232024,Teuvo Teravainen,74792,5,-0.65,-1.33,27.95,6,FALSE,TRUE,,blockedShotsPer60,0,0,-0.73,-1.62,-0.29,-0.37,0.36,0.65,21.95,FALSE,Wings; centers excluded,Defensemen; centers excluded,TRUE,71,191,14,1,217,142,0.77,2.26,1.25,0,0.19,0.1
8476927,20232024,Teddy Blueger,60936,5,1.24,0.75,89.96,78.4,FALSE,FALSE,,,0,0,0.86,0.06,0.04,0.06,0.34,0.64,11.56,TRUE,Wings; centers excluded,Defensemen; centers excluded,TRUE,72,185,10,6,133,97,5.79,3.84,2.54,0.06,0.59,0.3
8477380,20232024,Jonny Brodzinski,38056,5,-0.98,-1.81,16.59,3.6,FALSE,FALSE,,,0,0,-0.97,-2.34,0.01,0.28,-0.02,0.25,12.99,TRUE,Wings; centers excluded,Defensemen; centers excluded,TRUE,72,206,6,5,127,89,3.22,5.2,2.27,0,0.19,0.76
8477409,20232024,Carter Verhaeghe,81909,5,-0.09,-2.12,48.03,1.6,FALSE,TRUE,,blockedShotsPer60,0,0,0.12,-2.08,-0.32,-0.47,0.12,0.42,46.43,FALSE,Wings; centers excluded,Defensemen; centers excluded,TRUE,74,183,8,2,338,246,2.77,5.8,0.88,0,0.62,0.35
8477450,20232024,Jason Dickinson,81529,5,0.42,-0.09,69,50.4,FALSE,FALSE,,,0,0,0.47,-0.26,0.12,0.05,-0.17,0.11,18.6,TRUE,Wings; centers excluded,Defensemen; centers excluded,TRUE,74,200,21,8,179,126,6.31,4.59,3.22,0.04,0.49,0.44
8477505,20232024,Alexander Wennberg,85267,5,-1.52,-1.43,3.93,5.6,FALSE,FALSE,,,0,0,-1.31,-1.84,-0.22,0.12,0,0.29,-1.67,TRUE,Wings; centers excluded,Defensemen; centers excluded,TRUE,74,190,21,10,120,90,1.94,3.21,3.17,0,0.3,0.76
8477508,20232024,Curtis Lazar,52780,5,1.26,0.46,90.39,69.2,FALSE,FALSE,,,0,0,0.64,0.12,0.59,0.03,0.03,0.31,21.19,TRUE,Wings; centers excluded,Defensemen; centers excluded,TRUE,72,203,9,5,99,74,12.21,6.89,4.37,0.14,0.68,0.82
8477933,20232024,Sam Reinhart,99875,5,-0.51,-1.11,31,8.8,FALSE,FALSE,,,0,0,-0.25,-1.42,-0.28,0.01,0.03,0.31,22.2,TRUE,Wings; centers excluded,Defensemen; centers excluded,TRUE,73,196,17,9,358,233,2.81,5.3,2.38,0.04,0.29,0.32
8477989,20232024,Christian Dvorak,27956,5,-0.01,0.27,50.22,64,TRUE,FALSE,contactPenaltiesDrawnPer60,,0,0,0.21,-0.23,-0.35,0.08,0.13,0.42,-13.78,FALSE,Wings; centers excluded,Defensemen; centers excluded,FALSE,73,190,6,3,44,35,2.06,3.09,2.45,0,0.26,0
8478440,20232024,Dylan Strome,88314,5,-1.78,-1.99,1.75,2.8,FALSE,FALSE,,,0,0,-1.37,-1.58,0.01,-0.26,-0.42,-0.14,-1.05,TRUE,Wings; centers excluded,Defensemen; centers excluded,TRUE,76,200,13,4,241,169,0.49,2.04,2.49,0,0.29,0.24
8478458,20232024,Jack Roslovic,55063,5,-1.95,-2.58,1.75,0.4,FALSE,TRUE,,blockedShotsPer60,0,0,-0.81,-2.29,-1.13,-0.56,-0.01,0.27,1.35,FALSE,Wings; centers excluded,Defensemen; centers excluded,TRUE,73,198,4,1,162,117,1.83,4.32,1.57,0,0.39,0.52
8478493,20232024,Joel Eriksson Ek,94837,5,-0.17,-1.44,43.67,5.6,FALSE,FALSE,,,0,0,0.13,-1.08,0.12,-0.22,-0.42,-0.15,38.07,TRUE,Wings; centers excluded,Defensemen; centers excluded,TRUE,75,207,14,5,361,267,6.38,3.76,2.09,0,0.8,0.91
8478569,20232024,Noel Acciari,42804,5,0.7,1.24,77.29,89.6,TRUE,FALSE,blockedShotsPer60,,0,0,0.42,0.79,0.14,0.04,0.14,0.41,-12.31,FALSE,Wings; centers excluded,Defensemen; centers excluded,TRUE,71,204,11,4,78,59,10.43,4.96,7.15,0,0.34,0.5
8479351,20232024,Sam Steel,61177,5,1.31,-0.39,91.27,37.6,FALSE,FALSE,,,0,0,0.5,-0.96,0.47,-0.07,0.34,0.64,53.67,TRUE,Wings; centers excluded,Defensemen; centers excluded,TRUE,72,185,6,4,127,86,3.41,6,1.88,0.06,0.65,0.24
8479591,20232024,Michael Eyssimont,57605,5,-0.22,-1.16,40.17,8,TRUE,TRUE,hitsReceivedPer60,hitsReceivedPer60; contactPenaltiesDrawnPer60,0,0,0.34,-1.39,-0.73,-0.23,0.17,0.45,32.17,FALSE,Wings; centers excluded,Defensemen; centers excluded,TRUE,72,195,7,3,214,149,8.37,10.87,1.94,0.37,1.19,1.5
8479718,20232024,Alex Barre-Boulet,24168,5,0.85,-0.23,80.35,44.8,FALSE,TRUE,,blockedShotsPer60,0,0,0.12,-1.3,0.02,0.06,0.71,1.02,35.55,FALSE,Wings; centers excluded,Defensemen; centers excluded,FALSE,70,178,8,2,70,46,3.87,2.38,1.19,0,0.6,0.6
8479968,20232024,Vinni Lettieri,26457,5,0.97,0.35,86.03,67.6,FALSE,FALSE,,,0,0,0.64,-0.24,-0.29,-0.32,0.61,0.91,18.43,TRUE,Wings; centers excluded,Defensemen; centers excluded,FALSE,70,184,2,1,72,47,7.21,5.71,3.67,0,0.95,0.54
8479996,20232024,Cody Glass,33043,5,-0.58,-2.09,29.69,1.6,FALSE,FALSE,,,0,0,-0.69,-2.06,0.43,0.01,-0.31,-0.04,28.09,TRUE,Wings; centers excluded,Defensemen; centers excluded,TRUE,75,201,7,3,106,82,3.38,5.01,2.18,0,0.87,1.09
8480003,20232024,Jesper Boqvist,31443,5,1.07,-1.3,88.21,6.4,FALSE,FALSE,,,0,0,0.63,-1.73,0.33,0.03,0.11,0.4,81.81,TRUE,Wings; centers excluded,Defensemen; centers excluded,TRUE,73,191,6,3,60,51,8.13,10.42,1.72,0,0.34,0.34
8480014,20232024,Gabriel Vilardi,47961,5,-1.87,-3.99,1.75,0,TRUE,FALSE,netFrontAttemptShare; medianShotDistance,,0,0,-2.04,-3.19,0.73,-0.49,-0.57,-0.31,1.75,FALSE,Wings; centers excluded,Defensemen; centers excluded,TRUE,75,216,5,1,157,117,1.05,3.98,1.8,0,0.53,1.2
8480028,20232024,Morgan Frost,67423,5,-0.24,-0.98,39.74,13.6,FALSE,FALSE,,,0,0,-0.51,-1.04,0.06,-0.42,0.2,0.49,26.14,TRUE,Wings; centers excluded,Defensemen; centers excluded,TRUE,72,193,6,2,189,135,3.04,2.51,2.94,0,0.53,0.69
8480144,20232024,David Kampf,63119,5,-0.16,-1.65,44.54,3.6,FALSE,FALSE,,,0,0,0.11,-1.84,-0.14,0.05,-0.13,0.15,40.94,TRUE,Wings; centers excluded,Defensemen; centers excluded,TRUE,74,198,10,6,102,79,4.79,6.9,1.65,0,0.51,0.51
8480813,20232024,Joseph Veleno,66991,5,-0.53,-1.33,30.57,6,FALSE,FALSE,,,0,0,0.01,-1.38,-0.48,-0.16,-0.06,0.22,24.57,TRUE,Wings; centers excluded,Defensemen; centers excluded,TRUE,73,201,8,4,132,86,5.8,4.73,1.88,0.05,0.38,0.7
8480835,20232024,Jack Drury,54519,5,-0.24,-0.96,38.86,14,FALSE,FALSE,,,0,0,-0.46,-1.68,-0.23,-0.03,0.45,0.74,24.86,TRUE,Wings; centers excluded,Defensemen; centers excluded,TRUE,71,186,6,4,163,106,1.98,6.87,2.31,0.2,0.59,0.53
8480880,20232024,Jakub Lauko,35355,5,1.95,0.74,96.94,78,FALSE,TRUE,,hitsPer60,0,0,1.47,0.26,0.4,0.11,0.08,0.36,18.94,FALSE,Wings; centers excluded,Defensemen; centers excluded,TRUE,73,193,9,4,68,43,17.92,7.54,2.44,0.2,0.92,0.71
8481019,20232024,David Gustafsson,21665,5,-0.3,-1.23,37.12,7.2,FALSE,FALSE,,,0,0,-0.32,-1.43,0.13,0.02,-0.1,0.18,29.92,TRUE,Wings; centers excluded,Defensemen; centers excluded,FALSE,74,196,5,2,40,27,4.98,7.48,3.82,0,0,0.33
8481559,20232024,Jack Hughes,78023,5,-2.53,-2.69,0.44,0.4,FALSE,TRUE,,blockedShotsPer60,0,0,-2.48,-3.81,-0.69,0.18,0.64,0.94,0.04,FALSE,Wings; centers excluded,Defensemen; centers excluded,TRUE,71,175,25,10,361,274,0.46,3.14,1.11,0,0.18,0.92
8482110,20232024,Dawson Mercer,84710,5,-0.42,-1.47,34.5,5.2,FALSE,FALSE,,,0,0,-0.84,-2.09,-0,-0.1,0.43,0.73,29.3,TRUE,Wings; centers excluded,Defensemen; centers excluded,TRUE,72,180,13,6,182,134,1.27,5.1,1.83,0.04,0.21,0.25
8482116,20232024,Tim Stützle,95033,5,-1.5,-2.22,4.37,0.8,FALSE,TRUE,,blockedShotsPer60,0,0,-1.04,-2.8,-0.77,-0.02,0.31,0.6,3.57,FALSE,Wings; centers excluded,Defensemen; centers excluded,TRUE,72,187,21,8,269,192,3.79,5.68,1.55,0,0.45,1.25
8482259,20232024,Bobby McMann,38839,5,0.73,-0.65,77.29,26.8,FALSE,FALSE,,,0,0,1.2,-0.38,-0.01,-0.07,-0.46,-0.2,50.49,TRUE,Wings; centers excluded,Defensemen; centers excluded,TRUE,74,217,7,3,159,118,10.84,5.56,1.67,0.09,1.02,0.65
8482660,20232024,Kent Johnson,34125,5,-1.27,-1.54,8.3,4.8,FALSE,FALSE,,,0,0,-1.21,-2.28,-0.66,-0.17,0.6,0.91,3.5,TRUE,Wings; centers excluded,Defensemen; centers excluded,TRUE,72,170,4,2,86,62,1.05,3.06,1.69,0,0.42,0.53
8482665,20232024,Matty Beniers,82990,5,-0.92,-2.03,19.65,2.8,FALSE,FALSE,,,0,0,-0.94,-2.47,-0.14,-0.01,0.16,0.46,16.85,TRUE,Wings; centers excluded,Defensemen; centers excluded,TRUE,74,181,19,7,191,133,2.26,5.47,1.91,0,0.3,0.61
8482745,20232024,Mason McTavish,62499,5,-0.22,-1.77,40.17,3.6,TRUE,TRUE,contactPenaltiesTakenPer60,contactPenaltiesTakenPer60; contactPenaltiesDrawnPer60,0,0,-0.2,-1.26,0.34,-0.4,-0.37,-0.11,36.57,FALSE,Wings; centers excluded,Defensemen; centers excluded,TRUE,73,219,6,2,191,130,3.86,2.19,1.9,0,1.79,1.38
8483431,20232024,Logan Cooley,77809,5,-1.31,-2.92,7.86,0,FALSE,TRUE,,blockedShotsPer60,0,0,-1.27,-3.39,-0.28,-0.06,0.24,0.53,7.86,FALSE,Wings; centers excluded,Defensemen; centers excluded,TRUE,72,191,11,6,217,151,2.31,6.66,1.25,0,0.28,0.88
8484166,20232024,Adam Fantilli,46188,5,-2,-2.55,1.31,0.4,FALSE,FALSE,,,0,0,-0.59,-2.06,-1.15,-0.51,-0.25,0.02,0.91,TRUE,Wings; centers excluded,Defensemen; centers excluded,TRUE,74,205,4,1,170,115,4.91,4.75,1.95,0,0.23,0.86
8474150,20242025,Mikael Backlund,85440,1,-1.11,-0.64,13.18,21.72,FALSE,TRUE,,blockedShotsPer60,0,0,-0.42,-0.74,-0.68,-0.01,-0.01,0.11,-8.54,FALSE,Wings; centers excluded,Defensemen; centers excluded,TRUE,72,206,8,8,267,175,1.73,1.85,2.15,0,0.55,0.34
8475166,20242025,John Tavares,82015,1,0.83,-0.57,84.09,24.59,FALSE,TRUE,,blockedShotsPer60,0,0,0.14,-0.5,0.97,-0.07,-0.28,0,59.5,FALSE,Wings; centers excluded,Defensemen; centers excluded,TRUE,73,217,7,6,281,200,4.04,3.34,1.98,0,0.79,0.48
8475745,20242025,Charlie Coyle,84607,1,-0.25,-0.01,40.45,51.23,FALSE,FALSE,,,0,0,0.03,0.06,0.27,0.04,-0.55,-0.11,-10.77,TRUE,Wings; centers excluded,Defensemen; centers excluded,TRUE,75,221,10,8,175,115,4.6,1.79,2.6,0,0.47,0.51
8476389,20242025,Vincent Trocheck,103807,1,1.54,0.86,95.45,85.25,FALSE,FALSE,,,0,0,0.48,0.48,0.68,0.11,0.37,0.27,10.21,TRUE,Wings; centers excluded,Defensemen; centers excluded,TRUE,71,187,16,9,317,202,7.42,3.26,2.71,0.07,0.49,0.52
8476458,20242025,Ryan Strome,82079,1,-0.31,-0.48,38.64,29.1,FALSE,TRUE,,blockedShotsPer60,0,0,-0.14,-0.55,-0.25,-0.09,0.08,0.15,9.54,FALSE,Wings; centers excluded,Defensemen; centers excluded,TRUE,73,192,7,5,211,137,2.28,1.54,1.58,0.09,0.83,0.44
8476459,20242025,Mika Zibanejad,92311,1,-1.96,-0.95,3.18,14.34,FALSE,TRUE,,blockedShotsPer60,0,0,-0.81,-1.13,-0.89,0.16,-0.26,0.01,-11.16,FALSE,Wings; centers excluded,Defensemen; centers excluded,TRUE,74,208,17,7,304,183,1.72,1.99,1.79,0,0.27,0.51
8476480,20242025,Vladislav Namestnikov,70626,1,1.59,-0.37,95.45,33.61,FALSE,FALSE,,,0,0,0.03,-0.65,1.21,0.01,0.35,0.26,61.85,TRUE,Wings; centers excluded,Defensemen; centers excluded,TRUE,72,181,7,7,137,94,4.28,5.61,2.5,0,0.46,0.56
8476872,20242025,Scott Laughton,70082,1,0.53,1.04,73.18,89.34,FALSE,FALSE,,,0,0,0.72,1.18,-0.3,-0.31,0.11,0.17,-16.16,TRUE,Wings; centers excluded,Defensemen; centers excluded,TRUE,73,190,2,2,193,125,9.14,2.11,2.77,0.1,0.46,0.36
8476889,20242025,Radek Faksa,54699,1,0.37,-0.13,62.27,43.85,FALSE,FALSE,,,0,0,0.69,0.22,0.15,-0.27,-0.48,-0.08,18.42,TRUE,Wings; centers excluded,Defensemen; centers excluded,TRUE,75,216,3,1,106,68,7.57,6.45,3.29,0,0.66,0.39
8477446,20242025,Michael McCarron,61086,1,0.75,1.38,82.73,93.44,FALSE,FALSE,,,0,0,1.42,1.77,0.36,-0.09,-1.03,-0.3,-10.72,TRUE,Wings; centers excluded,Defensemen; centers excluded,TRUE,78,232,5,4,124,80,8.78,5.01,3.59,0.53,0.88,0.83
8477496,20242025,Elias Lindholm,88943,1,0.39,0.57,63.18,79.1,FALSE,FALSE,,,0,0,-0.2,0.51,0.62,-0.05,-0.03,0.11,-15.92,TRUE,Wings; centers excluded,Defensemen; centers excluded,TRUE,73,200,8,7,236,152,4.61,1.46,3.2,0,0.12,0.32
8477934,20242025,Leon Draisaitl,91664,1,-1.91,-2.5,3.18,0.82,FALSE,TRUE,,blockedShotsPer60,0,0,-1.17,-2.33,-0.47,-0.18,-0.27,0.01,2.36,FALSE,Wings; centers excluded,Defensemen; centers excluded,TRUE,74,209,7,2,340,240,0.9,3.1,1.06,0,0.43,0.79
8477951,20242025,Nick Schmaltz,91454,1,-1.45,-1.77,6.82,2.46,FALSE,TRUE,,blockedShotsPer60,0,0,-1.44,-1.92,-0.31,-0.09,0.31,0.25,4.36,FALSE,Wings; centers excluded,Defensemen; centers excluded,TRUE,72,184,8,5,264,186,0.55,2.4,1.77,0,0.16,0.51
8477987,20242025,Ryan Donato,78284,1,0.11,-0.78,52.27,19.67,FALSE,TRUE,,blockedShotsPer60,0,0,0.01,-0.89,-0.12,-0.09,0.22,0.21,32.6,FALSE,Wings; centers excluded,Defensemen; centers excluded,TRUE,72,190,7,4,261,182,4.78,4.69,0.83,0.05,0.51,0.41
8478401,20242025,Pavel Zacha,93787,1,-1.42,-0.91,7.27,15.16,FALSE,TRUE,,blockedShotsPer60,0,0,-0.65,-0.8,-0.26,-0.01,-0.51,-0.09,-7.89,FALSE,Wings; centers excluded,Defensemen; centers excluded,TRUE,76,211,10,7,199,132,2.42,1.84,1,0.04,0.19,0.27
8478402,20242025,Connor McDavid,88566,1,-1.12,-1.93,12.73,2.05,FALSE,TRUE,,blockedShotsPer60,0,0,-1.02,-2.01,-0.15,-0.06,0.05,0.14,10.68,FALSE,Wings; centers excluded,Defensemen; centers excluded,TRUE,73,194,8,6,282,196,1.63,2.56,0.73,0,0.37,0.73
8478458,20242025,Jack Roslovic,67171,1,-1.58,-2.31,5,0.82,FALSE,TRUE,,blockedShotsPer60,0,0,-1.17,-2.28,-0.4,-0.15,-0,0.12,4.18,FALSE,Wings; centers excluded,Defensemen; centers excluded,TRUE,73,198,4,4,220,139,0.75,4.88,1.23,0,0.27,0.43
8478462,20242025,Nicolas Roy,64828,1,0.83,-0.48,84.09,29.1,FALSE,FALSE,,,0,0,0.25,-0.04,0.94,-0.42,-0.36,-0.02,54.99,TRUE,Wings; centers excluded,Defensemen; centers excluded,TRUE,76,200,2,0,151,107,4,3.89,2.61,0.06,0.56,0.33
8478542,20242025,Evan Rodrigues,74878,1,0.03,-0.82,48.18,18.03,FALSE,TRUE,,blockedShotsPer60,0,0,0.24,-0.9,-0.66,-0.22,0.44,0.3,30.15,FALSE,Wings; centers excluded,Defensemen; centers excluded,TRUE,71,182,4,3,250,161,6.15,5,1.11,0,0.87,0.67
8478569,20242025,Noel Acciari,65220,1,1.53,0.96,95.45,87.3,FALSE,FALSE,,,0,0,0.57,0.82,0.84,-0.03,0.13,0.17,8.16,TRUE,Wings; centers excluded,Defensemen; centers excluded,TRUE,71,204,7,4,115,75,9.94,4.47,5.52,0,0.39,0.77
8479400,20242025,Pierre-Luc Dubois,85115,1,-0.37,-1.4,35.91,6.56,FALSE,FALSE,,,0,0,-0.12,-1.07,0.39,-0.18,-0.64,-0.14,29.35,TRUE,Wings; centers excluded,Defensemen; centers excluded,TRUE,76,220,6,3,227,142,2.75,4.27,2.62,0,0.93,0.89
8479525,20242025,Ross Colton,52780,1,0.54,0.37,73.64,72.54,FALSE,FALSE,,,0,0,0.37,0.27,0,-0.08,0.16,0.18,1.1,TRUE,Wings; centers excluded,Defensemen; centers excluded,TRUE,72,194,4,4,199,125,9.89,5.05,2.86,0,0.27,0.61
8479999,20242025,Casey Mittelstadt,82930,1,-0.39,-1.67,35.45,3.69,FALSE,TRUE,,blockedShotsPer60; defensiveTakeawaysPer60,0,0,-0.56,-1.34,0.28,-0.41,-0.1,0.08,31.77,FALSE,Wings; centers excluded,Defensemen; centers excluded,TRUE,73,205,1,1,148,105,1.3,3.99,1.43,0,0.43,0.17
8480185,20242025,Eetu Luostarinen,73384,1,1.17,0.18,90.91,61.48,FALSE,FALSE,,,0,0,0.6,0.18,0.69,-0.07,-0.12,0.08,29.43,TRUE,Wings; centers excluded,Defensemen; centers excluded,TRUE,75,191,7,4,141,87,8.98,6.87,2.94,0,0.44,0.44
8480829,20242025,Jesperi Kotkaniemi,65797,1,-0.63,-1.24,25.45,8.61,FALSE,TRUE,,blockedShotsPer60,0,0,0.17,-0.88,-0.37,-0.31,-0.42,-0.05,16.85,FALSE,Wings; centers excluded,Defensemen; centers excluded,TRUE,75,212,3,1,162,115,3.61,6.02,1.53,0.11,0.77,0.55
8481068,20242025,Yegor Sharangovich,72963,1,-1.95,-1.83,3.18,2.46,FALSE,TRUE,,blockedShotsPer60,0,0,-1.11,-1.62,-0.76,-0.29,-0.08,0.09,0.72,FALSE,Wings; centers excluded,Defensemen; centers excluded,TRUE,74,196,3,2,204,128,0.69,3.21,1.53,0,0.2,0.2
8481477,20242025,Nico Sturm,38736,1,0.98,1.23,88.18,90.98,FALSE,FALSE,,,0,0,1.01,1.47,0.34,-0.2,-0.38,-0.03,-2.8,TRUE,Wings; centers excluded,Defensemen; centers excluded,TRUE,75,209,3,0,87,59,9.94,3.72,3.16,0.19,0.46,0.28
8481726,20242025,Adam Edstrom,28377,1,1.22,0.44,91.82,75.82,FALSE,FALSE,,,0,0,0.82,1.01,1.54,-0.23,-1.14,-0.34,16,TRUE,Wings; centers excluded,Defensemen; centers excluded,FALSE,79,232,2,0,59,40,11.93,4.31,4.31,0.13,0.51,1.01
8482079,20242025,Marco Rossi,89769,1,0.74,-1.14,82.73,9.43,FALSE,TRUE,,blockedShotsPer60,0,0,-0.59,-1.24,0.67,-0.28,0.66,0.38,73.3,FALSE,Wings; centers excluded,Defensemen; centers excluded,TRUE,69,182,3,3,209,136,2.49,2.81,1.64,0,0.4,0.76
8482116,20242025,Tim Stützle,97480,1,-0.34,-1.08,36.82,9.43,FALSE,TRUE,,blockedShotsPer60,0,0,-0.21,-1.12,-0.4,-0.19,0.26,0.23,27.39,FALSE,Wings; centers excluded,Defensemen; centers excluded,TRUE,72,187,6,4,230,162,4.8,4.87,1.66,0,0.44,1.07
8482201,20242025,Gage Goncalves,46057,1,0.42,-0.82,65,18.03,TRUE,TRUE,hitsReceivedPer60,blockedShotsPer60,0,0,0.18,-0.92,0.12,-0.08,0.13,0.17,46.97,FALSE,Wings; centers excluded,Defensemen; centers excluded,TRUE,73,189,4,3,89,61,5.55,8.05,1.56,0,0.47,0.47
8482859,20242025,Zack Ostapchuk,31649,1,0.74,0.38,82.73,72.54,FALSE,FALSE,,,0,0,1.31,0.89,-0.05,-0.42,-0.53,-0.09,10.19,TRUE,Wings; centers excluded,Defensemen; centers excluded,TRUE,76,212,1,0,44,26,12.51,6.37,2.39,0.34,1.14,1.14
8483505,20242025,Matthew Poitras,25914,1,-0.37,-2.1,35.91,2.05,FALSE,TRUE,,blockedShotsPer60,0,0,-0.9,-2.45,0.3,0.14,0.23,0.22,33.86,FALSE,Wings; centers excluded,Defensemen; centers excluded,FALSE,72,189,4,3,54,29,1.67,6.81,1.39,0,0.42,1.25
8483553,20242025,Marc Gatcomb,22902,1,1.69,1.53,95.91,94.67,FALSE,TRUE,,hitsPer60; defensiveTakeawaysPer60,0,1,1.55,2.01,0.28,-0.54,-0.14,0.06,1.24,FALSE,Wings; centers excluded,Defensemen; centers excluded,FALSE,74,200,0,0,55,41,23.42,5.82,3.62,0.16,0.47,0.31
8484144,20242025,Connor Bedard,99805,1,-1.27,-0.93,10.45,14.34,FALSE,TRUE,,blockedShotsPer60,0,0,-0.47,-1.26,-1.23,0.04,0.44,0.29,-3.89,FALSE,Wings; centers excluded,Defensemen; centers excluded,TRUE,70,190,12,9,288,195,1.7,2.09,1.33,0,0.76,0.43
8475225,20242025,Craig Smith,40139,2,-0.44,0.17,32.73,59.43,FALSE,FALSE,,,0,0,0.31,-0.34,-0.68,0.32,-0.06,0.18,-26.7,TRUE,Wings; centers excluded,Defensemen; centers excluded,TRUE,73,203,7,5,130,90,5.02,3.59,2.78,0,0.9,0.36
8475726,20242025,Tyler Toffoli,79230,2,-0.67,-1.35,23.64,6.97,FALSE,TRUE,,blockedShotsPer60,0,0,-0.45,-1.3,-0.22,-0.28,0,0.24,16.67,FALSE,Wings; centers excluded,Defensemen; centers excluded,TRUE,72,205,5,3,317,233,2.45,1.77,1.45,0,0.18,0.45
8475754,20242025,Brock Nelson,90780,2,-1.56,-1.93,5.45,2.05,FALSE,TRUE,,blockedShotsPer60,0,0,-0.92,-2.09,-0.31,0.21,-0.33,-0.05,3.41,FALSE,Wings; centers excluded,Defensemen; centers excluded,TRUE,76,205,12,7,280,193,1.39,3.21,1.71,0,0.24,0.52
8476278,20242025,Colin Blackwell,43707,2,0.81,-1.54,83.64,4.92,FALSE,TRUE,,height; blockedShotsPer60,0,0,0.07,-1.5,0.14,-0.82,0.6,0.78,78.72,FALSE,Wings; centers excluded,Defensemen; centers excluded,TRUE,68,181,2,2,86,63,6.92,5.44,1.89,0,0.58,0.99
8476468,20242025,J.T. Miller,78625,2,0.33,0.59,60.91,80.74,FALSE,TRUE,,blockedShotsPer60,0,0,0.59,0.52,-0.2,-0.1,-0.07,0.17,-19.83,FALSE,Wings; centers excluded,Defensemen; centers excluded,TRUE,72,211,6,3,214,137,7.69,2.34,2.29,0.14,0.6,0.73
8476881,20242025,Tomas Hertl,74971,2,0.54,-0.01,74.09,51.23,FALSE,FALSE,,,0,0,0.08,-0.23,0.88,0.37,-0.41,-0.14,22.86,TRUE,Wings; centers excluded,Defensemen; centers excluded,TRUE,75,220,12,7,265,177,4.75,3.31,2.69,0,0.43,0.34
8476897,20242025,Oskar Sundqvist,53095,2,-0.04,0,45.91,51.23,FALSE,FALSE,,,0,0,-0.01,-0.37,0.28,0.4,-0.3,-0.03,-5.32,TRUE,Wings; centers excluded,Defensemen; centers excluded,TRUE,75,210,10,7,97,60,5.29,4.47,3.59,0,0.81,0.81
8477503,20242025,Max Domi,62920,2,-0.47,-0.31,30.91,36.48,FALSE,TRUE,,blockedShotsPer60,0,0,0.03,-0.95,-0.63,0.3,0.13,0.35,-5.57,FALSE,Wings; centers excluded,Defensemen; centers excluded,TRUE,70,208,9,5,136,93,1.83,2.86,1.72,0.23,1.03,0.46
8477935,20242025,Sam Bennett,79588,2,0.93,0.16,87.73,59.02,FALSE,TRUE,,blockedShotsPer60,0,0,0.79,0.34,0.09,-0.46,0.05,0.29,28.71,FALSE,Wings; centers excluded,Defensemen; centers excluded,TRUE,73,193,5,4,332,241,6.56,2.17,2.04,0.18,1.13,0.68
8477989,20242025,Christian Dvorak,74999,2,-0.45,-0.42,32.27,31.56,FALSE,FALSE,,,0,0,-0.76,-0.78,0.22,0.05,0.08,0.32,0.72,TRUE,Wings; centers excluded,Defensemen; centers excluded,TRUE,73,190,6,2,167,104,2.11,4.03,3.55,0,0.34,0.53
8478438,20242025,Thomas Novak,42869,2,-1.83,-3.62,3.64,0,FALSE,TRUE,,blockedShotsPer60,0,0,-1.56,-2.91,-0.36,-1.03,0.08,0.32,3.64,FALSE,Wings; centers excluded,Defensemen; centers excluded,TRUE,73,190,1,1,124,92,0.5,6.8,2.18,0,0.17,0.25
8479353,20242025,Brett Howden,71342,2,0.5,0.17,69.55,59.84,FALSE,FALSE,,,0,0,0.39,0.04,0.23,0,-0.12,0.13,9.71,TRUE,Wings; centers excluded,Defensemen; centers excluded,TRUE,74,201,9,7,181,125,6.11,4.34,2.83,0.1,0.71,0.45
8479365,20242025,Trent Frederic,47751,2,0.8,-0.25,83.64,39.34,FALSE,TRUE,,blockedShotsPer60,0,1,1.07,0.85,0.16,-0.95,-0.43,-0.15,44.29,FALSE,Wings; centers excluded,Defensemen; centers excluded,TRUE,75,221,0,0,118,78,11.84,5.28,2.19,0.3,0.6,0.45
8479370,20242025,Tyson Jost,24272,2,0.86,0.28,85,66.8,FALSE,FALSE,,,0,0,0.34,-0.73,0.24,0.52,0.28,0.5,18.2,TRUE,Wings; centers excluded,Defensemen; centers excluded,FALSE,71,187,3,0,61,44,6.82,6.67,2.52,0.15,1.04,0.89
8479968,20242025,Vinni Lettieri,21088,2,0.66,1.1,78.18,89.75,FALSE,FALSE,,,0,0,0.45,0.05,-0.2,0.45,0.4,0.6,-11.57,TRUE,Wings; centers excluded,Defensemen; centers excluded,FALSE,70,184,3,1,81,52,10.24,3.93,2.73,0,0.51,0.68
8480003,20242025,Jesper Boqvist,61991,2,0.54,-1.45,73.64,6.15,FALSE,TRUE,,blockedShotsPer60,0,0,0.38,-1.36,0.09,-0.4,0.07,0.31,67.49,FALSE,Wings; centers excluded,Defensemen; centers excluded,TRUE,73,191,4,3,132,87,11.09,6.62,1.57,0,0.35,0.58
8480023,20242025,Robert Thomas,83824,2,-2.01,-1.91,3.18,2.46,FALSE,TRUE,,blockedShotsPer60,0,0,-1.35,-2.37,-0.63,0.24,-0.02,0.22,0.72,FALSE,Wings; centers excluded,Defensemen; centers excluded,TRUE,72,207,11,6,222,145,0.56,3.09,2.06,0,0.3,0.6
8480068,20242025,Ryan Poehling,56630,2,-0.92,-0.41,15.45,31.56,FALSE,FALSE,,,0,0,-0.91,-0.22,0.17,-0.27,-0.18,0.08,-16.1,TRUE,Wings; centers excluded,Defensemen; centers excluded,TRUE,74,206,5,4,105,71,1.65,4.64,5.02,0,0.25,0.25
8480078,20242025,Filip Chytil,50292,2,-1.18,-3.55,12.27,0,FALSE,TRUE,,blockedShotsPer60,0,0,-0.98,-3.9,0.02,0.31,-0.22,0.04,12.27,FALSE,Wings; centers excluded,Defensemen; centers excluded,TRUE,74,210,6,2,195,133,1.36,5.01,0.93,0,0.5,1.15
8480798,20242025,Philipp Kurashev,41981,2,-0.44,-1.54,32.73,4.92,FALSE,TRUE,,blockedShotsPer60,0,0,-0.38,-1.98,-0.23,0.04,0.17,0.39,27.81,FALSE,Wings; centers excluded,Defensemen; centers excluded,TRUE,72,190,4,2,86,54,2.57,2.74,1.37,0,0.43,0.69
8480835,20242025,Jack Drury,55813,2,-0.56,-0.31,26.36,36.07,FALSE,FALSE,,,0,0,-0.29,-1.06,-0.56,0.24,0.29,0.51,-9.7,TRUE,Wings; centers excluded,Defensemen; centers excluded,TRUE,71,186,6,2,153,93,2.9,6.51,3.23,0,0.58,0.19
8480845,20242025,Rasmus Kupari,36318,2,-0.07,0,45.91,51.23,FALSE,FALSE,,,0,0,0.2,-0.44,-0.15,0.31,-0.12,0.13,-5.32,TRUE,Wings; centers excluded,Defensemen; centers excluded,TRUE,74,201,4,1,76,53,7.63,5.65,3.07,0,0.59,0.59
8481522,20242025,Peyton Krebs,67709,2,0.1,-1.57,51.82,4.51,FALSE,TRUE,,blockedShotsPer60,0,0,0.29,-0.86,-0.38,-1.12,0.19,0.42,47.31,FALSE,Wings; centers excluded,Defensemen; centers excluded,TRUE,72,188,1,1,139,80,7.23,5.8,1.7,0.21,0.53,1.17
8481523,20242025,Kirby Dach,53605,2,0.39,-1.76,63.64,2.46,FALSE,FALSE,,,0,0,0.2,-1.14,0.7,-0.4,-0.51,-0.22,61.18,TRUE,Wings; centers excluded,Defensemen; centers excluded,TRUE,76,221,3,2,124,84,6.72,4.9,2.42,0,1.14,1.14
8481528,20242025,Dylan Cozens,83939,2,-0.07,-0.45,45.91,30.74,FALSE,TRUE,,blockedShotsPer60,0,0,0.73,-0.04,-0.56,-0.43,-0.25,0.02,15.17,FALSE,Wings; centers excluded,Defensemen; centers excluded,TRUE,75,205,6,5,253,188,8.79,3.3,1.93,0.09,0.64,0.47
8481596,20242025,Shane Pinto,73739,2,-1.07,-0.33,13.64,35.25,FALSE,FALSE,,,0,0,-0.26,-0.67,-0.55,0.33,-0.26,0.01,-21.61,TRUE,Wings; centers excluded,Defensemen; centers excluded,TRUE,75,206,9,3,202,127,3.56,2.88,2.73,0,0.54,0.78
8481618,20242025,Alex Newhook,74450,2,-0.07,-1.96,45.91,2.05,FALSE,TRUE,,blockedShotsPer60,0,0,-0.01,-1.68,-0.19,-0.64,0.14,0.36,43.86,FALSE,Wings; centers excluded,Defensemen; centers excluded,TRUE,71,200,5,5,197,118,4.3,5.08,1.55,0,0.39,0.29
8481704,20242025,Juuso Parssinen,30341,2,1.56,0.57,95.45,79.1,FALSE,FALSE,,,0,0,0.91,1.22,0.92,-0.65,-0.27,-0,16.36,TRUE,Wings; centers excluded,Defensemen; centers excluded,TRUE,75,207,2,2,47,30,10.2,4.86,3.44,0.12,0.59,0.12
8482665,20242025,Matty Beniers,91944,2,-1.27,-1.19,10.45,8.61,FALSE,FALSE,,,0,0,-1.1,-1.54,-0.27,0.02,0.1,0.34,1.85,TRUE,Wings; centers excluded,Defensemen; centers excluded,TRUE,74,181,9,5,243,147,1.64,4.86,3.01,0,0.23,0.67
8482703,20242025,Colton Dach,18192,2,1.52,1.13,95.45,90.98,FALSE,TRUE,,hitsPer60; contactPenaltiesDrawnPer60; defensiveTakeawaysPer60,0,0,1.05,0.37,0.95,0.96,-0.47,-0.19,4.47,FALSE,Wings; centers excluded,Defensemen; centers excluded,FALSE,76,218,6,4,39,27,17.02,5.34,2.37,0.2,1.19,1.39
8482726,20242025,Samuel Helenius,25963,2,0.79,2.56,83.64,97.54,FALSE,TRUE,,hitsPer60; blockedShotsPer60,0,0,1.87,2.5,-0.36,0.47,-0.72,-0.41,-13.9,FALSE,Wings; centers excluded,Defensemen; centers excluded,FALSE,78,225,3,0,48,29,20.8,4.3,2.22,0.42,0.55,0.14
8482740,20242025,Wyatt Johnston,93115,2,-0.2,-1.54,40.45,4.92,FALSE,TRUE,,blockedShotsPer60,0,0,-0.76,-1.86,0.44,-0.04,0.12,0.35,35.54,FALSE,Wings; centers excluded,Defensemen; centers excluded,TRUE,73,187,12,10,298,202,1.74,3.71,1.82,0,0.23,0.39
8483447,20242025,Conor Geekie,38455,2,-0.27,-1.46,40.45,6.15,FALSE,FALSE,,,0,0,0.21,-1.36,-0.07,0.03,-0.41,-0.13,34.31,TRUE,Wings; centers excluded,Defensemen; centers excluded,TRUE,76,212,3,1,91,60,9.08,7.49,2.34,0,0.75,0.94
8483468,20242025,Jiri Kulich,55029,2,-0.82,-1.32,18.64,7.38,FALSE,FALSE,,,0,1,-0.26,-0.65,-0.61,-0.95,0.05,0.29,11.26,FALSE,Wings; centers excluded,Defensemen; centers excluded,TRUE,73,193,0,0,200,134,2.62,2.36,2.36,0,0.39,0.33
8484166,20242025,Adam Fantilli,85991,2,-1.29,-0.4,10.45,31.97,FALSE,FALSE,,,0,0,-0.47,-0.81,-0.65,0.32,-0.17,0.09,-21.51,TRUE,Wings; centers excluded,Defensemen; centers excluded,TRUE,74,205,12,6,280,191,4.73,4.23,2.34,0,0.08,0.63
8484227,20242025,Will Smith,70386,2,-1.75,-2.94,3.64,0,FALSE,TRUE,,blockedShotsPer60,0,0,-0.86,-2.93,-1.17,-0.51,0.28,0.5,3.64,FALSE,Wings; centers excluded,Defensemen; centers excluded,TRUE,72,180,2,1,187,127,0.66,2.1,0.82,0,0.26,0.2
8471675,20242025,Sidney Crosby,97798,3,0.83,-1,84.09,12.7,FALSE,TRUE,,blockedShotsPer60,0,0,-0.16,-1.04,0.85,-0.52,0.13,0.55,71.39,FALSE,Wings; centers excluded,Defensemen; centers excluded,TRUE,71,200,5,4,339,227,2.47,1.66,1.44,0.04,0.29,0.48
8473453,20242025,Trevor Lewis,36798,3,0.4,1.77,64.09,96.31,TRUE,FALSE,medianShotDistance,,0,0,0.98,1.22,-0.47,0.36,-0.11,0.19,-32.22,FALSE,Wings; centers excluded,Defensemen; centers excluded,TRUE,73,205,1,0,94,53,9.78,5.09,3.42,0,0.88,0.2
8474641,20242025,Adam Henrique,71170,3,1.06,1.07,90.45,89.75,FALSE,FALSE,,,0,0,0.17,1.33,0.79,-0.77,0.1,0.52,0.7,TRUE,Wings; centers excluded,Defensemen; centers excluded,TRUE,72,195,5,5,147,104,2.93,2.48,4.3,0,0.3,0.1
8475170,20242025,Brayden Schenn,86400,3,1.06,2.11,90.45,97.13,FALSE,TRUE,,blockedShotsPer60,0,0,1.26,1.68,-0.15,0.14,-0.05,0.29,-6.68,FALSE,Wings; centers excluded,Defensemen; centers excluded,TRUE,73,200,9,5,216,145,8.08,2.54,2.29,0.21,0.62,0.33
8475231,20242025,Casey Cizikas,64160,3,1.9,1.88,97.27,96.31,FALSE,FALSE,,,0,0,0.52,1.21,1.13,-0.06,0.24,0.73,0.96,TRUE,Wings; centers excluded,Defensemen; centers excluded,TRUE,71,191,9,7,159,97,11.33,5.5,3.7,0.11,0.62,0.84
8475413,20242025,Justin Dowling,31895,3,0.39,-0.38,63.64,33.61,FALSE,FALSE,,,0,0,-0.1,-0.54,0.09,-0.81,0.41,0.98,30.03,TRUE,Wings; centers excluded,Defensemen; centers excluded,TRUE,71,178,2,2,62,34,5.76,6.32,2.48,0,0.23,0.23
8475794,20242025,Tyler Seguin,19379,3,-0.33,-1.82,37.27,2.46,FALSE,TRUE,,blockedShotsPer60,0,0,-0.44,-2.39,0.32,0.51,-0.21,0.06,34.81,FALSE,Wings; centers excluded,Defensemen; centers excluded,FALSE,74,205,1,0,67,46,0.93,1.49,1.11,0,0.37,0.19
8476374,20242025,Sean Kuraly,57879,3,0.69,1.56,80.91,94.67,FALSE,FALSE,,,0,0,1.11,1.56,-0.18,-0.01,-0.24,0,-13.76,TRUE,Wings; centers excluded,Defensemen; centers excluded,TRUE,74,208,5,3,144,88,10.14,3.17,2.8,0.12,0.87,0.56
8476419,20242025,Jean-Gabriel Pageau,80567,3,0.74,0.85,82.73,85.25,FALSE,FALSE,,,0,0,-0.17,0.07,0.53,-0.16,0.38,0.94,-2.52,TRUE,Wings; centers excluded,Defensemen; centers excluded,TRUE,71,180,10,8,181,120,6.26,4.74,2.55,0.04,0.13,0.49
8476624,20242025,Barclay Goodrow,63680,3,1.18,2.61,90.91,97.95,FALSE,FALSE,,,0,0,1.42,2.35,0.02,0.29,-0.27,-0.04,-7.04,TRUE,Wings; centers excluded,Defensemen; centers excluded,TRUE,74,210,12,8,110,73,8.48,3.73,3.39,0.4,0.9,0.4
8476822,20242025,Luke Glendening,49826,3,1.09,0.83,90.45,85.25,FALSE,FALSE,,,0,0,0.15,1.17,0.69,-1.08,0.26,0.75,5.21,TRUE,Wings; centers excluded,Defensemen; centers excluded,TRUE,71,190,1,1,74,51,7.59,5.35,4.19,0,0.29,0.36
8476905,20242025,Chandler Stephenson,91304,3,-1.13,-1.71,12.73,2.87,FALSE,TRUE,,blockedShotsPer60,0,0,-0.83,-2.12,-0.34,0.01,0.03,0.4,9.86,FALSE,Wings; centers excluded,Defensemen; centers excluded,TRUE,72,201,16,13,104,73,1.3,2.48,1.97,0,0.35,0.51
8476913,20242025,Devin Shore,28551,3,0.78,1.82,83.18,96.31,FALSE,FALSE,,,0,0,0.45,1.67,0.45,-0.02,-0.13,0.17,-13.13,TRUE,Wings; centers excluded,Defensemen; centers excluded,FALSE,73,206,3,2,61,41,9.58,6.05,4.67,0,0.38,0.25
8477353,20242025,Tyler Motte,37337,3,0.28,2.67,59.55,97.95,FALSE,FALSE,,,0,0,-0.36,0.98,0.33,0.9,0.3,0.8,-38.41,TRUE,Wings; centers excluded,Defensemen; centers excluded,TRUE,70,194,10,4,97,66,6.94,5.21,4.63,0,0.19,0.77
8477493,20242025,Aleksander Barkov,81437,3,-0.59,-0.05,25.91,48.36,FALSE,FALSE,,,0,0,-0.2,-0.2,0.02,0.4,-0.41,-0.25,-22.45,TRUE,Wings; centers excluded,Defensemen; centers excluded,TRUE,75,214,12,6,235,149,3.85,2.83,2.39,0,0.22,0.49
8478043,20242025,Sam Lafferty,35554,3,0.58,-0.7,74.55,20.49,FALSE,TRUE,,blockedShotsPer60,0,0,0.57,-1.13,0.22,0.37,-0.21,0.06,54.05,FALSE,Wings; centers excluded,Defensemen; centers excluded,TRUE,74,205,1,0,68,50,9.01,5.27,1.62,0,1.32,0.71
8478424,20242025,Jansen Harkins,40650,3,-0.26,2.03,40.45,97.13,FALSE,FALSE,,,0,0,0.65,1.81,-0.89,-0.12,-0.01,0.35,-56.68,TRUE,Wings; centers excluded,Defensemen; centers excluded,TRUE,73,197,6,5,66,49,12.04,3.81,3.63,0.09,0.53,0.97
8478427,20242025,Sebastian Aho,95275,3,-0.49,-1.86,29.09,2.46,FALSE,TRUE,,blockedShotsPer60,0,0,-0.38,-2.72,-0.28,0.23,0.18,0.63,26.63,FALSE,Wings; centers excluded,Defensemen; centers excluded,TRUE,72,189,6,2,338,207,2.23,2.95,1.13,0,0.6,0.6
8478519,20242025,Anthony Cirelli,89714,3,-0.68,-2.48,23.18,0.82,FALSE,FALSE,,,0,0,-1.22,-2.49,0.51,-0.41,0.04,0.42,22.36,TRUE,Wings; centers excluded,Defensemen; centers excluded,TRUE,73,193,3,2,234,160,1,3.61,2.89,0,0.48,0.68
8478891,20242025,Mason Appleton,63181,3,-0.86,-3.21,17.73,0,FALSE,TRUE,,blockedShotsPer60,0,0,-0.43,-2.33,-0.34,-1.11,-0.09,0.23,17.73,FALSE,Wings; centers excluded,Defensemen; centers excluded,TRUE,74,196,1,1,149,107,4.33,6.32,1.65,0,0.46,0.57
8478904,20242025,Steven Lorentz,50654,3,-0.15,0.76,42.73,83.2,FALSE,FALSE,,,0,0,0.54,2.31,-0.13,-1.08,-0.56,-0.48,-40.47,TRUE,Wings; centers excluded,Defensemen; centers excluded,TRUE,76,219,1,1,112,76,14.14,5.47,3.91,0.07,0.14,0.36
8479291,20242025,Kevin Rooney,39550,3,0.29,0.49,60,77.05,FALSE,FALSE,,,0,0,0.11,0.32,0.2,-0.17,-0.02,0.35,-17.05,TRUE,Wings; centers excluded,Defensemen; centers excluded,TRUE,74,190,4,3,77,54,9.92,6.37,3.55,0,0.55,0.82
8479318,20242025,Auston Matthews,82298,3,-1.36,-0.3,9.55,36.89,FALSE,FALSE,,,0,0,-0.49,0.38,-0.45,-0.41,-0.42,-0.27,-27.34,TRUE,Wings; centers excluded,Defensemen; centers excluded,TRUE,75,215,8,7,388,261,1.97,1.66,3.89,0,0.31,0.57
8479992,20242025,Michael Rasmussen,61961,3,0.42,-0.82,64.55,18.03,FALSE,FALSE,,,0,0,0.16,0.98,1.04,-1,-0.78,-0.8,46.51,TRUE,Wings; centers excluded,Defensemen; centers excluded,TRUE,78,222,2,2,149,99,8.19,5.46,3.43,0.12,0.23,0.52
8480012,20242025,Elias Pettersson,71656,3,-0.3,-0.13,39.09,43.85,FALSE,FALSE,,,0,0,-0.71,-0.37,0.26,-0.37,0.15,0.62,-4.76,TRUE,Wings; centers excluded,Defensemen; centers excluded,TRUE,74,176,7,6,187,109,3.72,4.37,3.87,0,0.3,0.95
8480014,20242025,Gabriel Vilardi,77260,3,-1.18,-4.24,11.82,0,FALSE,FALSE,,,0,0,-1.67,-2.91,0.92,-1.04,-0.43,-0.29,11.82,TRUE,Wings; centers excluded,Defensemen; centers excluded,TRUE,75,216,2,2,187,130,0.98,3.96,2.33,0,0.14,0.7
8480144,20242025,David Kampf,43871,3,0.75,-0.48,82.73,29.51,FALSE,TRUE,,blockedShotsPer60,0,0,-0.07,-1.01,0.94,0.34,-0.12,0.19,53.22,FALSE,Wings; centers excluded,Defensemen; centers excluded,TRUE,74,198,8,5,68,45,4.1,3.94,2.13,0,0.49,0.49
8480355,20242025,Mark Kastelic,39294,3,1.73,2.75,95.91,97.95,FALSE,TRUE,,hitsPer60; fightsPer60; contactPenaltiesDrawnPer60,0,0,2.13,3.68,0.35,-0.16,-0.75,-0.76,-2.04,FALSE,Wings; centers excluded,Defensemen; centers excluded,TRUE,76,234,3,2,93,67,19.97,6.5,3.57,0.92,1.28,1.1
8480448,20242025,Parker Kelly,61170,3,0.35,1.66,61.82,95.49,FALSE,FALSE,,,0,0,0.36,1.12,-0.14,-0.03,0.13,0.58,-33.67,TRUE,Wings; centers excluded,Defensemen; centers excluded,TRUE,73,185,5,3,159,99,9.48,6.24,4.24,0.06,0.53,0.53
8480840,20242025,Oskar Bäck,51262,3,-1.22,-2.54,10.91,0.41,FALSE,FALSE,,,0,0,-1.18,-2.6,0.37,0.31,-0.41,-0.25,10.5,TRUE,Wings; centers excluded,Defensemen; centers excluded,TRUE,76,207,1,0,77,44,1.97,6.81,2.46,0,0.21,0.35
8480848,20242025,Ty Dellandrea,48162,3,-0.18,1.74,41.36,95.9,FALSE,FALSE,,,0,0,0.93,1.07,-1.15,0.23,0.04,0.44,-54.54,TRUE,Wings; centers excluded,Defensemen; centers excluded,TRUE,74,185,3,1,88,50,12.18,6.8,3.51,0.22,1.27,0.67
8480849,20242025,Barrett Hayton,79219,3,-0.22,-3.89,40.45,0,FALSE,TRUE,,blockedShotsPer60,0,0,-1.08,-3.22,0.9,-0.96,-0.05,0.29,40.45,FALSE,Wings; centers excluded,Defensemen; centers excluded,TRUE,73,200,3,3,246,155,1.41,4.77,2,0.05,0.55,0.73
8480880,20242025,Jakub Lauko,35999,3,1.32,2.38,92.27,97.13,FALSE,FALSE,,,0,0,1.38,2.82,-0.09,-0.86,0.04,0.42,-4.86,TRUE,Wings; centers excluded,Defensemen; centers excluded,TRUE,73,193,2,2,68,42,11.9,5.1,3.9,0.5,0.7,0.6
8481237,20242025,Kyle MacLean,48417,3,0.78,0.29,83.18,67.21,FALSE,TRUE,,blockedShotsPer60,0,0,0.44,0.52,0.26,-0.71,0.07,0.48,15.97,FALSE,Wings; centers excluded,Defensemen; centers excluded,TRUE,73,190,4,4,92,61,8.03,3.05,2.16,0,0.37,0.59
8481481,20242025,Blake Lizotte,45038,3,0.41,-0.01,64.55,50.82,FALSE,FALSE,,,0,0,0.14,-1.08,-0.35,-0.21,0.61,1.28,13.73,TRUE,Wings; centers excluded,Defensemen; centers excluded,TRUE,69,176,3,2,79,51,4.8,5.92,2.32,0,0.64,0.24
8481532,20242025,Alex Turcotte,47886,3,0.99,-1.33,89.09,7.38,FALSE,TRUE,,blockedShotsPer60,0,0,-0.09,-1.87,0.89,-0.11,0.2,0.65,81.71,FALSE,Wings; centers excluded,Defensemen; centers excluded,TRUE,71,195,2,1,121,79,3.46,7.52,2.26,0,0.6,0.08
8481556,20242025,John Beecher,52807,3,-0.88,0.49,16.36,77.05,FALSE,FALSE,,,0,0,0.23,0.84,-0.63,0.02,-0.48,-0.36,-60.69,TRUE,Wings; centers excluded,Defensemen; centers excluded,TRUE,75,220,6,4,79,44,5.79,4.98,4.84,0,0.82,0.48
8482074,20242025,Connor Zary,52080,3,-0.4,-2.36,34.55,0.82,FALSE,TRUE,,blockedShotsPer60,0,0,-1.34,-2.94,0.63,-0.26,0.31,0.84,33.73,FALSE,Wings; centers excluded,Defensemen; centers excluded,TRUE,72,178,3,2,161,111,1.8,4.98,1.8,0,0.14,0.62
8482691,20242025,Aatu Räty,21101,3,1.22,0.99,91.82,88.11,FALSE,TRUE,,blockedShotsPer60,0,0,1.17,0.43,0.25,0.49,-0.19,0.08,3.7,FALSE,Wings; centers excluded,Defensemen; centers excluded,FALSE,74,204,1,0,47,34,13.65,3.41,1.19,0,0.51,0.34
8482705,20242025,Cole Sillinger,66978,3,-0.58,-0.83,25.91,18.03,FALSE,TRUE,,blockedShotsPer60,0,0,-0.09,-1.32,-0.5,0.1,0.02,0.38,7.88,FALSE,Wings; centers excluded,Defensemen; centers excluded,TRUE,72,202,9,6,181,129,3.98,4.51,1.93,0.05,0.48,0.48
8483493,20242025,Frank Nazar,50471,3,-0.89,-2.46,16.36,0.82,FALSE,TRUE,,contactPenaltiesDrawnPer60,0,0,-1.02,-2.26,-0.22,-1.08,0.35,0.88,15.54,FALSE,Wings; centers excluded,Defensemen; centers excluded,TRUE,70,190,1,1,136,91,2.14,4.28,2.5,0,0.43,1
8483524,20242025,Shane Wright,66683,3,0.58,-0.46,74.55,30.74,FALSE,FALSE,,,0,0,-0.36,-0.66,0.8,-0.37,0.14,0.57,43.81,TRUE,Wings; centers excluded,Defensemen; centers excluded,TRUE,72,192,6,5,161,91,2.92,4.8,3.35,0,0.38,0.27
8483930,20242025,Ivan Ivan,24090,3,1.51,-2.56,95,0.41,TRUE,TRUE,contactPenaltiesDrawnPer60,blockedShotsPer60,0,0,0.06,-2.23,1.28,-0.94,0.16,0.61,94.59,FALSE,Wings; centers excluded,Defensemen; centers excluded,FALSE,72,190,1,1,50,34,1.79,3.59,1.34,0,0.6,0
8471215,20242025,Evgeni Malkin,72565,4,-1.01,-1.57,15,4.51,FALSE,FALSE,,,0,0,-0.98,-1.57,0.6,0.23,-0.62,-0.23,10.49,TRUE,Wings; centers excluded,Defensemen; centers excluded,TRUE,77,213,13,8,176,125,1.59,3.22,2.38,0,0.64,0.89
8471685,20242025,Anze Kopitar,92125,4,-1.58,-1.32,5,7.38,FALSE,FALSE,,,0,0,-1.28,-1.2,0.28,0.09,-0.58,-0.21,-2.38,TRUE,Wings; centers excluded,Defensemen; centers excluded,TRUE,75,225,12,7,146,98,1.21,1.88,2.62,0,0.08,0.35
8473533,20242025,Jordan Staal,69468,4,0.2,-0.27,56.82,38.52,FALSE,TRUE,,blockedShotsPer60,0,0,0.35,0.24,0.46,-0.28,-0.61,-0.23,18.29,FALSE,Wings; centers excluded,Defensemen; centers excluded,TRUE,76,220,3,2,158,107,7.15,3.06,2.23,0,0.31,0.36
8474564,20242025,Steven Stamkos,88559,4,-0.76,-0.76,20.91,20.08,FALSE,TRUE,,blockedShotsPer60,0,0,0.03,-0.64,-0.85,-0.33,0.06,0.21,0.83,FALSE,Wings; centers excluded,Defensemen; centers excluded,TRUE,73,193,3,2,258,174,2.68,2.07,1.87,0,0.81,0.41
8475151,20242025,Kyle Palmieri,91100,4,-0.82,-1.38,18.64,6.56,FALSE,TRUE,,blockedShotsPer60,0,0,-0.82,-1.56,-0.17,-0.1,0.17,0.28,12.08,FALSE,Wings; centers excluded,Defensemen; centers excluded,TRUE,72,192,7,4,278,169,2.13,3.91,1.9,0,0.32,0.51
8475168,20242025,Matt Duchene,84343,4,-0.72,-2.14,21.36,2.05,FALSE,TRUE,,blockedShotsPer60,0,0,-0.65,-2.18,-0.09,-0.13,0.02,0.17,19.31,FALSE,Wings; centers excluded,Defensemen; centers excluded,TRUE,71,211,7,5,223,152,1.24,2.52,0.9,0,0.21,0.21
8475172,20242025,Nazem Kadri,95226,4,-0.82,-1.79,18.64,2.46,FALSE,TRUE,,blockedShotsPer60,0,0,-0.64,-2.21,-0.45,0.08,0.27,0.34,16.18,FALSE,Wings; centers excluded,Defensemen; centers excluded,TRUE,72,185,12,7,393,279,2.08,4.61,1.13,0.08,0.53,1.06
8475343,20242025,Nic Dowd,74666,4,0.89,0.37,85.91,72.13,FALSE,FALSE,,,0,0,-0.21,0.08,1.18,0.16,-0.07,0.12,13.78,TRUE,Wings; centers excluded,Defensemen; centers excluded,TRUE,74,195,12,8,130,86,6.17,5.45,3.95,0,0.68,0.77
8475760,20242025,Nick Bjugstad,48773,4,-0.37,-0.65,35.91,21.72,FALSE,TRUE,,blockedShotsPer60,0,0,0.2,-0.16,0.1,-0.23,-0.68,-0.26,14.19,FALSE,Wings; centers excluded,Defensemen; centers excluded,TRUE,78,210,2,1,161,115,7.68,5.02,2.14,0,0.37,0.44
8476393,20242025,Nick Cousins,35708,4,0.78,-0.17,83.64,43.03,FALSE,TRUE,,contactPenaltiesTakenPer60; contactPenaltiesDrawnPer60,0,1,0.4,-0.01,0.09,-0.51,0.29,0.35,40.6,FALSE,Wings; centers excluded,Defensemen; centers excluded,TRUE,71,191,0,0,95,68,8.57,6.96,2.62,0.1,1.61,1.41
8476432,20242025,Boone Jenner,28058,4,-0.09,-0.17,45.91,43.03,FALSE,FALSE,,,0,0,-0.52,-0.25,0.62,0.04,-0.19,0.04,2.88,TRUE,Wings; centers excluded,Defensemen; centers excluded,FALSE,74,204,2,0,109,70,5.52,1.8,2.31,0,0,0.77
8476460,20242025,Mark Scheifele,100564,4,-0.29,-1.42,39.55,6.56,FALSE,TRUE,,blockedShotsPer60,0,0,-0.62,-1.33,0.66,-0.04,-0.33,-0.05,32.99,FALSE,Wings; centers excluded,Defensemen; centers excluded,TRUE,75,207,9,5,275,181,2.61,4.47,2.15,0.04,0.64,0.89
8476826,20242025,Yanni Gourde,54882,4,2.07,1.67,97.73,95.49,FALSE,FALSE,,,0,0,1.04,1,0.3,0.03,0.73,0.64,2.24,TRUE,Wings; centers excluded,Defensemen; centers excluded,TRUE,69,173,7,5,127,75,7.15,4.33,2.36,0.26,0.52,0.46
8476878,20242025,Zemgus Girgensons,57390,4,0.87,0.79,85,84.84,TRUE,FALSE,hitsReceivedPer60,,0,0,0.44,0.82,0.63,-0.07,-0.2,0.04,0.16,FALSE,Wings; centers excluded,Defensemen; centers excluded,TRUE,75,197,5,3,123,83,10.91,8.84,3.14,0.31,0.25,1.07
8476882,20242025,Teuvo Teravainen,83963,4,-1.68,-1.02,3.64,11.89,FALSE,TRUE,,blockedShotsPer60,0,0,-0.5,-1.51,-1.47,0.14,0.29,0.35,-8.25,FALSE,Wings; centers excluded,Defensemen; centers excluded,TRUE,71,191,11,5,163,111,1.16,1.59,1.24,0,0.26,0.13
8476927,20242025,Teddy Blueger,70441,4,-0.12,-0,44.55,51.23,FALSE,TRUE,,blockedShotsPer60,0,0,0.21,-0.04,-0.59,-0.31,0.27,0.34,-6.68,FALSE,Wings; centers excluded,Defensemen; centers excluded,TRUE,72,185,5,5,153,94,5.32,3.12,2.2,0.05,0.41,0.51
8476994,20242025,Vinnie Hinostroza,29678,4,0.53,-0.74,73.64,20.08,FALSE,TRUE,,blockedShotsPer60,0,0,-0.1,-1.11,0.13,-0.11,0.5,0.48,53.55,FALSE,Wings; centers excluded,Defensemen; centers excluded,FALSE,70,183,2,1,82,48,4.97,5.09,1.46,0,0.36,0.49
8477021,20242025,Alexander Kerfoot,74132,4,-0.72,-0.49,21.36,28.69,FALSE,FALSE,,,0,0,-1.06,-0.98,-0.03,0.09,0.37,0.4,-7.32,TRUE,Wings; centers excluded,Defensemen; centers excluded,TRUE,71,185,8,3,147,101,2.87,5.83,3.25,0,0.19,0.44
8477406,20242025,Mattias Janmark,63827,4,-0.46,-1.57,32.27,4.1,FALSE,TRUE,,blockedShotsPer60,0,0,-0.86,-1.6,0.61,-0,-0.21,0.03,28.17,FALSE,Wings; centers excluded,Defensemen; centers excluded,TRUE,74,205,6,3,84,51,2.54,4.91,1.97,0,0.34,0.62
8477409,20242025,Carter Verhaeghe,86844,4,-0.16,-1.13,42.73,9.43,FALSE,TRUE,,blockedShotsPer60,0,0,0.21,-1.24,-0.46,-0.12,0.09,0.23,33.3,FALSE,Wings; centers excluded,Defensemen; centers excluded,TRUE,74,183,5,2,349,242,3.94,4.68,1.16,0,0.7,0.33
8477429,20242025,Andrew Copp,49400,4,-0.88,-1.6,16.36,3.69,FALSE,FALSE,,,0,0,-1.18,-1.47,0.33,-0.27,-0.04,0.14,12.68,TRUE,Wings; centers excluded,Defensemen; centers excluded,TRUE,73,200,4,4,99,68,0.66,2.77,2.55,0,0.29,0.15
8477450,20242025,Jason Dickinson,55575,4,-0.86,0.73,17.73,83.2,FALSE,FALSE,,,0,0,0.28,0.67,-1,-0.01,-0.14,0.08,-65.47,TRUE,Wings; centers excluded,Defensemen; centers excluded,TRUE,74,200,6,4,94,56,6.61,5.12,3.43,0.13,0.39,0.45
8477492,20242025,Nathan MacKinnon,107989,4,-1.36,-1.56,9.09,4.51,FALSE,TRUE,,blockedShotsPer60,0,0,-0.96,-1.59,-0.46,-0.17,0.06,0.2,4.58,FALSE,Wings; centers excluded,Defensemen; centers excluded,TRUE,72,200,5,2,433,320,1.27,2.27,1.93,0.03,0.33,0.63
8477497,20242025,Sean Monahan,61608,4,-1.02,-0.89,15,15.98,FALSE,TRUE,,blockedShotsPer60,0,0,-0.48,-0.9,-0.32,-0.01,-0.22,0.02,-0.98,FALSE,Wings; centers excluded,Defensemen; centers excluded,TRUE,74,206,7,5,174,128,1.75,1.69,1.99,0,0.35,0.29
8477505,20242025,Alexander Wennberg,87120,4,-0.93,-1.07,15.45,9.43,FALSE,FALSE,,,0,0,-1.43,-1.36,0.51,0.12,-0,0.17,6.03,TRUE,Wings; centers excluded,Defensemen; centers excluded,TRUE,74,190,12,7,123,82,1.24,2.81,3.31,0,0.29,0.74
8477952,20242025,Robby Fabbri,42780,4,-0.35,-0.25,36.82,39.34,FALSE,FALSE,,,0,0,-0.04,-0.44,-0.68,-0.22,0.37,0.4,-2.53,TRUE,Wings; centers excluded,Defensemen; centers excluded,TRUE,71,185,4,4,88,65,4.88,4.21,2.44,0,0.76,0.67
8478440,20242025,Dylan Strome,85528,4,-0.98,-1.54,15.45,4.92,FALSE,TRUE,,blockedShotsPer60,0,0,-0.95,-1.4,0.31,-0.1,-0.34,-0.05,10.54,FALSE,Wings; centers excluded,Defensemen; centers excluded,TRUE,76,200,6,3,216,149,0.97,1.68,2.27,0,0.51,0.51
8478445,20242025,Mathew Barzal,36629,4,-1.59,-0.73,4.55,20.08,TRUE,FALSE,deflectionShare,,0,0,-0.59,-0.62,-1.15,-0.38,0.15,0.27,-15.54,FALSE,Wings; centers excluded,Defensemen; centers excluded,TRUE,73,186,2,2,116,78,2.36,1.67,2.36,0,0.2,0.39
8478449,20242025,Roope Hintz,77024,4,-0.74,-1.29,20.91,7.79,FALSE,TRUE,,blockedShotsPer60,0,0,-0.48,-1.06,0.21,-0.1,-0.47,-0.14,13.12,FALSE,Wings; centers excluded,Defensemen; centers excluded,TRUE,75,217,7,5,226,160,2.48,3.18,2.15,0,0.56,0.56
8478508,20242025,Yakov Trenin,57075,4,1.52,0.67,95.45,81.97,FALSE,TRUE,,blockedShotsPer60,0,0,1.11,0.7,0.56,-0.1,-0.15,0.07,13.49,FALSE,Wings; centers excluded,Defensemen; centers excluded,TRUE,74,201,4,2,141,85,15.2,5.8,2.02,0.13,0.76,0.88
8478585,20242025,Derek Ryan,20209,4,2.13,0.44,98.18,75.82,TRUE,FALSE,netFrontAttemptShare,,0,0,-0.25,0.01,1.91,-0.03,0.47,0.47,22.36,FALSE,Wings; centers excluded,Defensemen; centers excluded,FALSE,70,185,3,3,31,20,4.45,5.17,3.74,0,0.53,0.36
8479316,20242025,Luke Kunin,66107,4,0.71,2.07,81.82,97.13,FALSE,FALSE,,,0,0,1.14,1.91,-0.53,-0.08,0.1,0.23,-15.31,TRUE,Wings; centers excluded,Defensemen; centers excluded,TRUE,72,197,3,0,163,112,10.18,3.49,4.19,0.16,0.93,0.54
8479420,20242025,Tage Thompson,85529,4,-1.92,-1.62,3.18,3.69,FALSE,TRUE,,blockedShotsPer60,0,0,-0.09,-1.08,-1.01,-0.19,-0.82,-0.35,-0.51,FALSE,Wings; centers excluded,Defensemen; centers excluded,TRUE,78,220,2,0,355,242,2.95,2.9,1.3,0.04,0.29,0.34
8479987,20242025,Morgan Geekie,78172,4,-1.28,-1.16,10.45,9.02,FALSE,TRUE,,blockedShotsPer60,0,0,0.06,-1.05,-0.93,-0.02,-0.4,-0.09,1.44,FALSE,Wings; centers excluded,Defensemen; centers excluded,TRUE,75,212,8,5,229,150,5.07,5.02,1.34,0,0.37,0.37
8479996,20242025,Cody Glass,53257,4,-0.37,-1,35.91,12.7,FALSE,FALSE,,,0,0,-0.34,-0.63,0.23,-0.37,-0.25,0.01,23.2,TRUE,Wings; centers excluded,Defensemen; centers excluded,TRUE,75,201,3,3,140,91,3.58,4.53,2.57,0,0.47,0.41
8480011,20242025,Klim Kostin,22421,4,2.4,0.96,98.18,87.3,FALSE,TRUE,,hitsPer60; contactPenaltiesDrawnPer60,0,0,1.33,1.38,1.84,-0.08,-0.78,-0.34,10.89,FALSE,Wings; centers excluded,Defensemen; centers excluded,FALSE,76,232,1,0,42,28,17.82,4.82,2.73,0.16,1.28,1.45
8480064,20242025,Josh Norris,61644,4,1.25,0.22,91.82,62.3,FALSE,FALSE,,,0,0,0.51,0.51,0.83,-0.41,-0.08,0.11,29.52,TRUE,Wings; centers excluded,Defensemen; centers excluded,TRUE,74,196,3,3,141,96,7.88,2.86,2.74,0,0.82,0.7
8480289,20242025,Morgan Barron,46066,4,-0.45,-0.22,32.27,39.75,FALSE,FALSE,,,0,0,0.08,0.07,0.09,-0.07,-0.61,-0.23,-7.48,TRUE,Wings; centers excluded,Defensemen; centers excluded,TRUE,76,220,3,1,144,92,9.53,6.8,2.97,0,0.47,0.63
8480459,20242025,Pius Suter,84292,4,0.59,0.03,74.55,52.05,FALSE,TRUE,,blockedShotsPer60,0,0,0.04,-0.37,0,-0.12,0.55,0.52,22.5,FALSE,Wings; centers excluded,Defensemen; centers excluded,TRUE,71,172,4,1,195,138,2.52,1.84,1.84,0,0.34,0.09
8480806,20242025,Isac Lundeström,64214,4,0.06,-0.5,50.91,27.46,FALSE,FALSE,,,0,0,-0.76,-0.3,0.75,-0.42,0.07,0.21,23.45,TRUE,Wings; centers excluded,Defensemen; centers excluded,TRUE,73,192,3,3,90,60,2.69,3.03,3.81,0,0.28,0.45
8481019,20242025,David Gustafsson,19398,4,-0.55,-0.52,27.27,27.05,TRUE,FALSE,hitsReceivedPer60,,0,0,-0.46,-0.24,-0,-0.39,-0.08,0.11,0.22,FALSE,Wings; centers excluded,Defensemen; centers excluded,FALSE,74,196,1,1,46,30,3.53,9.65,3.34,0.19,0.19,0.19
8481533,20242025,Trevor Zegras,58274,4,-0.49,-0.07,29.09,46.72,FALSE,TRUE,,blockedShotsPer60,0,0,0.13,-0.4,-0.89,-0,0.27,0.34,-17.63,FALSE,Wings; centers excluded,Defensemen; centers excluded,TRUE,72,185,5,2,153,98,3.09,2.16,1.67,0.06,0.31,0.25
8482092,20242025,Ridly Greig,79934,4,0.55,-0.03,74.09,50,FALSE,TRUE,,blockedShotsPer60,0,0,0.3,-0.28,-0.04,-0.1,0.28,0.35,24.09,FALSE,Wings; centers excluded,Defensemen; centers excluded,TRUE,72,184,5,2,189,119,6.22,5.99,2.12,0.09,0.72,0.63
8482113,20242025,Anton Lundell,79217,4,-0.39,-0.05,35.45,48.36,FALSE,FALSE,,,0,0,0.01,-0.25,-0.42,0.02,0.02,0.18,-12.91,TRUE,Wings; centers excluded,Defensemen; centers excluded,TRUE,73,196,8,4,238,158,5,3.82,2.45,0,0.55,0.5
8482460,20242025,Matt Rempe,21439,4,2.41,1.43,98.18,94.26,TRUE,TRUE,height; weight; hitsReceivedPer60,height; weight; hitsPer60; contactPenaltiesTakenPer60,0,1,2.82,2.85,1.27,-0.51,-1.68,-0.92,3.92,FALSE,Wings; centers excluded,Defensemen; centers excluded,FALSE,81,261,0,0,48,30,19.65,8.9,2.35,0.67,2.02,1.01
8482660,20242025,Kent Johnson,70559,4,-1.19,-1.89,11.82,2.46,TRUE,TRUE,hitsPer60,hitsPer60; blockedShotsPer60,0,0,-1.3,-2.41,-0.36,0.04,0.47,0.48,9.36,FALSE,Wings; centers excluded,Defensemen; centers excluded,TRUE,72,170,7,3,180,123,0.15,2.3,1.48,0,0.31,0.1
8482702,20242025,Logan Stankoven,70627,4,-0.7,-1.61,22.27,3.69,FALSE,TRUE,,height; blockedShotsPer60,0,0,-1.35,-2.17,-0.29,-0.21,0.94,0.77,18.58,FALSE,Wings; centers excluded,Defensemen; centers excluded,TRUE,68,165,5,4,275,194,2.45,4.59,1.68,0,0.1,1.07
8483431,20242025,Logan Cooley,80376,4,-0.25,-1.44,40.45,6.15,FALSE,TRUE,,blockedShotsPer60,0,0,-0.49,-1.86,0.05,0.13,0.19,0.29,34.31,FALSE,Wings; centers excluded,Defensemen; centers excluded,TRUE,72,191,11,6,225,158,2.82,5.37,1.43,0,0.76,0.76
8474189,20242025,Lars Eller,63799,5,0.12,-0.61,52.73,22.95,FALSE,TRUE,,blockedShotsPer60,0,0,0.13,-0.54,0.08,-0.09,-0.09,0.02,29.78,FALSE,Wings; centers excluded,Defensemen; centers excluded,TRUE,74,207,6,4,148,104,3.22,5.81,1.97,0,0.79,0.62
8475158,20242025,Ryan O'Reilly,90005,5,-0.4,0.12,35,56.56,FALSE,FALSE,,,0,0,-0.51,-0.06,0.18,0.13,-0.06,0.05,-21.56,TRUE,Wings; centers excluded,Defensemen; centers excluded,TRUE,73,207,12,7,227,151,0.8,1.72,2.88,0.08,0.2,0.36
8475798,20242025,Mikael Granlund,96860,5,-0.41,-0.39,33.64,32.38,FALSE,TRUE,,blockedShotsPer60,0,0,-0.14,-0.43,-0.35,-0.19,0.08,0.23,1.26,FALSE,Wings; centers excluded,Defensemen; centers excluded,TRUE,70,193,6,3,243,169,2.12,3.94,2.23,0,0.48,0.45
8475842,20242025,Sam Carrick,57273,5,0.73,1.04,82.27,89.34,FALSE,FALSE,,,0,0,0.56,0.91,0.18,0.02,-0.01,0.11,-7.07,TRUE,Wings; centers excluded,Defensemen; centers excluded,TRUE,72,202,8,7,124,84,8.61,4.59,2.64,0.25,0.94,0.44
8476392,20242025,Adam Lowry,67576,5,0.29,0.67,60,81.97,FALSE,FALSE,,,0,0,0.13,0.89,0.35,-0.11,-0.19,-0.1,-21.97,TRUE,Wings; centers excluded,Defensemen; centers excluded,TRUE,77,210,6,4,163,99,7.46,4.69,3.2,0.21,0.11,0.27
8476448,20242025,William Karlsson,54105,5,-0.42,-0.3,33.64,36.48,FALSE,FALSE,,,0,0,-0.46,-0.59,0.01,0.12,0.03,0.17,-2.84,TRUE,Wings; centers excluded,Defensemen; centers excluded,TRUE,72,190,7,4,182,119,1.33,4.39,2.46,0,0.07,0.47
8476454,20242025,Ryan Nugent-Hopkins,88793,5,-0.14,-0.43,43.18,31.15,FALSE,TRUE,,blockedShotsPer60,0,0,-0.45,-0.52,0.31,-0.04,-0,0.13,12.03,FALSE,Wings; centers excluded,Defensemen; centers excluded,TRUE,73,192,8,4,231,164,1.05,2.35,1.95,0,0.36,0.24
8476461,20242025,Sean Couturier,81972,5,-0.14,-0.5,43.18,27.46,FALSE,TRUE,,blockedShotsPer60,0,0,-0.06,-0.21,0.08,-0.22,-0.16,-0.07,15.72,FALSE,Wings; centers excluded,Defensemen; centers excluded,TRUE,76,210,7,6,206,155,2.37,3.16,1.98,0.04,0.7,0.48
8476479,20242025,Phillip Danault,84832,5,0,0.38,47.73,72.95,FALSE,FALSE,,,0,0,-0.06,0.28,0.1,0.01,-0.03,0.09,-25.22,TRUE,Wings; centers excluded,Defensemen; centers excluded,TRUE,73,200,10,7,183,123,3.52,2.33,3.1,0,0.51,0.47
8476925,20242025,Colton Sissons,62031,5,0.6,0.78,75,84.84,FALSE,FALSE,,,0,0,0.11,0.45,0.52,0.24,-0.03,0.09,-9.84,TRUE,Wings; centers excluded,Defensemen; centers excluded,TRUE,73,200,11,8,122,80,5.8,3.66,3.89,0,0.41,0.41
8477380,20242025,Jonny Brodzinski,35726,5,-0.56,-0.51,26.36,27.05,FALSE,TRUE,,blockedShotsPer60,0,0,-0.32,-0.14,-0.21,-0.46,-0.03,0.09,-0.69,FALSE,Wings; centers excluded,Defensemen; centers excluded,TRUE,72,206,2,2,108,73,2.72,2.82,1.91,0,0.2,0.4
8477404,20242025,Jake Guentzel,95965,5,0.1,-0.92,51.82,14.75,FALSE,TRUE,,blockedShotsPer60,0,0,-0.36,-0.77,0.34,-0.42,0.12,0.28,37.06,FALSE,Wings; centers excluded,Defensemen; centers excluded,TRUE,71,176,6,6,298,217,1.05,3.98,1.95,0,0.34,0.56
8477500,20242025,Bo Horvat,98043,5,-0.64,-0.37,25.45,33.61,FALSE,TRUE,,blockedShotsPer60,0,0,-0.32,-0.01,-0.19,-0.32,-0.13,-0.04,-8.15,FALSE,Wings; centers excluded,Defensemen; centers excluded,TRUE,73,225,4,2,360,243,3.67,2.46,1.47,0,0.18,0.4
8477508,20242025,Curtis Lazar,30433,5,0.96,0.34,87.73,70.9,FALSE,TRUE,,blockedShotsPer60,0,0,0.34,0.4,0.64,-0.17,-0.02,0.11,16.83,FALSE,Wings; centers excluded,Defensemen; centers excluded,TRUE,72,203,2,1,40,27,12.66,5.32,2.01,0,0.47,0.83
8477919,20242025,Freddy Gaudreau,77055,5,-0.57,0.27,26.36,65.98,FALSE,FALSE,,,0,0,-0.39,-0.04,-0.23,0.11,0.06,0.2,-39.62,TRUE,Wings; centers excluded,Defensemen; centers excluded,TRUE,72,184,9,4,153,110,2.2,2.62,2.85,0,0.14,0.19
8477933,20242025,Sam Reinhart,97181,5,-0.19,0.09,41.36,55.33,FALSE,TRUE,,blockedShotsPer60,0,0,-0.16,-0.04,-0.01,0.03,-0.02,0.11,-13.96,FALSE,Wings; centers excluded,Defensemen; centers excluded,TRUE,73,196,9,3,334,213,3.82,3.78,2.3,0,0.22,0.41
8477946,20242025,Dylan Larkin,98748,5,-0.58,-0.25,26.36,39.34,FALSE,TRUE,,blockedShotsPer60,0,0,-0.38,-0.46,-0.14,0.14,-0.05,0.07,-12.98,FALSE,Wings; centers excluded,Defensemen; centers excluded,TRUE,73,204,15,11,347,234,1.6,2.19,1.2,0,0.4,0.87
8478010,20242025,Brayden Point,89994,5,-0.14,-0.61,43.18,22.95,FALSE,TRUE,,blockedShotsPer60,0,0,-0.65,-0.43,0.4,-0.46,0.11,0.27,20.23,FALSE,Wings; centers excluded,Defensemen; centers excluded,TRUE,71,177,5,5,275,189,1.04,2.52,1.8,0.04,0.04,0.32
8478057,20242025,Dakota Joshua,44326,5,0.99,0.71,88.18,82.79,TRUE,FALSE,netFrontAttemptShare,,0,0,0.54,0.92,0.61,-0.14,-0.16,-0.07,5.39,FALSE,Wings; centers excluded,Defensemen; centers excluded,TRUE,75,218,4,3,84,52,15.67,5.44,2.36,0.16,0.57,0.32
8478133,20242025,Jake Evans,76524,5,-0.14,0.2,43.18,62.3,FALSE,FALSE,,,0,0,0.02,0.05,-0.18,-0.03,0.03,0.17,-19.11,TRUE,Wings; centers excluded,Defensemen; centers excluded,TRUE,72,190,9,7,128,80,5.83,5.83,2.82,0,0.14,0.66
8478146,20242025,Matthew Highmore,27466,5,0.15,-0.32,54.09,35.66,FALSE,FALSE,,,0,0,0.24,0.06,-0.14,-0.58,0.05,0.2,18.44,TRUE,Wings; centers excluded,Defensemen; centers excluded,FALSE,71,192,1,1,53,33,6.55,5.5,2.49,0,0.52,0.92
8478403,20242025,Jack Eichel,94865,5,-0.94,-0.45,15.45,30.74,FALSE,TRUE,,blockedShotsPer60,0,0,-0.6,-0.49,-0.24,0.03,-0.1,0.01,-15.28,FALSE,Wings; centers excluded,Defensemen; centers excluded,TRUE,74,208,13,11,305,233,0.83,2.24,2.09,0,0.15,0.42
8478493,20242025,Joel Eriksson Ek,54555,5,0.08,0.23,50.91,63.52,FALSE,FALSE,,,0,0,0.05,0.2,0.15,0.05,-0.12,-0.02,-12.62,TRUE,Wings; centers excluded,Defensemen; centers excluded,TRUE,75,207,7,5,187,140,5.41,3.7,2.38,0,0.4,0.86
8478831,20242025,Kevin Stenlund,70607,5,-0.32,-0.06,37.27,47.13,FALSE,FALSE,,,0,0,0.02,-0.13,-0.21,0.11,-0.14,-0.05,-9.86,TRUE,Wings; centers excluded,Defensemen; centers excluded,TRUE,75,213,9,5,151,102,2.55,3.82,3.26,0,0.66,0.71
8479351,20242025,Sam Steel,67025,5,-0.08,-0.59,45.91,23.77,FALSE,TRUE,,blockedShotsPer60,0,0,-0,-0.43,-0.13,-0.36,0.05,0.2,22.14,FALSE,Wings; centers excluded,Defensemen; centers excluded,TRUE,72,185,3,2,124,89,3.22,5.1,1.4,0.05,0.48,0.75
8479591,20242025,Michael Eyssimont,49036,5,0.8,0.29,83.64,67.21,TRUE,TRUE,hitsReceivedPer60; contactPenaltiesTakenPer60,blockedShotsPer60; contactPenaltiesTakenPer60,0,0,0.75,0.14,0.04,-0,0.01,0.15,16.42,FALSE,Wings; centers excluded,Defensemen; centers excluded,TRUE,72,195,4,1,201,142,8.08,8.44,1.69,0.22,1.54,1.03
8480002,20242025,Nico Hischier,91746,5,-0.03,-0.28,45.91,37.7,FALSE,FALSE,,,0,0,-0.28,-0.34,0.29,-0.02,-0.03,0.09,8.2,TRUE,Wings; centers excluded,Defensemen; centers excluded,TRUE,73,200,9,5,268,187,1.73,3.41,2.35,0,0.27,1.06
8480018,20242025,Nick Suzuki,98698,5,-0.48,-0.22,29.09,39.75,FALSE,FALSE,,,0,0,-0.36,-0.2,-0.11,-0.14,-0,0.12,-10.66,TRUE,Wings; centers excluded,Defensemen; centers excluded,TRUE,71,207,6,2,256,172,2.3,3.54,2.59,0,0.11,0.33
8480028,20242025,Morgan Frost,76571,5,0.16,0.42,54.09,75.41,FALSE,FALSE,,,0,0,-0.15,0.16,0.29,0.11,0.02,0.16,-21.32,TRUE,Wings; centers excluded,Defensemen; centers excluded,TRUE,72,193,11,8,205,144,3.24,2.54,2.82,0,0.38,0.38
8480039,20242025,Martin Necas,90053,5,-0.77,-0.79,20.45,19.26,FALSE,TRUE,,blockedShotsPer60,0,0,-0.33,-0.7,-0.36,-0.13,-0.07,0.04,1.19,FALSE,Wings; centers excluded,Defensemen; centers excluded,TRUE,75,195,7,4,295,194,2.48,4.4,0.92,0,0.2,0.84
8480802,20242025,Ryan McLeod,79759,5,-0.63,-0.64,25.45,22.13,FALSE,TRUE,,blockedShotsPer60,0,0,-0.5,-0.85,-0.02,0.21,-0.11,-0,3.32,FALSE,Wings; centers excluded,Defensemen; centers excluded,TRUE,75,204,14,11,153,97,0.77,3.11,1.58,0,0.32,0.36
8480813,20242025,Joseph Veleno,53805,5,0.04,0.51,48.64,77.46,FALSE,FALSE,,,0,0,0.26,0.55,-0.18,-0.12,-0.04,0.08,-28.82,TRUE,Wings; centers excluded,Defensemen; centers excluded,TRUE,73,201,4,2,106,75,9.3,5.09,2.94,0.07,0.33,0.33
8480855,20242025,Jack McBain,66779,5,0.96,1.45,88.18,94.26,FALSE,FALSE,,,0,0,0.83,1.51,0.33,0.05,-0.2,-0.11,-6.08,TRUE,Wings; centers excluded,Defensemen; centers excluded,TRUE,76,219,8,5,145,90,15.69,6.31,2.7,0.43,0.7,0.38
8480980,20242025,Connor Dewar,33286,5,0.71,1.18,81.82,90.98,FALSE,FALSE,,,0,0,0.46,1.36,0.15,-0.44,0.1,0.26,-9.17,TRUE,Wings; centers excluded,Defensemen; centers excluded,TRUE,70,187,2,2,72,55,13.95,5.19,4,0.22,0.22,0.76
8481028,20242025,Martin Pospisil,67107,5,0.77,0.96,82.73,87.3,FALSE,TRUE,,blockedShotsPer60,0,0,0.56,0.93,0.17,-0.16,0.04,0.19,-4.57,FALSE,Wings; centers excluded,Defensemen; centers excluded,TRUE,74,173,5,3,173,114,16.15,4.02,1.39,0.16,0.91,0.91
8481559,20242025,Jack Hughes,77751,5,-0.88,-0.76,16.82,20.08,FALSE,TRUE,,blockedShotsPer60,0,0,-0.76,-0.83,-0.24,-0.21,0.12,0.28,-3.26,FALSE,Wings; centers excluded,Defensemen; centers excluded,TRUE,71,175,8,8,321,229,0.32,1.85,1.34,0,0.19,0.51
8482110,20242025,Dawson Mercer,87987,5,0.01,-0.5,47.73,27.46,FALSE,FALSE,,,0,0,-0.34,-0.46,0.28,-0.26,0.07,0.22,20.27,TRUE,Wings; centers excluded,Defensemen; centers excluded,TRUE,72,180,5,3,207,141,1.68,3.68,2.45,0,0.25,0.12
8482145,20242025,Mavrik Bourque,55556,5,-0.14,-0.45,43.18,31.15,FALSE,FALSE,,,0,0,-0.07,-0.53,-0.14,-0.13,0.07,0.22,12.03,TRUE,Wings; centers excluded,Defensemen; centers excluded,TRUE,71,187,4,2,129,80,2.98,6.87,2.4,0,0.19,0.84
8482149,20242025,Cole Perfetti,74720,5,-0.04,-0.09,45.91,45.08,FALSE,TRUE,,blockedShotsPer60,0,0,-0.09,-0.19,-0.03,-0.13,0.08,0.23,0.83,FALSE,Wings; centers excluded,Defensemen; centers excluded,TRUE,71,185,5,2,224,143,3.42,4,2.17,0,0.39,0.39
8482177,20242025,Marat Khusnutdinov,54383,5,-0.07,-0.24,45.91,39.34,TRUE,FALSE,contactPenaltiesDrawnPer60,,0,0,0.03,-0.14,-0.19,-0.34,0.09,0.24,6.56,FALSE,Wings; centers excluded,Defensemen; centers excluded,TRUE,71,184,2,1,66,41,3.64,4.57,3.11,0,0.53,0.07
8482259,20242025,Bobby McMann,64365,5,0.04,-0.03,48.64,50,FALSE,TRUE,,blockedShotsPer60,0,0,0.09,0.24,0.08,-0.23,-0.13,-0.03,-1.36,FALSE,Wings; centers excluded,Defensemen; centers excluded,TRUE,74,217,2,0,235,169,7.61,3.64,1.29,0.06,0.45,0.39
8482745,20242025,Mason McTavish,76953,5,-0.22,-0.19,40.45,41.39,FALSE,TRUE,,blockedShotsPer60,0,0,-0.1,-0.06,-0.01,-0.12,-0.11,-0.01,-0.94,FALSE,Wings; centers excluded,Defensemen; centers excluded,TRUE,73,219,7,5,279,180,3.27,2.2,1.45,0,0.65,0.89
8482768,20242025,Fedor Svechkov,40201,5,0,-0.52,47.27,27.05,FALSE,TRUE,,blockedShotsPer60,0,0,0.02,-0.44,-0.07,-0.26,0.05,0.19,20.22,FALSE,Wings; centers excluded,Defensemen; centers excluded,TRUE,72,187,2,1,106,64,2.87,4.93,2.15,0,0.63,0.54
8483464,20242025,Marco Kasper,71383,5,0.51,0.02,71.36,52.05,FALSE,FALSE,,,0,0,0.23,0.32,0.32,-0.38,-0.04,0.08,19.31,TRUE,Wings; centers excluded,Defensemen; centers excluded,TRUE,73,202,5,5,207,145,7.87,4.09,2.42,0,0.61,0.5
8484153,20242025,Leo Carlsson,74056,5,-0.5,-0.47,29.09,29.92,FALSE,TRUE,,blockedShotsPer60,0,0,-0.54,-0.39,0.16,-0.06,-0.12,-0.02,-0.83,FALSE,Wings; centers excluded,Defensemen; centers excluded,TRUE,75,208,5,1,175,114,1.17,1.85,1.75,0,0.24,0.34
8484801,20242025,Macklin Celebrini,83110,5,-0.56,-0.3,26.36,36.48,FALSE,TRUE,,blockedShotsPer60,0,0,-0.21,-0.4,-0.38,-0.08,0.03,0.17,-10.11,FALSE,Wings; centers excluded,Defensemen; centers excluded,TRUE,72,190,10,9,353,236,1.6,3.25,2.3,0,0.48,0.95
