model,referencePopulation,season,seasonId,rank,playerId,player,heightInches,weightPounds,minutes,listedSize,xS,CSAx,referencePercentile,directContribution,indirectContribution,frameAdjustment
Defensemen,Defensemen,2021–22,20212022,1,8474697,Mark Borowiecki,74,204,747.25,0.04,1.18,3.25,99.79,3.21,0.08,-0.04
Defensemen,Defensemen,2021–22,20212022,2,8475462,Radko Gudas,72,208,1387.2,-0.3,1.06,3.06,99.38,2.63,0.32,0.11
Defensemen,Defensemen,2021–22,20212022,3,8477335,Kyle Burroughs,72,193,543.33,-0.82,0.92,2.96,98.96,2.63,0.04,0.28
Defensemen,Defensemen,2021–22,20212022,4,8477346,MacKenzie Weegar,72,206,1869.8,-0.37,0.83,2.5,98.55,0.91,1.4,0.19
Defensemen,Defensemen,2021–22,20212022,5,8479458,Nikita Zaitsev,74,192,1177.38,-0.37,0.8,2.41,98.13,2.14,0.07,0.2
Defensemen,Defensemen,2021–22,20212022,6,8478467,Nicolas Meloche,75,203,843.78,0.25,0.89,2.35,97.72,1.88,0.61,-0.14
Defensemen,Defensemen,2021–22,20212022,7,8478136,Jacob Middleton,75,219,1233.17,0.81,0.87,2.03,96.89,1.86,0.56,-0.39
Defensemen,Defensemen,2021–22,20212022,8,8474013,Ian Cole,73,237,1286.4,0.96,0.88,1.94,96.47,1.89,0.5,-0.45
Defensemen,Defensemen,2021–22,20212022,9,8475177,Calvin de Haan,73,192,1308,-0.62,0.59,1.77,95.64,1.28,0.1,0.39
Defensemen,Defensemen,2021–22,20212022,10,8477498,Darnell Nurse,76,215,1778.45,0.91,0.83,1.63,94.81,1.85,0.16,-0.39
Defensemen,Defensemen,2021–22,20212022,11,8479578,Casey Fitzgerald,71,188,607.5,-1.24,0.41,1.58,94.4,0.4,0.47,0.71
Defensemen,Defensemen,2021–22,20212022,12,8478476,Kyle Capobianco,75,194,720.17,-0.06,0.62,1.55,93.98,0.86,0.59,0.11
Defensemen,Defensemen,2021–22,20212022,13,8476312,Josh Manson,75,218,1271.5,0.77,0.68,1.47,93.57,1.33,0.51,-0.37
Defensemen,Defensemen,2021–22,20212022,14,8476856,Mathew Dumba,72,191,1317,-0.89,0.42,1.43,93.15,1.01,-0.11,0.53
Defensemen,Defensemen,2021–22,20212022,15,8479983,Mario Ferraro,71,200,1449.2,-0.82,0.38,1.39,92.74,0.59,0.44,0.36
Defensemen,Defensemen,2021–22,20212022,16,8471724,Kris Letang,72,199,2010.63,-0.61,0.37,1.36,92.32,0.12,0.92,0.32
Defensemen,Defensemen,2021–22,20212022,17,8478452,Caleb Jones,73,184,852.93,-0.9,0.29,1.29,91.91,0.15,0.66,0.47
Defensemen,Defensemen,2021–22,20212022,18,8474568,Luke Schenn,74,225,1135.85,0.78,0.54,1.28,91.49,2.02,-0.37,-0.37
Defensemen,Defensemen,2021–22,20212022,19,8475455,Brenden Dillon,76,225,1487.78,1.26,0.77,1.28,91.08,1.91,-0.06,-0.56
Defensemen,Defensemen,2021–22,20212022,20,8475188,Brayden McNabb,76,215,1359.3,0.91,0.62,1.23,90.66,1.14,0.53,-0.43
Defensemen,Defensemen,2021–22,20212022,21,8477369,Carson Soucy,76,211,1130.23,0.77,0.51,1.21,90.25,1.35,0.22,-0.36
Defensemen,Defensemen,2021–22,20212022,22,8478468,Jeremy Lauzon,75,225,1166.32,1.02,0.59,1.2,89.83,1.74,-0.06,-0.48
Defensemen,Defensemen,2021–22,20212022,23,8476792,Torey Krug,69,194,1315.82,-1.51,0.22,1.2,89.42,0.41,-0.06,0.85
Defensemen,Defensemen,2021–22,20212022,24,8479324,Ryan Lindgren,72,194,1567.83,-0.79,0.26,1.15,89,0.7,0.03,0.42
Defensemen,Defensemen,2021–22,20212022,25,8474567,Zach Bogosian,75,231,737.4,1.23,0.61,1.14,88.59,1.78,-0.06,-0.58
Defensemen,Defensemen,2021–22,20212022,26,8480950,Ilya Lyubushkin,74,206,1344.23,0.11,0.43,1.13,88.17,1.27,-0.08,-0.06
Defensemen,Defensemen,2021–22,20212022,27,8470281,Duncan Keith,73,192,1262.52,-0.62,0.27,1.1,87.76,-0.61,1.39,0.33
Defensemen,Defensemen,2021–22,20212022,28,8480434,Sean Durzi,73,196,1254.05,-0.48,0.3,1.1,87.34,0.38,0.47,0.25
Defensemen,Defensemen,2021–22,20212022,29,8481014,Alexander Romanov,73,220,1611.15,0.36,0.46,1.09,86.93,1.26,0.02,-0.19
Defensemen,Defensemen,2021–22,20212022,30,8479523,Lucas Carlsson,72,190,508.45,-0.93,0.28,1.06,86.51,0.82,-0.31,0.55
Defensemen,Defensemen,2021–22,20212022,31,8478859,Niko Mikkola,78,204,916.8,1.01,0.54,1.05,86.1,1.69,-0.16,-0.48
Defensemen,Defensemen,2021–22,20212022,32,8476917,Adam Pelech,75,212,1659.92,0.57,0.54,1.03,85.68,0.59,0.65,-0.21
Defensemen,Defensemen,2021–22,20212022,33,8476429,Scott Mayfield,76,215,1205.82,0.91,0.51,1.02,85.27,1.4,0.05,-0.44
Defensemen,Defensemen,2021–22,20212022,34,8477365,Connor Clifton,72,196,963.85,-0.72,0.26,1.02,84.85,0.23,0.47,0.32
Defensemen,Defensemen,2021–22,20212022,35,8476473,Connor Murphy,76,212,1240.47,0.81,0.43,0.96,84.44,1.27,0.07,-0.38
Defensemen,Defensemen,2021–22,20212022,36,8480145,Neal Pionk,72,190,1627.7,-0.93,0.17,0.93,84.02,0.48,0.05,0.39
Defensemen,Defensemen,2021–22,20212022,37,8479945,Gavin Bayreuther,74,210,561.42,0.25,0.38,0.92,83.61,0.54,0.51,-0.14
Defensemen,Defensemen,2021–22,20212022,38,8473446,Erik Johnson,76,225,1330.38,1.26,0.47,0.9,83.2,1.08,0.38,-0.56
Defensemen,Defensemen,2021–22,20212022,39,8477969,Marcus Pettersson,77,174,1127.17,-0.28,0.29,0.89,82.78,0.47,0.3,0.11
Defensemen,Defensemen,2021–22,20212022,40,8471873,Anton Stralman,71,193,1579.07,-1.06,0.19,0.88,82.37,-0.2,0.46,0.62
Defensemen,Defensemen,2021–22,20212022,41,8478062,Dysin Mayo,72,190,1401.37,-0.93,0.14,0.88,81.95,0.69,-0.13,0.32
Defensemen,Defensemen,2021–22,20212022,42,8474612,Travis Hamonic,73,193,810.37,-0.58,0.21,0.86,81.54,1.12,-0.5,0.24
Defensemen,Defensemen,2021–22,20212022,43,8481609,Vladislav Kolyachonok,74,198,507.12,-0.17,0.34,0.86,81.12,0.46,0.24,0.16
Defensemen,Defensemen,2021–22,20212022,44,8477384,Joshua Brown,77,220,739.27,1.33,0.62,0.84,80.71,1.25,0.19,-0.6
Defensemen,Defensemen,2021–22,20212022,45,8479388,Riley Stillman,74,207,783.25,0.15,0.29,0.84,80.29,0.95,-0,-0.11
Defensemen,Defensemen,2021–22,20212022,46,8476885,Jacob Trouba,75,212,1816.93,0.57,0.4,0.83,79.88,1.46,-0.32,-0.3
Defensemen,Defensemen,2021–22,20212022,47,8475279,Ben Chiarot,75,222,1691.15,0.91,0.47,0.83,79.46,1.4,-0.14,-0.43
Defensemen,Defensemen,2021–22,20212022,48,8476931,Jake McCabe,73,210,1523.05,0.01,0.36,0.81,79.05,0.98,-0.24,0.07
Defensemen,Defensemen,2021–22,20212022,49,8474145,Robert Bortuzzo,76,206,1002.75,0.6,0.46,0.8,78.63,1.63,-0.61,-0.22
Defensemen,Defensemen,2021–22,20212022,50,8474818,Jordie Benn,74,201,584.2,-0.06,0.26,0.78,78.22,0.85,-0.08,0
Defensemen,Defensemen,2021–22,20212022,51,8478882,Vladislav Gavrikov,75,210,1782.97,0.5,0.37,0.75,77.8,0.98,0.01,-0.24
Defensemen,Defensemen,2021–22,20212022,52,8477504,Josh Morrissey,72,195,1869.03,-0.75,0.13,0.73,77.39,0.29,0.13,0.31
Defensemen,Defensemen,2021–22,20212022,53,8476422,Mike Reilly,74,191,1327.02,-0.41,0.21,0.72,76.97,0.41,0.14,0.17
Defensemen,Defensemen,2021–22,20212022,54,8481524,Bowen Byram,73,205,564.23,-0.16,0.22,0.7,76.56,0.11,0.5,0.08
Defensemen,Defensemen,2021–22,20212022,55,8476331,Dylan DeMelo,73,194,1405.93,-0.55,0.22,0.7,76.14,0.49,-0.14,0.36
Defensemen,Defensemen,2021–22,20212022,56,8477462,Robert Hagg,74,210,1025.23,0.25,0.25,0.7,75.73,1.5,-0.64,-0.16
Defensemen,Defensemen,2021–22,20212022,57,8482245,Artem Zub,75,201,1704.23,0.18,0.24,0.7,75.31,1.03,-0.2,-0.13
Defensemen,Defensemen,2021–22,20212022,58,8478851,Alexandre Carrier,71,174,1615.55,-1.73,-0.05,0.68,74.9,0.12,-0.08,0.64
Defensemen,Defensemen,2021–22,20212022,59,8479378,Logan Stanley,79,231,907.42,2.19,0.6,0.68,74.48,1.73,-0.04,-1.01
Defensemen,Defensemen,2021–22,20212022,60,8474031,Kevin Shattenkirk,72,203,1756.2,-0.47,0.16,0.68,74.07,0.08,0.41,0.19
Defensemen,Defensemen,2021–22,20212022,61,8474090,Brendan Smith,74,200,626.32,-0.1,0.29,0.66,73.65,0.46,0.07,0.13
Defensemen,Defensemen,2021–22,20212022,62,8479639,Dylan Coghlan,74,205,837.82,0.08,0.24,0.65,73.24,0.5,0.21,-0.06
Defensemen,Defensemen,2021–22,20212022,63,8476457,Adam Larsson,75,207,1826.75,0.39,0.25,0.63,72.41,0.8,0.05,-0.21
Defensemen,Defensemen,2021–22,20212022,64,8481122,Simon Benoit,76,210,746.9,0.74,0.29,0.61,71.99,1.2,-0.23,-0.35
Defensemen,Defensemen,2021–22,20212022,65,8477244,Chad Ruhwedel,71,189,1195.78,-1.2,-0,0.6,71.58,0.33,-0.16,0.43
Defensemen,Defensemen,2021–22,20212022,66,8475200,Dmitry Orlov,71,215,1593.17,-0.3,0.16,0.55,70.75,0.11,0.32,0.12
Defensemen,Defensemen,2021–22,20212022,67,8479369,Andrew Peeke,75,214,1761.08,0.63,0.31,0.54,70.33,1.52,-0.64,-0.34
Defensemen,Defensemen,2021–22,20212022,68,8476923,Damon Severson,74,204,1888.38,0.04,0.19,0.52,69.92,0.2,0.36,-0.04
Defensemen,Defensemen,2021–22,20212022,69,8478840,William Borgen,75,199,550.2,0.11,0.19,0.5,69.5,0.78,-0.22,-0.06
Defensemen,Defensemen,2021–22,20212022,70,8478038,Devon Toews,73,191,1674.37,-0.65,0.11,0.47,68.67,-0.48,0.54,0.41
Defensemen,Defensemen,2021–22,20212022,71,8477215,Danny DeKeyser,75,183,1091.75,-0.45,0.08,0.47,68.26,0.93,-0.64,0.18
Defensemen,Defensemen,2021–22,20212022,72,8479372,Josh Mahura,72,193,534.3,-0.82,0.02,0.41,67.43,0.24,-0.2,0.36
Defensemen,Defensemen,2021–22,20212022,73,8475753,Justin Faulk,72,208,1762.67,-0.3,0.09,0.35,67.01,-0.04,0.28,0.12
Defensemen,Defensemen,2021–22,20212022,74,8477938,Haydn Fleury,76,207,586.17,0.63,0.17,0.32,66.6,0.82,-0.19,-0.31
Defensemen,Defensemen,2021–22,20212022,75,8480796,Martin Fehervary,74,215,1552.58,0.43,0.17,0.31,66.18,0.87,-0.34,-0.22
Defensemen,Defensemen,2021–22,20212022,76,8479410,Mikhail Sergachev,75,212,1752.57,0.57,0.15,0.3,65.77,0.61,-0.03,-0.28
Defensemen,Defensemen,2021–22,20212022,77,8479398,Samuel Girard,70,170,1450.23,-2.11,-0.26,0.28,65.35,-0.67,0.02,0.93
Defensemen,Defensemen,2021–22,20212022,78,8478416,Erik Cernak,76,230,1053.42,1.44,0.27,0.27,64.94,0.74,0.16,-0.63
Defensemen,Defensemen,2021–22,20212022,79,8476467,Jamieson Oleksiak,79,252,1391.97,2.93,0.65,0.26,64.11,1.51,0.31,-1.56
Defensemen,Defensemen,2021–22,20212022,80,8476875,Mike Matheson,74,196,1391.13,-0.24,0.04,0.25,63.69,-0.45,0.62,0.08
Defensemen,Defensemen,2021–22,20212022,81,8475825,Jani Hakanpää,79,225,1296.67,1.99,0.44,0.25,63.28,1.55,-0.37,-0.93
Defensemen,Defensemen,2021–22,20212022,82,8480727,Zach Whitecloud,74,210,1108.87,0.25,0.08,0.25,62.86,0.45,-0.05,-0.16
Defensemen,Defensemen,2021–22,20212022,83,8480817,K'Andre Miller,77,210,1689.85,0.98,0.19,0.24,62.45,0.34,0.35,-0.45
Defensemen,Defensemen,2021–22,20212022,84,8475246,Kevin Connauton,74,205,509.98,0.08,0.05,0.23,61.62,0.52,-0.21,-0.09
Defensemen,Defensemen,2021–22,20212022,85,8480803,Evan Bouchard,75,192,1604.2,-0.13,0.07,0.23,61.2,-0.42,0.6,0.05
Defensemen,Defensemen,2021–22,20212022,86,8476869,Brady Skjei,75,210,1733.67,0.5,0.11,0.22,60.79,0.13,0.35,-0.25
Defensemen,Defensemen,2021–22,20212022,87,8481542,Moritz Seider,74,210,1889.37,0.25,0.19,0.22,60.37,0.24,0.03,-0.05
Defensemen,Defensemen,2021–22,20212022,88,8476967,Brett Kulak,73,192,1313.85,-0.62,-0.06,0.19,59.96,-0.03,-0.1,0.33
Defensemen,Defensemen,2021–22,20212022,89,8470966,Mark Giordano,72,202,1566,-0.51,-0.06,0.16,59.54,0.33,-0.33,0.15
Defensemen,Defensemen,2021–22,20212022,90,8472382,Andy Greene,71,190,1201.38,-1.17,-0.14,0.13,59.13,-0.36,-0.03,0.52
Defensemen,Defensemen,2021–22,20212022,91,8477034,Jaycob Megna,78,214,841.3,1.36,0.36,0.13,58.71,0.96,-0.22,-0.61
Defensemen,Defensemen,2021–22,20212022,92,8476891,Matt Grzelcyk,70,180,1367.08,-1.76,-0.26,0.11,58.3,-0.68,0.02,0.77
Defensemen,Defensemen,2021–22,20212022,93,8478013,Jake Walman,73,218,715.22,0.29,0.08,0.1,57.88,0.84,-0.58,-0.16
Defensemen,Defensemen,2021–22,20212022,94,8476853,Morgan Rielly,73,219,1946.52,0.33,0.15,0.09,57.47,-0.44,0.62,-0.09
Defensemen,Defensemen,2021–22,20212022,95,8475718,Justin Holl,76,194,1394.37,0.18,0.07,0.08,57.05,0.18,0,-0.1
Defensemen,Defensemen,2021–22,20212022,96,8474056,P.K. Subban,72,210,1408.8,-0.23,0,0.08,56.64,-0.05,0.05,0.09
Defensemen,Defensemen,2021–22,20212022,97,8474027,Justin Braun,74,205,1348.7,0.08,0.03,0.03,56.22,0.34,-0.26,-0.05
Defensemen,Defensemen,2021–22,20212022,98,8476372,Nick Seeler,75,197,562.37,0.04,0.08,0.03,55.81,0.58,-0.61,0.06
Defensemen,Defensemen,2021–22,20212022,99,8474618,Marco Scandella,75,212,1269.5,0.57,0.05,0.02,55.39,0.26,0.04,-0.28
Defensemen,Defensemen,2021–22,20212022,100,8475171,Oliver Ekman-Larsson,74,190,1763.35,-0.44,-0.09,0.01,54.98,-0.51,0.29,0.23
Defensemen,Defensemen,2021–22,20212022,101,8471709,Marc-Edouard Vlasic,73,205,1141.15,-0.16,-0.01,0.01,54.56,-0.41,0.36,0.06
Defensemen,Defensemen,2021–22,20212022,102,8477810,Joel Hanley,71,186,525.38,-1.31,-0.21,-0,54.15,0.06,-0.65,0.59
Defensemen,Defensemen,2021–22,20212022,103,8477205,Andrej Sustr,79,217,559.48,1.71,0.32,-0,53.73,0.39,0.52,-0.91
Defensemen,Defensemen,2021–22,20212022,104,8476906,Shayne Gostisbehere,71,183,1819.62,-1.41,-0.25,-0.01,53.32,-0.96,0.34,0.61
Defensemen,Defensemen,2021–22,20212022,105,8475179,Dmitry Kulikov,73,212,1455.68,0.08,-0.04,-0.02,52.9,0.28,-0.21,-0.09
Defensemen,Defensemen,2021–22,20212022,106,8475796,Mark Pysyk,73,205,1211.55,-0.16,-0.05,-0.03,52.49,-0.5,0.42,0.05
Defensemen,Defensemen,2021–22,20212022,107,8465009,Zdeno Chara,81,250,1348.68,3.34,0.53,-0.04,52.07,1.45,0.04,-1.53
Defensemen,Defensemen,2021–22,20212022,108,8475747,Patrik Nemeth,76,230,1047.97,1.44,0.25,-0.04,51.66,1.25,-0.52,-0.76
Defensemen,Defensemen,2021–22,20212022,109,8476525,Colin Miller,73,200,721.32,-0.34,-0.11,-0.04,51.24,-0.08,-0.05,0.08
Defensemen,Defensemen,2021–22,20212022,110,8480069,Cale Makar,72,187,1976.43,-1.03,-0.2,-0.05,50.83,-0.5,0.01,0.44
Defensemen,Defensemen,2021–22,20212022,111,8474565,Alex Pietrangelo,75,215,1971.9,0.67,0.08,-0.06,50.41,-0.82,1.09,-0.33
Defensemen,Defensemen,2021–22,20212022,112,8476979,Erik Gustafsson,72,190,956.87,-0.93,-0.17,-0.06,50,-0.34,-0.13,0.41
Defensemen,Defensemen,2021–22,20212022,113,8479345,Jakob Chychrun,74,215,1080.75,0.43,0.04,-0.1,49.17,-0.13,0.26,-0.23
Defensemen,Defensemen,2021–22,20212022,114,8471274,Alex Goligoski,71,173,1363.07,-1.76,-0.31,-0.11,48.76,-0.27,-0.82,0.98
Defensemen,Defensemen,2021–22,20212022,115,8473507,Jeff Petry,75,208,1504,0.43,-0.02,-0.11,48.34,0.36,-0.24,-0.23
Defensemen,Defensemen,2021–22,20212022,116,8478443,Brandon Carlo,77,227,1556.72,1.57,0.23,-0.12,47.93,0.01,0.61,-0.74
Defensemen,Defensemen,2021–22,20212022,117,8477507,Nikita Zadorov,79,255,1251.35,3.03,0.36,-0.13,47.51,0.83,0.31,-1.28
Defensemen,Defensemen,2021–22,20212022,118,8475208,Brian Dumoulin,76,215,1658.17,0.91,0.04,-0.14,47.1,0.03,0.26,-0.42
Defensemen,Defensemen,2021–22,20212022,119,8475790,Erik Gudbranson,77,222,1414.87,1.4,0.21,-0.14,46.68,0.44,0.17,-0.74
Defensemen,Defensemen,2021–22,20212022,120,8475233,David Savard,73,235,1289.02,0.89,0.11,-0.15,46.27,1.04,-0.76,-0.42
Defensemen,Defensemen,2021–22,20212022,121,8474574,Tyler Myers,80,229,1802.22,2.37,0.35,-0.15,45.85,0.75,0.2,-1.1
Defensemen,Defensemen,2021–22,20212022,122,8478451,Ethan Bear,71,219,932.65,-0.16,-0.02,-0.15,45.44,-0.5,0.19,0.16
Defensemen,Defensemen,2021–22,20212022,123,8477499,Rasmus Ristolainen,76,208,1415.08,0.67,0.06,-0.16,45.02,0.93,-0.77,-0.32
Defensemen,Defensemen,2021–22,20212022,124,8475227,Chris Wideman,70,180,952.07,-1.76,-0.36,-0.16,44.61,-0.41,-0.52,0.77
Defensemen,Defensemen,2021–22,20212022,125,8480043,Timothy Liljegren,73,200,1000.42,-0.34,-0.13,-0.16,44.19,-0.17,-0.12,0.13
Defensemen,Defensemen,2021–22,20212022,126,8478567,Dean Kukan,74,190,667.97,-0.44,-0.16,-0.18,43.78,0.15,-0.56,0.23
Defensemen,Defensemen,2021–22,20212022,127,8475762,Derek Forbort,76,216,1376.23,0.95,0.1,-0.19,43.36,0.53,-0.21,-0.5
Defensemen,Defensemen,2021–22,20212022,128,8479980,Nicolas Hague,78,245,970.38,2.44,0.31,-0.21,42.95,0.24,0.68,-1.13
Defensemen,Defensemen,2021–22,20212022,129,8479325,Charlie McAvoy,73,211,1921.73,0.05,-0.01,-0.22,42.53,-0.08,-0.19,0.06
Defensemen,Defensemen,2021–22,20212022,130,8478430,Oliver Kylington,72,183,1325.92,-1.17,-0.28,-0.25,41.7,-1.18,0.41,0.52
Defensemen,Defensemen,2021–22,20212022,131,8480184,Gustav Lindström,74,194,1015.28,-0.3,-0.16,-0.26,41.29,0.18,-0.56,0.11
Defensemen,Defensemen,2021–22,20212022,132,8477506,Ryan Pulock,73,219,1183.57,0.33,-0.05,-0.27,40.87,0.19,-0.28,-0.18
Defensemen,Defensemen,2021–22,20212022,133,8476874,Olli Maatta,74,207,1206.68,0.15,-0.12,-0.27,40.46,-0.09,-0.07,-0.11
Defensemen,Defensemen,2021–22,20212022,134,8482073,Braden Schneider,75,206,665.48,0.36,0.03,-0.27,40.04,0.24,-0.41,-0.1
Defensemen,Defensemen,2021–22,20212022,135,8474673,TJ Brodie,74,187,1747.53,-0.55,-0.22,-0.28,39.63,-1.03,0.47,0.29
Defensemen,Defensemen,2021–22,20212022,136,8477488,Brett Pesce,75,206,1519.05,0.36,0.02,-0.28,39.21,-0.73,0.55,-0.1
Defensemen,Defensemen,2021–22,20212022,137,8474151,Ryan McDonagh,73,216,1593.5,0.22,-0.11,-0.28,38.8,-0.09,-0.05,-0.14
Defensemen,Defensemen,2021–22,20212022,138,8478407,Vince Dunn,72,200,1509.32,-0.58,-0.19,-0.29,38.38,-0.34,-0.2,0.25
Defensemen,Defensemen,2021–22,20212022,139,8479341,Cam Dineen,71,188,531.72,-1.24,-0.33,-0.3,37.97,-0.96,0.13,0.53
Defensemen,Defensemen,2021–22,20212022,140,8480873,Rasmus Sandin,71,189,864.93,-1.2,-0.28,-0.3,37.55,-0.97,-0.02,0.69
Defensemen,Defensemen,2021–22,20212022,141,8480839,Rasmus Dahlin,75,204,1921.15,0.29,-0.06,-0.32,37.14,-0.35,0.18,-0.15
Defensemen,Defensemen,2021–22,20212022,142,8479402,Jake Bean,73,191,1378.07,-0.65,-0.22,-0.32,36.72,-0.73,0.13,0.28
Defensemen,Defensemen,2021–22,20212022,143,8480172,Jan Rutta,75,204,1245.43,0.29,-0.12,-0.33,36.31,0.4,-0.56,-0.17
Defensemen,Defensemen,2021–22,20212022,144,8476462,Dougie Hamilton,78,230,1315.87,1.92,0.2,-0.35,35.89,0.57,-0.03,-0.9
Defensemen,Defensemen,2021–22,20212022,145,8480035,Henri Jokiharju,72,205,1312.77,-0.4,-0.15,-0.37,35.48,-0.22,-0.44,0.29
Defensemen,Defensemen,2021–22,20212022,146,8474207,Nick Holden,76,210,1508.5,0.74,0.06,-0.38,35.06,-0.11,0.03,-0.3
Defensemen,Defensemen,2021–22,20212022,147,8480001,Urho Vaakanainen,74,202,560.23,-0.03,-0.16,-0.39,34.65,-0.59,0.19,0.01
Defensemen,Defensemen,2021–22,20212022,148,8478399,Jonas Siegenthaler,74,218,1439.08,0.53,-0.05,-0.4,33.82,-0.28,0.17,-0.28
Defensemen,Defensemen,2021–22,20212022,149,8479998,Mikey Anderson,72,195,1146.63,-0.75,-0.23,-0.41,33.4,-0.74,-0.13,0.46
Defensemen,Defensemen,2021–22,20212022,150,8479371,Dante Fabbro,72,200,1257.45,-0.58,-0.24,-0.41,32.99,-0.75,0.08,0.25
Defensemen,Defensemen,2021–22,20212022,151,8471686,Marc Staal,76,208,1236.97,0.67,-0.04,-0.44,32.16,0.21,-0.33,-0.32
Defensemen,Defensemen,2021–22,20212022,152,8480036,Miro Heiskanen,74,197,1742.1,-0.2,-0.21,-0.44,31.74,-1.21,0.7,0.07
Defensemen,Defensemen,2021–22,20212022,153,8480883,Ty Smith,71,180,1154.72,-1.52,-0.41,-0.45,31.33,-1.02,-0.11,0.68
Defensemen,Defensemen,2021–22,20212022,154,8476879,Cody Ceci,75,210,1629.92,0.5,-0.1,-0.45,30.91,0.06,-0.27,-0.25
Defensemen,Defensemen,2021–22,20212022,155,8471303,Alexander Edler,76,210,756.97,0.74,0.02,-0.49,30.5,0.13,-0.32,-0.3
Defensemen,Defensemen,2021–22,20212022,156,8479984,Cal Foote,77,224,735.05,1.47,0.07,-0.51,30.08,0.78,-0.61,-0.69
Defensemen,Defensemen,2021–22,20212022,157,8478911,Matt Roy,74,220,1405.9,0.6,-0.1,-0.52,29.67,0.27,-0.5,-0.3
Defensemen,Defensemen,2021–22,20212022,158,8480222,Sebastian Aho,70,180,592.38,-1.76,-0.46,-0.53,29.25,-1.18,-0.33,0.98
Defensemen,Defensemen,2021–22,20212022,159,8478055,Gustav Forsling,73,199,1506.87,-0.37,-0.28,-0.54,28.84,-1.87,1.14,0.2
Defensemen,Defensemen,2021–22,20212022,160,8475324,Nick Jensen,72,202,1470.25,-0.51,-0.32,-0.55,28.42,-0.72,0.02,0.15
Defensemen,Defensemen,2021–22,20212022,161,8474602,Justin Schultz,74,190,1252.08,-0.44,-0.31,-0.56,28.01,-0.47,-0.22,0.13
Defensemen,Defensemen,2021–22,20212022,162,8477986,Brandon Montour,72,199,1449.85,-0.61,-0.35,-0.59,27.59,-0.78,-0.13,0.32
Defensemen,Defensemen,2021–22,20212022,163,8478469,Thomas Chabot,73,200,1545.33,-0.34,-0.3,-0.6,27.18,-1.1,0.31,0.18
Defensemen,Defensemen,2021–22,20212022,164,8474716,Jared Spurgeon,69,166,1374.75,-2.49,-0.63,-0.62,26.76,-1.11,-0.86,1.35
Defensemen,Defensemen,2021–22,20212022,165,8474166,Alec Martinez,73,210,508.05,0.01,-0.24,-0.62,26.35,0.02,-0.63,-0.01
Defensemen,Defensemen,2021–22,20212022,166,8479323,Adam Fox,71,185,1864.75,-1.34,-0.47,-0.63,25.93,-1.58,0.46,0.49
Defensemen,Defensemen,2021–22,20212022,167,8477932,Aaron Ekblad,76,220,1520.2,1.09,-0.06,-0.63,25.52,-0.59,0.47,-0.51
Defensemen,Defensemen,2021–22,20212022,168,8482655,J.J. Moser,74,183,803.78,-0.69,-0.31,-0.66,24.69,-1.16,0.08,0.43
Defensemen,Defensemen,2021–22,20212022,169,8480073,Erik Brannstrom,70,185,1047.57,-1.59,-0.5,-0.66,24.27,-0.78,-0.6,0.71
Defensemen,Defensemen,2021–22,20212022,170,8470600,Ryan Suter,73,201,1939.75,-0.3,-0.25,-0.7,23.86,-0.75,-0.18,0.23
Defensemen,Defensemen,2021–22,20212022,171,8474600,Roman Josi,73,201,2044.35,-0.3,-0.34,-0.7,23.44,-0.78,0.01,0.07
Defensemen,Defensemen,2021–22,20212022,172,8477220,Nate Schmidt,72,197,1556.17,-0.68,-0.34,-0.74,23.03,-1.63,0.46,0.43
Defensemen,Defensemen,2021–22,20212022,173,8476779,Brad Hunt,69,177,762.65,-2.11,-0.63,-0.74,22.61,-1.38,-0.29,0.92
Defensemen,Defensemen,2021–22,20212022,174,8476850,Ryan Murray,73,206,521.23,-0.13,-0.33,-0.75,22.2,-0.82,0.08,-0
Defensemen,Defensemen,2021–22,20212022,175,8476988,Matthew Benning,73,220,1061.92,0.36,-0.23,-0.76,21.78,0.07,-0.64,-0.19
Defensemen,Defensemen,2021–22,20212022,176,8470613,Brent Burns,77,228,2144.03,1.61,-0.1,-0.81,21.37,-0.54,0.43,-0.7
Defensemen,Defensemen,2021–22,20212022,177,8471735,Keith Yandle,73,192,1076.38,-0.62,-0.43,-0.82,20.95,-0.49,-0.66,0.33
Defensemen,Defensemen,2021–22,20212022,178,8476958,Jaccob Slavin,75,207,1858.87,0.39,-0.29,-0.82,20.54,-1.22,0.61,-0.21
Defensemen,Defensemen,2021–22,20212022,179,8476902,Esa Lindell,75,217,1675.43,0.74,-0.1,-0.82,20.12,-0.33,-0.19,-0.3
Defensemen,Defensemen,2021–22,20212022,180,8477359,Tucker Poolman,74,199,680.05,-0.13,-0.35,-0.86,19.71,-0.87,-0.05,0.07
Defensemen,Defensemen,2021–22,20212022,181,8475181,Nick Leddy,72,205,1606.07,-0.4,-0.34,-0.89,19.29,-1.15,-0.02,0.29
Defensemen,Defensemen,2021–22,20212022,182,8480196,Jacob Bryson,69,177,1338.37,-2.11,-0.75,-0.9,18.88,-2.05,0.03,1.12
Defensemen,Defensemen,2021–22,20212022,183,8479348,Kale Clague,72,190,602.55,-0.93,-0.48,-0.91,18.46,-0.61,-0.71,0.41
Defensemen,Defensemen,2021–22,20212022,184,8474563,Drew Doughty,73,210,1003.83,0.01,-0.35,-0.93,18.05,-0.4,-0.5,-0.03
Defensemen,Defensemen,2021–22,20212022,185,8475690,Chris Tanev,75,200,1677.63,0.15,-0.34,-0.97,17.63,-1.33,0.44,-0.08
Defensemen,Defensemen,2021–22,20212022,186,8474162,Jake Muzzin,75,227,974.2,1.09,-0.16,-0.98,17.22,-0.24,-0.16,-0.58
Defensemen,Defensemen,2021–22,20212022,187,8480807,Mattias Samuelsson,76,229,839.65,1.4,-0.1,-0.98,16.8,0.28,-0.52,-0.75
Defensemen,Defensemen,2021–22,20212022,188,8476854,Hampus Lindholm,76,217,1597.85,0.98,-0.12,-0.98,16.39,-0.85,0.29,-0.42
Defensemen,Defensemen,2021–22,20212022,189,8477495,Seth Jones,76,213,2044.73,0.84,-0.21,-0.99,15.98,-0.74,0.16,-0.4
Defensemen,Defensemen,2021–22,20212022,190,8476463,Jonas Brodin,74,196,1711.03,-0.24,-0.42,-1,15.56,-0.99,-0.09,0.08
Defensemen,Defensemen,2021–22,20212022,191,8480847,Ryan Merkley,72,186,599.73,-1.07,-0.57,-1.04,15.15,-1.94,0.45,0.46
Defensemen,Defensemen,2021–22,20212022,192,8475218,Mattias Ekholm,77,225,1784.35,1.5,-0.15,-1.05,14.73,-0.47,0.13,-0.7
Defensemen,Defensemen,2021–22,20212022,193,8477435,Ryan Graves,77,225,1554.15,1.5,-0.21,-1.05,14.32,-0.57,0.18,-0.66
Defensemen,Defensemen,2021–22,20212022,194,8478507,John Marino,73,200,1671.58,-0.34,-0.41,-1.1,13.9,-1.94,0.58,0.25
Defensemen,Defensemen,2021–22,20212022,195,8478396,Noah Hanifin,75,206,1725.52,0.36,-0.39,-1.1,13.49,-1.12,0.22,-0.2
Defensemen,Defensemen,2021–22,20212022,196,8476892,Colton Parayko,78,228,1884.97,1.85,-0.12,-1.12,13.07,-0.77,0.51,-0.86
Defensemen,Defensemen,2021–22,20212022,197,8471677,Jack Johnson,74,225,1239.37,0.78,-0.28,-1.14,12.66,-0.3,-0.48,-0.37
Defensemen,Defensemen,2021–22,20212022,198,8480865,Noah Dobson,76,200,1716.87,0.39,-0.38,-1.17,12.24,-0.91,-0.05,-0.2
Defensemen,Defensemen,2021–22,20212022,199,8474590,John Carlson,75,220,1857.25,0.84,-0.35,-1.17,11.83,-0.82,0.04,-0.39
Defensemen,Defensemen,2021–22,20212022,200,8478397,Rasmus Andersson,73,202,1859.32,-0.27,-0.5,-1.21,11,-0.84,-0.47,0.1
Defensemen,Defensemen,2021–22,20212022,201,8477948,Travis Sanheim,76,222,1837.6,1.16,-0.32,-1.21,10.58,-0.59,-0.11,-0.52
Defensemen,Defensemen,2021–22,20212022,202,8478460,Zach Werenski,74,214,1744.8,0.39,-0.37,-1.23,10.17,-1.67,0.64,-0.2
Defensemen,Defensemen,2021–22,20212022,203,8477845,Trevor van Riemsdyk,75,210,1257.7,0.5,-0.42,-1.23,9.75,-1.21,0.23,-0.25
Defensemen,Defensemen,2021–22,20212022,204,8481600,Tobias Bjornfot,72,200,1173.4,-0.58,-0.58,-1.25,9.34,-1.33,-0.1,0.18
Defensemen,Defensemen,2021–22,20212022,205,8478500,Ivan Provorov,73,224,1966.33,0.5,-0.38,-1.27,8.92,-0.59,-0.41,-0.27
Defensemen,Defensemen,2021–22,20212022,206,8475167,Victor Hedman,79,244,2056.2,2.65,-0.13,-1.3,8.51,-0.4,0.22,-1.12
Defensemen,Defensemen,2021–22,20212022,207,8477851,Jordan Oesterle,72,181,822.92,-1.24,-0.66,-1.33,8.09,-1.31,-0.73,0.71
Defensemen,Defensemen,2021–22,20212022,208,8479425,Filip Hronek,72,190,1718.1,-0.93,-0.69,-1.36,7.68,-1.43,-0.43,0.49
Defensemen,Defensemen,2021–22,20212022,209,8477447,Shea Theodore,74,197,1804.45,-0.2,-0.58,-1.39,7.26,-1.58,0.16,0.03
Defensemen,Defensemen,2021–22,20212022,210,8479376,Victor Mete,69,187,541.1,-1.76,-0.8,-1.4,6.85,-1.99,-0.2,0.79
Defensemen,Defensemen,2021–22,20212022,211,8475764,Cam Fowler,74,213,1855.63,0.36,-0.39,-1.41,6.43,-1.52,0.22,-0.1
Defensemen,Defensemen,2021–22,20212022,212,8480800,Quinn Hughes,70,180,1919.12,-1.76,-0.82,-1.42,6.02,-2.31,0.23,0.66
Defensemen,Defensemen,2021–22,20212022,213,8482142,Jamie Drysdale,71,185,1610.27,-1.34,-0.72,-1.43,5.6,-2.17,-0.03,0.76
Defensemen,Defensemen,2021–22,20212022,214,8474578,Erik Karlsson,72,185,1173.52,-1.1,-0.67,-1.44,5.19,-3.13,1.05,0.64
Defensemen,Defensemen,2021–22,20212022,215,8475197,Tyson Barrie,71,197,1384.27,-0.92,-0.68,-1.47,4.77,-1.7,-0.18,0.41
Defensemen,Defensemen,2021–22,20212022,216,8477018,Ben Hutton,75,209,896.98,0.46,-0.43,-1.56,4.36,-1.07,-0.33,-0.16
Defensemen,Defensemen,2021–22,20212022,217,8475750,Jon Merrill,75,204,1180.78,0.29,-0.57,-1.69,3.94,-0.63,-0.9,-0.15
Defensemen,Defensemen,2021–22,20212022,218,8477950,Tony DeAngelo,72,190,1267.75,-0.93,-0.83,-1.74,3.53,-1.87,-0.37,0.49
Defensemen,Defensemen,2021–22,20212022,219,8475906,John Klingberg,74,185,1643.47,-0.62,-0.75,-1.8,2.7,-1.26,-0.81,0.27
Defensemen,Defensemen,2021–22,20212022,220,8478408,Travis Dermott,72,200,920.12,-0.58,-0.81,-1.86,2.28,-1.4,-0.77,0.31
Defensemen,Defensemen,2021–22,20212022,221,8480871,Adam Boqvist,72,195,886.38,-0.75,-0.87,-1.94,1.45,-1.49,-0.85,0.4
Defensemen,Defensemen,2021–22,20212022,222,8481546,Cam York,72,194,572.43,-0.79,-1.14,-2.67,0.62,-1.68,-1.41,0.42
Defensemen,Defensemen,2021–22,20212022,223,8477355,Will Butcher,70,195,609.88,-1.24,-1.17,-2.67,0.21,-2.14,-1.08,0.55
Defensemen,Defensemen,2022–23,20222023,1,8474568,Luke Schenn,74,225,1144.83,0.69,1.03,3.05,99.79,3.44,-0.18,-0.21
Defensemen,Defensemen,2022–23,20222023,2,8476885,Jacob Trouba,75,212,1738.07,0.48,0.95,2.75,99.36,2.87,0.16,-0.28
Defensemen,Defensemen,2022–23,20222023,3,8477335,Kyle Burroughs,72,193,833.43,-0.91,0.7,2.48,98.93,2.68,-0.51,0.3
Defensemen,Defensemen,2022–23,20222023,4,8480160,Radim Simek,72,204,643.43,-0.53,0.69,2.4,98.5,1.79,0.41,0.2
Defensemen,Defensemen,2022–23,20222023,5,8474166,Alec Martinez,73,210,1480.32,-0.08,0.66,2.09,98.07,1.97,0.14,-0.01
Defensemen,Defensemen,2022–23,20222023,6,8475188,Brayden McNabb,76,215,1627.18,0.82,0.74,2.04,97.64,1.67,0.64,-0.27
Defensemen,Defensemen,2022–23,20222023,7,8477971,Andreas Englund,76,200,569.23,0.3,0.6,1.81,97.21,1.96,-0.03,-0.12
Defensemen,Defensemen,2022–23,20222023,8,8476470,Nathan Beaulieu,74,200,792.13,-0.18,0.57,1.81,96.78,1.81,-0,0
Defensemen,Defensemen,2022–23,20222023,9,8477384,Joshua Brown,77,220,1071.85,1.24,0.67,1.8,96.35,2.33,-0.18,-0.34
Defensemen,Defensemen,2022–23,20222023,10,8479369,Andrew Peeke,75,214,1699.75,0.55,0.64,1.74,95.92,2.06,-0.01,-0.31
Defensemen,Defensemen,2022–23,20222023,11,8476457,Adam Larsson,75,207,1938.47,0.3,0.58,1.72,95.49,1.68,0.15,-0.12
Defensemen,Defensemen,2022–23,20222023,12,8479458,Nikita Zaitsev,74,192,757.33,-0.46,0.46,1.65,94.64,1.79,-0.32,0.17
Defensemen,Defensemen,2022–23,20222023,13,8475462,Radko Gudas,72,208,1249.98,-0.39,0.52,1.64,94.21,1.53,0.03,0.08
Defensemen,Defensemen,2022–23,20222023,14,8481072,Tim Berni,72,192,1000.9,-0.94,0.42,1.58,93.78,1.15,0.13,0.31
Defensemen,Defensemen,2022–23,20222023,15,8477244,Chad Ruhwedel,71,189,684.72,-1.29,0.4,1.56,93.35,1.07,0.22,0.27
Defensemen,Defensemen,2022–23,20222023,16,8482073,Braden Schneider,75,206,1273.45,0.27,0.5,1.51,92.92,1.42,0.2,-0.11
Defensemen,Defensemen,2022–23,20222023,17,8474145,Robert Bortuzzo,76,206,540.37,0.51,0.54,1.49,92.49,1.58,0.08,-0.17
Defensemen,Defensemen,2022–23,20222023,18,8475625,Matt Irwin,74,200,795.32,-0.18,0.42,1.35,92.06,1.56,-0.21,0
Defensemen,Defensemen,2022–23,20222023,19,8480950,Ilya Lyubushkin,74,206,1020.6,0.03,0.43,1.3,91.2,0.64,0.67,-0.01
Defensemen,Defensemen,2022–23,20222023,20,8476449,Scott Harrington,74,204,739.72,-0.04,0.4,1.27,90.77,1.57,-0.24,-0.06
Defensemen,Defensemen,2022–23,20222023,21,8479983,Mario Ferraro,71,200,1555.43,-0.91,0.32,1.27,90.34,0.39,0.58,0.3
Defensemen,Defensemen,2022–23,20222023,22,8477369,Carson Soucy,76,211,1270.77,0.68,0.46,1.26,89.91,1.24,0.23,-0.21
Defensemen,Defensemen,2022–23,20222023,23,8476931,Jake McCabe,73,210,1480.1,-0.08,0.39,1.23,89.48,0.99,0.21,0.03
Defensemen,Defensemen,2022–23,20222023,24,8477346,MacKenzie Weegar,72,206,1708.98,-0.46,0.34,1.18,88.63,0.79,0.32,0.07
Defensemen,Defensemen,2022–23,20222023,25,8474612,Travis Hamonic,73,193,1392.02,-0.67,0.29,1.11,87.34,0.72,0.17,0.22
Defensemen,Defensemen,2022–23,20222023,26,8473507,Jeff Petry,75,208,1362.93,0.34,0.37,1.09,86.91,1.15,0.07,-0.13
Defensemen,Defensemen,2022–23,20222023,27,8475762,Derek Forbort,76,216,957.53,0.86,0.44,1.06,86.48,1.09,0.26,-0.28
Defensemen,Defensemen,2022–23,20222023,28,8473446,Erik Johnson,76,225,1087.03,1.17,0.47,1.06,86.05,1.33,0.11,-0.38
Defensemen,Defensemen,2022–23,20222023,29,8474031,Kevin Shattenkirk,72,203,1447.75,-0.56,0.31,1.02,85.62,0.68,0.21,0.13
Defensemen,Defensemen,2022–23,20222023,30,8477365,Connor Clifton,72,196,1392.75,-0.8,0.26,0.99,85.19,0.83,0,0.15
Defensemen,Defensemen,2022–23,20222023,31,8475233,David Savard,73,235,1388,0.79,0.44,0.98,84.76,1.45,-0.04,-0.43
Defensemen,Defensemen,2022–23,20222023,32,8478452,Caleb Jones,73,184,1402.3,-0.98,0.22,0.97,84.33,0.4,0.24,0.32
Defensemen,Defensemen,2022–23,20222023,33,8477969,Marcus Pettersson,77,174,1399.7,-0.36,0.3,0.92,83.91,0.79,0.07,0.07
Defensemen,Defensemen,2022–23,20222023,34,8482964,Arber Xhekaj,76,240,778.8,1.69,0.39,0.91,83.48,1.33,-0.03,-0.39
Defensemen,Defensemen,2022–23,20222023,35,8477498,Darnell Nurse,76,215,1926.65,0.82,0.35,0.9,83.05,0.98,0.16,-0.24
Defensemen,Defensemen,2022–23,20222023,36,8475753,Justin Faulk,72,208,1916.93,-0.39,0.26,0.89,82.62,0.5,0.33,0.05
Defensemen,Defensemen,2022–23,20222023,37,8474716,Jared Spurgeon,69,166,1723.15,-2.57,0.11,0.85,81.76,0.64,-0.22,0.43
Defensemen,Defensemen,2022–23,20222023,38,8475797,Jarred Tinordi,78,229,724.13,1.79,0.46,0.82,81.33,1.92,-0.51,-0.59
Defensemen,Defensemen,2022–23,20222023,39,8477433,Ben Harpur,80,235,590.68,2.48,0.55,0.81,80.9,1.5,0.14,-0.83
Defensemen,Defensemen,2022–23,20222023,40,8481122,Simon Benoit,76,210,1509.23,0.65,0.36,0.81,80.47,1.43,-0.38,-0.25
Defensemen,Defensemen,2022–23,20222023,41,8478911,Matt Roy,74,220,1539.62,0.51,0.33,0.79,80.04,1.55,-0.46,-0.3
Defensemen,Defensemen,2022–23,20222023,42,8477499,Rasmus Ristolainen,76,208,1407.78,0.58,0.35,0.79,79.61,0.9,0.11,-0.23
Defensemen,Defensemen,2022–23,20222023,43,8475200,Dmitry Orlov,71,215,1488,-0.39,0.21,0.73,79.18,0.67,0.02,0.05
Defensemen,Defensemen,2022–23,20222023,44,8475279,Ben Chiarot,75,222,1566.18,0.82,0.3,0.73,78.76,1.36,-0.39,-0.24
Defensemen,Defensemen,2022–23,20222023,45,8474151,Ryan McDonagh,73,216,1528.57,0.13,0.24,0.71,78.33,0.33,0.45,-0.07
Defensemen,Defensemen,2022–23,20222023,46,8471724,Kris Letang,72,199,1590.88,-0.7,0.16,0.7,77.9,-0.3,0.77,0.23
Defensemen,Defensemen,2022–23,20222023,47,8480817,K'Andre Miller,77,210,1734.22,0.89,0.27,0.67,77.47,0.54,0.36,-0.24
Defensemen,Defensemen,2022–23,20222023,48,8480145,Neal Pionk,72,190,1799.15,-1.01,0.14,0.66,77.04,0.39,0.06,0.2
Defensemen,Defensemen,2022–23,20222023,49,8480434,Sean Durzi,73,196,1424.55,-0.56,0.16,0.65,76.61,0.45,0.02,0.18
Defensemen,Defensemen,2022–23,20222023,50,8471274,Alex Goligoski,71,173,812.67,-1.84,-0.07,0.65,76.18,0.16,-0.34,0.83
Defensemen,Defensemen,2022–23,20222023,51,8476467,Jamieson Oleksiak,79,252,1443.85,2.83,0.41,0.6,75.75,1.2,0.14,-0.73
Defensemen,Defensemen,2022–23,20222023,52,8475177,Calvin de Haan,73,192,717.25,-0.7,0.12,0.58,75.32,0.37,-0.02,0.23
Defensemen,Defensemen,2022–23,20222023,53,8481014,Alexander Romanov,73,220,1478.17,0.27,0.22,0.55,74.46,0.6,0.12,-0.18
Defensemen,Defensemen,2022–23,20222023,54,8476441,Joel Edmundson,77,220,1193.5,1.24,0.27,0.52,74.03,1.13,-0.26,-0.34
Defensemen,Defensemen,2022–23,20222023,55,8482087,Kaiden Guhle,75,202,902.7,0.13,0.18,0.52,73.61,0.29,0.31,-0.07
Defensemen,Defensemen,2022–23,20222023,56,8483565,Nick Blankenburg,69,177,690.27,-2.19,-0.02,0.51,73.18,-0.04,-0.09,0.65
Defensemen,Defensemen,2022–23,20222023,57,8478136,Jacob Middleton,75,219,1504.1,0.72,0.28,0.51,72.75,0.86,-0.08,-0.27
Defensemen,Defensemen,2022–23,20222023,58,8479371,Dante Fabbro,72,200,1378.35,-0.66,0.14,0.5,72.32,0.33,0.01,0.17
Defensemen,Defensemen,2022–23,20222023,59,8475179,Dmitry Kulikov,73,212,1304.77,-0.01,0.17,0.5,71.89,0.37,0.12,0
Defensemen,Defensemen,2022–23,20222023,60,8476473,Connor Murphy,76,212,1551.2,0.72,0.27,0.49,71.46,0.77,0.11,-0.39
Defensemen,Defensemen,2022–23,20222023,61,8479398,Samuel Girard,70,170,1633.62,-2.19,-0.18,0.48,71.03,-0.77,0.25,1
Defensemen,Defensemen,2022–23,20222023,62,8478396,Noah Hanifin,75,206,1833.98,0.27,0.19,0.47,70.6,-0.15,0.71,-0.09
Defensemen,Defensemen,2022–23,20222023,63,8474013,Ian Cole,73,237,1512.13,0.86,0.22,0.46,70.17,0.54,0.17,-0.25
Defensemen,Defensemen,2022–23,20222023,64,8476372,Nick Seeler,75,197,1115.7,-0.04,0.18,0.44,69.74,0.74,-0.26,-0.03
Defensemen,Defensemen,2022–23,20222023,65,8480727,Zach Whitecloud,74,210,1009.58,0.17,0.15,0.44,69.31,0.28,0.25,-0.1
Defensemen,Defensemen,2022–23,20222023,66,8479998,Mikey Anderson,72,195,1667.82,-0.84,0.1,0.43,68.88,0.28,-0.07,0.22
Defensemen,Defensemen,2022–23,20222023,67,8476892,Colton Parayko,78,228,1817.22,1.76,0.28,0.43,68.45,0.46,0.44,-0.47
Defensemen,Defensemen,2022–23,20222023,68,8481542,Moritz Seider,74,210,1898.2,0.17,0.19,0.43,68.03,0.59,-0.06,-0.1
Defensemen,Defensemen,2022–23,20222023,69,8480043,Timothy Liljegren,73,200,1199.87,-0.42,0.11,0.42,67.6,0.46,-0.1,0.06
Defensemen,Defensemen,2022–23,20222023,70,8478840,William Borgen,75,199,1341.5,0.03,0.17,0.39,67.17,0.71,-0.27,-0.05
Defensemen,Defensemen,2022–23,20222023,71,8475455,Brenden Dillon,76,225,1606.25,1.17,0.3,0.36,66.31,1.13,-0.16,-0.61
Defensemen,Defensemen,2022–23,20222023,72,8480184,Gustav Lindström,74,194,510.1,-0.39,0.11,0.35,65.88,0.56,-0.29,0.08
Defensemen,Defensemen,2022–23,20222023,73,8471303,Alexander Edler,76,210,945.57,0.65,0.15,0.35,65.45,0.91,-0.38,-0.19
Defensemen,Defensemen,2022–23,20222023,74,8476902,Esa Lindell,75,217,1633.18,0.65,0.17,0.35,65.02,0.34,0.21,-0.2
Defensemen,Defensemen,2022–23,20222023,75,8480073,Erik Brannstrom,70,185,1192.4,-1.67,-0.07,0.29,64.59,-0.71,0.45,0.55
Defensemen,Defensemen,2022–23,20222023,76,8475718,Justin Holl,76,194,1619.32,0.09,0.09,0.28,64.16,0.21,0.15,-0.08
Defensemen,Defensemen,2022–23,20222023,77,8470600,Ryan Suter,73,201,1671.12,-0.39,0.06,0.28,63.73,0.24,-0.01,0.05
Defensemen,Defensemen,2022–23,20222023,78,8479388,Riley Stillman,74,207,732.13,0.06,0.11,0.28,63.3,0.95,-0.66,-0.02
Defensemen,Defensemen,2022–23,20222023,79,8477495,Seth Jones,76,213,1760.48,0.75,0.13,0.27,62.88,0.18,0.3,-0.21
Defensemen,Defensemen,2022–23,20222023,80,8480049,Dylan Samberg,76,216,940.33,0.86,0.13,0.26,62.45,0.27,0.23,-0.23
Defensemen,Defensemen,2022–23,20222023,81,8480336,Sean Walker,71,191,1037.95,-1.22,-0.1,0.26,62.02,-0.06,-0.21,0.53
Defensemen,Defensemen,2022–23,20222023,82,8480796,Martin Fehervary,74,215,1340.02,0.34,0.14,0.25,61.59,0.72,-0.26,-0.21
Defensemen,Defensemen,2022–23,20222023,83,8479410,Mikhail Sergachev,75,212,1881.07,0.48,0.17,0.25,61.16,0.15,0.3,-0.19
Defensemen,Defensemen,2022–23,20222023,84,8474590,John Carlson,75,220,935.58,0.75,0.12,0.25,60.73,0.42,0.04,-0.21
Defensemen,Defensemen,2022–23,20222023,85,8477462,Robert Hagg,74,210,589.78,0.17,0.11,0.24,60.3,0.83,-0.46,-0.13
Defensemen,Defensemen,2022–23,20222023,86,8474090,Brendan Smith,74,200,933.2,-0.18,0.06,0.23,59.87,-0.1,0.37,-0.03
Defensemen,Defensemen,2022–23,20222023,87,8479442,Troy Stecher,70,184,1325.9,-1.7,-0.18,0.22,59.44,-0.57,0.02,0.76
Defensemen,Defensemen,2022–23,20222023,88,8476967,Brett Kulak,73,192,1435.77,-0.7,0.01,0.17,59.01,0.02,0.08,0.07
Defensemen,Defensemen,2022–23,20222023,89,8476879,Cody Ceci,75,210,1610.75,0.41,0.14,0.17,58.58,0.59,-0.24,-0.17
Defensemen,Defensemen,2022–23,20222023,90,8478443,Brandon Carlo,77,227,1412.3,1.48,0.28,0.16,58.15,0.83,0.1,-0.76
Defensemen,Defensemen,2022–23,20222023,91,8478038,Devon Toews,73,191,2008.5,-0.74,-0.06,0.16,57.73,-0.31,0.16,0.3
Defensemen,Defensemen,2022–23,20222023,92,8470966,Mark Giordano,72,202,1478.13,-0.6,-0.04,0.15,57.3,0.06,-0.14,0.23
Defensemen,Defensemen,2022–23,20222023,93,8480803,Evan Bouchard,75,192,1518.35,-0.22,0.02,0.14,56.87,-0.32,0.42,0.05
Defensemen,Defensemen,2022–23,20222023,94,8476463,Jonas Brodin,74,196,1371.85,-0.32,-0,0.13,56.44,-0.06,0.09,0.1
Defensemen,Defensemen,2022–23,20222023,95,8474574,Tyler Myers,80,229,1630.7,2.27,0.31,0.12,56.01,0.96,-0.08,-0.76
Defensemen,Defensemen,2022–23,20222023,96,8471709,Marc-Edouard Vlasic,73,205,1362.7,-0.25,0.02,0.12,55.58,-0.62,0.66,0.08
Defensemen,Defensemen,2022–23,20222023,97,8477506,Ryan Pulock,73,219,1714.22,0.24,0.05,0.1,54.72,0.37,-0.16,-0.11
Defensemen,Defensemen,2022–23,20222023,98,8478416,Erik Cernak,76,230,1346.82,1.34,0.2,0.07,54.29,0.59,-0.04,-0.47
Defensemen,Defensemen,2022–23,20222023,99,8480873,Rasmus Sandin,71,189,1372.2,-1.29,-0.06,0.06,53.86,-0.07,-0.06,0.18
Defensemen,Defensemen,2022–23,20222023,100,8478970,Jalen Chatfield,73,209,1101.73,-0.11,0.01,0.05,53.43,-0.01,0.1,-0.04
Defensemen,Defensemen,2022–23,20222023,101,8478851,Alexandre Carrier,71,174,769.2,-1.81,-0.16,0.05,53,-0.16,-0.39,0.59
Defensemen,Defensemen,2022–23,20222023,102,8478468,Jeremy Lauzon,75,225,1128.4,0.93,0.07,0.04,52.58,0.61,-0.32,-0.24
Defensemen,Defensemen,2022–23,20222023,103,8471686,Marc Staal,76,208,1491.88,0.58,0.05,0.04,52.15,0.39,-0.18,-0.18
Defensemen,Defensemen,2022–23,20222023,104,8475690,Chris Tanev,75,200,1307.82,0.06,0.01,0.03,51.72,-0.1,0.21,-0.08
Defensemen,Defensemen,2022–23,20222023,105,8482245,Artem Zub,75,201,1073.42,0.09,0.02,0.02,51.29,0.4,-0.31,-0.07
Defensemen,Defensemen,2022–23,20222023,106,8476875,Mike Matheson,74,196,1173.68,-0.32,0.01,0.01,50.86,-0.45,0.41,0.06
Defensemen,Defensemen,2022–23,20222023,107,8475790,Erik Gudbranson,77,222,1490.93,1.31,0.1,-0.01,50.43,0.57,-0.21,-0.36
Defensemen,Defensemen,2022–23,20222023,108,8475227,Chris Wideman,70,180,621.55,-1.84,-0.18,-0.01,50,-0.47,-0.15,0.6
Defensemen,Defensemen,2022–23,20222023,109,8475208,Brian Dumoulin,76,215,1692.55,0.82,0.04,-0.02,49.57,0.02,0.18,-0.22
Defensemen,Defensemen,2022–23,20222023,110,8479984,Cal Foote,77,224,756.12,1.38,0.08,-0.02,49.14,0.43,-0.12,-0.33
Defensemen,Defensemen,2022–23,20222023,111,8476874,Olli Maatta,74,207,1459.15,0.06,-0.01,-0.05,48.71,0.08,-0.05,-0.08
Defensemen,Defensemen,2022–23,20222023,112,8475747,Patrik Nemeth,76,230,1332.82,1.34,0.07,-0.05,48.28,0.41,-0.14,-0.32
Defensemen,Defensemen,2022–23,20222023,113,8480196,Jacob Bryson,69,177,860.58,-2.19,-0.18,-0.05,47.85,-0.56,0.01,0.49
Defensemen,Defensemen,2022–23,20222023,114,8474565,Alex Pietrangelo,75,215,1750.63,0.58,0.03,-0.06,47.42,-0.27,0.39,-0.18
Defensemen,Defensemen,2022–23,20222023,115,8479324,Ryan Lindgren,72,194,1186.92,-0.87,-0.07,-0.06,47,-0.1,-0.19,0.23
Defensemen,Defensemen,2022–23,20222023,116,8477851,Jordan Oesterle,72,181,814.1,-1.32,-0.22,-0.07,46.57,-0.24,-0.42,0.58
Defensemen,Defensemen,2022–23,20222023,117,8481598,Philip Broberg,76,210,579.77,0.65,0.03,-0.07,46.14,-0.12,0.24,-0.2
Defensemen,Defensemen,2022–23,20222023,118,8478507,John Marino,73,200,1348.53,-0.42,-0.05,-0.08,45.28,-0.54,0.44,0.02
Defensemen,Defensemen,2022–23,20222023,119,8480807,Mattias Samuelsson,76,229,1219.68,1.31,0.12,-0.09,44.85,0.23,0.1,-0.43
Defensemen,Defensemen,2022–23,20222023,120,8476525,Colin Miller,73,200,1325,-0.42,-0.03,-0.1,44.42,-0.36,0.18,0.09
Defensemen,Defensemen,2022–23,20222023,121,8476958,Jaccob Slavin,75,207,1671.37,0.3,-0.02,-0.12,43.99,-0.64,0.64,-0.12
Defensemen,Defensemen,2022–23,20222023,122,8477504,Josh Morrissey,72,195,1890.03,-0.84,-0.1,-0.13,43.56,-0.36,0.07,0.16
Defensemen,Defensemen,2022–23,20222023,123,8479345,Jakob Chychrun,74,215,1089.78,0.34,-0,-0.15,43.13,0.03,-0.07,-0.11
Defensemen,Defensemen,2022–23,20222023,124,8476856,Mathew Dumba,72,191,1680.93,-0.98,-0.14,-0.15,42.7,0.09,-0.57,0.32
Defensemen,Defensemen,2022–23,20222023,125,8471677,Jack Johnson,74,225,1588.88,0.69,-0.01,-0.16,42.27,0.19,-0.15,-0.2
Defensemen,Defensemen,2022–23,20222023,126,8480058,Pierre-Olivier Joseph,74,185,1143.68,-0.7,-0.08,-0.17,41.85,-0.64,0.29,0.18
Defensemen,Defensemen,2022–23,20222023,127,8474027,Justin Braun,74,205,764.12,-0.01,-0.05,-0.19,41.42,-0.26,0.07,0
Defensemen,Defensemen,2022–23,20222023,128,8477220,Nate Schmidt,72,197,1311.18,-0.77,-0.11,-0.19,40.99,-0.39,0.06,0.15
Defensemen,Defensemen,2022–23,20222023,129,8479945,Gavin Bayreuther,74,210,813.3,0.17,-0.06,-0.22,40.56,0.05,-0.18,-0.1
Defensemen,Defensemen,2022–23,20222023,130,8476917,Adam Pelech,75,212,1320.77,0.48,-0.03,-0.22,40.13,-0.22,0.16,-0.16
Defensemen,Defensemen,2022–23,20222023,131,8476923,Damon Severson,74,204,1616.35,-0.04,-0.07,-0.22,39.7,-0.14,-0.03,-0.06
Defensemen,Defensemen,2022–23,20222023,132,8474567,Zach Bogosian,75,231,688.85,1.14,0.06,-0.23,39.27,1.16,-1.01,-0.37
Defensemen,Defensemen,2022–23,20222023,133,8476779,Brad Hunt,69,177,527.07,-2.19,-0.25,-0.23,38.84,-0.61,-0.28,0.65
Defensemen,Defensemen,2022–23,20222023,134,8476891,Matt Grzelcyk,70,180,1292.5,-1.84,-0.19,-0.24,38.41,-0.42,-0.11,0.29
Defensemen,Defensemen,2022–23,20222023,135,8474207,Nick Holden,76,210,1085.97,0.65,-0.04,-0.24,37.98,0.22,-0.27,-0.19
Defensemen,Defensemen,2022–23,20222023,136,8478859,Niko Mikkola,78,204,1411.93,0.92,0.07,-0.25,37.55,0.57,-0.33,-0.49
Defensemen,Defensemen,2022–23,20222023,137,8480192,Johnathan Kovacevic,77,223,1341.3,1.34,0.03,-0.25,37.12,-0.24,0.35,-0.37
Defensemen,Defensemen,2022–23,20222023,138,8483620,Marcus Bjork,76,211,599.03,0.68,0.02,-0.28,36.27,0.29,-0.31,-0.26
Defensemen,Defensemen,2022–23,20222023,139,8479439,Jacob MacDonald,72,204,698.28,-0.53,-0.1,-0.29,35.84,0.08,-0.49,0.12
Defensemen,Defensemen,2022–23,20222023,140,8478399,Jonas Siegenthaler,74,218,1612.32,0.44,-0.01,-0.31,35.41,-0.27,0.15,-0.18
Defensemen,Defensemen,2022–23,20222023,141,8477435,Ryan Graves,77,225,1555.93,1.41,0.08,-0.32,34.55,0.09,0.07,-0.49
Defensemen,Defensemen,2022–23,20222023,142,8481524,Bowen Byram,73,205,918.87,-0.25,-0.12,-0.33,34.12,-0.13,-0.18,-0.02
Defensemen,Defensemen,2022–23,20222023,143,8482655,J.J. Moser,74,183,1726.15,-0.77,-0.14,-0.33,33.69,-0.23,-0.3,0.2
Defensemen,Defensemen,2022–23,20222023,144,8475825,Jani Hakanpää,79,225,1585.13,1.89,0.01,-0.34,33.26,0.34,-0.26,-0.43
Defensemen,Defensemen,2022–23,20222023,145,8478469,Thomas Chabot,73,200,1698.12,-0.42,-0.11,-0.36,32.83,-0.28,-0.17,0.09
Defensemen,Defensemen,2022–23,20222023,146,8475324,Nick Jensen,72,202,1587.48,-0.6,-0.15,-0.36,32.4,-0.49,0.09,0.05
Defensemen,Defensemen,2022–23,20222023,147,8476988,Matthew Benning,73,220,1522.95,0.27,-0.1,-0.37,31.97,-0.21,-0.04,-0.12
Defensemen,Defensemen,2022–23,20222023,148,8479372,Josh Mahura,72,193,1151.27,-0.91,-0.17,-0.37,31.55,-0.36,-0.26,0.24
Defensemen,Defensemen,2022–23,20222023,149,8476429,Scott Mayfield,76,215,1724.37,0.82,-0.02,-0.37,31.12,0.29,-0.39,-0.27
Defensemen,Defensemen,2022–23,20222023,150,8478013,Jake Walman,73,218,1242.27,0.2,-0.1,-0.38,30.69,-0.69,0.4,-0.09
Defensemen,Defensemen,2022–23,20222023,151,8478882,Vladislav Gavrikov,75,210,1581.93,0.41,-0.06,-0.41,30.26,-0.24,0.07,-0.25
Defensemen,Defensemen,2022–23,20222023,152,8480172,Jan Rutta,75,204,958.73,0.2,-0.13,-0.44,29.83,-0.23,-0.1,-0.1
Defensemen,Defensemen,2022–23,20222023,153,8479325,Charlie McAvoy,73,211,1494.3,-0.04,-0.14,-0.44,29.4,-0.44,0.06,-0.06
Defensemen,Defensemen,2022–23,20222023,154,8474628,Michael Stone,75,210,639.03,0.41,-0.12,-0.45,28.97,0.16,-0.47,-0.14
Defensemen,Defensemen,2022–23,20222023,155,8476331,Dylan DeMelo,73,194,1467.07,-0.63,-0.18,-0.46,28.54,-0.48,-0.04,0.06
Defensemen,Defensemen,2022–23,20222023,156,8478500,Ivan Provorov,73,224,1887.87,0.41,-0.07,-0.47,28.11,-0.38,0.08,-0.17
Defensemen,Defensemen,2022–23,20222023,157,8478407,Vince Dunn,72,200,1917.22,-0.66,-0.18,-0.48,27.68,-0.82,0.17,0.17
Defensemen,Defensemen,2022–23,20222023,158,8480878,Nils Lundkvist,73,194,978.53,-0.63,-0.19,-0.49,27.25,-0.22,-0.32,0.06
Defensemen,Defensemen,2022–23,20222023,159,8480860,Kevin Bahl,78,230,588.85,1.83,0.11,-0.54,26.82,0.47,-0.08,-0.92
Defensemen,Defensemen,2022–23,20222023,160,8475167,Victor Hedman,79,244,1802.65,2.55,-0.02,-0.55,26.39,-0.13,0.13,-0.55
Defensemen,Defensemen,2022–23,20222023,161,8477986,Brandon Montour,72,199,1930.1,-0.7,-0.2,-0.56,25.97,-0.73,-0.01,0.18
Defensemen,Defensemen,2022–23,20222023,162,8482111,Justin Barron,74,198,635.83,-0.25,-0.16,-0.56,25.54,-0.53,-0.07,0.04
Defensemen,Defensemen,2022–23,20222023,163,8474673,TJ Brodie,74,187,1230.62,-0.63,-0.22,-0.58,25.11,-0.78,0.15,0.06
Defensemen,Defensemen,2022–23,20222023,164,8480035,Henri Jokiharju,72,205,1261.47,-0.49,-0.22,-0.59,24.68,-0.67,0.06,0.03
Defensemen,Defensemen,2022–23,20222023,165,8477034,Jaycob Megna,78,214,1018.77,1.27,-0.05,-0.6,24.25,-0.1,-0.08,-0.42
Defensemen,Defensemen,2022–23,20222023,166,8480839,Rasmus Dahlin,75,204,2012.07,0.2,-0.13,-0.61,23.82,-0.67,0.17,-0.11
Defensemen,Defensemen,2022–23,20222023,167,8479425,Filip Hronek,72,190,1388.78,-1.01,-0.26,-0.62,23.39,-0.49,-0.26,0.13
Defensemen,Defensemen,2022–23,20222023,168,8476792,Torey Krug,69,194,1170.77,-1.6,-0.33,-0.66,22.96,-0.86,-0.15,0.35
Defensemen,Defensemen,2022–23,20222023,169,8480865,Noah Dobson,76,200,1589.82,0.3,-0.14,-0.68,22.53,-0.61,0.07,-0.14
Defensemen,Defensemen,2022–23,20222023,170,8476979,Erik Gustafsson,72,190,1384.1,-1.01,-0.28,-0.68,22.1,-0.77,-0.05,0.13
Defensemen,Defensemen,2022–23,20222023,171,8479323,Adam Fox,71,185,1998.97,-1.43,-0.37,-0.73,21.24,-1.87,0.68,0.47
Defensemen,Defensemen,2022–23,20222023,172,8474602,Justin Schultz,74,190,1298.63,-0.53,-0.27,-0.74,20.82,-0.6,-0.18,0.04
Defensemen,Defensemen,2022–23,20222023,173,8475750,Jon Merrill,75,204,1105.62,0.2,-0.2,-0.74,20.39,-0.64,0.04,-0.15
Defensemen,Defensemen,2022–23,20222023,174,8478841,Colton White,73,187,668.38,-0.87,-0.3,-0.77,19.96,-0.76,-0.12,0.1
Defensemen,Defensemen,2022–23,20222023,175,8480157,Calle Rosen,73,188,764.47,-0.84,-0.38,-0.8,19.53,-1.12,-0.03,0.35
Defensemen,Defensemen,2022–23,20222023,176,8480887,Jordan Harris,72,189,1212.4,-1.05,-0.33,-0.81,19.1,-0.85,-0.17,0.21
Defensemen,Defensemen,2022–23,20222023,177,8475906,John Klingberg,74,185,1381.83,-0.7,-0.33,-0.85,18.67,-0.87,-0.22,0.23
Defensemen,Defensemen,2022–23,20222023,178,8479980,Nicolas Hague,78,245,1465.37,2.35,-0.09,-0.86,18.24,-0.24,-0,-0.61
Defensemen,Defensemen,2022–23,20222023,179,8478055,Gustav Forsling,73,199,1921.73,-0.46,-0.34,-0.86,17.81,-1.2,0.17,0.17
Defensemen,Defensemen,2022–23,20222023,180,8480069,Cale Makar,72,187,1582.82,-1.12,-0.35,-0.87,17.38,-1.25,0.22,0.15
Defensemen,Defensemen,2022–23,20222023,181,8476853,Morgan Rielly,73,219,1410.77,0.24,-0.25,-0.91,16.95,-0.85,0.02,-0.08
Defensemen,Defensemen,2022–23,20222023,182,8480884,Calen Addison,71,173,999.43,-1.84,-0.45,-0.96,16.52,-1.46,-0.04,0.54
Defensemen,Defensemen,2022–23,20222023,183,8480823,Alexander Alexeyev,76,230,526.53,1.34,-0.16,-0.99,15.67,0.33,-0.89,-0.44
Defensemen,Defensemen,2022–23,20222023,184,8475197,Tyson Barrie,71,197,1681.17,-1.01,-0.41,-1,15.24,-1.29,-0.04,0.33
Defensemen,Defensemen,2022–23,20222023,185,8475181,Nick Leddy,72,205,1647.73,-0.49,-0.36,-1.04,14.81,-1.36,0.24,0.08
Defensemen,Defensemen,2022–23,20222023,186,8475218,Mattias Ekholm,77,225,1674.68,1.41,-0.18,-1.07,14.38,-0.64,0.03,-0.46
Defensemen,Defensemen,2022–23,20222023,187,8477950,Tony DeAngelo,72,190,1544.1,-1.01,-0.44,-1.08,13.95,-1.42,0.01,0.33
Defensemen,Defensemen,2022–23,20222023,188,8478451,Ethan Bear,71,219,1130.15,-0.25,-0.36,-1.08,13.52,-1.16,0.06,0.02
Defensemen,Defensemen,2022–23,20222023,189,8474600,Roman Josi,73,201,1686.2,-0.39,-0.37,-1.08,13.09,-0.89,-0.32,0.13
Defensemen,Defensemen,2022–23,20222023,190,8479976,Juuso Välimäki,74,201,1417.67,-0.15,-0.37,-1.14,12.66,-1.04,-0.06,-0.04
Defensemen,Defensemen,2022–23,20222023,191,8480036,Miro Heiskanen,74,197,2013.8,-0.29,-0.38,-1.15,12.23,-1.45,0.27,0.03
Defensemen,Defensemen,2022–23,20222023,192,8477488,Brett Pesce,75,206,1804.78,0.27,-0.33,-1.17,11.8,-1.64,0.56,-0.09
Defensemen,Defensemen,2022–23,20222023,193,8477932,Aaron Ekblad,76,220,1660.98,1,-0.33,-1.22,11.37,-0.94,-0.02,-0.26
Defensemen,Defensemen,2022–23,20222023,194,8480246,Nick Perbix,76,206,1062.35,0.51,-0.29,-1.22,10.94,-1.15,0.14,-0.21
Defensemen,Defensemen,2022–23,20222023,195,8478397,Rasmus Andersson,73,202,1902.87,-0.35,-0.44,-1.23,10.09,-1.32,-0.03,0.12
Defensemen,Defensemen,2022–23,20222023,196,8477447,Shea Theodore,74,197,1178.82,-0.29,-0.38,-1.25,9.66,-1.45,0.15,0.05
Defensemen,Defensemen,2022–23,20222023,197,8480070,Ian Mitchell,71,198,554.37,-0.98,-0.5,-1.28,9.23,-1.23,-0.37,0.32
Defensemen,Defensemen,2022–23,20222023,198,8480800,Quinn Hughes,70,180,2001.57,-1.84,-0.54,-1.34,8.8,-1.92,0.29,0.29
Defensemen,Defensemen,2022–23,20222023,199,8474563,Drew Doughty,73,210,2124.55,-0.08,-0.43,-1.36,8.37,-1.24,-0.14,0.03
Defensemen,Defensemen,2022–23,20222023,200,8482105,Jake Sanderson,74,202,1687.87,-0.11,-0.45,-1.4,7.94,-1.47,0.09,-0.01
Defensemen,Defensemen,2022–23,20222023,201,8476869,Brady Skjei,75,210,1766.48,0.41,-0.39,-1.41,7.51,-1.6,0.32,-0.13
Defensemen,Defensemen,2022–23,20222023,202,8474578,Erik Karlsson,72,185,2100.43,-1.19,-0.54,-1.42,7.08,-2.06,0.38,0.25
Defensemen,Defensemen,2022–23,20222023,203,8480222,Sebastian Aho,70,180,1190.7,-1.84,-0.61,-1.47,6.65,-1.95,-0.06,0.54
Defensemen,Defensemen,2022–23,20222023,204,8475764,Cam Fowler,74,213,1982.22,0.27,-0.41,-1.51,6.22,-1.44,0.06,-0.13
Defensemen,Defensemen,2022–23,20222023,205,8476906,Shayne Gostisbehere,71,183,1561.25,-1.5,-0.76,-1.68,5.79,-2.13,-0.22,0.66
Defensemen,Defensemen,2022–23,20222023,206,8475171,Oliver Ekman-Larsson,74,190,1089.5,-0.53,-0.59,-1.73,5.36,-1.61,-0.29,0.17
Defensemen,Defensemen,2022–23,20222023,207,8477845,Trevor van Riemsdyk,75,210,1429.92,0.41,-0.47,-1.74,4.94,-1.63,0.06,-0.17
Defensemen,Defensemen,2022–23,20222023,208,8480871,Adam Boqvist,72,195,857.13,-0.84,-0.71,-1.85,4.08,-1.95,-0.24,0.35
Defensemen,Defensemen,2022–23,20222023,209,8481546,Cam York,72,194,1060.87,-0.87,-0.72,-1.85,3.65,-1.93,-0.29,0.37
Defensemen,Defensemen,2022–23,20222023,210,8477948,Travis Sanheim,76,222,1652.62,1.06,-0.45,-1.94,3.22,-1.16,-0.22,-0.56
Defensemen,Defensemen,2022–23,20222023,211,8470613,Brent Burns,77,228,1903.65,1.51,-0.39,-1.98,2.79,-1.49,0.29,-0.78
Defensemen,Defensemen,2022–23,20222023,212,8476462,Dougie Hamilton,78,230,1785.5,1.83,-0.43,-1.98,2.36,-1.07,-0.32,-0.6
Defensemen,Defensemen,2022–23,20222023,213,8477507,Nikita Zadorov,79,255,1532.23,2.93,-0.26,-2.23,1.5,-0.91,0.13,-1.45
Defensemen,Defensemen,2022–23,20222023,214,8476854,Hampus Lindholm,76,217,1854.95,0.89,-0.64,-2.47,0.64,-1.96,-0.04,-0.48
Defensemen,Defensemen,2022–23,20222023,215,8482671,Owen Power,78,226,1880.33,1.69,-0.89,-3.63,0.21,-2.71,-0.07,-0.86
Defensemen,Defensemen,2023–24,20232024,1,8481537,Nikita Okhotiuk,73,195,827.45,-0.6,1.01,2.89,99,2.13,0.41,0.35
Defensemen,Defensemen,2023–24,20232024,2,8474568,Luke Schenn,74,225,956.62,0.72,1.07,2.36,98.2,2.56,0.14,-0.35
Defensemen,Defensemen,2023–24,20232024,3,8479458,Nikita Zaitsev,74,192,605.37,-0.47,0.81,2.32,97.8,1.68,0.36,0.28
Defensemen,Defensemen,2023–24,20232024,4,8477346,MacKenzie Weegar,72,206,1880.28,-0.46,0.81,2.31,97.4,1.75,0.3,0.27
Defensemen,Defensemen,2023–24,20232024,5,8475797,Jarred Tinordi,78,229,813.58,1.85,1.06,2.12,97,2.95,-0.14,-0.69
Defensemen,Defensemen,2023–24,20232024,6,8477244,Chad Ruhwedel,71,189,660.42,-1.31,0.47,1.86,96.2,0.74,0.43,0.69
Defensemen,Defensemen,2023–24,20232024,7,8475462,Radko Gudas,72,208,1287.3,-0.38,0.65,1.82,95.8,1.92,-0.28,0.18
Defensemen,Defensemen,2023–24,20232024,8,8476372,Nick Seeler,75,197,1203.33,-0.04,0.66,1.69,95.4,1.68,-0.02,0.04
Defensemen,Defensemen,2023–24,20232024,9,8475455,Brenden Dillon,76,225,1443.08,1.21,0.84,1.68,95,2.15,-0,-0.46
Defensemen,Defensemen,2023–24,20232024,10,8477335,Kyle Burroughs,72,193,1397.63,-0.92,0.47,1.65,94.6,1.19,-0.02,0.49
Defensemen,Defensemen,2023–24,20232024,11,8470966,Mark Giordano,72,202,764.38,-0.6,0.49,1.58,94.2,1.2,0.03,0.35
Defensemen,Defensemen,2023–24,20232024,12,8475233,David Savard,73,235,1214.48,0.83,0.78,1.55,93.8,1.81,0.15,-0.41
Defensemen,Defensemen,2023–24,20232024,13,8479983,Mario Ferraro,71,200,1783.82,-0.92,0.43,1.54,93.4,0.99,0.06,0.49
Defensemen,Defensemen,2023–24,20232024,14,8478468,Jeremy Lauzon,75,225,1470.47,0.96,0.77,1.45,93,2.33,-0.4,-0.48
Defensemen,Defensemen,2023–24,20232024,15,8477365,Connor Clifton,72,196,1307.92,-0.81,0.39,1.43,92.6,0.74,0.22,0.46
Defensemen,Defensemen,2023–24,20232024,16,8477034,Jaycob Megna,78,214,771.02,1.31,0.82,1.39,92.2,1.81,0.23,-0.65
Defensemen,Defensemen,2023–24,20232024,17,8480950,Ilya Lyubushkin,74,206,1267.23,0.04,0.55,1.38,91.8,1.49,-0.13,0.01
Defensemen,Defensemen,2023–24,20232024,18,8480879,Jacob Bernard-Docker,73,196,1129.93,-0.57,0.44,1.37,91.4,0.86,0.24,0.26
Defensemen,Defensemen,2023–24,20232024,19,8476885,Jacob Trouba,75,212,1465.95,0.5,0.63,1.36,91,1.85,-0.26,-0.23
Defensemen,Defensemen,2023–24,20232024,20,8477384,Joshua Brown,77,220,752.32,1.28,0.72,1.35,90.6,2.14,-0.3,-0.48
Defensemen,Defensemen,2023–24,20232024,21,8481542,Moritz Seider,74,210,1833.48,0.18,0.55,1.33,90.2,1.31,0.1,-0.08
Defensemen,Defensemen,2023–24,20232024,22,8480834,Ty Emberson,72,193,556.48,-0.92,0.33,1.25,89.8,0.92,-0.1,0.42
Defensemen,Defensemen,2023–24,20232024,23,8482192,Isaak Phillips,75,205,563.4,0.25,0.53,1.23,89.4,0.63,0.69,-0.1
Defensemen,Defensemen,2023–24,20232024,24,8475753,Justin Faulk,72,208,1317.73,-0.38,0.41,1.21,88.2,0.98,0.05,0.18
Defensemen,Defensemen,2023–24,20232024,25,8474090,Brendan Smith,74,200,1014.33,-0.18,0.42,1.16,87.8,0.93,0.1,0.12
Defensemen,Defensemen,2023–24,20232024,26,8478136,Jacob Middleton,75,219,1584.67,0.75,0.57,1.16,87.4,1.45,-0.02,-0.27
Defensemen,Defensemen,2023–24,20232024,27,8471709,Marc-Edouard Vlasic,73,205,928,-0.25,0.36,1.1,87,0.81,0.2,0.09
Defensemen,Defensemen,2023–24,20232024,28,8479398,Samuel Girard,70,170,1143.5,-2.24,-0.01,1.09,86.2,-0.27,0.2,1.16
Defensemen,Defensemen,2023–24,20232024,29,8482087,Kaiden Guhle,75,202,1459.55,0.14,0.39,1.04,85.8,1.03,0.07,-0.05
Defensemen,Defensemen,2023–24,20232024,30,8477220,Nate Schmidt,72,197,1059.43,-0.78,0.24,1,85.4,0.23,0.47,0.29
Defensemen,Defensemen,2023–24,20232024,31,8475188,Brayden McNabb,76,215,1587.03,0.85,0.51,0.98,85,1.02,0.28,-0.31
Defensemen,Defensemen,2023–24,20232024,32,8478840,William Borgen,75,199,1442.2,0.03,0.35,0.98,84.6,0.94,0.05,-0.01
Defensemen,Defensemen,2023–24,20232024,33,8477971,Andreas Englund,76,200,1084.23,0.31,0.39,0.98,84.2,1.32,-0.23,-0.12
Defensemen,Defensemen,2023–24,20232024,34,8474618,Marco Scandella,75,212,810.8,0.5,0.47,0.95,83.8,0.25,0.93,-0.23
Defensemen,Defensemen,2023–24,20232024,35,8480184,Gustav Lindström,74,194,708.4,-0.39,0.27,0.95,83.4,0.76,0.04,0.15
Defensemen,Defensemen,2023–24,20232024,36,8477541,Dakota Mermis,72,197,662.1,-0.78,0.24,0.94,83,0.6,0,0.34
Defensemen,Defensemen,2023–24,20232024,37,8477498,Darnell Nurse,76,215,1773.45,0.85,0.54,0.91,82.2,1.14,0.19,-0.42
Defensemen,Defensemen,2023–24,20232024,38,8481122,Simon Benoit,76,210,1102.6,0.67,0.41,0.89,81.8,0.82,0.32,-0.25
Defensemen,Defensemen,2023–24,20232024,39,8478416,Erik Cernak,76,230,1323.83,1.39,0.63,0.88,81.4,1.88,-0.3,-0.7
Defensemen,Defensemen,2023–24,20232024,40,8476312,Josh Manson,75,218,1351.5,0.71,0.48,0.84,81,1.01,0.18,-0.35
Defensemen,Defensemen,2023–24,20232024,41,8481014,Alexander Romanov,73,220,1688.07,0.29,0.39,0.83,80.6,0.28,0.67,-0.12
Defensemen,Defensemen,2023–24,20232024,42,8480817,K'Andre Miller,77,210,1724.98,0.92,0.42,0.83,80.2,0.8,0.37,-0.34
Defensemen,Defensemen,2023–24,20232024,43,8475177,Calvin de Haan,73,192,980.9,-0.71,0.18,0.82,79.8,0.63,-0.08,0.27
Defensemen,Defensemen,2023–24,20232024,44,8480336,Sean Walker,71,191,1557.77,-1.24,0.09,0.79,79.4,0.17,0.16,0.46
Defensemen,Defensemen,2023–24,20232024,45,8474166,Alec Martinez,73,210,1047.43,-0.07,0.3,0.79,79,0.74,0.02,0.03
Defensemen,Defensemen,2023–24,20232024,46,8476473,Connor Murphy,76,212,912.27,0.74,0.46,0.79,78.6,1.11,0.04,-0.36
Defensemen,Defensemen,2023–24,20232024,47,8470600,Ryan Suter,73,201,1553.07,-0.39,0.23,0.75,78.2,0.74,-0.2,0.22
Defensemen,Defensemen,2023–24,20232024,48,8474567,Zach Bogosian,75,231,1162.23,1.18,0.42,0.72,77.8,1.33,-0.16,-0.44
Defensemen,Defensemen,2023–24,20232024,49,8478430,Oliver Kylington,72,183,569.18,-1.28,0.05,0.71,77.4,0.42,-0.19,0.48
Defensemen,Defensemen,2023–24,20232024,50,8473507,Jeff Petry,75,208,1372.05,0.35,0.33,0.71,77,0.82,-0,-0.12
Defensemen,Defensemen,2023–24,20232024,51,8478450,Parker Wotherspoon,73,190,726.6,-0.78,0.14,0.68,76.2,0.45,-0.12,0.34
Defensemen,Defensemen,2023–24,20232024,52,8474612,Travis Hamonic,73,193,707.3,-0.68,0.15,0.66,75.8,0.24,0.13,0.3
Defensemen,Defensemen,2023–24,20232024,53,8476856,Mathew Dumba,72,191,1499.68,-0.99,0.1,0.65,75.4,0.69,-0.46,0.42
Defensemen,Defensemen,2023–24,20232024,54,8477969,Marcus Pettersson,77,174,1859.02,-0.37,0.18,0.64,75,0.19,0.22,0.23
Defensemen,Defensemen,2023–24,20232024,55,8474151,Ryan McDonagh,73,216,1612.32,0.15,0.23,0.64,74.6,0.42,0.28,-0.05
Defensemen,Defensemen,2023–24,20232024,56,8482516,Matthew Kessel,75,212,654.98,0.5,0.28,0.64,74.2,0.47,0.35,-0.18
Defensemen,Defensemen,2023–24,20232024,57,8482964,Arber Xhekaj,76,240,700.8,1.75,0.55,0.59,73.8,1.24,0.15,-0.8
Defensemen,Defensemen,2023–24,20232024,58,8482073,Braden Schneider,75,206,1303.67,0.28,0.28,0.59,73.4,0.68,0.04,-0.13
Defensemen,Defensemen,2023–24,20232024,59,8475279,Ben Chiarot,75,222,1522.88,0.86,0.31,0.57,73,0.91,-0.02,-0.32
Defensemen,Defensemen,2023–24,20232024,60,8476891,Matt Grzelcyk,70,180,1108.65,-1.88,-0.12,0.56,72.6,-0.29,-0.02,0.86
Defensemen,Defensemen,2023–24,20232024,61,8478454,Noah Juulsen,74,201,804.3,-0.14,0.18,0.53,72.2,0.63,-0.2,0.11
Defensemen,Defensemen,2023–24,20232024,62,8477506,Ryan Pulock,73,219,1307.9,0.26,0.24,0.52,71.8,0.76,-0.16,-0.08
Defensemen,Defensemen,2023–24,20232024,63,8480823,Alexander Alexeyev,76,230,534.15,1.39,0.35,0.49,71.4,0.87,0.14,-0.52
Defensemen,Defensemen,2023–24,20232024,64,8480990,Declan Chisholm,73,205,512.4,-0.25,0.14,0.48,71,0.18,0.14,0.16
Defensemen,Defensemen,2023–24,20232024,65,8479576,Vincent Desharnais,79,225,1226.78,1.95,0.43,0.47,70.6,1.13,0.07,-0.73
Defensemen,Defensemen,2023–24,20232024,66,8479442,Troy Stecher,70,184,978.43,-1.74,-0.15,0.47,70.2,-0.41,-0.02,0.91
Defensemen,Defensemen,2023–24,20232024,67,8471274,Alex Goligoski,71,173,533.1,-1.89,-0.13,0.46,69.8,0.28,-0.53,0.7
Defensemen,Defensemen,2023–24,20232024,68,8475181,Nick Leddy,72,205,1833.65,-0.49,0.09,0.46,69.4,-0.02,0.25,0.23
Defensemen,Defensemen,2023–24,20232024,69,8479410,Mikhail Sergachev,75,212,766.9,0.5,0.21,0.44,69,0.7,-0.07,-0.18
Defensemen,Defensemen,2023–24,20232024,70,8480873,Rasmus Sandin,71,189,1436.2,-1.31,-0.09,0.42,68.6,-0.23,-0.04,0.69
Defensemen,Defensemen,2023–24,20232024,71,8476457,Adam Larsson,75,207,1858.55,0.32,0.21,0.42,68.2,0.67,-0.15,-0.1
Defensemen,Defensemen,2023–24,20232024,72,8480145,Neal Pionk,72,190,1707.97,-1.03,-0.02,0.38,67.8,0.02,-0.08,0.44
Defensemen,Defensemen,2023–24,20232024,73,8478911,Matt Roy,74,220,1692.48,0.54,0.22,0.35,67.4,0.73,-0.19,-0.19
Defensemen,Defensemen,2023–24,20232024,74,8477810,Joel Hanley,71,186,583.6,-1.42,-0.14,0.35,67,0.57,-0.96,0.74
Defensemen,Defensemen,2023–24,20232024,75,8478013,Jake Walman,73,218,1245.47,0.22,0.16,0.34,66.6,0.46,-0.06,-0.06
Defensemen,Defensemen,2023–24,20232024,76,8479369,Andrew Peeke,75,214,623.15,0.57,0.25,0.33,66.2,1.22,-0.62,-0.27
Defensemen,Defensemen,2023–24,20232024,77,8474013,Ian Cole,73,237,1457.77,0.9,0.28,0.3,65.8,0.81,-0.09,-0.41
Defensemen,Defensemen,2023–24,20232024,78,8479371,Dante Fabbro,72,200,915.63,-0.67,-0,0.3,65.4,-0.37,0.36,0.31
Defensemen,Defensemen,2023–24,20232024,79,8480073,Erik Brannstrom,70,185,1260.92,-1.7,-0.21,0.3,65,-0.39,-0.2,0.89
Defensemen,Defensemen,2023–24,20232024,80,8471724,Kris Letang,72,199,2024.45,-0.71,-0.01,0.27,64.6,-0.09,0.06,0.31
Defensemen,Defensemen,2023–24,20232024,81,8481167,Brayden Pachal,74,202,733.83,-0.11,0.09,0.27,64.2,0.08,0.14,0.05
Defensemen,Defensemen,2023–24,20232024,82,8482176,Wyatt Kaiser,72,190,554,-1.03,-0.09,0.26,63.8,-0.25,0.13,0.38
Defensemen,Defensemen,2023–24,20232024,83,8476792,Torey Krug,69,194,1691.02,-1.63,-0.21,0.26,63.4,-0.72,0.13,0.85
Defensemen,Defensemen,2023–24,20232024,84,8478038,Devon Toews,73,191,1921.18,-0.75,-0.02,0.25,63,-0.15,0.08,0.33
Defensemen,Defensemen,2023–24,20232024,85,8478021,William Lagesson,74,211,591.9,0.22,0.08,0.22,62.6,0.06,0.23,-0.08
Defensemen,Defensemen,2023–24,20232024,86,8481593,Jayden Struble,72,207,902.27,-0.42,0,0.2,62.2,-0.07,0.03,0.23
Defensemen,Defensemen,2023–24,20232024,87,8476931,Jake McCabe,73,210,1507.93,-0.07,0.06,0.19,61.8,-0.05,0.19,0.05
Defensemen,Defensemen,2023–24,20232024,88,8475690,Chris Tanev,75,200,1476.28,0.07,0.04,0.17,61.4,0.07,0.13,-0.02
Defensemen,Defensemen,2023–24,20232024,89,8475718,Justin Holl,76,194,573.12,0.1,0.09,0.16,61,0.19,0.01,-0.03
Defensemen,Defensemen,2023–24,20232024,90,8476923,Damon Severson,74,204,1416.88,-0.03,0.06,0.16,60.6,-0.2,0.32,0.04
Defensemen,Defensemen,2023–24,20232024,91,8476429,Scott Mayfield,76,215,769.35,0.85,0.21,0.15,60.2,1.03,-0.49,-0.39
Defensemen,Defensemen,2023–24,20232024,92,8476331,Dylan DeMelo,73,194,1781.83,-0.64,-0.07,0.13,59.8,0.23,-0.44,0.34
Defensemen,Defensemen,2023–24,20232024,93,8481606,Jordan Spence,71,188,1024.25,-1.35,-0.17,0.11,59,-0.71,0.25,0.57
Defensemen,Defensemen,2023–24,20232024,94,8480058,Pierre-Olivier Joseph,74,185,784.4,-0.72,-0.1,0.1,58.6,-0.45,0.29,0.27
Defensemen,Defensemen,2023–24,20232024,95,8481605,Jackson LaCombe,74,208,1375.78,0.11,0.04,0.08,57.8,0.08,0.01,-0.02
Defensemen,Defensemen,2023–24,20232024,96,8480884,Calen Addison,71,173,1243.05,-1.89,-0.34,0.06,57.4,-0.6,-0.32,0.98
Defensemen,Defensemen,2023–24,20232024,97,8480807,Mattias Samuelsson,76,229,840.5,1.35,0.27,0.06,57,0.72,-0.04,-0.62
Defensemen,Defensemen,2023–24,20232024,98,8480796,Martin Fehervary,74,215,1295.65,0.36,0.09,0.06,56.6,0.36,-0.14,-0.17
Defensemen,Defensemen,2023–24,20232024,99,8478055,Gustav Forsling,73,199,1749.22,-0.46,-0.05,0.05,56.2,-0.4,0.24,0.21
Defensemen,Defensemen,2023–24,20232024,100,8476892,Colton Parayko,78,228,1956.58,1.81,0.3,0.05,55.8,0.59,0.15,-0.7
Defensemen,Defensemen,2023–24,20232024,101,8478851,Alexandre Carrier,71,174,1372.42,-1.85,-0.38,0.01,55.4,-0.8,-0.2,1.01
Defensemen,Defensemen,2023–24,20232024,102,8476875,Mike Matheson,74,196,2095.33,-0.32,-0.07,0,55,-0.72,0.52,0.2
Defensemen,Defensemen,2023–24,20232024,103,8476467,Jamieson Oleksiak,79,252,1611.18,2.92,0.59,-0,54.6,1.3,0.17,-1.47
Defensemen,Defensemen,2023–24,20232024,104,8482655,J.J. Moser,74,183,1645.72,-0.79,-0.14,-0.01,54.2,-0.64,0.27,0.36
Defensemen,Defensemen,2023–24,20232024,105,8475790,Erik Gudbranson,77,222,1533.48,1.35,0.27,-0.01,53.8,0.67,-0.01,-0.67
Defensemen,Defensemen,2023–24,20232024,106,8477495,Seth Jones,76,213,1707.45,0.78,0.16,-0.02,53.4,0.04,0.32,-0.38
Defensemen,Defensemen,2023–24,20232024,107,8478397,Rasmus Andersson,73,202,1858.45,-0.35,-0.07,-0.02,53,-0.21,0.03,0.16
Defensemen,Defensemen,2023–24,20232024,108,8480043,Timothy Liljegren,73,200,1081.48,-0.42,-0.09,-0.04,52.6,-0.03,-0.21,0.19
Defensemen,Defensemen,2023–24,20232024,109,8474031,Kevin Shattenkirk,72,203,962.58,-0.56,-0.12,-0.07,52.2,-0.1,-0.22,0.25
Defensemen,Defensemen,2023–24,20232024,110,8475825,Jani Hakanpää,79,225,1193.37,1.95,0.22,-0.07,51.8,0.62,0.04,-0.73
Defensemen,Defensemen,2023–24,20232024,111,8477435,Ryan Graves,77,225,1287.15,1.46,0.24,-0.07,51.4,0.54,0.05,-0.67
Defensemen,Defensemen,2023–24,20232024,112,8482245,Artem Zub,75,201,1450.25,0.1,-0.05,-0.08,51,0.19,-0.23,-0.04
Defensemen,Defensemen,2023–24,20232024,113,8478460,Zach Werenski,74,214,1711.6,0.32,0.04,-0.1,50.2,-0.16,0.22,-0.15
Defensemen,Defensemen,2023–24,20232024,114,8476422,Mike Reilly,74,191,1046.52,-0.5,-0.15,-0.1,49.4,-0.35,0.06,0.19
Defensemen,Defensemen,2023–24,20232024,115,8473446,Erik Johnson,76,225,969.72,1.21,0.21,-0.12,48.6,0.8,-0.3,-0.61
Defensemen,Defensemen,2023–24,20232024,116,8479998,Mikey Anderson,72,195,1526.72,-0.85,-0.22,-0.12,48.2,-0.56,-0.03,0.48
Defensemen,Defensemen,2023–24,20232024,117,8477507,Nikita Zadorov,79,255,1308.07,3.03,0.42,-0.13,47.8,0.89,0.17,-1.18
Defensemen,Defensemen,2023–24,20232024,118,8476967,Brett Kulak,73,192,1261.52,-0.71,-0.18,-0.14,47.4,-0.24,-0.23,0.33
Defensemen,Defensemen,2023–24,20232024,119,8480865,Noah Dobson,76,200,1936.25,0.31,-0.02,-0.16,47,-0.08,0.01,-0.1
Defensemen,Defensemen,2023–24,20232024,120,8475171,Oliver Ekman-Larsson,74,190,1471.5,-0.54,-0.19,-0.19,46.6,-0.2,-0.18,0.2
Defensemen,Defensemen,2023–24,20232024,121,8480172,Jan Rutta,75,204,1360.72,0.21,-0.03,-0.19,46.2,0.26,-0.36,-0.08
Defensemen,Defensemen,2023–24,20232024,122,8478469,Thomas Chabot,73,200,1175.3,-0.42,-0.18,-0.19,45.8,-0.71,0.36,0.16
Defensemen,Defensemen,2023–24,20232024,123,8476853,Morgan Rielly,73,219,1709.37,0.26,-0.08,-0.21,45.4,-0.16,0.04,-0.09
Defensemen,Defensemen,2023–24,20232024,124,8476917,Adam Pelech,75,212,1176.33,0.5,0.01,-0.23,45,-0.12,0.13,-0.23
Defensemen,Defensemen,2023–24,20232024,125,8479323,Adam Fox,71,185,1687.93,-1.46,-0.4,-0.24,44.6,-1.31,0.27,0.8
Defensemen,Defensemen,2023–24,20232024,126,8481568,Alex Vlasic,78,217,1632.38,1.42,0.07,-0.25,44.2,-0.01,0.29,-0.53
Defensemen,Defensemen,2023–24,20232024,127,8482929,Emil Lilleberg,75,215,599.57,0.61,-0.05,-0.25,43.8,-0.26,0.23,-0.22
Defensemen,Defensemen,2023–24,20232024,128,8478882,Vladislav Gavrikov,75,210,1587.5,0.43,-0.04,-0.25,43.4,-0.12,0.01,-0.14
Defensemen,Defensemen,2023–24,20232024,129,8483495,Simon Nemec,73,190,1191.78,-0.78,-0.25,-0.27,43,-0.66,-0.03,0.42
Defensemen,Defensemen,2023–24,20232024,130,8477499,Rasmus Ristolainen,76,208,517.42,0.6,0.01,-0.28,42.6,0.15,-0.15,-0.29
Defensemen,Defensemen,2023–24,20232024,131,8478443,Brandon Carlo,77,227,1512.68,1.53,0.17,-0.28,42.2,0.4,0.02,-0.7
Defensemen,Defensemen,2023–24,20232024,132,8476979,Erik Gustafsson,72,190,1321.78,-1.03,-0.29,-0.29,41.8,-1.03,0.26,0.47
Defensemen,Defensemen,2023–24,20232024,133,8479402,Jake Bean,73,191,1175.55,-0.75,-0.24,-0.3,41.4,-0.59,-0.03,0.33
Defensemen,Defensemen,2023–24,20232024,134,8480035,Henri Jokiharju,72,205,1404.52,-0.49,-0.22,-0.31,41,-0.22,-0.37,0.29
Defensemen,Defensemen,2023–24,20232024,135,8480727,Zach Whitecloud,74,210,1072.58,0.18,-0.09,-0.31,40.6,-0.29,0.06,-0.08
Defensemen,Defensemen,2023–24,20232024,136,8482111,Justin Barron,74,198,894.1,-0.25,-0.17,-0.33,40.2,-0.15,-0.32,0.15
Defensemen,Defensemen,2023–24,20232024,137,8483466,Kevin Korchinski,73,185,1490.85,-0.96,-0.32,-0.35,39.8,-1.16,0.3,0.51
Defensemen,Defensemen,2023–24,20232024,138,8476463,Jonas Brodin,74,196,1449.08,-0.32,-0.19,-0.36,39.4,-0.77,0.23,0.18
Defensemen,Defensemen,2023–24,20232024,139,8476525,Colin Miller,73,200,722.43,-0.42,-0.22,-0.37,39,-0.68,0.11,0.19
Defensemen,Defensemen,2023–24,20232024,140,8480222,Sebastian Aho,70,180,950.7,-1.88,-0.45,-0.39,38.6,-1.23,0.06,0.78
Defensemen,Defensemen,2023–24,20232024,141,8480069,Cale Makar,72,187,1907.27,-1.14,-0.37,-0.39,38.2,-1.27,0.28,0.6
Defensemen,Defensemen,2023–24,20232024,142,8482122,Brock Faber,73,200,2047.88,-0.42,-0.25,-0.39,37.8,-0.51,-0.04,0.16
Defensemen,Defensemen,2023–24,20232024,143,8480860,Kevin Bahl,78,230,1426.52,1.88,0.19,-0.39,37.4,0.3,0.17,-0.86
Defensemen,Defensemen,2023–24,20232024,144,8474563,Drew Doughty,73,210,2115.07,-0.07,-0.16,-0.41,37,-0.32,-0.14,0.05
Defensemen,Defensemen,2023–24,20232024,145,8475764,Cam Fowler,74,213,1978.25,0.29,-0.1,-0.41,36.6,-0.47,0.19,-0.12
Defensemen,Defensemen,2023–24,20232024,146,8474578,Erik Karlsson,72,185,1990.02,-1.21,-0.39,-0.41,36.2,-1.24,0.19,0.64
Defensemen,Defensemen,2023–24,20232024,147,8480049,Dylan Samberg,76,216,1218.8,0.89,-0.04,-0.44,35.8,-0.17,0.06,-0.33
Defensemen,Defensemen,2023–24,20232024,148,8476902,Esa Lindell,75,217,1678.68,0.68,-0.03,-0.44,35.4,-0.48,0.37,-0.33
Defensemen,Defensemen,2023–24,20232024,149,8475750,Jon Merrill,75,204,830.73,0.21,-0.14,-0.44,35,-0.52,0.14,-0.06
Defensemen,Defensemen,2023–24,20232024,150,8479425,Filip Hronek,72,190,1898.75,-1.03,-0.34,-0.45,34.6,-0.87,-0.02,0.44
Defensemen,Defensemen,2023–24,20232024,151,8482142,Jamie Drysdale,71,185,667.2,-1.46,-0.46,-0.45,34.2,-0.6,-0.61,0.76
Defensemen,Defensemen,2023–24,20232024,152,8478408,Travis Dermott,72,200,863.97,-0.67,-0.3,-0.46,33.8,-0.25,-0.52,0.31
Defensemen,Defensemen,2023–24,20232024,153,8475762,Derek Forbort,76,216,622.78,0.89,0.01,-0.46,33.4,0.33,-0.35,-0.44
Defensemen,Defensemen,2023–24,20232024,154,8474602,Justin Schultz,74,190,1153.12,-0.54,-0.27,-0.46,33,-0.65,-0.05,0.24
Defensemen,Defensemen,2023–24,20232024,155,8481059,Scott Perunovich,70,175,824.68,-2.06,-0.55,-0.46,32.6,-1.09,-0.32,0.95
Defensemen,Defensemen,2023–24,20232024,156,8478396,Noah Hanifin,75,206,1889.12,0.28,-0.14,-0.47,32.2,-0.47,0.09,-0.09
Defensemen,Defensemen,2023–24,20232024,157,8478500,Ivan Provorov,73,224,1817.32,0.44,-0.09,-0.47,31.8,-0.45,0.19,-0.2
Defensemen,Defensemen,2023–24,20232024,158,8479325,Charlie McAvoy,73,211,1838.6,-0.03,-0.23,-0.48,31.4,-0.5,0.02,0.01
Defensemen,Defensemen,2023–24,20232024,159,8474590,John Carlson,75,220,2123.12,0.79,-0.07,-0.48,31,-0.26,0.07,-0.29
Defensemen,Defensemen,2023–24,20232024,160,8477504,Josh Morrissey,72,195,1958.77,-0.85,-0.35,-0.53,30.6,-0.92,0.02,0.37
Defensemen,Defensemen,2023–24,20232024,161,8474600,Roman Josi,73,201,2019.75,-0.39,-0.3,-0.56,30.2,-0.89,0.1,0.24
Defensemen,Defensemen,2023–24,20232024,162,8477986,Brandon Montour,72,199,1547.52,-0.71,-0.33,-0.56,29.8,-0.59,-0.28,0.31
Defensemen,Defensemen,2023–24,20232024,163,8478399,Jonas Siegenthaler,74,218,1102.3,0.47,-0.14,-0.59,29.4,-0.11,-0.26,-0.21
Defensemen,Defensemen,2023–24,20232024,164,8476441,Joel Edmundson,77,220,883.3,1.28,0.03,-0.6,29,0.53,-0.49,-0.64
Defensemen,Defensemen,2023–24,20232024,165,8481546,Cam York,72,194,1854.78,-0.89,-0.39,-0.6,28.2,-0.48,-0.53,0.41
Defensemen,Defensemen,2023–24,20232024,166,8481524,Bowen Byram,73,205,1485,-0.25,-0.29,-0.61,27.8,-0.71,-0.06,0.16
Defensemen,Defensemen,2023–24,20232024,167,8480001,Urho Vaakanainen,74,202,1188.37,-0.11,-0.26,-0.62,27.4,-0.72,0.05,0.05
Defensemen,Defensemen,2023–24,20232024,168,8477488,Brett Pesce,75,206,1420.2,0.28,-0.19,-0.62,27,-0.81,0.32,-0.13
Defensemen,Defensemen,2023–24,20232024,169,8471677,Jack Johnson,74,225,1194.18,0.72,-0.1,-0.65,26.6,-0.29,-0.01,-0.35
Defensemen,Defensemen,2023–24,20232024,170,8480803,Evan Bouchard,75,192,1862.77,-0.22,-0.29,-0.66,26.2,-0.95,0.19,0.1
Defensemen,Defensemen,2023–24,20232024,171,8474565,Alex Pietrangelo,75,215,1508.2,0.61,-0.13,-0.67,25.8,-0.89,0.51,-0.29
Defensemen,Defensemen,2023–24,20232024,172,8482105,Jake Sanderson,74,202,1834.25,-0.11,-0.27,-0.67,25.4,-0.91,0.17,0.07
Defensemen,Defensemen,2023–24,20232024,173,8474673,TJ Brodie,74,187,1694.25,-0.64,-0.39,-0.71,24.6,-0.81,-0.19,0.3
Defensemen,Defensemen,2023–24,20232024,174,8480839,Rasmus Dahlin,75,204,2059.22,0.21,-0.24,-0.72,23.8,-0.56,-0.06,-0.1
Defensemen,Defensemen,2023–24,20232024,175,8475179,Dmitry Kulikov,73,212,1255.05,0.01,-0.32,-0.72,23.4,-0.71,-0.01,-0
Defensemen,Defensemen,2023–24,20232024,176,8476869,Brady Skjei,75,210,1702.25,0.43,-0.19,-0.72,23,-0.82,0.3,-0.19
Defensemen,Defensemen,2023–24,20232024,177,8479324,Ryan Lindgren,72,194,1470.62,-0.89,-0.44,-0.74,22.6,-1.01,-0.13,0.41
Defensemen,Defensemen,2023–24,20232024,178,8480434,Sean Durzi,73,196,1726.68,-0.57,-0.39,-0.76,22.2,-0.82,-0.19,0.26
Defensemen,Defensemen,2023–24,20232024,179,8478407,Vince Dunn,72,200,1362.13,-0.67,-0.44,-0.77,21.8,-1.64,0.49,0.39
Defensemen,Defensemen,2023–24,20232024,180,8474574,Tyler Myers,80,229,1459.07,2.34,0.17,-0.78,21.4,0.67,-0.28,-1.18
Defensemen,Defensemen,2023–24,20232024,181,8482803,Olen Zellweger,70,193,501.4,-1.42,-0.56,-0.79,21,-1.3,-0.14,0.65
Defensemen,Defensemen,2023–24,20232024,182,8476879,Cody Ceci,75,210,1581.78,0.43,-0.26,-0.83,19.8,-0.66,-0.02,-0.14
Defensemen,Defensemen,2023–24,20232024,183,8480878,Nils Lundkvist,73,194,832.27,-0.64,-0.43,-0.83,19.4,-0.94,-0.17,0.28
Defensemen,Defensemen,2023–24,20232024,184,8480192,Johnathan Kovacevic,77,223,1024.13,1.39,-0.08,-0.84,19,-0.01,-0.19,-0.64
Defensemen,Defensemen,2023–24,20232024,185,8475218,Mattias Ekholm,77,225,1662.9,1.46,-0.11,-0.85,18.2,-0.46,0.16,-0.56
Defensemen,Defensemen,2023–24,20232024,186,8477932,Aaron Ekblad,76,220,1064.03,1.03,-0.16,-0.89,17.4,-0.2,-0.22,-0.47
Defensemen,Defensemen,2023–24,20232024,187,8478178,Darren Raddysh,73,202,1566.67,-0.35,-0.41,-0.9,17,-0.99,-0.07,0.16
Defensemen,Defensemen,2023–24,20232024,188,8476874,Olli Maatta,74,207,1155.88,0.07,-0.33,-0.9,16.6,-1.02,0.13,-0.02
Defensemen,Defensemen,2023–24,20232024,189,8478970,Jalen Chatfield,73,209,1094.2,-0.1,-0.38,-0.91,16.2,-1.35,0.35,0.08
Defensemen,Defensemen,2023–24,20232024,190,8482858,Ryker Evans,72,195,690.43,-0.85,-0.51,-0.91,15.8,-0.84,-0.47,0.39
Defensemen,Defensemen,2023–24,20232024,191,8476958,Jaccob Slavin,75,207,1695.48,0.32,-0.31,-0.92,15.4,-0.93,0.11,-0.1
Defensemen,Defensemen,2023–24,20232024,192,8482671,Owen Power,78,226,1741.92,1.74,-0.14,-0.92,15,-0.31,0.04,-0.65
Defensemen,Defensemen,2023–24,20232024,193,8477845,Trevor van Riemsdyk,75,210,1306.52,0.43,-0.3,-0.92,14.6,-0.82,0.04,-0.14
Defensemen,Defensemen,2023–24,20232024,194,8481567,Henry Thrun,74,211,1019.98,0.22,-0.31,-0.93,14.2,-1.21,0.38,-0.09
Defensemen,Defensemen,2023–24,20232024,195,8478507,John Marino,73,200,1571.85,-0.42,-0.48,-0.97,13.8,-1.3,0.17,0.16
Defensemen,Defensemen,2023–24,20232024,196,8475197,Tyson Barrie,71,197,751.2,-1.03,-0.6,-0.98,13.4,-0.83,-0.73,0.57
Defensemen,Defensemen,2023–24,20232024,197,8482511,Mason Lohrei,77,218,695.27,1.21,-0.13,-0.98,13,-0.27,-0.11,-0.61
Defensemen,Defensemen,2023–24,20232024,198,8481581,Thomas Harley,75,214,1660.33,0.57,-0.27,-1,12.6,-1.03,0.3,-0.27
Defensemen,Defensemen,2023–24,20232024,199,8477447,Shea Theodore,74,197,1038.15,-0.29,-0.44,-1,12.2,-1.27,0.11,0.16
Defensemen,Defensemen,2023–24,20232024,200,8477948,Travis Sanheim,76,222,1928.23,1.1,-0.27,-1.01,11.8,-0.64,0.05,-0.41
Defensemen,Defensemen,2023–24,20232024,201,8483490,Pavel Mintyukov,73,207,1187.22,-0.17,-0.43,-1.01,11.4,-0.94,-0.19,0.12
Defensemen,Defensemen,2023–24,20232024,202,8477369,Carson Soucy,76,211,699.42,0.71,-0.26,-1.03,11,-0.31,-0.38,-0.34
Defensemen,Defensemen,2023–24,20232024,203,8480196,Jacob Bryson,69,177,528.37,-2.24,-0.76,-1.04,10.6,-1.99,0.02,0.92
Defensemen,Defensemen,2023–24,20232024,204,8479345,Jakob Chychrun,74,215,1835.97,0.36,-0.35,-1.08,10.2,-0.65,-0.27,-0.16
Defensemen,Defensemen,2023–24,20232024,205,8480887,Jordan Harris,72,189,978.43,-1.07,-0.62,-1.09,9.8,-1.13,-0.35,0.4
Defensemen,Defensemen,2023–24,20232024,206,8475324,Nick Jensen,72,202,1531.1,-0.6,-0.56,-1.1,9.4,-1.53,0.2,0.22
Defensemen,Defensemen,2023–24,20232024,207,8481178,Egor Zamula,75,200,1059.78,0.07,-0.41,-1.1,9,-0.69,-0.39,-0.02
Defensemen,Defensemen,2023–24,20232024,208,8480891,Michael Kesselring,77,215,1026.53,1.1,-0.25,-1.14,8.6,-0.44,-0.2,-0.5
Defensemen,Defensemen,2023–24,20232024,209,8478859,Niko Mikkola,78,204,1643.02,0.95,-0.25,-1.15,8.2,0.06,-0.74,-0.47
Defensemen,Defensemen,2023–24,20232024,210,8477018,Ben Hutton,75,209,666.57,0.39,-0.41,-1.18,7.8,-1,-0.05,-0.13
Defensemen,Defensemen,2023–24,20232024,211,8475200,Dmitry Orlov,71,215,1419.82,-0.38,-0.54,-1.22,7.4,-1.28,-0.15,0.21
Defensemen,Defensemen,2023–24,20232024,212,8479980,Nicolas Hague,78,245,1354.33,2.42,0.01,-1.23,7,-0.12,0.11,-1.22
Defensemen,Defensemen,2023–24,20232024,213,8470613,Brent Burns,77,228,1763.07,1.56,-0.17,-1.26,6.6,-0.68,0.21,-0.8
Defensemen,Defensemen,2023–24,20232024,214,8475208,Brian Dumoulin,76,215,1361.25,0.85,-0.43,-1.31,6.2,-0.75,-0.25,-0.32
Defensemen,Defensemen,2023–24,20232024,215,8480246,Nick Perbix,76,206,1315.28,0.53,-0.51,-1.39,5.8,-1.25,0.05,-0.2
Defensemen,Defensemen,2023–24,20232024,216,8476906,Shayne Gostisbehere,71,183,1546.08,-1.53,-0.83,-1.45,5.4,-1.73,-0.29,0.57
Defensemen,Defensemen,2023–24,20232024,217,8483460,David Jiricek,76,204,627.7,0.46,-0.52,-1.55,4.6,-1.11,-0.23,-0.21
Defensemen,Defensemen,2023–24,20232024,218,8481564,Ryan Johnson,73,195,568.55,-0.6,-0.72,-1.59,4.2,-1.76,-0.09,0.27
Defensemen,Defensemen,2023–24,20232024,219,8476854,Hampus Lindholm,76,217,1699.95,0.92,-0.49,-1.61,3.8,-1.28,0.01,-0.34
Defensemen,Defensemen,2023–24,20232024,220,8475167,Victor Hedman,79,244,1934.73,2.63,-0.19,-1.86,3,-0.46,-0.06,-1.33
Defensemen,Defensemen,2023–24,20232024,221,8479976,Juuso Välimäki,74,201,1298.38,-0.14,-0.87,-2.07,2.2,-2.14,0.02,0.05
Defensemen,Defensemen,2023–24,20232024,222,8480871,Adam Boqvist,72,195,639.92,-0.85,-1,-2.15,1.4,-2.03,-0.44,0.32
Defensemen,Defensemen,2023–24,20232024,223,8480036,Miro Heiskanen,74,197,1742.37,-0.29,-0.92,-2.19,1,-2.59,0.21,0.18
Defensemen,Defensemen,2023–24,20232024,224,8480800,Quinn Hughes,70,180,2024.17,-1.88,-1.27,-2.26,0.6,-3.39,0.1,1.02
Defensemen,Defensemen,2023–24,20232024,225,8482684,Luke Hughes,74,198,1760.83,-0.25,-1.17,-2.86,0.2,-3.58,0.55,0.16
Defensemen,Defensemen,2024–25,20242025,1,8481006,Tyler Tucker,73,204,553.92,-0.3,0.87,3.65,99.39,3.03,0.45,0.17
Defensemen,Defensemen,2024–25,20242025,2,8476372,Nick Seeler,75,197,1330.53,-0.06,0.71,3.05,98.57,2.93,0.04,0.08
Defensemen,Defensemen,2024–25,20242025,3,8477365,Connor Clifton,72,196,1171.55,-0.82,0.55,2.81,98.16,1.74,0.57,0.5
Defensemen,Defensemen,2024–25,20242025,4,8477346,MacKenzie Weegar,72,206,1957.32,-0.47,0.55,2.6,97.75,1.88,0.41,0.31
Defensemen,Defensemen,2024–25,20242025,5,8481593,Jayden Struble,72,207,837.45,-0.44,0.49,2.02,96.93,1.37,0.51,0.14
Defensemen,Defensemen,2024–25,20242025,6,8477498,Darnell Nurse,76,215,1700.18,0.81,0.55,1.92,96.52,2.61,-0.28,-0.4
Defensemen,Defensemen,2024–25,20242025,7,8475462,Radko Gudas,72,208,1609.12,-0.4,0.41,1.75,96.11,1.89,-0.34,0.21
Defensemen,Defensemen,2024–25,20242025,8,8481167,Brayden Pachal,74,202,1082.25,-0.13,0.38,1.73,95.7,1.69,-0.08,0.12
Defensemen,Defensemen,2024–25,20242025,9,8476457,Adam Larsson,75,207,1737.23,0.29,0.43,1.64,95.29,1.39,0.26,-0
Defensemen,Defensemen,2024–25,20242025,10,8482964,Arber Xhekaj,76,240,1023.68,1.69,0.51,1.57,94.88,1.97,0.01,-0.42
Defensemen,Defensemen,2024–25,20242025,11,8481743,Marc Del Gaizo,71,188,770.6,-1.34,0.23,1.46,94.47,0.95,0.25,0.26
Defensemen,Defensemen,2024–25,20242025,12,8476885,Jacob Trouba,75,212,1579.9,0.47,0.35,1.4,94.06,1.42,0.03,-0.04
Defensemen,Defensemen,2024–25,20242025,13,8474568,Luke Schenn,74,225,1212.45,0.68,0.34,1.35,93.24,1.54,-0.12,-0.07
Defensemen,Defensemen,2024–25,20242025,14,8478468,Jeremy Lauzon,75,225,503.2,0.92,0.34,1.32,92.42,1.83,-0.4,-0.11
Defensemen,Defensemen,2024–25,20242025,15,8481014,Alexander Romanov,73,220,1427.65,0.26,0.33,1.25,91.6,0.99,0.26,0.01
Defensemen,Defensemen,2024–25,20242025,16,8473446,Erik Johnson,76,225,525.17,1.16,0.43,1.24,91.19,1.11,0.73,-0.59
Defensemen,Defensemen,2024–25,20242025,17,8479398,Samuel Girard,70,170,1522,-2.22,0.12,1.13,90.78,0.21,0.17,0.75
Defensemen,Defensemen,2024–25,20242025,18,8479998,Mikey Anderson,72,195,1747.15,-0.86,0.13,1.11,90.37,0.11,0.48,0.52
Defensemen,Defensemen,2024–25,20242025,19,8478454,Noah Juulsen,74,201,570.17,-0.16,0.19,1.11,89.96,1.13,-0.09,0.06
Defensemen,Defensemen,2024–25,20242025,20,8480145,Neal Pionk,72,190,1522.15,-1.03,0.1,1.07,89.55,0.12,0.34,0.61
Defensemen,Defensemen,2024–25,20242025,21,8479983,Mario Ferraro,71,200,1669.32,-0.92,0.14,1.04,89.14,0.79,0.06,0.19
Defensemen,Defensemen,2024–25,20242025,22,8482126,Emil Andrae,69,189,728.48,-1.79,-0.01,1.03,88.73,-0.48,0.48,1.03
Defensemen,Defensemen,2024–25,20242025,23,8474612,Travis Hamonic,73,193,1006.95,-0.68,0.23,1.01,88.32,0.78,0.02,0.21
Defensemen,Defensemen,2024–25,20242025,24,8479026,Philippe Myers,77,221,584.28,1.27,0.35,0.98,87.91,1.16,0.13,-0.3
Defensemen,Defensemen,2024–25,20242025,25,8477507,Nikita Zadorov,79,255,1669.52,2.94,0.29,0.97,87.5,1.3,0.15,-0.48
Defensemen,Defensemen,2024–25,20242025,26,8474716,Jared Spurgeon,69,166,1349.77,-2.6,0.05,0.93,87.09,0.59,-0.53,0.86
Defensemen,Defensemen,2024–25,20242025,27,8475177,Calvin de Haan,73,192,703.77,-0.72,0.13,0.93,86.68,0.98,-0.21,0.15
Defensemen,Defensemen,2024–25,20242025,28,8480069,Cale Makar,72,187,2057.3,-1.14,0.17,0.91,86.27,0.25,0.48,0.19
Defensemen,Defensemen,2024–25,20242025,29,8482700,Nolan Allan,74,195,650.52,-0.37,0.22,0.88,85.86,0.62,0.14,0.12
Defensemen,Defensemen,2024–25,20242025,30,8475455,Brenden Dillon,76,225,1523.2,1.16,0.19,0.87,85.45,1.43,-0.38,-0.17
Defensemen,Defensemen,2024–25,20242025,31,8478136,Jacob Middleton,75,219,1465.58,0.71,0.16,0.8,85.04,0.92,-0.02,-0.09
Defensemen,Defensemen,2024–25,20242025,32,8476429,Scott Mayfield,76,215,1122.05,0.81,0.27,0.77,84.63,0.77,0.18,-0.18
Defensemen,Defensemen,2024–25,20242025,33,8480860,Kevin Bahl,78,230,1561.27,1.82,0.19,0.77,84.22,0.94,0.12,-0.29
Defensemen,Defensemen,2024–25,20242025,34,8480817,K'Andre Miller,77,210,1624.05,0.88,0.28,0.77,83.81,1.04,0.16,-0.44
Defensemen,Defensemen,2024–25,20242025,35,8481527,Kaedan Korczak,75,206,602.93,0.26,0.2,0.76,83.4,0.98,-0.13,-0.09
Defensemen,Defensemen,2024–25,20242025,36,8481563,Drew Helleson,75,208,915.67,0.33,0.2,0.72,82.99,0.63,0.22,-0.13
Defensemen,Defensemen,2024–25,20242025,37,8482073,Braden Schneider,75,206,1429.35,0.26,0.2,0.7,82.58,0.32,0.37,0.01
Defensemen,Defensemen,2024–25,20242025,38,8475188,Brayden McNabb,76,215,1649.25,0.81,0.13,0.68,82.17,0.83,-0.03,-0.11
Defensemen,Defensemen,2024–25,20242025,39,8480834,Ty Emberson,72,193,1148.62,-0.93,0.13,0.67,81.76,0.27,0.12,0.27
Defensemen,Defensemen,2024–25,20242025,40,8480950,Ilya Lyubushkin,74,206,1390.95,0.01,0.18,0.62,81.35,0.52,0.08,0.02
Defensemen,Defensemen,2024–25,20242025,41,8474600,Roman Josi,73,201,1326.72,-0.4,0.13,0.61,80.94,0.12,0.28,0.21
Defensemen,Defensemen,2024–25,20242025,42,8481542,Moritz Seider,74,210,2055.92,0.15,0.14,0.59,80.53,0.73,-0.14,0
Defensemen,Defensemen,2024–25,20242025,43,8476473,Connor Murphy,76,212,1401.82,0.71,0.1,0.59,80.12,0.6,0.08,-0.09
Defensemen,Defensemen,2024–25,20242025,44,8480058,Pierre-Olivier Joseph,74,185,717.28,-0.72,0.11,0.59,79.71,-0.08,0.54,0.13
Defensemen,Defensemen,2024–25,20242025,45,8482087,Kaiden Guhle,75,202,1164.67,0.12,0.14,0.58,79.3,0.63,-0.06,0.01
Defensemen,Defensemen,2024–25,20242025,46,8474567,Zach Bogosian,75,231,1280.37,1.13,0.23,0.55,78.89,0.69,0.12,-0.25
Defensemen,Defensemen,2024–25,20242025,47,8478911,Matt Roy,74,220,1371.65,0.5,0.09,0.55,78.48,0.7,-0.09,-0.06
Defensemen,Defensemen,2024–25,20242025,48,8479371,Dante Fabbro,72,200,1420.9,-0.68,0.09,0.53,77.66,-0.17,0.41,0.29
Defensemen,Defensemen,2024–25,20242025,49,8479576,Vincent Desharnais,79,225,811.87,1.89,0.13,0.5,77.25,1.29,-0.48,-0.3
Defensemen,Defensemen,2024–25,20242025,50,8474013,Ian Cole,73,237,1663.13,0.86,0.13,0.47,76.84,0.46,0.1,-0.1
Defensemen,Defensemen,2024–25,20242025,51,8480873,Rasmus Sandin,71,189,1573.65,-1.31,-0.01,0.46,76.43,0.19,0.01,0.26
Defensemen,Defensemen,2024–25,20242025,52,8478416,Erik Cernak,76,230,1387.8,1.34,0.27,0.45,76.02,1.29,-0.16,-0.69
Defensemen,Defensemen,2024–25,20242025,53,8476856,Mathew Dumba,72,191,963.9,-1,0.07,0.43,75.61,0.38,-0.24,0.29
Defensemen,Defensemen,2024–25,20242025,54,8480879,Jacob Bernard-Docker,73,196,544.6,-0.58,0.01,0.42,75.2,0.36,-0.07,0.13
Defensemen,Defensemen,2024–25,20242025,55,8480796,Martin Fehervary,74,215,1539.38,0.33,0.15,0.42,74.8,0.81,-0.33,-0.06
Defensemen,Defensemen,2024–25,20242025,56,8483490,Pavel Mintyukov,73,207,1196.6,-0.19,0.03,0.41,74.39,0.57,-0.22,0.06
Defensemen,Defensemen,2024–25,20242025,57,8477851,Jordan Oesterle,72,181,634.63,-1.35,0.04,0.4,73.98,-0.25,0.44,0.22
Defensemen,Defensemen,2024–25,20242025,58,8480049,Dylan Samberg,76,216,1268.25,0.85,0.12,0.39,73.57,0.01,0.49,-0.1
Defensemen,Defensemen,2024–25,20242025,59,8477810,Joel Hanley,71,186,984.77,-1.41,0.03,0.39,73.16,0.15,-0.16,0.39
Defensemen,Defensemen,2024–25,20242025,60,8478013,Jake Walman,73,218,1480.13,0.19,0.13,0.38,72.75,0.36,0.04,-0.02
Defensemen,Defensemen,2024–25,20242025,61,8481161,Jake Christiansen,72,199,852.72,-0.72,0.07,0.37,72.34,0.27,-0.11,0.21
Defensemen,Defensemen,2024–25,20242025,62,8476891,Matt Grzelcyk,70,180,1690.18,-1.87,-0.18,0.36,71.93,-0.63,-0.09,1.07
Defensemen,Defensemen,2024–25,20242025,63,8477495,Seth Jones,76,213,1552.42,0.74,0.16,0.35,71.52,0.36,0.16,-0.17
Defensemen,Defensemen,2024–25,20242025,64,8476875,Mike Matheson,74,196,2006.45,-0.34,0,0.35,71.11,-0.03,0.29,0.09
Defensemen,Defensemen,2024–25,20242025,65,8477938,Haydn Fleury,76,207,621.18,0.53,0.13,0.34,70.7,0.65,-0.24,-0.08
Defensemen,Defensemen,2024–25,20242025,66,8477506,Ryan Pulock,73,219,1559.9,0.23,0.02,0.34,70.29,0.43,-0.09,-0.01
Defensemen,Defensemen,2024–25,20242025,67,8482176,Wyatt Kaiser,72,190,1032.67,-1.03,0.02,0.32,69.88,-0.51,0.44,0.39
Defensemen,Defensemen,2024–25,20242025,68,8478840,William Borgen,75,199,1434.85,0.01,0.11,0.32,69.47,0.33,-0.04,0.02
Defensemen,Defensemen,2024–25,20242025,69,8475233,David Savard,73,235,1244.2,0.79,0.04,0.31,69.06,0.5,-0.08,-0.11
Defensemen,Defensemen,2024–25,20242025,70,8481607,Albert Johansson,72,195,998.02,-0.86,-0.06,0.31,68.65,-0.16,-0.05,0.52
Defensemen,Defensemen,2024–25,20242025,71,8481122,Simon Benoit,76,210,1290.62,0.64,0.09,0.3,68.24,0.85,-0.48,-0.07
Defensemen,Defensemen,2024–25,20242025,72,8475753,Justin Faulk,72,208,1751.13,-0.4,-0.01,0.3,67.83,0.25,-0.05,0.1
Defensemen,Defensemen,2024–25,20242025,73,8482245,Artem Zub,75,201,1155.47,0.08,0.09,0.29,67.42,0.44,-0.21,0.06
Defensemen,Defensemen,2024–25,20242025,74,8481605,Jackson LaCombe,74,208,1672.55,0.08,0.09,0.28,67.01,-0.2,0.43,0.06
Defensemen,Defensemen,2024–25,20242025,75,8483565,Nick Blankenburg,69,177,1173.13,-2.21,-0.25,0.27,66.6,-1.08,0.09,1.26
Defensemen,Defensemen,2024–25,20242025,76,8481568,Alex Vlasic,78,217,1907.55,1.37,0.1,0.27,66.19,-0.19,0.63,-0.17
Defensemen,Defensemen,2024–25,20242025,77,8481546,Cam York,72,194,1371.68,-0.89,-0.07,0.26,65.78,-0.43,0.15,0.54
Defensemen,Defensemen,2024–25,20242025,78,8482111,Justin Barron,74,198,1080.75,-0.27,0.06,0.26,65.37,0.3,-0.21,0.16
Defensemen,Defensemen,2024–25,20242025,79,8479324,Ryan Lindgren,72,194,1418.68,-0.89,0.01,0.24,64.96,-0.09,-0.03,0.35
Defensemen,Defensemen,2024–25,20242025,80,8479369,Andrew Peeke,75,214,1414.12,0.54,0.01,0.24,64.55,0.71,-0.41,-0.06
Defensemen,Defensemen,2024–25,20242025,81,8479323,Adam Fox,71,185,1720.42,-1.45,-0,0.24,64.14,-0.24,0.25,0.23
Defensemen,Defensemen,2024–25,20242025,82,8471724,Kris Letang,72,199,1740.88,-0.72,0.02,0.23,63.73,-0.07,0,0.3
Defensemen,Defensemen,2024–25,20242025,83,8477435,Ryan Graves,77,225,914.4,1.41,0.22,0.23,63.32,0.92,0.03,-0.73
Defensemen,Defensemen,2024–25,20242025,84,8478450,Parker Wotherspoon,73,190,991.6,-0.79,0.01,0.23,62.91,-0.28,0.19,0.32
Defensemen,Defensemen,2024–25,20242025,85,8477220,Nate Schmidt,72,197,1322.37,-0.79,0.03,0.23,62.5,0.12,-0.13,0.23
Defensemen,Defensemen,2024–25,20242025,86,8473507,Jeff Petry,75,208,831.45,0.33,0.05,0.19,62.09,0.05,0.17,-0.02
Defensemen,Defensemen,2024–25,20242025,87,8477986,Brandon Montour,72,199,1861.07,-0.72,0.01,0.18,61.68,0.12,-0.06,0.13
Defensemen,Defensemen,2024–25,20242025,88,8476312,Josh Manson,75,218,865.98,0.68,0.01,0.18,61.27,0.26,0.01,-0.09
Defensemen,Defensemen,2024–25,20242025,89,8482858,Ryker Evans,72,195,1422.08,-0.86,-0.06,0.18,60.86,0.32,-0.32,0.18
Defensemen,Defensemen,2024–25,20242025,90,8476441,Joel Edmundson,77,220,1503.05,1.23,0.08,0.18,60.45,0.34,-0.01,-0.15
Defensemen,Defensemen,2024–25,20242025,91,8478882,Vladislav Gavrikov,75,210,1893.1,0.4,0.08,0.17,60.04,-0.01,0.22,-0.03
Defensemen,Defensemen,2024–25,20242025,92,8476923,Damon Severson,74,204,1333.77,-0.06,0.07,0.17,59.63,0.22,-0.1,0.04
Defensemen,Defensemen,2024–25,20242025,93,8480807,Mattias Samuelsson,76,229,1196.82,1.3,0.15,0.16,59.22,0.55,-0.08,-0.31
Defensemen,Defensemen,2024–25,20242025,94,8483457,Lane Hutson,69,162,1864.12,-2.74,-0.07,0.15,58.81,-0.42,0.16,0.42
Defensemen,Defensemen,2024–25,20242025,95,8476892,Colton Parayko,78,228,1520.17,1.75,0.18,0.15,58.4,0.34,0.24,-0.43
Defensemen,Defensemen,2024–25,20242025,96,8478443,Brandon Carlo,77,227,1568.7,1.48,0.15,0.14,57.99,0.69,-0.2,-0.36
Defensemen,Defensemen,2024–25,20242025,97,8476958,Jaccob Slavin,75,207,1725.82,0.29,0.06,0.13,57.17,-0.42,0.56,-0
Defensemen,Defensemen,2024–25,20242025,98,8477499,Rasmus Ristolainen,76,208,1293.03,0.57,-0.01,0.13,56.76,0.29,-0.09,-0.07
Defensemen,Defensemen,2024–25,20242025,99,8479325,Charlie McAvoy,73,211,1183.52,-0.05,0.04,0.11,56.35,-0.53,0.54,0.1
Defensemen,Defensemen,2024–25,20242025,100,8476331,Dylan DeMelo,73,194,1765.65,-0.65,-0,0.11,55.94,-0.05,0.04,0.12
Defensemen,Defensemen,2024–25,20242025,101,8478854,Ryan Shea,73,200,652.32,-0.44,-0.06,0.1,55.53,-0.33,0.32,0.11
Defensemen,Defensemen,2024–25,20242025,102,8477369,Carson Soucy,76,211,1343.63,0.67,0.08,0.09,55.12,0.49,-0.29,-0.12
Defensemen,Defensemen,2024–25,20242025,103,8474574,Tyler Myers,80,229,1476.22,2.27,0.09,0.08,54.71,0.39,-0.01,-0.3
Defensemen,Defensemen,2024–25,20242025,104,8478055,Gustav Forsling,73,199,1835.82,-0.47,-0,0.08,54.3,-0.19,0.04,0.23
Defensemen,Defensemen,2024–25,20242025,105,8481606,Jordan Spence,71,188,1326.3,-1.34,-0.11,0.08,53.89,0.01,-0.2,0.26
Defensemen,Defensemen,2024–25,20242025,106,8479442,Troy Stecher,70,184,915.65,-1.73,-0.06,0.06,53.48,-0.18,-0.23,0.48
Defensemen,Defensemen,2024–25,20242025,107,8480192,Johnathan Kovacevic,77,223,1604.93,1.34,0.05,0.05,53.07,0.26,-0.04,-0.17
Defensemen,Defensemen,2024–25,20242025,108,8477969,Marcus Pettersson,77,174,1691.87,-0.38,0.01,0.03,52.25,-0.16,0.07,0.13
Defensemen,Defensemen,2024–25,20242025,109,8480727,Zach Whitecloud,74,210,1295.8,0.15,0.03,0.02,51.84,-0.24,0.22,0.04
Defensemen,Defensemen,2024–25,20242025,110,8480035,Henri Jokiharju,72,205,1069.55,-0.51,-0.08,0.02,51.43,-0.15,0.04,0.12
Defensemen,Defensemen,2024–25,20242025,111,8475279,Ben Chiarot,75,222,1719.82,0.82,0.02,-0.01,51.02,0.29,-0.21,-0.09
Defensemen,Defensemen,2024–25,20242025,112,8481806,Louis Crevier,80,228,553.13,2.24,0.06,-0.02,50.61,0.38,-0.11,-0.3
Defensemen,Defensemen,2024–25,20242025,113,8482166,Shakir Mukhamadullin,76,200,542.02,0.29,0.04,-0.02,50.2,-0.02,0.04,-0.05
Defensemen,Defensemen,2024–25,20242025,114,8479378,Logan Stanley,79,231,981.77,2.1,0.16,-0.03,49.8,0.9,-0.39,-0.55
Defensemen,Defensemen,2024–25,20242025,115,8475171,Oliver Ekman-Larsson,74,190,1622.28,-0.55,-0.01,-0.04,49.39,-0.06,-0.15,0.17
Defensemen,Defensemen,2024–25,20242025,116,8482095,Tyler Kleven,77,225,1142.78,1.41,-0.02,-0.04,48.98,0.09,0.09,-0.22
Defensemen,Defensemen,2024–25,20242025,117,8478038,Devon Toews,73,191,1868.8,-0.75,-0.13,-0.05,48.57,-0.21,-0.3,0.46
Defensemen,Defensemen,2024–25,20242025,118,8475750,Jon Merrill,75,204,986.65,0.19,0.03,-0.06,48.16,-0.14,0.11,-0.02
Defensemen,Defensemen,2024–25,20242025,119,8482655,J.J. Moser,74,183,1018.05,-0.79,-0.06,-0.06,47.75,-0.72,0.34,0.32
Defensemen,Defensemen,2024–25,20242025,120,8476906,Shayne Gostisbehere,71,183,1296.47,-1.52,-0.14,-0.06,47.34,-0.5,0.15,0.29
Defensemen,Defensemen,2024–25,20242025,121,8477504,Josh Morrissey,72,195,1951.3,-0.86,-0.15,-0.06,46.93,-0.55,-0.03,0.52
Defensemen,Defensemen,2024–25,20242025,122,8476462,Dougie Hamilton,78,230,1270.77,1.82,-0.01,-0.07,46.52,0.3,-0.08,-0.29
Defensemen,Defensemen,2024–25,20242025,123,8475200,Dmitry Orlov,71,215,1519.73,-0.4,-0.1,-0.08,45.7,-0.24,0.06,0.1
Defensemen,Defensemen,2024–25,20242025,124,8478851,Alexandre Carrier,71,174,1626.37,-1.83,-0.16,-0.08,45.29,-0.27,-0.16,0.35
Defensemen,Defensemen,2024–25,20242025,125,8480865,Noah Dobson,76,200,1652.33,0.29,-0.03,-0.11,44.88,-0.35,0.26,-0.02
Defensemen,Defensemen,2024–25,20242025,126,8477948,Travis Sanheim,76,222,2008.62,1.06,-0.05,-0.12,44.47,-0.24,0.28,-0.16
Defensemen,Defensemen,2024–25,20242025,127,8476931,Jake McCabe,73,210,1419.83,-0.09,-0.04,-0.12,44.06,0.5,-0.66,0.04
Defensemen,Defensemen,2024–25,20242025,128,8474565,Alex Pietrangelo,75,215,1590.55,0.57,-0.08,-0.14,43.65,-0.21,0.14,-0.07
Defensemen,Defensemen,2024–25,20242025,129,8479410,Mikhail Sergachev,75,212,1934,0.47,0.02,-0.17,43.24,-0.02,-0.05,-0.09
Defensemen,Defensemen,2024–25,20242025,130,8478399,Jonas Siegenthaler,74,218,1078.08,0.43,-0.04,-0.18,42.83,-0.07,-0.07,-0.04
Defensemen,Defensemen,2024–25,20242025,131,8482762,Simon Edvinsson,78,222,1647.5,1.54,-0.05,-0.18,42.42,0.03,0.03,-0.24
Defensemen,Defensemen,2024–25,20242025,132,8479372,Josh Mahura,72,193,880.33,-0.93,-0.08,-0.18,42.01,-0.19,-0.15,0.16
Defensemen,Defensemen,2024–25,20242025,133,8477950,Tony DeAngelo,72,190,817.03,-1.03,-0.09,-0.18,41.6,-0.17,-0.19,0.17
Defensemen,Defensemen,2024–25,20242025,134,8475179,Dmitry Kulikov,73,212,1348.78,-0.02,-0.04,-0.19,41.19,-0.33,0.05,0.09
Defensemen,Defensemen,2024–25,20242025,135,8477932,Aaron Ekblad,76,220,1316.7,0.99,0.04,-0.2,40.78,0.08,-0.07,-0.21
Defensemen,Defensemen,2024–25,20242025,136,8476917,Adam Pelech,75,212,1266.83,0.47,-0.01,-0.21,40.37,-0.18,0.18,-0.21
Defensemen,Defensemen,2024–25,20242025,137,8476467,Jamieson Oleksiak,79,252,1539.65,2.84,0,-0.21,39.96,0.15,0.1,-0.47
Defensemen,Defensemen,2024–25,20242025,138,8480800,Quinn Hughes,70,180,1749.58,-1.87,-0.13,-0.23,39.55,-0.75,0.22,0.29
Defensemen,Defensemen,2024–25,20242025,139,8474563,Drew Doughty,73,210,724.1,-0.09,-0.07,-0.26,39.14,-0.2,-0.09,0.04
Defensemen,Defensemen,2024–25,20242025,140,8470600,Ryan Suter,73,201,1596.65,-0.4,-0.08,-0.26,38.73,0.09,-0.55,0.21
Defensemen,Defensemen,2024–25,20242025,141,8479425,Filip Hronek,72,190,1457.55,-1.03,-0.13,-0.27,38.32,-0.11,-0.56,0.39
Defensemen,Defensemen,2024–25,20242025,142,8477845,Trevor van Riemsdyk,75,210,1447.98,0.4,-0.03,-0.27,37.91,-0.09,-0.02,-0.17
Defensemen,Defensemen,2024–25,20242025,143,8481059,Scott Perunovich,70,175,560.25,-2.04,-0.2,-0.28,37.5,-0.84,-0.14,0.7
Defensemen,Defensemen,2024–25,20242025,144,8476879,Cody Ceci,75,210,1803,0.4,-0.02,-0.3,37.09,-0.07,-0.15,-0.08
Defensemen,Defensemen,2024–25,20242025,145,8480803,Evan Bouchard,75,192,1923.58,-0.23,-0.09,-0.3,36.68,-0.35,-0,0.06
Defensemen,Defensemen,2024–25,20242025,146,8475218,Mattias Ekholm,77,225,1442.75,1.41,-0.08,-0.31,36.27,-0.4,0.3,-0.22
Defensemen,Defensemen,2024–25,20242025,147,8478397,Rasmus Andersson,73,202,1942.8,-0.37,-0.09,-0.31,35.86,-0.18,-0.33,0.2
Defensemen,Defensemen,2024–25,20242025,148,8478469,Thomas Chabot,73,200,1841.93,-0.44,-0.08,-0.32,35.45,-0.41,-0.05,0.14
Defensemen,Defensemen,2024–25,20242025,149,8471677,Jack Johnson,74,225,527.8,0.68,-0.01,-0.33,35.04,-0.23,0.05,-0.15
Defensemen,Defensemen,2024–25,20242025,150,8484304,Uvis Balinskis,72,196,1128.8,-0.82,-0.1,-0.34,34.63,-0.56,-0.01,0.24
Defensemen,Defensemen,2024–25,20242025,151,8476967,Brett Kulak,73,192,1683.87,-0.72,-0.12,-0.35,34.22,-0.44,-0.04,0.13
Defensemen,Defensemen,2024–25,20242025,152,8483485,Denton Mateychuk,71,188,811.58,-1.34,-0.17,-0.36,33.81,-1.3,0.45,0.49
Defensemen,Defensemen,2024–25,20242025,153,8482142,Jamie Drysdale,71,185,1394.18,-1.45,-0.15,-0.38,33.4,-0.45,-0.16,0.23
Defensemen,Defensemen,2024–25,20242025,154,8476463,Jonas Brodin,74,196,1147.45,-0.34,-0.09,-0.39,32.99,-0.34,-0.16,0.11
Defensemen,Defensemen,2024–25,20242025,155,8475208,Brian Dumoulin,76,215,1563.5,0.81,-0.02,-0.39,32.58,-0.35,0.12,-0.16
Defensemen,Defensemen,2024–25,20242025,156,8480434,Sean Durzi,73,196,619.43,-0.58,-0.19,-0.39,32.17,-0.35,-0.18,0.13
Defensemen,Defensemen,2024–25,20242025,157,8474590,John Carlson,75,220,1861.57,0.75,-0.13,-0.4,31.76,-0.28,-0.02,-0.1
Defensemen,Defensemen,2024–25,20242025,158,8482105,Jake Sanderson,74,202,1955.37,-0.13,-0.17,-0.42,31.35,-0.61,0.13,0.05
Defensemen,Defensemen,2024–25,20242025,159,8480196,Jacob Bryson,69,177,690.83,-2.21,-0.26,-0.45,30.94,-1.14,-0.05,0.75
Defensemen,Defensemen,2024–25,20242025,160,8478396,Noah Hanifin,75,206,1724.2,0.26,-0.17,-0.47,30.53,-0.36,-0.09,-0.02
Defensemen,Defensemen,2024–25,20242025,161,8481178,Egor Zamula,75,200,1040.92,0.05,-0.08,-0.48,29.3,-0.29,-0.21,0.02
Defensemen,Defensemen,2024–25,20242025,162,8476869,Brady Skjei,75,210,1795.07,0.4,-0.17,-0.49,28.48,-0.59,0.14,-0.04
Defensemen,Defensemen,2024–25,20242025,163,8480043,Timothy Liljegren,73,200,1305.33,-0.44,-0.14,-0.5,28.07,-0.2,-0.51,0.22
Defensemen,Defensemen,2024–25,20242025,164,8474151,Ryan McDonagh,73,216,1670.37,0.12,-0.12,-0.5,27.66,-0.24,-0.26,0.01
Defensemen,Defensemen,2024–25,20242025,165,8479395,Dennis Cholowski,74,210,509.75,0.15,-0.18,-0.5,27.25,-0.58,0.07,0
Defensemen,Defensemen,2024–25,20242025,166,8480172,Jan Rutta,75,204,931.83,0.19,-0.12,-0.52,26.84,-0.16,-0.31,-0.06
Defensemen,Defensemen,2024–25,20242025,167,8484258,Sam Malinski,71,190,1212.52,-1.27,-0.18,-0.54,26.02,-0.76,-0.14,0.36
Defensemen,Defensemen,2024–25,20242025,168,8479345,Jakob Chychrun,74,215,1558.75,0.33,-0.19,-0.55,25.61,-0.59,0.07,-0.03
Defensemen,Defensemen,2024–25,20242025,169,8474166,Alec Martinez,73,210,824.05,-0.09,-0.14,-0.55,25.2,-0.16,-0.43,0.04
Defensemen,Defensemen,2024–25,20242025,170,8475167,Victor Hedman,79,244,1823.3,2.56,-0.06,-0.56,24.8,-0.12,-0.1,-0.34
Defensemen,Defensemen,2024–25,20242025,171,8480839,Rasmus Dahlin,75,204,1769.2,0.19,-0.1,-0.58,24.39,-0.72,0.16,-0.02
Defensemen,Defensemen,2024–25,20242025,172,8476525,Colin Miller,73,200,871.08,-0.44,-0.14,-0.6,23.57,-0.45,-0.29,0.14
Defensemen,Defensemen,2024–25,20242025,173,8480878,Nils Lundkvist,73,194,585.43,-0.65,-0.16,-0.61,23.16,-0.82,0.01,0.2
Defensemen,Defensemen,2024–25,20242025,174,8481581,Thomas Harley,75,214,1823.82,0.54,-0.19,-0.62,22.75,-0.73,0.17,-0.06
Defensemen,Defensemen,2024–25,20242025,175,8476902,Esa Lindell,75,217,1774.45,0.64,-0.09,-0.63,22.34,-0.56,0.23,-0.31
Defensemen,Defensemen,2024–25,20242025,176,8478407,Vince Dunn,72,200,1368.9,-0.68,-0.25,-0.64,21.93,-0.87,0.08,0.15
Defensemen,Defensemen,2024–25,20242025,177,8479421,Jacob Moverare,75,205,581.08,0.22,-0.15,-0.65,21.52,-0.02,-0.56,-0.07
Defensemen,Defensemen,2024–25,20242025,178,8479402,Jake Bean,73,191,965.7,-0.75,-0.19,-0.66,21.11,-0.74,-0.05,0.13
Defensemen,Defensemen,2024–25,20242025,179,8481567,Henry Thrun,74,211,1050.82,0.19,-0.14,-0.67,20.7,-0.16,-0.55,0.03
Defensemen,Defensemen,2024–25,20242025,180,8475762,Derek Forbort,76,216,923.48,0.85,-0.08,-0.72,20.29,0.38,-0.67,-0.42
Defensemen,Defensemen,2024–25,20242025,181,8482803,Olen Zellweger,70,193,1175.42,-1.41,-0.31,-0.78,19.88,-1.12,0.07,0.28
Defensemen,Defensemen,2024–25,20242025,182,8481524,Bowen Byram,73,205,1861.17,-0.26,-0.2,-0.8,19.06,-0.58,-0.38,0.16
Defensemen,Defensemen,2024–25,20242025,183,8477447,Shea Theodore,74,197,1473.47,-0.3,-0.21,-0.8,18.65,-0.85,-0.03,0.07
Defensemen,Defensemen,2024–25,20242025,184,8480891,Michael Kesselring,77,215,1450.3,1.06,-0.11,-0.81,18.24,-0.33,-0.24,-0.23
Defensemen,Defensemen,2024–25,20242025,185,8480990,Declan Chisholm,73,205,1121.52,-0.26,-0.19,-0.84,17.83,-0.76,-0.18,0.1
Defensemen,Defensemen,2024–25,20242025,186,8480336,Sean Walker,71,191,1380.37,-1.24,-0.39,-0.85,17.42,-1.14,-0.44,0.73
Defensemen,Defensemen,2024–25,20242025,187,8477488,Brett Pesce,75,206,1535.02,0.26,-0.26,-0.86,17.01,-0.82,-0.02,-0.02
Defensemen,Defensemen,2024–25,20242025,188,8475324,Nick Jensen,72,202,1435.65,-0.61,-0.22,-0.88,16.6,-1.12,0.05,0.19
Defensemen,Defensemen,2024–25,20242025,189,8478178,Darren Raddysh,73,202,1262.88,-0.37,-0.23,-0.88,16.19,-0.55,-0.41,0.08
Defensemen,Defensemen,2024–25,20242025,190,8474673,TJ Brodie,74,187,844.15,-0.65,-0.31,-0.89,15.78,-0.98,-0.06,0.14
Defensemen,Defensemen,2024–25,20242025,191,8481598,Philip Broberg,76,210,1393.98,0.64,-0.15,-0.9,15.37,-0.9,0.14,-0.14
Defensemen,Defensemen,2024–25,20242025,192,8475690,Chris Tanev,75,200,1481.2,0.05,-0.29,-0.92,14.55,-0.71,-0.23,0.02
Defensemen,Defensemen,2024–25,20242025,193,8482929,Emil Lilleberg,75,215,1161.42,0.57,-0.18,-0.95,14.14,-0.36,-0.51,-0.09
Defensemen,Defensemen,2024–25,20242025,194,8483448,Isaiah George,73,203,516.33,-0.33,-0.26,-0.98,13.32,-0.98,-0.07,0.07
Defensemen,Defensemen,2024–25,20242025,195,8481708,Zac Jones,71,190,793.68,-1.27,-0.43,-1,12.91,-1.14,-0.6,0.75
Defensemen,Defensemen,2024–25,20242025,196,8474578,Erik Karlsson,72,185,1905.33,-1.21,-0.29,-1.01,12.5,-1.43,0.07,0.34
Defensemen,Defensemen,2024–25,20242025,197,8482624,Daniil Miromanov,76,207,777.9,0.53,-0.2,-1.02,11.68,-0.62,-0.16,-0.25
Defensemen,Defensemen,2024–25,20242025,198,8482511,Mason Lohrei,77,218,1503.62,1.16,-0.15,-1.03,11.27,-1.06,0.29,-0.26
Defensemen,Defensemen,2024–25,20242025,199,8478970,Jalen Chatfield,73,209,1491.35,-0.12,-0.25,-1.03,10.86,-1.19,0.03,0.12
Defensemen,Defensemen,2024–25,20242025,200,8478500,Ivan Provorov,73,224,1915.02,0.4,-0.21,-1.04,10.45,-0.97,-0.03,-0.04
Defensemen,Defensemen,2024–25,20242025,201,8482122,Brock Faber,73,200,1990.95,-0.44,-0.25,-1.05,10.04,-0.87,-0.32,0.14
Defensemen,Defensemen,2024–25,20242025,202,8478507,John Marino,73,200,740.85,-0.44,-0.28,-1.07,9.63,-1.1,-0.18,0.22
Defensemen,Defensemen,2024–25,20242025,203,8478859,Niko Mikkola,78,204,1534.77,0.92,-0.18,-1.16,9.22,-0.8,0.1,-0.46
Defensemen,Defensemen,2024–25,20242025,204,8476874,Olli Maatta,74,207,1505.72,0.05,-0.35,-1.17,8.81,-1.18,-0.01,0.02
Defensemen,Defensemen,2024–25,20242025,205,8482730,Brandt Clarke,74,200,1269.77,-0.2,-0.28,-1.25,8.4,-1.3,-0.02,0.08
Defensemen,Defensemen,2024–25,20242025,206,8480246,Nick Perbix,76,206,1086.67,0.5,-0.26,-1.27,7.99,-1.28,0.07,-0.07
Defensemen,Defensemen,2024–25,20242025,207,8479982,Conor Timmins,75,213,1150.7,0.5,-0.27,-1.31,7.58,-0.69,-0.4,-0.23
Defensemen,Defensemen,2024–25,20242025,208,8480036,Miro Heiskanen,74,197,1258.02,-0.3,-0.31,-1.34,7.17,-1.64,0.19,0.11
Defensemen,Defensemen,2024–25,20242025,209,8476853,Morgan Rielly,73,219,1753.87,0.23,-0.29,-1.37,6.76,-1.1,-0.24,-0.03
Defensemen,Defensemen,2024–25,20242025,210,8475181,Nick Leddy,72,205,578.78,-0.51,-0.44,-1.44,6.35,-2.26,0.49,0.33
Defensemen,Defensemen,2024–25,20242025,211,8482684,Luke Hughes,74,198,1502.22,-0.27,-0.37,-1.48,5.53,-2.05,0.4,0.16
Defensemen,Defensemen,2024–25,20242025,212,8479976,Juuso Välimäki,74,201,711.78,-0.16,-0.34,-1.5,5.12,-1.46,-0.1,0.07
Defensemen,Defensemen,2024–25,20242025,213,8480001,Urho Vaakanainen,74,202,836.95,-0.13,-0.42,-1.6,3.89,-2,0.29,0.12
Defensemen,Defensemen,2024–25,20242025,214,8475764,Cam Fowler,74,213,1464.93,0.26,-0.4,-1.7,3.48,-1.58,-0.02,-0.1
Defensemen,Defensemen,2024–25,20242025,215,8479980,Nicolas Hague,78,245,1155.73,2.35,-0.12,-1.7,3.07,-0.56,0.1,-1.24
Defensemen,Defensemen,2024–25,20242025,216,8478460,Zach Werenski,74,214,2166.37,0.29,-0.4,-1.75,2.66,-1.84,0.2,-0.11
Defensemen,Defensemen,2024–25,20242025,217,8475718,Justin Holl,76,194,1079.82,0.08,-0.48,-1.93,2.25,-1.61,-0.33,0
Defensemen,Defensemen,2024–25,20242025,218,8470613,Brent Burns,77,228,1718.37,1.51,-0.34,-2.16,1.84,-1.29,-0.09,-0.78
Defensemen,Defensemen,2024–25,20242025,219,8483425,Lian Bichsel,79,237,565.85,2.31,-0.25,-2.22,1.43,-0.45,-0.55,-1.22
Defensemen,Defensemen,2024–25,20242025,220,8482671,Owen Power,78,226,1683.63,1.68,-0.35,-2.28,1.02,-1.44,0.04,-0.88
Defensemen,Defensemen,2024–25,20242025,221,8476979,Erik Gustafsson,72,190,978.87,-1.03,-0.67,-2.51,0.61,-1.98,-0.93,0.39
Defensemen,Defensemen,2024–25,20242025,222,8484321,Nikolas Matinpalo,75,213,517,0.5,-0.58,-2.6,0.2,-2.11,-0.42,-0.07
Forwards,Forwards,2021–22,20212022,1,8475842,Sam Carrick,72,202,733.9,-0.19,1.01,3.41,99,3.14,0.17,0.1
Forwards,Forwards,2021–22,20212022,2,8475178,Zack Kassian,75,211,683.5,0.93,1,2.72,98.78,2.52,0.71,-0.51
Forwards,Forwards,2021–22,20212022,3,8474709,Matt Martin,75,215,812.22,1.07,1.02,2.71,98.56,2.72,0.57,-0.59
Forwards,Forwards,2021–22,20212022,4,8471817,Ryan Reaves,74,225,734.78,1.17,0.95,2.59,98.12,2.75,0.37,-0.53
Forwards,Forwards,2021–22,20212022,5,8476399,Blake Coleman,71,199,1200.47,-0.56,0.6,2.23,97.89,1.43,0.48,0.32
Forwards,Forwards,2021–22,20212022,6,8476389,Vincent Trocheck,71,187,1447.78,-0.99,0.48,2.09,97.67,0.92,0.62,0.56
Forwards,Forwards,2021–22,20212022,7,8478434,Keegan Kolesar,74,216,974.08,0.85,0.79,2.09,97.45,1.72,0.83,-0.46
Forwards,Forwards,2021–22,20212022,8,8479661,Tanner Jeannot,74,221,1294.98,1.03,0.71,2.05,97.23,1.94,0.37,-0.26
Forwards,Forwards,2021–22,20212022,9,8475220,Marcus Foligno,75,226,1214.18,1.47,0.74,2.05,97.01,1.94,0.45,-0.34
Forwards,Forwards,2021–22,20212022,10,8477446,Michael McCarron,78,232,529.85,2.48,0.79,1.96,96.78,2.06,0.49,-0.59
Forwards,Forwards,2021–22,20212022,11,8475235,Nicolas Deslauriers,73,218,920.6,0.66,0.63,1.87,96.34,2.23,-0.18,-0.17
Forwards,Forwards,2021–22,20212022,12,8479520,Brandon Duhaime,74,210,817.45,0.63,0.6,1.87,96.12,2.34,-0.27,-0.2
Forwards,Forwards,2021–22,20212022,13,8479944,Zach Aston-Reese,73,203,899.58,0.11,0.57,1.82,95.9,1.72,0.13,-0.04
Forwards,Forwards,2021–22,20212022,14,8477962,Brendan Lemieux,73,215,537.25,0.55,0.6,1.8,95.68,1.95,-0.01,-0.15
Forwards,Forwards,2021–22,20212022,15,8471699,Andrew Cogliano,70,179,937.57,-1.55,0.26,1.69,95.23,0.89,-0.07,0.86
Forwards,Forwards,2021–22,20212022,16,8475170,Brayden Schenn,73,200,1102.65,0,0.52,1.68,95.01,1.48,0.2,0.01
Forwards,Forwards,2021–22,20212022,17,8473422,Nick Foligno,72,210,797.67,0.1,0.48,1.66,94.79,1.88,-0.19,-0.03
Forwards,Forwards,2021–22,20212022,18,8477941,Nick Ritchie,75,236,723.98,1.83,0.64,1.63,94.57,1.36,0.72,-0.45
Forwards,Forwards,2021–22,20212022,19,8479977,Kailer Yamamoto,69,178,1366.55,-1.84,0.19,1.63,94.35,-0.52,1.12,1.03
Forwards,Forwards,2021–22,20212022,20,8471217,Andrew Ladd,75,205,720.13,0.71,0.61,1.58,93.9,1.52,0.44,-0.39
Forwards,Forwards,2021–22,20212022,21,8479316,Luke Kunin,72,197,1134.03,-0.37,0.43,1.47,93.68,1.35,0.05,0.06
Forwards,Forwards,2021–22,20212022,22,8479772,Zack MacEwen,76,226,724.75,1.73,0.58,1.45,93.46,2.2,-0.32,-0.42
Forwards,Forwards,2021–22,20212022,23,8476374,Sean Kuraly,74,208,1221.22,0.56,0.54,1.44,93.02,1.73,0.01,-0.3
Forwards,Forwards,2021–22,20212022,24,8475231,Casey Cizikas,71,191,1017.27,-0.85,0.31,1.39,92.57,0.61,0.5,0.29
Forwards,Forwards,2021–22,20212022,25,8475848,Brendan Gallagher,69,185,841.03,-1.59,0.22,1.34,92.13,0.23,0.58,0.53
Forwards,Forwards,2021–22,20212022,26,8474190,Wayne Simmonds,74,184,671.78,-0.31,0.4,1.34,91.91,0.95,0.33,0.05
Forwards,Forwards,2021–22,20212022,27,8475766,Austin Watson,76,203,803.43,0.9,0.45,1.3,91.69,2.04,-0.45,-0.29
Forwards,Forwards,2021–22,20212022,28,8476455,Gabriel Landeskog,73,215,1036.2,0.55,0.44,1.3,91.46,0.94,0.48,-0.12
Forwards,Forwards,2021–22,20212022,29,8478211,Dryden Hunt,72,193,933.82,-0.51,0.31,1.28,91.24,0.42,0.68,0.18
Forwards,Forwards,2021–22,20212022,30,8477903,Garnet Hathaway,74,212,1017.57,0.7,0.42,1.27,91.02,0.78,0.71,-0.22
Forwards,Forwards,2021–22,20212022,31,8479356,Kieffer Bellows,73,195,533.9,-0.18,0.36,1.25,90.8,1.54,-0.4,0.11
Forwards,Forwards,2021–22,20212022,32,8476624,Barclay Goodrow,74,210,1320.27,0.63,0.46,1.22,90.58,1.06,0.44,-0.28
Forwards,Forwards,2021–22,20212022,33,8480028,Morgan Frost,72,193,765.73,-0.51,0.29,1.21,90.13,1.09,-0.13,0.25
Forwards,Forwards,2021–22,20212022,34,8479514,Rem Pitlick,71,186,988.87,-1.03,0.23,1.19,89.91,0.11,0.74,0.35
Forwards,Forwards,2021–22,20212022,35,8478010,Brayden Point,71,177,1284.48,-1.35,0.17,1.19,89.69,0.08,0.48,0.64
Forwards,Forwards,2021–22,20212022,36,8476480,Vladislav Namestnikov,72,181,1098.7,-0.95,0.23,1.18,89.47,0.35,0.39,0.45
Forwards,Forwards,2021–22,20212022,37,8477478,William Carrier,74,214,732.23,0.77,0.4,1.16,89.25,0.37,1.03,-0.25
Forwards,Forwards,2021–22,20212022,38,8476822,Luke Glendening,71,190,1157.48,-0.88,0.23,1.15,89.02,0.21,0.52,0.42
Forwards,Forwards,2021–22,20212022,39,8476872,Scott Laughton,73,190,1100.22,-0.36,0.3,1.15,88.8,0.78,0.19,0.18
Forwards,Forwards,2021–22,20212022,40,8473473,Milan Lucic,75,236,1005.03,1.83,0.67,1.14,88.58,2.35,-0.2,-1.01
Forwards,Forwards,2021–22,20212022,41,8479365,Trent Frederic,75,221,699.22,1.29,0.45,1.14,88.36,1.6,-0.16,-0.3
Forwards,Forwards,2021–22,20212022,42,8474034,Patrick Maroon,75,234,1004.08,1.76,0.48,1.13,88.14,1.25,0.31,-0.43
Forwards,Forwards,2021–22,20212022,43,8479933,Gerry Mayhew,69,161,527.02,-2.46,0.17,1.09,87.92,0.42,0.12,0.55
Forwards,Forwards,2021–22,20212022,44,8477846,Ryan Carpenter,73,198,842.98,-0.07,0.32,1.05,87.69,0.92,0.09,0.05
Forwards,Forwards,2021–22,20212022,45,8473994,Jamie Benn,75,210,1373.27,0.89,0.37,1.02,87.47,1.19,0.12,-0.28
Forwards,Forwards,2021–22,20212022,46,8479353,Brett Howden,74,201,500.82,0.3,0.34,1.01,87.25,0.45,0.65,-0.09
Forwards,Forwards,2021–22,20212022,47,8476919,Chris Tierney,73,191,869.02,-0.32,0.24,1.01,87.03,0.15,0.74,0.11
Forwards,Forwards,2021–22,20212022,48,8471228,Alexander Radulov,73,200,1000.87,0,0.27,1,86.81,0.08,0.91,0.01
Forwards,Forwards,2021–22,20212022,49,8480801,Brady Tkachuk,76,226,1485.12,1.73,0.45,1,86.59,0.96,0.6,-0.56
Forwards,Forwards,2021–22,20212022,50,8477454,Adam Erne,73,209,1057.28,0.33,0.3,0.99,86.36,0.57,0.52,-0.1
Forwards,Forwards,2021–22,20212022,51,8476278,Colin Blackwell,68,181,692.17,-2,-0.03,0.97,86.14,-0.69,0.55,1.12
Forwards,Forwards,2021–22,20212022,52,8474613,Derek Stepan,71,196,626.15,-0.67,0.19,0.97,85.92,0.46,0.14,0.38
Forwards,Forwards,2021–22,20212022,53,8473544,Derick Brassard,73,200,593.78,0,0.3,0.97,85.7,1.07,-0.11,0.01
Forwards,Forwards,2021–22,20212022,54,8479414,Nathan Bastian,76,217,857.17,1.41,0.4,0.97,85.48,0.74,0.68,-0.45
Forwards,Forwards,2021–22,20212022,55,8475343,Nic Dowd,74,195,912.82,0.09,0.31,0.97,85.25,0.73,0.26,-0.03
Forwards,Forwards,2021–22,20212022,56,8480459,Pius Suter,71,172,1387.77,-1.54,0.11,0.96,85.03,-0.2,0.65,0.51
Forwards,Forwards,2021–22,20212022,57,8477935,Sam Bennett,73,193,1202.95,-0.25,0.26,0.96,84.81,0.57,0.24,0.15
Forwards,Forwards,2021–22,20212022,58,8479066,Ryan Lomberg,69,184,627.33,-1.63,0.06,0.95,84.59,0.22,-0.04,0.76
Forwards,Forwards,2021–22,20212022,59,8476952,Dominic Toninato,74,201,646.68,0.3,0.32,0.94,84.37,0.77,0.24,-0.06
Forwards,Forwards,2021–22,20212022,60,8477964,Ivan Barbashev,72,203,1331.77,-0.15,0.26,0.94,84.15,0.44,0.42,0.08
Forwards,Forwards,2021–22,20212022,61,8476392,Adam Lowry,77,210,1222.95,1.42,0.39,0.91,83.7,0.68,0.58,-0.35
Forwards,Forwards,2021–22,20212022,62,8478043,Sam Lafferty,74,205,759.98,0.45,0.29,0.91,83.48,0.4,0.64,-0.14
Forwards,Forwards,2021–22,20212022,63,8475287,Erik Haula,71,191,1177.28,-0.85,0.16,0.9,83.26,0.74,-0.12,0.29
Forwards,Forwards,2021–22,20212022,64,8475314,Anders Lee,75,234,1263.73,1.76,0.42,0.9,83.04,0.35,1.12,-0.57
Forwards,Forwards,2021–22,20212022,65,8479314,Matthew Tkachuk,74,202,1467.75,0.34,0.34,0.89,82.82,0.28,0.79,-0.18
Forwards,Forwards,2021–22,20212022,66,8479941,Justin Danforth,68,193,565.7,-1.56,0.01,0.88,82.59,-0.2,0.21,0.88
Forwards,Forwards,2021–22,20212022,67,8475184,Chris Kreider,75,232,1517.13,1.69,0.4,0.87,82.37,0.31,1.11,-0.55
Forwards,Forwards,2021–22,20212022,68,8475728,Johan Larsson,71,206,684.13,-0.3,0.22,0.87,82.15,0.82,-0.11,0.15
Forwards,Forwards,2021–22,20212022,69,8476925,Colton Sissons,73,200,1276.82,0,0.23,0.87,81.93,0.75,0.11,0.01
Forwards,Forwards,2021–22,20212022,70,8478462,Nicolas Roy,76,200,1267.65,0.79,0.37,0.86,81.71,0.67,0.54,-0.35
Forwards,Forwards,2021–22,20212022,71,8480901,Karson Kuhlman,71,184,523.75,-1.1,0.08,0.85,81.26,0.06,0.17,0.62
Forwards,Forwards,2021–22,20212022,72,8476419,Jean-Gabriel Pageau,71,180,1360.93,-1.25,0.1,0.84,81.04,0.22,0.2,0.42
Forwards,Forwards,2021–22,20212022,73,8480029,Alex Formenton,75,195,1220.68,0.35,0.25,0.8,80.6,0.61,0.29,-0.11
Forwards,Forwards,2021–22,20212022,74,8477401,John Hayden,75,223,596.62,1.36,0.34,0.77,80.16,1.32,-0.22,-0.34
Forwards,Forwards,2021–22,20212022,75,8478474,Lawson Crouse,76,214,1132.93,1.3,0.33,0.75,79.93,1.05,0.03,-0.32
Forwards,Forwards,2021–22,20212022,76,8482705,Cole Sillinger,72,202,1082.35,-0.19,0.2,0.73,79.71,0.65,-0.02,0.1
Forwards,Forwards,2021–22,20212022,77,8482093,Seth Jarvis,70,180,943.5,-1.51,-0.02,0.73,79.49,-0.64,0.53,0.84
Forwards,Forwards,2021–22,20212022,78,8480025,MacKenzie Entwistle,75,203,563.45,0.64,0.25,0.7,79.27,0.26,0.64,-0.2
Forwards,Forwards,2021–22,20212022,79,8474641,Adam Henrique,72,195,1010.33,-0.44,0.15,0.69,79.05,0.02,0.45,0.22
Forwards,Forwards,2021–22,20212022,80,8476479,Phillip Danault,73,200,1431.93,0,0.17,0.68,78.82,0.01,0.66,0.01
Forwards,Forwards,2021–22,20212022,81,8470610,Zach Parise,71,195,1253.3,-0.7,0.1,0.67,78.6,-0.25,0.68,0.24
Forwards,Forwards,2021–22,20212022,82,8478508,Yakov Trenin,74,201,1173.4,0.3,0.26,0.67,78.38,1.02,-0.19,-0.16
Forwards,Forwards,2021–22,20212022,83,8476981,Josh Anderson,75,226,1188.55,1.47,0.4,0.64,78.16,1.18,0.12,-0.66
Forwards,Forwards,2021–22,20212022,84,8474683,Derek Grant,75,210,1016.27,0.89,0.25,0.64,77.94,0.38,0.54,-0.28
Forwards,Forwards,2021–22,20212022,85,8476921,Jordan Martinook,73,208,660.85,0.29,0.19,0.63,77.72,0.39,0.33,-0.09
Forwards,Forwards,2021–22,20212022,86,8477508,Curtis Lazar,72,203,839.58,-0.15,0.17,0.62,77.27,0.21,0.32,0.09
Forwards,Forwards,2021–22,20212022,87,8478047,Michael Bunting,72,186,1227.85,-0.77,0.08,0.61,77.05,-0.03,0.38,0.26
Forwards,Forwards,2021–22,20212022,88,8477482,Zachary Sanford,76,206,1143.92,1.01,0.25,0.6,76.61,0.63,0.29,-0.32
Forwards,Forwards,2021–22,20212022,89,8476329,Travis Boyd,72,190,1221.97,-0.62,0.15,0.6,76.39,0.14,0.34,0.12
Forwards,Forwards,2021–22,20212022,90,8478427,Sebastian Aho,72,189,1497.35,-0.66,0.08,0.6,76.16,-0.19,0.42,0.37
Forwards,Forwards,2021–22,20212022,91,8475169,Evander Kane,74,218,836.37,0.92,0.26,0.58,75.94,0.77,0.04,-0.23
Forwards,Forwards,2021–22,20212022,92,8474849,Antoine Roussel,71,200,643.57,-0.52,0.15,0.58,75.72,0.25,0.23,0.1
Forwards,Forwards,2021–22,20212022,93,8478413,Jordan Greenway,78,231,902.87,2.44,0.36,0.57,75.28,1.07,0.07,-0.57
Forwards,Forwards,2021–22,20212022,94,8471794,Darren Helm,72,192,717.48,-0.55,0.09,0.57,75.06,1.24,-0.99,0.31
Forwards,Forwards,2021–22,20212022,95,8477456,J.T. Compher,72,191,1142.55,-0.58,0.09,0.56,74.83,0.03,0.25,0.28
Forwards,Forwards,2021–22,20212022,96,8476851,Alex Galchenyuk,73,194,789.2,-0.21,0.16,0.56,74.61,0.56,-0.07,0.06
Forwards,Forwards,2021–22,20212022,97,8476826,Yanni Gourde,69,173,1367.77,-2.03,-0.07,0.55,74.17,-0.11,-0.01,0.67
Forwards,Forwards,2021–22,20212022,98,8477996,Juho Lammikko,74,191,920.88,-0.06,0.16,0.55,73.95,0.51,-0.01,0.04
Forwards,Forwards,2021–22,20212022,99,8477952,Robby Fabbri,71,185,970.45,-1.06,0.1,0.53,73.73,0.32,-0.02,0.23
Forwards,Forwards,2021–22,20212022,100,8471669,Paul Stastny,72,193,1262.6,-0.51,0.14,0.52,73.5,-0.28,0.71,0.1
Forwards,Forwards,2021–22,20212022,101,8481617,Vasily Podkolzin,73,190,1010.58,-0.36,0.09,0.52,73.28,0.39,0.01,0.13
Forwards,Forwards,2021–22,20212022,102,8474586,Jordan Eberle,71,180,1418.23,-1.25,-0.02,0.51,73.06,-0.21,0.14,0.59
Forwards,Forwards,2021–22,20212022,103,8475722,Jason Zucker,71,198,607.63,-0.59,0.06,0.5,72.84,0.34,-0.17,0.34
Forwards,Forwards,2021–22,20212022,104,8476442,Matt Nieto,71,189,1008.25,-0.92,0.01,0.5,72.62,-0.49,0.48,0.52
Forwards,Forwards,2021–22,20212022,105,8481535,Nils Hoglander,69,185,785.33,-1.59,0.05,0.5,72.17,-0.1,0.25,0.35
Forwards,Forwards,2021–22,20212022,106,8477987,Ryan Donato,72,190,1020.77,-0.62,0.05,0.49,71.95,-0.68,0.82,0.35
Forwards,Forwards,2021–22,20212022,107,8481580,Connor McMichael,72,180,711.83,-0.98,0.07,0.45,71.73,-0.15,0.36,0.24
Forwards,Forwards,2021–22,20212022,108,8476918,Jimmy Vesey,74,203,980.83,0.38,0.19,0.45,71.51,0.64,-0.03,-0.16
Forwards,Forwards,2021–22,20212022,109,8476468,J.T. Miller,72,211,1686.15,0.14,0.15,0.43,71.06,0.6,-0.12,-0.05
Forwards,Forwards,2021–22,20212022,110,8479346,Dillon Dube,71,185,1014.28,-1.06,-0.04,0.42,70.84,-0.22,0.04,0.6
Forwards,Forwards,2021–22,20212022,111,8471887,Patric Hornqvist,71,189,823.57,-0.92,0.07,0.41,70.4,-0.23,0.42,0.23
Forwards,Forwards,2021–22,20212022,112,8477979,Nicolas Aube-Kubel,72,213,726.4,0.21,0.11,0.4,70.18,0.9,-0.43,-0.06
Forwards,Forwards,2021–22,20212022,113,8477930,Pierre-Edouard Bellemare,71,198,1100.58,-0.59,0.03,0.4,69.96,-0.04,0.11,0.34
Forwards,Forwards,2021–22,20212022,114,8479336,Carl Grundstrom,72,200,588.05,-0.26,0.12,0.4,69.73,0.63,-0.27,0.04
Forwards,Forwards,2021–22,20212022,115,8478233,Andrew Mangiapane,70,183,1289.62,-1.4,0.02,0.39,69.29,-0.19,0.23,0.34
Forwards,Forwards,2021–22,20212022,116,8475191,Reilly Smith,73,185,995.88,-0.54,0.03,0.37,69.07,-0.3,0.36,0.31
Forwards,Forwards,2021–22,20212022,117,8481186,Logan O'Connor,72,175,1123.58,-1.16,0.04,0.36,68.85,-0.03,0.14,0.25
Forwards,Forwards,2021–22,20212022,118,8481641,Joel Kiviranta,71,185,533.23,-1.06,0.04,0.36,68.63,0.26,-0.17,0.26
Forwards,Forwards,2021–22,20212022,119,8477494,Jonathan Drouin,71,189,581.22,-0.92,0.05,0.35,68.4,0.16,-0,0.19
Forwards,Forwards,2021–22,20212022,120,8470794,Joe Pavelski,73,196,1514.87,-0.14,0.1,0.34,68.18,-0.15,0.45,0.04
Forwards,Forwards,2021–22,20212022,121,8471675,Sidney Crosby,71,200,1378.23,-0.52,0.08,0.34,67.96,-0.01,0.25,0.1
Forwards,Forwards,2021–22,20212022,122,8480031,Maxime Comtois,74,210,735.03,0.63,0.19,0.34,67.74,0.69,-0.08,-0.28
Forwards,Forwards,2021–22,20212022,123,8481481,Blake Lizotte,69,176,851.47,-1.92,-0.12,0.34,67.52,-0.27,-0.02,0.64
Forwards,Forwards,2021–22,20212022,124,8480813,Joseph Veleno,73,201,872.15,0.04,0.07,0.34,67.29,0.33,0.01,-0
Forwards,Forwards,2021–22,20212022,125,8478585,Derek Ryan,70,185,857.32,-1.33,0.02,0.33,67.07,-0.39,0.44,0.29
Forwards,Forwards,2021–22,20212022,126,8474009,Nick Bonino,73,198,1335.98,-0.07,0.1,0.32,66.41,-0.01,0.3,0.03
Forwards,Forwards,2021–22,20212022,127,8476889,Radek Faksa,75,216,1214.2,1.11,0.29,0.31,65.96,0.52,0.4,-0.61
Forwards,Forwards,2021–22,20212022,128,8470638,Patrice Bergeron,73,196,1326.42,-0.14,0.08,0.31,65.74,0.54,-0.31,0.09
Forwards,Forwards,2021–22,20212022,129,8477998,Warren Foegele,74,205,1034.2,0.45,0.13,0.31,65.52,0.25,0.16,-0.1
Forwards,Forwards,2021–22,20212022,130,8473986,Alex Killorn,73,205,1532.73,0.19,0.11,0.29,65.3,-0.03,0.4,-0.07
Forwards,Forwards,2021–22,20212022,131,8477887,Patrick Brown,73,217,547.08,0.62,0.14,0.29,65.08,0.53,-0.08,-0.16
Forwards,Forwards,2021–22,20212022,132,8475151,Kyle Palmieri,72,192,1078.12,-0.55,0.06,0.27,64.86,-0.15,0.32,0.11
Forwards,Forwards,2021–22,20212022,133,8479404,Henrik Borgstrom,75,199,546.98,0.49,0.17,0.27,64.41,0.77,-0.23,-0.27
Forwards,Forwards,2021–22,20212022,134,8474176,Carl Hagelin,72,183,754.57,-0.87,-0.04,0.27,64.19,0.22,-0.37,0.42
Forwards,Forwards,2021–22,20212022,135,8478870,Rudolfs Balcers,71,182,917.25,-1.17,0.01,0.25,63.97,0.2,-0.2,0.25
Forwards,Forwards,2021–22,20212022,136,8473533,Jordan Staal,76,220,1297.3,1.52,0.2,0.25,63.75,0.1,0.53,-0.37
Forwards,Forwards,2021–22,20212022,137,8475794,Tyler Seguin,74,205,1443.3,0.45,0.13,0.24,63.53,0.57,-0.14,-0.19
Forwards,Forwards,2021–22,20212022,138,8475760,Nick Bjugstad,78,210,584.85,1.68,0.21,0.24,63.3,0.4,0.38,-0.54
Forwards,Forwards,2021–22,20212022,139,8475793,Ryan Johansen,75,218,1308.53,1.18,0.17,0.23,63.08,0.49,0.04,-0.29
Forwards,Forwards,2021–22,20212022,140,8480208,Drake Batherson,75,209,870.72,0.86,0.13,0.2,62.86,0.38,0.04,-0.22
Forwards,Forwards,2021–22,20212022,141,8475166,John Tavares,73,217,1427.85,0.62,0.11,0.2,62.64,-0.06,0.4,-0.14
Forwards,Forwards,2021–22,20212022,142,8474062,Riley Nash,73,187,559.95,-0.47,-0.02,0.2,62.42,-0.08,0.12,0.16
Forwards,Forwards,2021–22,20212022,143,8471218,Blake Wheeler,77,222,1270.02,1.85,0.2,0.2,62.2,0.29,0.36,-0.45
Forwards,Forwards,2021–22,20212022,144,8474037,James van Riemsdyk,75,210,1321.22,0.89,0.18,0.19,61.97,0.15,0.44,-0.4
Forwards,Forwards,2021–22,20212022,145,8480789,Oliver Wahlstrom,74,205,880.3,0.45,0.07,0.18,61.75,0.82,-0.5,-0.14
Forwards,Forwards,2021–22,20212022,146,8477353,Tyler Motte,70,194,812.65,-1,-0.02,0.15,60.86,0.2,-0.3,0.25
Forwards,Forwards,2021–22,20212022,147,8479383,Boris Katchouk,74,212,585.3,0.7,0.11,0.15,60.64,0.33,0,-0.18
Forwards,Forwards,2021–22,20212022,148,8479351,Sam Steel,72,185,837.22,-0.8,-0.07,0.14,60.42,-0.39,0.15,0.38
Forwards,Forwards,2021–22,20212022,149,8478067,Oskar Lindblom,73,191,1090.27,-0.32,0.03,0.14,59.98,0.06,-0.01,0.09
Forwards,Forwards,2021–22,20212022,150,8479373,Jonathan Dahlen,71,180,841.32,-1.25,-0.04,0.14,59.76,-0.3,0.13,0.31
Forwards,Forwards,2021–22,20212022,151,8477503,Max Domi,70,208,938.55,-0.49,0.02,0.13,59.53,0.23,-0.19,0.09
Forwards,Forwards,2021–22,20212022,152,8477476,Artturi Lehkonen,71,179,1117.15,-1.28,-0.05,0.13,59.31,-0.15,-0.03,0.32
Forwards,Forwards,2021–22,20212022,153,8476432,Boone Jenner,74,204,1207.42,0.41,0.1,0.13,59.09,0.1,0.2,-0.18
Forwards,Forwards,2021–22,20212022,154,8480797,Joel Farabee,72,186,1107.98,-0.77,-0.08,0.13,58.87,-0.26,-0.05,0.43
Forwards,Forwards,2021–22,20212022,155,8478472,Mathieu Joseph,73,189,979.67,-0.39,-0.02,0.13,58.65,-0.08,0.01,0.2
Forwards,Forwards,2021–22,20212022,156,8478133,Jake Evans,72,190,1122.97,-0.62,-0.05,0.12,58.43,-0.07,-0.11,0.3
Forwards,Forwards,2021–22,20212022,157,8477451,Ryan Hartman,72,197,1490.8,-0.37,-0.02,0.12,58.2,0.36,-0.42,0.18
Forwards,Forwards,2021–22,20212022,158,8477460,Laurent Dauphin,72,186,505.15,-0.77,-0.02,0.11,57.98,-0.09,0.01,0.19
Forwards,Forwards,2021–22,20212022,159,8470606,Dustin Brown,72,205,943.3,-0.08,0.03,0.1,57.76,-0.04,0.09,0.05
Forwards,Forwards,2021–22,20212022,160,8477505,Alexander Wennberg,74,190,1428.15,-0.09,0.02,0.1,57.54,-0.46,0.5,0.06
Forwards,Forwards,2021–22,20212022,161,8482109,Alexis Lafrenière,74,191,1105.3,-0.06,0.02,0.1,57.32,0.01,0.04,0.04
Forwards,Forwards,2021–22,20212022,162,8480009,Eeli Tolvanen,70,182,1007.08,-1.44,-0.15,0.09,57.1,0.47,-0.86,0.48
Forwards,Forwards,2021–22,20212022,163,8470604,Jeff Carter,75,219,1342.98,1.22,0.11,0.08,56.21,0.44,0.03,-0.39
Forwards,Forwards,2021–22,20212022,164,8476934,Brock McGinn,72,191,959.68,-0.58,-0.06,0.08,55.99,-0.27,0.07,0.28
Forwards,Forwards,2021–22,20212022,165,8474679,Gustav Nyquist,71,180,1462.93,-1.25,-0.15,0.08,55.76,-0.68,0.17,0.59
Forwards,Forwards,2021–22,20212022,166,8478458,Jack Roslovic,73,198,1156.78,-0.07,0.02,0.08,55.32,-0.15,0.19,0.05
Forwards,Forwards,2021–22,20212022,167,8474715,Cam Atkinson,68,178,1331.98,-2.11,-0.22,0.07,55.1,-0.74,0.11,0.7
Forwards,Forwards,2021–22,20212022,168,8481061,Jasper Weatherby,76,222,562.03,1.59,0.14,0.07,54.88,0.29,0.15,-0.37
Forwards,Forwards,2021–22,20212022,169,8477429,Andrew Copp,73,200,1380.87,0,0.03,0.07,54.66,-0.45,0.51,0.01
Forwards,Forwards,2021–22,20212022,170,8471698,T.J. Oshie,72,187,767.78,-0.73,-0.03,0.06,54.43,-0.34,0.22,0.18
Forwards,Forwards,2021–22,20212022,171,8476927,Teddy Blueger,72,185,976.17,-0.8,-0.1,0.05,54.21,-0.31,0.09,0.27
Forwards,Forwards,2021–22,20212022,172,8479390,Taylor Raddysh,74,201,912.85,0.3,0.01,0.03,53.99,-0.34,0.46,-0.09
Forwards,Forwards,2021–22,20212022,173,8475855,Jesper Fast,73,191,1214.47,-0.32,-0,0.03,53.77,-0.49,0.47,0.05
Forwards,Forwards,2021–22,20212022,174,8480830,Andrei Svechnikov,75,200,1346.27,0.53,0.03,0.03,53.55,0.64,-0.45,-0.17
Forwards,Forwards,2021–22,20212022,175,8481624,Ilya Mikheyev,74,192,808.73,-0.02,0.02,0.03,53.33,-0.33,0.37,-0.02
Forwards,Forwards,2021–22,20212022,176,8478975,Mason Marchment,77,212,762.4,1.49,0.12,0.02,53.1,0.3,0.21,-0.48
Forwards,Forwards,2021–22,20212022,177,8478146,Matthew Highmore,71,192,583.97,-0.81,-0.04,0.02,52.88,-0.42,0.27,0.17
Forwards,Forwards,2021–22,20212022,178,8478366,Frank Vatrano,71,203,934.3,-0.41,-0.06,0.01,52.66,0.22,-0.41,0.2
Forwards,Forwards,2021–22,20212022,179,8474149,Evgenii Dadonov,71,188,1234.13,-0.96,-0.05,0.01,52.44,-0.46,0.27,0.2
Forwards,Forwards,2021–22,20212022,180,8478874,Adam Gaudette,73,190,656.53,-0.36,-0.01,0,52.22,0.27,-0.33,0.06
Forwards,Forwards,2021–22,20212022,181,8479415,Michael McLeod,74,190,1026.1,-0.09,0.01,0,52,0.82,-0.81,0
Forwards,Forwards,2021–22,20212022,182,8474589,Tyler Ennis,69,160,714.93,-2.5,-0.18,0,51.77,-0.58,-0.03,0.61
Forwards,Forwards,2021–22,20212022,183,8475768,Jaden Schwartz,70,185,682.87,-1.33,-0.22,-0,51.55,-0.65,-0.1,0.74
Forwards,Forwards,2021–22,20212022,184,8477497,Sean Monahan,74,206,914.17,0.48,0.04,-0,51.33,0.1,0,-0.11
Forwards,Forwards,2021–22,20212022,185,8475193,Tomas Tatar,70,173,1127.25,-1.76,-0.11,-0.01,51.11,-0.18,-0.21,0.39
Forwards,Forwards,2021–22,20212022,186,8476458,Ryan Strome,73,192,1355.52,-0.29,-0.06,-0.01,50.89,0.15,-0.26,0.1
Forwards,Forwards,2021–22,20212022,187,8475798,Mikael Granlund,70,193,1633.17,-1.04,-0.07,-0.01,50.67,-0.33,0.06,0.26
Forwards,Forwards,2021–22,20212022,188,8479370,Tyson Jost,71,187,1025.6,-0.99,-0.14,-0.01,50.44,-0.74,0.4,0.33
Forwards,Forwards,2021–22,20212022,189,8469455,Jason Spezza,75,219,762.97,1.22,0.21,-0.03,50.22,0.78,-0.13,-0.67
Forwards,Forwards,2021–22,20212022,190,8477450,Jason Dickinson,74,200,808.6,0.27,0.04,-0.04,50,0.29,-0.19,-0.14
Forwards,Forwards,2021–22,20212022,191,8476292,Ondrej Palat,72,194,1270.25,-0.48,-0.1,-0.05,49.78,-0.16,-0.06,0.16
Forwards,Forwards,2021–22,20212022,192,8477500,Bo Horvat,73,225,1365.78,0.91,0.04,-0.06,49.56,0.42,-0.19,-0.29
Forwards,Forwards,2021–22,20212022,193,8477931,Tomas Nosek,75,199,1000.63,0.49,0.02,-0.07,49.33,0.16,-0.12,-0.11
Forwards,Forwards,2021–22,20212022,194,8473504,Cal Clutterbuck,71,215,828.47,0.02,-0.01,-0.07,49.11,0.07,-0.11,-0.03
Forwards,Forwards,2021–22,20212022,195,8480762,Eric Robinson,74,220,930.77,0.99,0.04,-0.07,48.89,0.18,0.06,-0.32
Forwards,Forwards,2021–22,20212022,196,8479393,Noah Gregor,72,201,940.95,-0.22,-0.03,-0.07,48.67,0.27,-0.38,0.03
Forwards,Forwards,2021–22,20212022,197,8476483,Rickard Rakell,73,194,1258.97,-0.21,-0.05,-0.08,48.45,-0.08,-0.11,0.11
Forwards,Forwards,2021–22,20212022,198,8478131,Ondrej Kase,72,187,699.37,-0.73,-0.06,-0.08,48.23,-0.18,-0.04,0.15
Forwards,Forwards,2021–22,20212022,199,8476881,Tomas Hertl,75,220,1635.1,1.25,0.07,-0.08,48,-0.09,0.3,-0.29
Forwards,Forwards,2021–22,20212022,200,8470619,Brian Boyle,78,245,712.07,2.95,0.2,-0.08,47.78,0.71,-0.09,-0.7
Forwards,Forwards,2021–22,20212022,201,8476393,Nick Cousins,71,191,847.85,-0.85,-0.07,-0.09,47.56,-0.35,0.09,0.18
Forwards,Forwards,2021–22,20212022,202,8477341,Andreas Johnsson,70,195,1019.57,-0.97,-0.09,-0.09,47.34,-0.42,0.1,0.24
Forwards,Forwards,2021–22,20212022,203,8474150,Mikael Backlund,72,206,1403.7,-0.04,-0.04,-0.09,47.12,0.08,-0.21,0.03
Forwards,Forwards,2021–22,20212022,204,8481477,Nico Sturm,75,209,880.92,0.86,0.02,-0.09,46.9,-0.02,0.2,-0.27
Forwards,Forwards,2021–22,20212022,205,8478866,Dominik Simon,71,190,740.58,-0.88,-0.09,-0.1,46.67,-0.23,-0.09,0.22
Forwards,Forwards,2021–22,20212022,206,8480018,Nick Suzuki,71,207,1681.83,-0.27,-0.04,-0.1,46.45,-0.17,-0.01,0.07
Forwards,Forwards,2021–22,20212022,207,8480829,Jesperi Kotkaniemi,75,212,793.53,0.96,0.05,-0.1,46.23,-0.08,0.2,-0.22
Forwards,Forwards,2021–22,20212022,208,8478444,Brock Boeser,73,208,1320.53,0.29,0.01,-0.1,46.01,0.14,-0.12,-0.12
Forwards,Forwards,2021–22,20212022,209,8480845,Rasmus Kupari,74,201,672.7,0.3,0,-0.1,45.79,0.12,-0.13,-0.09
Forwards,Forwards,2021–22,20212022,210,8481577,Philip Tomasino,72,187,876.77,-0.73,-0.14,-0.1,45.57,-0.35,-0.1,0.35
Forwards,Forwards,2021–22,20212022,211,8477839,Conor Sheary,68,180,1085.3,-2.03,-0.37,-0.12,45.34,-1.08,-0.18,1.14
Forwards,Forwards,2021–22,20212022,212,8473563,Nicklas Backstrom,73,202,822.07,0.08,-0.03,-0.12,45.12,-0.06,-0.06,-0.01
Forwards,Forwards,2021–22,20212022,213,8475810,Bryan Rust,71,202,1126.22,-0.45,-0.06,-0.12,44.9,-0.4,0.19,0.08
Forwards,Forwards,2021–22,20212022,214,8476905,Chandler Stephenson,72,201,1526.03,-0.22,-0.04,-0.13,44.68,-0.38,0.22,0.03
Forwards,Forwards,2021–22,20212022,215,8479580,Dylan Gambrell,72,191,764.58,-0.58,-0.13,-0.16,44.46,-0.3,-0.15,0.28
Forwards,Forwards,2021–22,20212022,216,8475786,Zach Hyman,73,206,1479.33,0.22,-0.02,-0.17,44.24,-0.68,0.6,-0.09
Forwards,Forwards,2021–22,20212022,217,8478431,Evgeny Svechnikov,75,208,774.37,0.82,0.02,-0.17,44.01,0.2,-0.16,-0.21
Forwards,Forwards,2021–22,20212022,218,8476880,Tom Wilson,76,225,1449.42,1.7,0.24,-0.17,43.79,1.2,-0.44,-0.93
Forwards,Forwards,2021–22,20212022,219,8476871,Tanner Pearson,73,207,1091.73,0.26,-0.02,-0.18,43.57,-0.13,0.03,-0.08
Forwards,Forwards,2021–22,20212022,220,8474053,Logan Couture,73,206,1457.82,0.22,-0.03,-0.19,42.9,-0.25,0.13,-0.07
Forwards,Forwards,2021–22,20212022,221,8473419,Brad Marchand,69,180,1347.38,-1.77,-0.27,-0.21,42.68,-0.01,-0.78,0.59
Forwards,Forwards,2021–22,20212022,222,8475236,Cody Eakin,72,196,937.5,-0.4,-0.09,-0.22,42.46,-0.11,-0.21,0.11
Forwards,Forwards,2021–22,20212022,223,8479675,Trevor Moore,71,195,1270.68,-0.7,-0.18,-0.25,42.24,-0.87,0.28,0.34
Forwards,Forwards,2021–22,20212022,224,8477404,Jake Guentzel,71,176,1527.4,-1.39,-0.28,-0.26,42.02,-1.1,0.19,0.65
Forwards,Forwards,2021–22,20212022,225,8475098,Tyler Bozak,73,187,608.53,-0.47,-0.16,-0.26,41.8,-0.09,-0.33,0.16
Forwards,Forwards,2021–22,20212022,226,8474102,David Perron,72,202,1138.08,-0.19,-0.09,-0.27,41.57,0.1,-0.42,0.05
Forwards,Forwards,2021–22,20212022,227,8476456,Jonathan Huberdeau,73,200,1553.97,0,-0.08,-0.28,41.35,-0.56,0.27,0.01
Forwards,Forwards,2021–22,20212022,228,8477947,Sonny Milano,72,205,1008.35,-0.08,-0.08,-0.28,41.13,-0.68,0.4,-0
Forwards,Forwards,2021–22,20212022,229,8477989,Christian Dvorak,73,190,972.88,-0.36,-0.1,-0.29,40.91,-0.51,0.16,0.06
Forwards,Forwards,2021–22,20212022,230,8478519,Anthony Cirelli,73,193,1391.73,-0.25,-0.12,-0.3,40.69,-0.63,0.19,0.15
Forwards,Forwards,2021–22,20212022,231,8475726,Tyler Toffoli,72,205,1206.45,-0.08,-0.09,-0.3,40.47,-0.08,-0.25,0.03
Forwards,Forwards,2021–22,20212022,232,8478483,Mitch Marner,72,180,1503.57,-0.98,-0.25,-0.31,40.24,-0.4,-0.46,0.55
Forwards,Forwards,2021–22,20212022,233,8476994,Vinnie Hinostroza,70,183,860.05,-1.4,-0.27,-0.31,40.02,-0.25,-0.53,0.47
Forwards,Forwards,2021–22,20212022,234,8478439,Travis Konecny,70,192,1391.45,-1.07,-0.17,-0.32,39.8,-0.33,-0.26,0.27
Forwards,Forwards,2021–22,20212022,235,8475799,Nino Niederreiter,74,218,1112.98,0.92,-0.03,-0.32,39.58,-0.46,0.34,-0.21
Forwards,Forwards,2021–22,20212022,236,8474040,Sam Gagner,71,200,1103.23,-0.52,-0.18,-0.33,39.36,-0.27,-0.24,0.18
Forwards,Forwards,2021–22,20212022,237,8479542,Brandon Hagel,74,186,1259.47,-0.24,-0.11,-0.33,39.14,-0.37,0,0.04
Forwards,Forwards,2021–22,20212022,238,8476469,Joel Armia,75,215,823.3,1.07,-0.02,-0.34,38.91,0.02,-0.11,-0.25
Forwards,Forwards,2021–22,20212022,239,8477493,Aleksander Barkov,75,214,1360.32,1.04,0.04,-0.35,38.69,0.07,0.05,-0.46
Forwards,Forwards,2021–22,20212022,240,8477409,Carter Verhaeghe,74,183,1252.13,-0.35,-0.16,-0.35,38.47,-0.46,-0.06,0.17
Forwards,Forwards,2021–22,20212022,241,8473453,Trevor Lewis,73,205,1026.52,0.19,-0.08,-0.35,38.25,-0.1,-0.19,-0.06
Forwards,Forwards,2021–22,20212022,242,8475172,Nazem Kadri,72,185,1365.97,-0.8,-0.15,-0.36,38.03,-0.42,-0.11,0.17
Forwards,Forwards,2021–22,20212022,243,8476878,Zemgus Girgensons,75,197,828.2,0.42,-0.07,-0.37,37.8,-0.3,0.04,-0.12
Forwards,Forwards,2021–22,20212022,244,8476454,Ryan Nugent-Hopkins,73,192,1217.05,-0.29,-0.18,-0.38,37.58,-0.25,-0.24,0.1
Forwards,Forwards,2021–22,20212022,245,8478402,Connor McDavid,73,194,1765.3,-0.21,-0.12,-0.38,37.36,-0.76,0.35,0.03
Forwards,Forwards,2021–22,20212022,246,8477960,Adrian Kempe,74,205,1449.53,0.45,-0.08,-0.39,37.14,0.08,-0.37,-0.1
Forwards,Forwards,2021–22,20212022,247,8479992,Michael Rasmussen,78,222,1161.45,2.12,0.18,-0.39,36.92,-0.01,0.58,-0.96
Forwards,Forwards,2021–22,20212022,248,8475791,Taylor Hall,73,210,1329.35,0.37,-0.08,-0.39,36.7,-0.14,-0.15,-0.11
Forwards,Forwards,2021–22,20212022,249,8482110,Dawson Mercer,72,180,1356.38,-0.98,-0.18,-0.39,36.47,-0.95,0.32,0.24
Forwards,Forwards,2021–22,20212022,250,8475820,Joonas Donskoi,72,185,1112.78,-0.8,-0.16,-0.39,36.25,-0.78,0.22,0.17
Forwards,Forwards,2021–22,20212022,251,8476448,William Karlsson,72,190,1224.88,-0.62,-0.15,-0.4,36.03,-0.85,0.32,0.12
Forwards,Forwards,2021–22,20212022,252,8478856,Conor Garland,70,165,1263.33,-2.05,-0.26,-0.41,35.81,-0.79,-0.08,0.46
Forwards,Forwards,2021–22,20212022,253,8478046,Danton Heinen,74,187,966.18,-0.2,-0.18,-0.41,35.59,-0.28,-0.21,0.08
Forwards,Forwards,2021–22,20212022,254,8477496,Elias Lindholm,73,200,1635.48,0,-0.12,-0.42,35.37,-0.34,-0.08,0.01
Forwards,Forwards,2021–22,20212022,255,8482078,Lucas Raymond,71,186,1488.87,-1.03,-0.27,-0.42,35.14,-0.69,-0.08,0.35
Forwards,Forwards,2021–22,20212022,256,8474564,Steven Stamkos,73,193,1497.13,-0.25,-0.19,-0.43,34.92,0.19,-0.7,0.09
Forwards,Forwards,2021–22,20212022,257,8477946,Dylan Larkin,73,204,1395.67,0.15,-0.11,-0.43,34.7,-0.17,-0.21,-0.05
Forwards,Forwards,2021–22,20212022,258,8476539,Jonathan Marchessault,69,185,1334.83,-1.59,-0.24,-0.43,34.48,-0.51,-0.31,0.39
Forwards,Forwards,2021–22,20212022,259,8479291,Kevin Rooney,74,190,844.85,-0.09,-0.15,-0.45,34.26,-0.63,0.12,0.06
Forwards,Forwards,2021–22,20212022,260,8475163,Alex Chiasson,76,208,778.68,1.08,0.01,-0.46,34.04,-0.33,0.36,-0.48
Forwards,Forwards,2021–22,20212022,261,8476897,Oskar Sundqvist,75,210,825.97,0.89,0.02,-0.46,33.81,-0.32,0.35,-0.49
Forwards,Forwards,2021–22,20212022,262,8475692,Mats Zuccarello,68,181,1301.25,-2,-0.28,-0.47,33.59,-0.38,-0.58,0.49
Forwards,Forwards,2021–22,20212022,263,8477501,Valeri Nichushkin,76,210,1179.62,1.16,0.06,-0.48,33.37,-0.43,0.59,-0.63
Forwards,Forwards,2021–22,20212022,264,8479337,Alex DeBrincat,68,180,1710.22,-2.03,-0.48,-0.48,33.15,-0.77,-0.85,1.14
Forwards,Forwards,2021–22,20212022,265,8475164,Jakob Silfverberg,73,207,903.07,0.26,-0.16,-0.49,32.93,-0.09,-0.32,-0.08
Forwards,Forwards,2021–22,20212022,266,8477290,Michael Raffl,73,205,1104.75,0.19,-0.16,-0.49,32.71,-0.4,-0.03,-0.05
Forwards,Forwards,2021–22,20212022,267,8480027,Jason Robertson,75,204,1340.2,0.68,-0.12,-0.5,32.48,-0.45,0.16,-0.21
Forwards,Forwards,2021–22,20212022,268,8474189,Lars Eller,74,207,1160.88,0.52,-0.11,-0.51,32.26,-0.15,-0.24,-0.12
Forwards,Forwards,2021–22,20212022,269,8478440,Dylan Strome,76,200,1203.4,0.79,-0.11,-0.51,31.82,-0.54,0.28,-0.25
Forwards,Forwards,2021–22,20212022,270,8480144,David Kampf,74,198,1251.8,0.19,-0.14,-0.51,31.37,-0.47,-0.01,-0.04
Forwards,Forwards,2021–22,20212022,271,8473449,Kyle Okposo,72,216,1241.48,0.32,-0.09,-0.52,31.15,0.24,-0.59,-0.17
Forwards,Forwards,2021–22,20212022,272,8480074,Alexandre Texier,73,196,525.87,-0.14,-0.21,-0.52,30.93,-0.43,-0.14,0.05
Forwards,Forwards,2021–22,20212022,273,8480078,Filip Chytil,74,210,882.73,0.63,-0.11,-0.52,30.71,-0.63,0.25,-0.14
Forwards,Forwards,2021–22,20212022,274,8478463,Anthony Beauvillier,71,181,1262.5,-1.21,-0.33,-0.52,30.49,-0.93,-0.17,0.57
Forwards,Forwards,2021–22,20212022,275,8473604,Jonathan Toews,74,201,1240.75,0.3,-0.13,-0.52,30.27,-0.51,0.05,-0.06
Forwards,Forwards,2021–22,20212022,276,8475745,Charlie Coyle,75,221,1427.45,1.29,-0.06,-0.53,30.04,-0.28,0.05,-0.3
Forwards,Forwards,2021–22,20212022,277,8475225,Craig Smith,73,203,1067.3,0.11,-0.19,-0.54,29.82,0.07,-0.58,-0.03
Forwards,Forwards,2021–22,20212022,278,8476438,Brandon Saad,73,207,1269.17,0.26,-0.18,-0.56,29.6,-0.89,0.41,-0.08
Forwards,Forwards,2021–22,20212022,279,8477426,Nick Paul,76,234,1320.95,2.02,-0.02,-0.56,29.38,-0.08,-0.01,-0.48
Forwards,Forwards,2021–22,20212022,280,8477953,Kasperi Kapanen,73,194,1148.05,-0.21,-0.23,-0.57,29.16,-0.02,-0.62,0.08
Forwards,Forwards,2021–22,20212022,281,8482222,Alexander Barabanov,70,195,1202.65,-0.97,-0.24,-0.57,28.94,-1.03,0.21,0.24
Forwards,Forwards,2021–22,20212022,282,8477330,Dominik Kubalik,74,192,1132.63,-0.02,-0.17,-0.59,28.71,-0.24,-0.37,0.01
Forwards,Forwards,2021–22,20212022,283,8480821,Filip Zadina,72,190,1049.05,-0.62,-0.22,-0.59,28.49,-0.54,-0.2,0.16
Forwards,Forwards,2021–22,20212022,284,8480068,Ryan Poehling,74,206,695.13,0.48,-0.14,-0.59,28.27,-0.71,0.23,-0.11
Forwards,Forwards,2021–22,20212022,285,8478891,Mason Appleton,74,196,1012.18,0.12,-0.2,-0.6,28.05,-0.36,-0.2,-0.03
Forwards,Forwards,2021–22,20212022,286,8479328,Julien Gauthier,76,230,505.05,1.88,0.08,-0.6,27.83,-0.61,0.86,-0.85
Forwards,Forwards,2021–22,20212022,287,8470621,Corey Perry,75,210,1108.03,0.89,-0.06,-0.6,27.61,-0.76,0.55,-0.4
Forwards,Forwards,2021–22,20212022,288,8477479,Tyler Bertuzzi,74,200,1350.73,0.27,-0.15,-0.62,27.38,-0.86,0.35,-0.11
Forwards,Forwards,2021–22,20212022,289,8481523,Kirby Dach,76,221,1263.1,1.55,-0.07,-0.62,27.16,-0.13,-0.12,-0.38
Forwards,Forwards,2021–22,20212022,290,8480113,Alex Iafallo,72,201,1461.67,-0.22,-0.2,-0.63,26.94,-0.59,-0.1,0.06
Forwards,Forwards,2021–22,20212022,291,8480015,Owen Tippett,73,210,845.63,0.37,-0.19,-0.63,26.72,-0.17,-0.35,-0.11
Forwards,Forwards,2021–22,20212022,292,8479335,Rasmus Asplund,71,190,1142.22,-0.88,-0.25,-0.63,26.5,-0.7,-0.15,0.22
Forwards,Forwards,2021–22,20212022,293,8480002,Nico Hischier,73,200,1354.08,0,-0.18,-0.64,26.05,-0.67,0.05,-0.02
Forwards,Forwards,2021–22,20212022,294,8481533,Trevor Zegras,72,185,1343.03,-0.8,-0.25,-0.65,25.83,-0.6,-0.25,0.2
Forwards,Forwards,2021–22,20212022,295,8470612,Ryan Getzlaf,76,220,1061.65,1.52,-0.08,-0.66,25.61,0.63,-0.8,-0.49
Forwards,Forwards,2021–22,20212022,296,8477492,Nathan MacKinnon,72,200,1368.97,-0.26,-0.21,-0.66,25.39,-0.33,-0.37,0.04
Forwards,Forwards,2021–22,20212022,297,8478075,Anders Bjork,72,190,698.13,-0.62,-0.23,-0.66,25.17,-1.04,0.25,0.12
Forwards,Forwards,2021–22,20212022,298,8482475,Egor Chinakhov,73,203,775.18,0.11,-0.19,-0.67,24.94,-0.02,-0.63,-0.02
Forwards,Forwards,2021–22,20212022,299,8477933,Sam Reinhart,73,196,1385.18,-0.14,-0.21,-0.67,24.72,-1.12,0.4,0.04
Forwards,Forwards,2021–22,20212022,300,8474573,Josh Bailey,73,200,1249.83,0,-0.19,-0.68,24.5,-0.63,-0.02,-0.02
Forwards,Forwards,2021–22,20212022,301,8478449,Roope Hintz,75,217,1442.88,1.15,-0,-0.68,24.28,-0.21,0.15,-0.63
Forwards,Forwards,2021–22,20212022,302,8478424,Jansen Harkins,73,197,729.7,-0.1,-0.22,-0.7,24.06,-0.43,-0.31,0.03
Forwards,Forwards,2021–22,20212022,303,8478414,Timo Meier,73,220,1475.02,0.73,-0.12,-0.71,23.84,-0,-0.39,-0.32
Forwards,Forwards,2021–22,20212022,304,8482113,Anton Lundell,73,196,1022.92,-0.14,-0.22,-0.71,23.61,-0.5,-0.26,0.04
Forwards,Forwards,2021–22,20212022,305,8477416,Oliver Bjorkstrand,72,175,1435.98,-1.16,-0.29,-0.72,23.39,-0.57,-0.4,0.25
Forwards,Forwards,2021–22,20212022,306,8474884,Mike Hoffman,72,190,1141.82,-0.62,-0.32,-0.72,23.17,-0.33,-0.74,0.35
Forwards,Forwards,2021–22,20212022,307,8477021,Alexander Kerfoot,71,185,1247.6,-1.06,-0.37,-0.73,22.95,-1.32,0.08,0.5
Forwards,Forwards,2021–22,20212022,308,8478403,Jack Eichel,74,208,659.32,0.56,-0.18,-0.75,22.73,-0.4,-0.22,-0.12
Forwards,Forwards,2021–22,20212022,309,8476346,Johnny Gaudreau,69,163,1523.13,-2.39,-0.57,-0.75,22.51,-1.67,-0.19,1.11
Forwards,Forwards,2021–22,20212022,310,8476461,Sean Couturier,76,210,591.43,1.16,-0.14,-0.75,22.28,-0.26,-0.23,-0.27
Forwards,Forwards,2021–22,20212022,311,8480003,Jesper Boqvist,73,191,735.23,-0.32,-0.28,-0.76,22.06,-0.55,-0.4,0.19
Forwards,Forwards,2021–22,20212022,312,8473512,Claude Giroux,71,186,1430.25,-1.03,-0.29,-0.76,21.84,-0.4,-0.59,0.22
Forwards,Forwards,2021–22,20212022,313,8478401,Pavel Zacha,76,211,1179.22,1.19,-0.14,-0.77,21.62,-0.05,-0.42,-0.3
Forwards,Forwards,2021–22,20212022,314,8476887,Filip Forsberg,73,205,1248.75,0.19,-0.21,-0.78,21.4,-0.39,-0.32,-0.06
Forwards,Forwards,2021–22,20212022,315,8475765,Vladimir Tarasenko,73,219,1268.35,0.69,-0.18,-0.78,21.18,-0.26,-0.37,-0.16
Forwards,Forwards,2021–22,20212022,316,8470626,Loui Eriksson,74,179,943.18,-0.49,-0.32,-0.79,20.95,-1.24,0.17,0.28
Forwards,Forwards,2021–22,20212022,317,8479343,Clayton Keller,70,175,1349.28,-1.69,-0.36,-0.8,20.73,-0.91,-0.3,0.41
Forwards,Forwards,2021–22,20212022,318,8480849,Barrett Hayton,73,200,967.02,0,-0.24,-0.81,20.51,-1.04,0.23,0.01
Forwards,Forwards,2021–22,20212022,319,8479407,Jesper Bratt,70,175,1324.68,-1.69,-0.36,-0.81,20.29,-0.88,-0.34,0.41
Forwards,Forwards,2021–22,20212022,320,8478432,Christian Fischer,74,212,694.95,0.7,-0.15,-0.82,20.07,-0.55,0.05,-0.31
Forwards,Forwards,2021–22,20212022,321,8478445,Mathew Barzal,73,186,1315.43,-0.5,-0.28,-0.82,19.84,-0.86,-0.09,0.13
Forwards,Forwards,2021–22,20212022,322,8478495,Denis Gurianov,75,205,1035.52,0.71,-0.12,-0.83,19.62,-0.21,-0.23,-0.39
Forwards,Forwards,2021–22,20212022,323,8480802,Ryan McLeod,75,204,905.97,0.68,-0.22,-0.84,19.4,-0.81,0.19,-0.21
Forwards,Forwards,2021–22,20212022,324,8480216,Jacob Peterson,73,180,719.1,-0.72,-0.37,-0.85,19.18,-1.13,-0.12,0.41
Forwards,Forwards,2021–22,20212022,325,8481554,Kaapo Kakko,73,215,664.17,0.55,-0.24,-0.85,18.96,-0.85,0.17,-0.17
Forwards,Forwards,2021–22,20212022,326,8473548,Phil Kessel,71,208,1367.55,-0.23,-0.29,-0.85,18.74,-0.53,-0.46,0.14
Forwards,Forwards,2021–22,20212022,327,8478498,Jake DeBrusk,73,198,1157.8,-0.07,-0.3,-0.85,18.51,-0.88,-0,0.03
Forwards,Forwards,2021–22,20212022,328,8478466,Daniel Sprong,72,195,818.2,-0.44,-0.29,-0.87,18.29,-0.49,-0.49,0.11
Forwards,Forwards,2021–22,20212022,329,8477951,Nick Schmaltz,72,184,1149.52,-0.84,-0.32,-0.87,18.07,-0.97,-0.11,0.21
Forwards,Forwards,2021–22,20212022,330,8479318,Auston Matthews,75,215,1504.47,1.07,-0.19,-0.88,17.85,-0.35,-0.19,-0.34
Forwards,Forwards,2021–22,20212022,331,8477919,Freddy Gaudreau,72,184,1239.85,-0.84,-0.32,-0.9,17.63,-0.72,-0.35,0.17
Forwards,Forwards,2021–22,20212022,332,8477942,Kevin Fiala,72,205,1447.07,-0.08,-0.32,-0.92,17.41,-0.46,-0.5,0.03
Forwards,Forwards,2021–22,20212022,333,8477955,Jared McCann,73,191,1194.22,-0.32,-0.3,-0.93,17.18,-0.54,-0.47,0.09
Forwards,Forwards,2021–22,20212022,334,8480798,Philipp Kurashev,72,190,861.22,-0.62,-0.32,-0.94,16.74,-0.99,-0.11,0.16
Forwards,Forwards,2021–22,20212022,335,8480064,Josh Norris,74,196,1226.22,0.12,-0.27,-0.94,16.52,-0.62,-0.28,-0.05
Forwards,Forwards,2021–22,20212022,336,8479525,Ross Colton,72,194,1010.62,-0.48,-0.36,-0.95,16.3,-0.98,-0.19,0.23
Forwards,Forwards,2021–22,20212022,337,8474141,Patrick Kane,70,176,1702.22,-1.65,-0.4,-0.95,16.08,-0.91,-0.45,0.41
Forwards,Forwards,2021–22,20212022,338,8474157,Max Pacioretty,74,217,677.77,0.88,-0.17,-0.97,15.85,-0.14,-0.44,-0.39
Forwards,Forwards,2021–22,20212022,339,8477402,Pavel Buchnevich,73,196,1335.92,-0.14,-0.31,-0.97,15.63,-0.42,-0.64,0.09
Forwards,Forwards,2021–22,20212022,340,8481528,Dylan Cozens,75,205,1255.5,0.71,-0.24,-0.98,15.41,-0.54,-0.28,-0.16
Forwards,Forwards,2021–22,20212022,341,8481522,Peyton Krebs,72,188,831.33,-0.69,-0.41,-0.99,15.19,-0.67,-0.71,0.39
Forwards,Forwards,2021–22,20212022,342,8477934,Leon Draisaitl,74,209,1787.93,0.59,-0.28,-0.99,14.97,-0.71,-0.1,-0.19
Forwards,Forwards,2021–22,20212022,343,8482116,Tim Stützle,72,187,1454.5,-0.73,-0.41,-0.99,14.75,-1.31,-0.03,0.35
Forwards,Forwards,2021–22,20212022,344,8478542,Evan Rodrigues,71,182,1298.63,-1.17,-0.47,-1,14.52,-1.06,-0.49,0.55
Forwards,Forwards,2021–22,20212022,345,8478904,Steven Lorentz,76,219,729.53,1.48,-0.04,-1,14.3,-0.75,0.57,-0.81
Forwards,Forwards,2021–22,20212022,346,8477406,Mattias Janmark,74,205,961.07,0.45,-0.22,-1.01,14.08,-1.04,0.26,-0.24
Forwards,Forwards,2021–22,20212022,347,8475913,Mark Stone,75,210,678.7,0.89,-0.15,-1.02,13.86,-1.21,0.68,-0.49
Forwards,Forwards,2021–22,20212022,348,8475744,Evgeny Kuznetsov,74,207,1602.15,0.52,-0.21,-1.02,13.64,-0.5,-0.23,-0.28
Forwards,Forwards,2021–22,20212022,349,8478493,Joel Eriksson Ek,75,207,1430.52,0.78,-0.2,-1.02,13.41,-0.96,0.29,-0.35
Forwards,Forwards,2021–22,20212022,350,8479987,Morgan Geekie,75,212,920.4,0.96,-0.25,-1.03,13.19,-0.43,-0.29,-0.31
Forwards,Forwards,2021–22,20212022,351,8481618,Alex Newhook,71,200,963.07,-0.52,-0.39,-1.03,12.97,-0.82,-0.5,0.3
Forwards,Forwards,2021–22,20212022,352,8478864,Kirill Kaprizov,70,202,1547.73,-0.71,-0.36,-1.03,12.53,-0.83,-0.38,0.18
Forwards,Forwards,2021–22,20212022,353,8479344,Jesse Puljujarvi,76,216,1055.03,1.37,-0.12,-1.04,12.31,-0.53,0.11,-0.62
Forwards,Forwards,2021–22,20212022,354,8475754,Brock Nelson,76,205,1272.87,0.97,-0.19,-1.05,11.86,-0.68,0.06,-0.43
Forwards,Forwards,2021–22,20212022,355,8475158,Ryan O'Reilly,73,207,1488.3,0.26,-0.3,-1.06,11.64,-1.15,0.14,-0.05
Forwards,Forwards,2021–22,20212022,356,8476459,Mika Zibanejad,74,208,1590.8,0.56,-0.25,-1.07,11.42,-0.4,-0.42,-0.24
Forwards,Forwards,2021–22,20212022,357,8480023,Robert Thomas,72,207,1351.68,-0.01,-0.33,-1.08,11.2,-1.21,0.11,0.02
Forwards,Forwards,2021–22,20212022,358,8476453,Nikita Kucherov,72,173,939.2,-1.24,-0.49,-1.09,10.98,-0.72,-0.78,0.41
Forwards,Forwards,2021–22,20212022,359,8480806,Isac Lundeström,73,192,1238.85,-0.29,-0.37,-1.09,10.75,-1.66,0.4,0.17
Forwards,Forwards,2021–22,20212022,360,8481560,Arthur Kaliyev,74,212,1011.93,0.7,-0.24,-1.1,10.53,-0.4,-0.39,-0.31
Forwards,Forwards,2021–22,20212022,361,8481068,Yegor Sharangovich,74,196,1254.58,0.12,-0.33,-1.12,10.31,-0.9,-0.21,-0.02
Forwards,Forwards,2021–22,20212022,362,8475149,Marcus Johansson,73,203,1112.87,0.11,-0.34,-1.16,10.09,-1.53,0.41,-0.04
Forwards,Forwards,2021–22,20212022,363,8477949,Alex Tuch,76,219,920.42,1.48,-0.24,-1.16,9.87,-0.05,-0.63,-0.48
Forwards,Forwards,2021–22,20212022,364,8478020,Michael Amadio,73,206,680.95,0.22,-0.33,-1.17,9.65,-1.07,-0.01,-0.09
Forwards,Forwards,2021–22,20212022,365,8479511,Janne Kuokkanen,73,193,769.02,-0.25,-0.39,-1.17,9.42,-0.99,-0.33,0.15
Forwards,Forwards,2021–22,20212022,366,8477940,Nikolaj Ehlers,72,168,1120.35,-1.42,-0.53,-1.17,9.2,-0.69,-0.95,0.47
Forwards,Forwards,2021–22,20212022,367,8475784,Jeff Skinner,71,200,1368.3,-0.52,-0.44,-1.18,8.98,-1.35,-0.13,0.3
Forwards,Forwards,2021–22,20212022,368,8471685,Anze Kopitar,75,225,1682.32,1.44,-0.16,-1.19,8.76,-0.34,-0.2,-0.65
Forwards,Forwards,2021–22,20212022,369,8475168,Matt Duchene,71,211,1483.07,-0.12,-0.38,-1.2,8.54,-0.94,-0.33,0.08
Forwards,Forwards,2021–22,20212022,370,8476882,Teuvo Teravainen,71,191,1362.87,-0.85,-0.51,-1.22,8.31,-0.82,-0.88,0.48
Forwards,Forwards,2021–22,20212022,371,8479400,Pierre-Luc Dubois,76,220,1532.52,1.52,-0.16,-1.23,8.09,-0.98,0.43,-0.68
Forwards,Forwards,2021–22,20212022,372,8480185,Eetu Luostarinen,75,191,1048.05,0.2,-0.35,-1.25,7.87,-1.54,0.37,-0.08
Forwards,Forwards,2021–22,20212022,373,8481557,Matt Boldy,74,201,723.03,0.3,-0.35,-1.26,7.65,-0.82,-0.38,-0.06
Forwards,Forwards,2021–22,20212022,374,8475714,Calle Jarnkrok,72,193,1058.48,-0.51,-0.42,-1.27,7.43,-1.02,-0.38,0.13
Forwards,Forwards,2021–22,20212022,375,8477407,Anthony Duclair,72,198,1109.75,-0.33,-0.43,-1.34,6.98,-1.41,-0.02,0.09
Forwards,Forwards,2021–22,20212022,376,8475763,Kevin Hayes,75,217,860.33,1.15,-0.21,-1.35,6.76,-0.11,-0.62,-0.63
Forwards,Forwards,2021–22,20212022,377,8480039,Martin Necas,75,195,1262.67,0.35,-0.38,-1.36,6.54,-0.86,-0.42,-0.07
Forwards,Forwards,2021–22,20212022,378,8478420,Mikko Rantanen,76,228,1573.87,1.81,-0.27,-1.36,6.32,-0.47,-0.3,-0.58
Forwards,Forwards,2021–22,20212022,379,8480012,Elias Pettersson,74,176,1487.6,-0.6,-0.46,-1.37,6.1,-1.21,-0.31,0.15
Forwards,Forwards,2021–22,20212022,380,8477511,Anthony Mantha,77,240,561.25,2.5,0.01,-1.4,5.88,0.6,-0.61,-1.38
Forwards,Forwards,2021–22,20212022,381,8478398,Kyle Connor,73,183,1720.23,-0.61,-0.52,-1.41,5.65,-1.06,-0.56,0.21
Forwards,Forwards,2021–22,20212022,382,8479999,Casey Mittelstadt,73,205,644.82,0.19,-0.4,-1.41,5.43,-0.71,-0.64,-0.06
Forwards,Forwards,2021–22,20212022,383,8478109,Victor Olofsson,71,180,1107.55,-1.25,-0.51,-1.42,5.21,-0.89,-0.8,0.27
Forwards,Forwards,2021–22,20212022,384,8478550,Artemi Panarin,72,176,1441.12,-1.13,-0.52,-1.48,4.77,-1.02,-0.7,0.24
Forwards,Forwards,2021–22,20212022,385,8477956,David Pastrnak,72,199,1339.75,-0.29,-0.52,-1.57,4.32,-1.07,-0.65,0.15
Forwards,Forwards,2021–22,20212022,386,8481540,Cole Caufield,68,175,1117.58,-2.22,-0.85,-1.59,4.1,-2.01,-0.81,1.24
Forwards,Forwards,2021–22,20212022,387,8476437,Victor Rask,74,199,573.18,0.23,-0.51,-1.64,3.88,-0.86,-0.71,-0.07
Forwards,Forwards,2021–22,20212022,388,8477444,Andre Burakovsky,75,203,1300.67,0.64,-0.47,-1.65,3.66,-0.62,-0.82,-0.2
Forwards,Forwards,2021–22,20212022,389,8476460,Mark Scheifele,75,207,1415.97,0.78,-0.39,-1.65,3.44,-1.36,0.06,-0.35
Forwards,Forwards,2021–22,20212022,390,8477939,William Nylander,72,200,1480.05,-0.26,-0.54,-1.67,3.22,-1.37,-0.44,0.15
Forwards,Forwards,2021–22,20212022,391,8471214,Alex Ovechkin,75,238,1584.03,1.91,-0.18,-1.68,2.99,0.46,-1.09,-1.05
Forwards,Forwards,2021–22,20212022,392,8479339,Patrik Laine,76,208,1054.45,1.08,-0.44,-1.69,2.77,-0.19,-1.15,-0.35
Forwards,Forwards,2021–22,20212022,393,8479385,Jordan Kyrou,73,189,1226.6,-0.39,-0.54,-1.73,2.55,-1.16,-0.64,0.07
Forwards,Forwards,2021–22,20212022,394,8479420,Tage Thompson,78,220,1394.6,2.04,-0.37,-1.79,2.11,-0.08,-1.04,-0.66
Forwards,Forwards,2021–22,20212022,395,8477015,Connor Brown,72,184,1283.63,-0.84,-0.69,-1.85,1.88,-2.07,-0.19,0.4
Forwards,Forwards,2021–22,20212022,396,8478042,Viktor Arvidsson,70,181,1120.63,-1.47,-0.82,-1.91,1.66,-2.32,-0.41,0.82
Forwards,Forwards,2021–22,20212022,397,8478873,Troy Terry,72,193,1367.73,-0.51,-0.67,-1.96,1.44,-2.34,0.13,0.25
Forwards,Forwards,2021–22,20212022,398,8475772,Riley Sheahan,74,214,831.08,0.77,-0.54,-1.97,1.22,-1.52,-0.26,-0.2
Forwards,Forwards,2021–22,20212022,399,8478115,Pierre Engvall,78,208,1035.77,1.61,-0.42,-2.12,1,-1.19,-0.2,-0.73
Forwards,Forwards,2021–22,20212022,400,8481559,Jack Hughes,71,175,958.73,-1.43,-0.76,-2.2,0.78,-2.04,-0.48,0.31
Forwards,Forwards,2021–22,20212022,401,8471215,Evgeni Malkin,77,213,751.52,1.53,-0.46,-2.4,0.55,-1.21,-0.35,-0.84
Forwards,Forwards,2021–22,20212022,402,8474161,Jakub Voracek,74,216,1379.28,0.85,-0.65,-2.64,0.11,-1.53,-0.64,-0.46
Forwards,Forwards,2022–23,20222023,1,8479543,Michael Pezzetta,73,222,587.32,0.8,1.34,3.56,99.66,3.78,0.19,-0.41
Forwards,Forwards,2022–23,20222023,2,8475842,Sam Carrick,72,202,549.4,-0.2,1.07,3.22,99.44,2.68,0.5,0.04
Forwards,Forwards,2022–23,20222023,3,8480355,Mark Kastelic,76,234,578.05,2.03,1.38,3.11,99.22,3.32,0.75,-0.96
Forwards,Forwards,2022–23,20222023,4,8475766,Austin Watson,76,203,767.47,0.9,1.15,2.96,98.77,3.18,0.23,-0.45
Forwards,Forwards,2022–23,20222023,5,8475235,Nicolas Deslauriers,73,218,807.53,0.65,1.04,2.94,98.54,3.26,-0.11,-0.2
Forwards,Forwards,2022–23,20222023,6,8479671,Mathieu Olivier,73,232,767.6,1.16,1.06,2.64,98.32,2.41,0.68,-0.45
Forwards,Forwards,2022–23,20222023,7,8471817,Ryan Reaves,74,225,680.42,1.17,0.98,2.41,97.65,2.2,0.65,-0.45
Forwards,Forwards,2022–23,20222023,8,8474034,Patrick Maroon,75,234,827.58,1.77,0.94,2.33,97.42,2.38,0.47,-0.52
Forwards,Forwards,2022–23,20222023,9,8479972,Mason Shaw,70,184,666.13,-1.39,0.49,2.03,96.97,1.53,-0.07,0.57
Forwards,Forwards,2022–23,20222023,10,8480326,Sheldon Dries,70,182,726.45,-1.46,0.51,2,96.75,0.96,0.51,0.54
Forwards,Forwards,2022–23,20222023,11,8477070,Liam O'Brien,73,215,639.9,0.54,0.74,1.89,96.52,2.98,-0.79,-0.29
Forwards,Forwards,2022–23,20222023,12,8478434,Keegan Kolesar,74,216,849.07,0.84,0.73,1.79,96.3,1.46,0.66,-0.33
Forwards,Forwards,2022–23,20222023,13,8476474,Stefan Noesen,73,205,961.93,0.17,0.64,1.76,96.08,0.51,1.31,-0.06
Forwards,Forwards,2022–23,20222023,14,8473422,Nick Foligno,72,210,741.97,0.09,0.62,1.74,95.85,1.53,0.31,-0.09
Forwards,Forwards,2022–23,20222023,15,8481147,Reese Johnson,73,193,627.65,-0.26,0.54,1.68,95.4,1.99,-0.38,0.07
Forwards,Forwards,2022–23,20222023,16,8477508,Curtis Lazar,72,203,584.57,-0.16,0.53,1.67,95.18,0.92,0.72,0.03
Forwards,Forwards,2022–23,20222023,17,8479661,Tanner Jeannot,74,221,1083.23,1.03,0.7,1.64,94.96,1.8,0.23,-0.39
Forwards,Forwards,2022–23,20222023,18,8476915,Jujhar Khaira,76,212,707.82,1.23,0.71,1.59,94.73,1.5,0.56,-0.47
Forwards,Forwards,2022–23,20222023,19,8476399,Blake Coleman,71,199,1246.65,-0.58,0.46,1.59,94.51,0.7,0.68,0.2
Forwards,Forwards,2022–23,20222023,20,8478057,Dakota Joshua,75,218,910.2,1.18,0.61,1.5,94.28,1,0.86,-0.36
Forwards,Forwards,2022–23,20222023,21,8475231,Casey Cizikas,71,191,1177.45,-0.87,0.38,1.49,94.06,0.99,0.16,0.33
Forwards,Forwards,2022–23,20222023,22,8480855,Jack McBain,76,219,1146.45,1.48,0.63,1.48,93.83,1.7,0.22,-0.44
Forwards,Forwards,2022–23,20222023,23,8479977,Kailer Yamamoto,69,178,961.53,-1.88,0.27,1.47,93.61,-0.07,0.8,0.74
Forwards,Forwards,2022–23,20222023,24,8479066,Ryan Lomberg,69,184,927.33,-1.66,0.3,1.44,93.16,0.85,0.04,0.55
Forwards,Forwards,2022–23,20222023,25,8482062,Cole Smith,75,195,879.23,0.34,0.53,1.44,92.94,1.49,0.08,-0.12
Forwards,Forwards,2022–23,20222023,26,8479772,Zack MacEwen,76,226,648.15,1.74,0.74,1.44,92.71,2.21,-0.11,-0.66
Forwards,Forwards,2022–23,20222023,27,8473473,Milan Lucic,75,236,870.63,1.84,0.78,1.44,92.49,1.58,0.73,-0.87
Forwards,Forwards,2022–23,20222023,28,8479293,Brandon Tanev,72,189,1166.05,-0.68,0.4,1.37,92.26,0.28,0.82,0.27
Forwards,Forwards,2022–23,20222023,29,8479414,Nathan Bastian,76,217,534.73,1.41,0.58,1.37,92.04,1.19,0.6,-0.42
Forwards,Forwards,2022–23,20222023,30,8479322,Wade Allison,74,205,773.68,0.44,0.5,1.32,91.37,1.16,0.31,-0.16
Forwards,Forwards,2022–23,20222023,31,8481093,Rafael Harvey-Pinard,69,179,585.8,-1.84,0.17,1.28,91.14,-0.03,0.54,0.77
Forwards,Forwards,2022–23,20222023,32,8479336,Carl Grundstrom,72,200,612.87,-0.27,0.41,1.26,90.92,1.06,0.11,0.09
Forwards,Forwards,2022–23,20222023,33,8476389,Vincent Trocheck,71,187,1583.9,-1.02,0.31,1.25,90.7,0.54,0.3,0.4
Forwards,Forwards,2022–23,20222023,34,8475220,Marcus Foligno,75,226,974.4,1.47,0.59,1.23,90.25,1.43,0.3,-0.51
Forwards,Forwards,2022–23,20222023,35,8479591,Michael Eyssimont,72,195,661.7,-0.46,0.37,1.2,90.02,0.91,0.1,0.19
Forwards,Forwards,2022–23,20222023,36,8478421,Anthony-John (AJ) Greer,75,224,555.65,1.4,0.63,1.19,89.8,1.92,-0.06,-0.68
Forwards,Forwards,2022–23,20222023,37,8476826,Yanni Gourde,69,173,1387.88,-2.06,0.16,1.19,89.57,0.16,0.27,0.76
Forwards,Forwards,2022–23,20222023,38,8477476,Artturi Lehkonen,71,179,1308.95,-1.31,0.25,1.18,89.35,0.3,0.45,0.43
Forwards,Forwards,2022–23,20222023,39,8476419,Jean-Gabriel Pageau,71,180,1233.25,-1.27,0.25,1.18,89.13,0.31,0.4,0.47
Forwards,Forwards,2022–23,20222023,40,8479520,Brandon Duhaime,74,210,548.6,0.62,0.49,1.18,88.9,1.37,0.04,-0.24
Forwards,Forwards,2022–23,20222023,41,8479393,Noah Gregor,72,201,739.52,-0.24,0.38,1.17,88.68,1.41,-0.32,0.08
Forwards,Forwards,2022–23,20222023,42,8477941,Nick Ritchie,75,236,1002.57,1.84,0.6,1.15,88.45,1.31,0.47,-0.63
Forwards,Forwards,2022–23,20222023,43,8478585,Derek Ryan,70,185,893.28,-1.35,0.23,1.14,88.23,0.09,0.6,0.45
Forwards,Forwards,2022–23,20222023,44,8473504,Cal Clutterbuck,71,215,598.97,0.01,0.39,1.11,88,1.14,-0.01,-0.01
Forwards,Forwards,2022–23,20222023,45,8477987,Ryan Donato,72,190,799.05,-0.64,0.28,1.09,87.78,0.6,0.25,0.23
Forwards,Forwards,2022–23,20222023,46,8474709,Matt Martin,75,215,903.03,1.07,0.49,1.06,87.56,1.6,-0.17,-0.37
Forwards,Forwards,2022–23,20222023,47,8471698,T.J. Oshie,72,187,969.97,-0.75,0.25,1.03,87.33,0.68,0.07,0.28
Forwards,Forwards,2022–23,20222023,48,8473544,Derick Brassard,73,200,755.18,-0.01,0.33,1.03,87.11,0.66,0.38,-0.02
Forwards,Forwards,2022–23,20222023,49,8470610,Zach Parise,71,195,1323.98,-0.72,0.25,1.01,86.88,-0.01,0.75,0.27
Forwards,Forwards,2022–23,20222023,50,8477478,William Carrier,74,214,704.77,0.77,0.47,1,86.66,0.67,0.73,-0.4
Forwards,Forwards,2022–23,20222023,51,8480853,Liam Foudy,73,186,752.35,-0.52,0.29,0.99,86.43,0.12,0.68,0.18
Forwards,Forwards,2022–23,20222023,52,8475193,Tomas Tatar,70,173,1239.6,-1.79,0.08,0.99,86.21,0.22,0.02,0.75
Forwards,Forwards,2022–23,20222023,53,8476480,Vladislav Namestnikov,72,181,972.07,-0.97,0.23,0.99,85.99,0.23,0.37,0.39
Forwards,Forwards,2022–23,20222023,54,8478043,Sam Lafferty,74,205,1022.6,0.44,0.41,0.98,85.76,0.7,0.44,-0.16
Forwards,Forwards,2022–23,20222023,55,8475166,John Tavares,73,217,1412.52,0.61,0.43,0.98,85.54,0.36,0.85,-0.23
Forwards,Forwards,2022–23,20222023,56,8481641,Joel Kiviranta,71,185,850.8,-1.09,0.21,0.98,85.31,0.82,-0.27,0.43
Forwards,Forwards,2022–23,20222023,57,8475722,Jason Zucker,71,198,1221.17,-0.61,0.27,0.98,85.09,0.35,0.41,0.22
Forwards,Forwards,2022–23,20222023,58,8475287,Erik Haula,71,191,1330.48,-0.87,0.23,0.96,84.87,0.35,0.26,0.35
Forwards,Forwards,2022–23,20222023,59,8478067,Oskar Lindblom,73,191,771.9,-0.34,0.26,0.93,84.64,0.62,0.24,0.08
Forwards,Forwards,2022–23,20222023,60,8479353,Brett Howden,74,201,705.18,0.29,0.32,0.91,84.42,0.64,0.37,-0.1
Forwards,Forwards,2022–23,20222023,61,8480813,Joseph Veleno,73,201,1034.85,0.03,0.32,0.9,83.97,0.8,0.17,-0.07
Forwards,Forwards,2022–23,20222023,62,8480980,Connor Dewar,70,187,887.92,-1.28,0.12,0.89,83.74,0.92,-0.54,0.52
Forwards,Forwards,2022–23,20222023,63,8480801,Brady Tkachuk,76,226,1527.83,1.74,0.45,0.89,83.52,0.98,0.42,-0.51
Forwards,Forwards,2022–23,20222023,64,8478047,Michael Bunting,72,186,1295.35,-0.79,0.2,0.85,83.3,0.02,0.51,0.31
Forwards,Forwards,2022–23,20222023,65,8476880,Tom Wilson,76,225,581.38,1.7,0.53,0.85,83.07,1.24,0.25,-0.65
Forwards,Forwards,2022–23,20222023,66,8477964,Ivan Barbashev,72,203,1374,-0.16,0.28,0.85,82.85,0.33,0.44,0.07
Forwards,Forwards,2022–23,20222023,67,8481522,Peyton Krebs,72,188,1023.9,-0.71,0.2,0.82,82.4,0.49,0.05,0.29
Forwards,Forwards,2022–23,20222023,68,8475768,Jaden Schwartz,70,185,1237.05,-1.35,0.12,0.81,82.17,0.07,0.29,0.45
Forwards,Forwards,2022–23,20222023,69,8476392,Adam Lowry,77,210,1283.08,1.42,0.47,0.81,81.95,0.8,0.56,-0.54
Forwards,Forwards,2022–23,20222023,70,8476624,Barclay Goodrow,74,210,1162,0.62,0.35,0.81,81.73,0.89,0.14,-0.22
Forwards,Forwards,2022–23,20222023,71,8481704,Juuso Parssinen,75,207,645,0.78,0.33,0.8,81.5,0.12,0.93,-0.24
Forwards,Forwards,2022–23,20222023,72,8477979,Nicolas Aube-Kubel,72,213,601.65,0.2,0.3,0.8,81.28,1.02,-0.14,-0.08
Forwards,Forwards,2022–23,20222023,73,8475314,Anders Lee,75,234,1412.28,1.77,0.42,0.79,81.05,0.35,0.96,-0.52
Forwards,Forwards,2022–23,20222023,74,8475810,Bryan Rust,71,202,1449.87,-0.47,0.22,0.78,80.83,0.16,0.45,0.16
Forwards,Forwards,2022–23,20222023,75,8482109,Alexis Lafrenière,74,191,1232.78,-0.07,0.27,0.76,80.61,0.45,0.27,0.04
Forwards,Forwards,2022–23,20222023,76,8473453,Trevor Lewis,73,205,993.73,0.17,0.28,0.76,80.38,0.99,-0.17,-0.07
Forwards,Forwards,2022–23,20222023,77,8470621,Corey Perry,75,210,936.55,0.89,0.39,0.75,80.16,0.59,0.5,-0.33
Forwards,Forwards,2022–23,20222023,78,8476872,Scott Laughton,73,190,1426.23,-0.37,0.21,0.75,79.93,0.52,0.12,0.11
Forwards,Forwards,2022–23,20222023,79,8477935,Sam Bennett,73,193,1096.63,-0.26,0.22,0.73,79.71,0.56,0.09,0.08
Forwards,Forwards,2022–23,20222023,80,8478569,Noel Acciari,71,204,1102.08,-0.39,0.2,0.72,79.48,0.51,0.08,0.12
Forwards,Forwards,2022–23,20222023,81,8477903,Garnet Hathaway,74,212,990.8,0.7,0.35,0.71,79.26,0.21,0.77,-0.27
Forwards,Forwards,2022–23,20222023,82,8476881,Tomas Hertl,75,220,1523.22,1.25,0.42,0.7,79.04,0.15,1.03,-0.48
Forwards,Forwards,2022–23,20222023,83,8479944,Zach Aston-Reese,73,203,841.43,0.1,0.23,0.69,78.81,0.67,0.07,-0.05
Forwards,Forwards,2022–23,20222023,84,8482089,Jake Neighbours,72,201,534.38,-0.24,0.22,0.69,78.59,0.29,0.32,0.08
Forwards,Forwards,2022–23,20222023,85,8479525,Ross Colton,72,194,1000.45,-0.49,0.18,0.69,78.36,0.78,-0.25,0.16
Forwards,Forwards,2022–23,20222023,86,8476326,Josh Archibald,70,176,618.57,-1.68,0.04,0.68,78.14,0.57,-0.45,0.56
Forwards,Forwards,2022–23,20222023,87,8480011,Klim Kostin,76,232,573.38,1.96,0.45,0.67,77.91,1.42,-0.08,-0.67
Forwards,Forwards,2022–23,20222023,88,8478444,Brock Boeser,73,208,1275.87,0.28,0.28,0.67,77.69,0.59,0.19,-0.12
Forwards,Forwards,2022–23,20222023,89,8478104,Samuel Blais,74,206,837.63,0.48,0.28,0.66,77.47,0.52,0.31,-0.17
Forwards,Forwards,2022–23,20222023,90,8475786,Zach Hyman,73,206,1591.9,0.21,0.25,0.66,77.24,-0.3,1.04,-0.08
Forwards,Forwards,2022–23,20222023,91,8476432,Boone Jenner,74,204,1374.1,0.4,0.29,0.65,77.02,0.43,0.46,-0.23
Forwards,Forwards,2022–23,20222023,92,8479346,Dillon Dube,71,185,1243.2,-1.09,0.1,0.65,76.79,0.49,-0.2,0.36
Forwards,Forwards,2022–23,20222023,93,8475855,Jesper Fast,73,191,1178.52,-0.34,0.18,0.64,76.57,-0.19,0.73,0.1
Forwards,Forwards,2022–23,20222023,94,8476539,Jonathan Marchessault,69,185,1302.67,-1.62,0.03,0.63,76.35,0.42,-0.32,0.54
Forwards,Forwards,2022–23,20222023,95,8474586,Jordan Eberle,71,180,1368.12,-1.27,0.06,0.62,75.9,0.04,0.12,0.47
Forwards,Forwards,2022–23,20222023,96,8479580,Dylan Gambrell,72,191,683.33,-0.6,0.14,0.61,75.67,0.58,-0.16,0.19
Forwards,Forwards,2022–23,20222023,97,8476927,Teddy Blueger,72,185,813.32,-0.82,0.11,0.6,75.22,0.1,0.29,0.22
Forwards,Forwards,2022–23,20222023,98,8479351,Sam Steel,72,185,972.45,-0.82,0.11,0.58,75,0.18,0.13,0.27
Forwards,Forwards,2022–23,20222023,99,8473419,Brad Marchand,69,180,1352.55,-1.8,-0.06,0.58,74.78,0.1,-0.26,0.75
Forwards,Forwards,2022–23,20222023,100,8480009,Eeli Tolvanen,70,182,885.5,-1.46,0.03,0.58,74.55,0.43,-0.34,0.48
Forwards,Forwards,2022–23,20222023,101,8481186,Logan O'Connor,72,175,1164.77,-1.19,0.06,0.57,74.33,0.4,-0.22,0.39
Forwards,Forwards,2022–23,20222023,102,8477887,Patrick Brown,73,217,694.03,0.61,0.28,0.54,73.65,1.14,-0.36,-0.24
Forwards,Forwards,2022–23,20222023,103,8480031,Maxime Comtois,74,210,883.87,0.62,0.25,0.53,73.43,0.44,0.31,-0.22
Forwards,Forwards,2022–23,20222023,104,8473533,Jordan Staal,76,220,1317.72,1.52,0.39,0.53,73.21,0.8,0.31,-0.58
Forwards,Forwards,2022–23,20222023,105,8480848,Ty Dellandrea,74,185,1164.43,-0.29,0.13,0.53,72.98,0.35,0.12,0.06
Forwards,Forwards,2022–23,20222023,106,8477454,Adam Erne,73,209,816.23,0.32,0.22,0.53,72.76,0.5,0.14,-0.12
Forwards,Forwards,2022–23,20222023,107,8476822,Luke Glendening,71,190,844.37,-0.91,0.07,0.53,72.53,0.09,0.19,0.24
Forwards,Forwards,2022–23,20222023,108,8476921,Jordan Martinook,73,208,1281.88,0.28,0.19,0.52,72.31,0.31,0.32,-0.1
Forwards,Forwards,2022–23,20222023,109,8478462,Nicolas Roy,76,200,1059.4,0.79,0.26,0.5,71.86,0.24,0.54,-0.27
Forwards,Forwards,2022–23,20222023,110,8476458,Ryan Strome,73,192,1397.25,-0.3,0.12,0.5,71.64,0.16,0.27,0.07
Forwards,Forwards,2022–23,20222023,111,8476393,Nick Cousins,71,191,871.02,-0.87,0.07,0.5,71.41,0.5,-0.28,0.28
Forwards,Forwards,2022–23,20222023,112,8481481,Blake Lizotte,69,176,1048.45,-1.95,-0.04,0.5,71.19,-0.26,0.22,0.54
Forwards,Forwards,2022–23,20222023,113,8475752,Tyler Pitlick,74,199,614.62,0.22,0.21,0.5,70.96,0.48,0.16,-0.15
Forwards,Forwards,2022–23,20222023,114,8474870,Tyler Johnson,68,191,927.72,-1.67,-0.03,0.49,70.74,0.08,-0.24,0.66
Forwards,Forwards,2022–23,20222023,115,8477479,Tyler Bertuzzi,74,200,824.42,0.26,0.21,0.48,70.52,0.12,0.52,-0.17
Forwards,Forwards,2022–23,20222023,116,8475184,Chris Kreider,75,232,1454.63,1.69,0.43,0.48,70.29,0.46,0.82,-0.81
Forwards,Forwards,2022–23,20222023,117,8477931,Tomas Nosek,75,199,828.47,0.49,0.19,0.47,70.07,0.8,-0.18,-0.16
Forwards,Forwards,2022–23,20222023,118,8473563,Nicklas Backstrom,73,202,658.25,0.06,0.18,0.45,69.84,0.15,0.33,-0.03
Forwards,Forwards,2022–23,20222023,119,8477998,Warren Foegele,74,205,851.02,0.44,0.23,0.44,69.62,0.07,0.54,-0.16
Forwards,Forwards,2022–23,20222023,120,8474150,Mikael Backlund,72,206,1489.37,-0.05,0.15,0.44,69.39,0.43,0.04,-0.03
Forwards,Forwards,2022–23,20222023,121,8480448,Parker Kelly,73,185,577.95,-0.56,0.09,0.44,69.17,0.65,-0.41,0.2
Forwards,Forwards,2022–23,20222023,122,8477451,Ryan Hartman,72,197,961.58,-0.38,0.1,0.43,68.95,0.66,-0.35,0.12
Forwards,Forwards,2022–23,20222023,123,8478400,Colin White,73,195,655.2,-0.19,0.13,0.43,68.72,0.3,0.1,0.03
Forwards,Forwards,2022–23,20222023,124,8474683,Derek Grant,75,210,682.9,0.89,0.24,0.4,68.5,0.45,0.26,-0.31
Forwards,Forwards,2022–23,20222023,125,8471669,Paul Stastny,72,193,866.52,-0.53,0.06,0.4,68.27,-0.35,0.61,0.13
Forwards,Forwards,2022–23,20222023,126,8474679,Gustav Nyquist,71,180,898.6,-1.27,-0.01,0.39,68.05,0.16,-0.23,0.47
Forwards,Forwards,2022–23,20222023,127,8479383,Boris Katchouk,74,212,701.2,0.7,0.18,0.39,67.83,0.39,0.22,-0.22
Forwards,Forwards,2022–23,20222023,128,8478508,Yakov Trenin,74,201,1166.3,0.29,0.19,0.38,67.6,0.75,-0.26,-0.1
Forwards,Forwards,2022–23,20222023,129,8477402,Pavel Buchnevich,73,196,1225.53,-0.15,0.13,0.38,67.38,0.08,0.23,0.07
Forwards,Forwards,2022–23,20222023,130,8477353,Tyler Motte,70,194,779.5,-1.03,0.01,0.38,67.15,-0.24,0.35,0.27
Forwards,Forwards,2022–23,20222023,131,8474053,Logan Couture,73,206,1568.78,0.21,0.13,0.37,66.93,0.47,-0.02,-0.08
Forwards,Forwards,2022–23,20222023,132,8479368,Max Jones,75,216,877.23,1.11,0.21,0.35,66.48,0.62,0.06,-0.33
Forwards,Forwards,2022–23,20222023,133,8475848,Brendan Gallagher,69,185,528.42,-1.62,-0.08,0.33,66.26,-0.21,-0.1,0.64
Forwards,Forwards,2022–23,20222023,134,8475793,Ryan Johansen,75,218,866.95,1.18,0.3,0.33,66.03,0.28,0.63,-0.58
Forwards,Forwards,2022–23,20222023,135,8477126,Jayson Megna,72,190,550.23,-0.64,0.03,0.32,65.81,0.3,-0.14,0.16
Forwards,Forwards,2022–23,20222023,136,8478099,Kevin Labanc,71,185,1031.48,-1.09,-0.01,0.32,65.36,0.7,-0.78,0.4
Forwards,Forwards,2022–23,20222023,137,8474641,Adam Henrique,72,195,1127.17,-0.46,0.05,0.32,65.13,-0.31,0.47,0.15
Forwards,Forwards,2022–23,20222023,138,8478233,Andrew Mangiapane,70,183,1379.38,-1.43,-0.05,0.31,64.91,-0.1,0.02,0.39
Forwards,Forwards,2022–23,20222023,139,8474037,James van Riemsdyk,75,210,936.58,0.89,0.23,0.29,64.69,-0.28,0.91,-0.34
Forwards,Forwards,2022–23,20222023,140,8481477,Nico Sturm,75,209,1090.03,0.85,0.16,0.29,64.46,0.27,0.28,-0.26
Forwards,Forwards,2022–23,20222023,141,8482705,Cole Sillinger,72,202,851.78,-0.2,0.09,0.29,64.24,0.63,-0.4,0.06
Forwards,Forwards,2022–23,20222023,142,8480459,Pius Suter,71,172,1110.88,-1.56,-0.09,0.28,64.01,-0.3,0,0.58
Forwards,Forwards,2022–23,20222023,143,8476442,Matt Nieto,71,189,1095.5,-0.94,-0.01,0.28,63.79,-0.51,0.41,0.38
Forwards,Forwards,2022–23,20222023,144,8477505,Alexander Wennberg,74,190,1532.87,-0.11,0.06,0.27,63.57,-0.59,0.84,0.01
Forwards,Forwards,2022–23,20222023,145,8477947,Sonny Milano,72,205,826.05,-0.09,0.09,0.27,63.34,-0.49,0.73,0.02
Forwards,Forwards,2022–23,20222023,146,8476981,Josh Anderson,75,226,1170.23,1.47,0.32,0.26,63.12,0.88,0.09,-0.71
Forwards,Forwards,2022–23,20222023,147,8476374,Sean Kuraly,74,208,1070.22,0.55,0.15,0.26,62.89,0.65,-0.19,-0.19
Forwards,Forwards,2022–23,20222023,148,8479314,Matthew Tkachuk,74,202,1614.43,0.33,0.15,0.26,62.67,0.02,0.38,-0.13
Forwards,Forwards,2022–23,20222023,149,8480829,Jesperi Kotkaniemi,75,212,1208.35,0.96,0.25,0.26,62.44,0.44,0.3,-0.48
Forwards,Forwards,2022–23,20222023,150,8477953,Kasperi Kapanen,73,194,903.15,-0.23,0.06,0.25,62,0.6,-0.39,0.05
Forwards,Forwards,2022–23,20222023,151,8478843,Denis Malgin,69,182,709.77,-1.73,-0.13,0.25,61.77,-0.07,-0.37,0.68
Forwards,Forwards,2022–23,20222023,152,8479415,Michael McLeod,74,190,980.13,-0.11,0.05,0.25,61.55,0.32,-0.08,0.01
Forwards,Forwards,2022–23,20222023,153,8476468,J.T. Miller,72,211,1675.05,0.13,0.08,0.24,61.32,0.71,-0.41,-0.06
Forwards,Forwards,2022–23,20222023,154,8473512,Claude Giroux,71,186,1541.27,-1.05,-0.04,0.24,61.1,0.09,-0.23,0.38
Forwards,Forwards,2022–23,20222023,155,8479365,Trent Frederic,75,221,941.5,1.29,0.19,0.24,60.87,0.68,-0.06,-0.39
Forwards,Forwards,2022–23,20222023,156,8476329,Travis Boyd,72,190,1355.48,-0.64,0.01,0.24,60.65,-0.74,0.77,0.21
Forwards,Forwards,2022–23,20222023,157,8475760,Nick Bjugstad,78,210,1263.63,1.69,0.34,0.23,60.43,0.93,0.11,-0.8
Forwards,Forwards,2022–23,20222023,158,8476925,Colton Sissons,73,200,1297.85,-0.01,0.08,0.21,60.2,0.17,0.04,-0.01
Forwards,Forwards,2022–23,20222023,159,8478498,Jake DeBrusk,73,198,1073.7,-0.08,0.07,0.2,59.98,-0.04,0.22,0.02
Forwards,Forwards,2022–23,20222023,160,8477404,Jake Guentzel,71,176,1569.05,-1.42,-0.13,0.2,59.75,-0.44,0.06,0.58
Forwards,Forwards,2022–23,20222023,161,8476897,Oskar Sundqvist,75,210,928.97,0.89,0.2,0.2,59.53,-0.19,0.72,-0.33
Forwards,Forwards,2022–23,20222023,162,8479344,Jesse Puljujarvi,76,216,917.38,1.37,0.18,0.2,59.3,0.78,-0.18,-0.41
Forwards,Forwards,2022–23,20222023,163,8481032,Paul Cotter,74,213,705.48,0.73,0.15,0.19,59.08,0.35,0.1,-0.26
Forwards,Forwards,2022–23,20222023,164,8477450,Jason Dickinson,74,200,1243.23,0.26,0.11,0.19,58.86,0.31,0.05,-0.17
Forwards,Forwards,2022–23,20222023,165,8476905,Chandler Stephenson,72,201,1540.38,-0.24,0.05,0.19,58.63,-0.54,0.62,0.1
Forwards,Forwards,2022–23,20222023,166,8478904,Steven Lorentz,76,219,946.67,1.48,0.27,0.18,58.41,0.39,0.36,-0.57
Forwards,Forwards,2022–23,20222023,167,8477494,Jonathan Drouin,71,189,864.67,-0.94,-0.04,0.18,58.18,0.31,-0.47,0.34
Forwards,Forwards,2022–23,20222023,168,8478474,Lawson Crouse,76,214,1367.07,1.3,0.27,0.18,57.96,0.91,-0.1,-0.63
Forwards,Forwards,2022–23,20222023,169,8482496,Nils Aman,74,179,863.75,-0.51,-0.01,0.18,57.74,-0.35,0.4,0.13
Forwards,Forwards,2022–23,20222023,170,8479390,Taylor Raddysh,74,201,1292.3,0.29,0.09,0.17,57.51,-0.11,0.39,-0.11
Forwards,Forwards,2022–23,20222023,171,8482149,Cole Perfetti,71,185,763.43,-1.09,-0.07,0.15,57.06,-0.03,-0.22,0.4
Forwards,Forwards,2022–23,20222023,172,8478493,Joel Eriksson Ek,75,207,1481.58,0.78,0.16,0.14,56.84,-0.08,0.52,-0.3
Forwards,Forwards,2022–23,20222023,173,8480901,Karson Kuhlman,71,184,556.65,-1.13,-0.11,0.14,56.61,-0.24,-0.07,0.45
Forwards,Forwards,2022–23,20222023,174,8481618,Alex Newhook,71,200,1144.15,-0.54,-0.01,0.14,56.39,-0.06,0.02,0.17
Forwards,Forwards,2022–23,20222023,175,8477573,Nathan Walker,69,191,575.9,-1.4,-0.13,0.11,56.17,0.18,-0.58,0.51
Forwards,Forwards,2022–23,20222023,176,8470604,Jeff Carter,75,219,1082.8,1.22,0.23,0.11,55.94,0.41,0.29,-0.6
Forwards,Forwards,2022–23,20222023,177,8475798,Mikael Granlund,70,193,1408.2,-1.06,-0.08,0.1,55.72,-0.25,0,0.35
Forwards,Forwards,2022–23,20222023,178,8477839,Conor Sheary,68,180,1292.78,-2.07,-0.21,0.1,55.49,-0.49,-0.17,0.76
Forwards,Forwards,2022–23,20222023,179,8475169,Evander Kane,74,218,766.83,0.92,0.1,0.09,55.27,0.53,-0.16,-0.28
Forwards,Forwards,2022–23,20222023,180,8475170,Brayden Schenn,73,200,1511.2,-0.01,0.04,0.09,55.04,0.63,-0.48,-0.05
Forwards,Forwards,2022–23,20222023,181,8482222,Alexander Barabanov,70,195,1227.62,-0.99,-0.08,0.08,54.82,-0.51,0.24,0.36
Forwards,Forwards,2022–23,20222023,182,8480028,Morgan Frost,72,193,1323.78,-0.53,-0.03,0.07,54.6,-0.28,0.13,0.22
Forwards,Forwards,2022–23,20222023,183,8476439,Brett Ritchie,76,215,502.52,1.34,0.17,0.05,54.37,0.62,-0.1,-0.46
Forwards,Forwards,2022–23,20222023,184,8471675,Sidney Crosby,71,200,1651.77,-0.54,-0.04,0.05,54.15,-0.52,0.38,0.19
Forwards,Forwards,2022–23,20222023,185,8479337,Alex DeBrincat,68,180,1558.52,-2.07,-0.22,0.04,53.92,-0.25,-0.4,0.69
Forwards,Forwards,2022–23,20222023,186,8477930,Pierre-Edouard Bellemare,71,198,823.65,-0.61,-0.05,0.04,53.48,-0.17,-0.04,0.25
Forwards,Forwards,2022–23,20222023,187,8477406,Mattias Janmark,74,205,967.82,0.44,0.09,0.03,53.25,-0.7,0.89,-0.16
Forwards,Forwards,2022–23,20222023,188,8480021,Jack Studnicka,73,187,508.55,-0.48,-0.04,0.03,53.03,0.3,-0.43,0.15
Forwards,Forwards,2022–23,20222023,189,8482110,Dawson Mercer,72,180,1357.95,-1.01,-0.11,0.02,52.8,-0.69,0.3,0.4
Forwards,Forwards,2022–23,20222023,190,8480289,Morgan Barron,76,220,928,1.52,0.24,0.01,52.58,0.52,0.22,-0.73
Forwards,Forwards,2022–23,20222023,191,8480185,Eetu Luostarinen,75,191,1310.83,0.19,0.05,0.01,52.35,-0.34,0.41,-0.07
Forwards,Forwards,2022–23,20222023,192,8480762,Eric Robinson,74,220,1004.25,0.99,0.08,0.01,52.13,0.08,0.23,-0.3
Forwards,Forwards,2022–23,20222023,193,8478472,Mathieu Joseph,73,189,785.37,-0.41,-0.06,0,51.91,-0.15,0.06,0.1
Forwards,Forwards,2022–23,20222023,194,8476278,Colin Blackwell,68,181,625.45,-2.03,-0.25,-0,51.23,-0.89,0.13,0.75
Forwards,Forwards,2022–23,20222023,195,8480830,Andrei Svechnikov,75,200,1155.08,0.52,0.06,-0.01,51.01,0.41,-0.23,-0.19
Forwards,Forwards,2022–23,20222023,196,8479370,Tyson Jost,71,187,940.3,-1.02,-0.12,-0.02,50.56,-0.52,0.13,0.37
Forwards,Forwards,2022–23,20222023,197,8477425,Miles Wood,74,209,920.13,0.59,0.08,-0.02,50.34,0.44,-0.23,-0.23
Forwards,Forwards,2022–23,20222023,198,8480144,David Kampf,74,198,1255.22,0.18,0.03,-0.02,49.89,-0.48,0.54,-0.08
Forwards,Forwards,2022–23,20222023,199,8479514,Rem Pitlick,71,186,594.43,-1.05,-0.13,-0.03,49.66,-0.4,0.02,0.35
Forwards,Forwards,2022–23,20222023,200,8476410,Josh Leivo,74,192,606.45,-0.04,-0.03,-0.03,49.22,0.2,-0.23,-0.01
Forwards,Forwards,2022–23,20222023,201,8478975,Mason Marchment,77,212,1067.98,1.49,0.23,-0.03,48.99,0.51,0.17,-0.72
Forwards,Forwards,2022–23,20222023,202,8480797,Joel Farabee,72,186,1394.88,-0.79,-0.1,-0.04,48.77,-0.18,-0.18,0.31
Forwards,Forwards,2022–23,20222023,203,8480220,Noah Cates,74,194,1456.92,0.04,0,-0.05,48.54,-0.62,0.65,-0.07
Forwards,Forwards,2022–23,20222023,204,8475191,Reilly Smith,73,185,1323.63,-0.56,-0.07,-0.05,48.32,-0.02,-0.26,0.23
Forwards,Forwards,2022–23,20222023,205,8478020,Michael Amadio,73,206,818.23,0.21,0.01,-0.06,48.09,-0.17,0.19,-0.08
Forwards,Forwards,2022–23,20222023,206,8480845,Rasmus Kupari,74,201,666.27,0.29,0.04,-0.06,47.87,0.1,-0.06,-0.1
Forwards,Forwards,2022–23,20222023,207,8476873,Mark Jankowski,76,200,621.98,0.79,0.09,-0.08,47.65,0.21,0.02,-0.31
Forwards,Forwards,2022–23,20222023,208,8480025,MacKenzie Entwistle,75,203,786.52,0.63,0.07,-0.08,47.42,0.41,-0.24,-0.25
Forwards,Forwards,2022–23,20222023,209,8482093,Seth Jarvis,70,180,1328.68,-1.54,-0.21,-0.09,47.2,-1.11,0.45,0.57
Forwards,Forwards,2022–23,20222023,210,8473994,Jamie Benn,75,210,1294.25,0.89,0.06,-0.11,46.97,0.09,0.1,-0.31
Forwards,Forwards,2022–23,20222023,211,8477357,Saku Maenalanen,76,214,661.25,1.3,0.06,-0.12,46.75,0.41,-0.14,-0.39
Forwards,Forwards,2022–23,20222023,212,8478046,Danton Heinen,74,187,699.23,-0.22,-0.09,-0.13,46.52,0.26,-0.43,0.04
Forwards,Forwards,2022–23,20222023,213,8482078,Lucas Raymond,71,186,1285.82,-1.05,-0.17,-0.14,46.3,-0.76,0.21,0.42
Forwards,Forwards,2022–23,20222023,214,8480806,Isac Lundeström,73,192,874.37,-0.3,-0.07,-0.14,46.08,-0.75,0.51,0.1
Forwards,Forwards,2022–23,20222023,215,8476889,Radek Faksa,75,216,1111.37,1.11,0.11,-0.15,45.85,-0.41,0.68,-0.43
Forwards,Forwards,2022–23,20222023,216,8479407,Jesper Bratt,70,175,1424.13,-1.72,-0.26,-0.15,45.18,-0.7,-0.09,0.63
Forwards,Forwards,2022–23,20222023,217,8478414,Timo Meier,73,220,1512.28,0.72,-0.01,-0.17,44.73,0.05,-0,-0.22
Forwards,Forwards,2022–23,20222023,218,8471699,Andrew Cogliano,70,179,996.8,-1.57,-0.24,-0.17,44.51,-0.42,-0.28,0.52
Forwards,Forwards,2022–23,20222023,219,8476479,Phillip Danault,73,200,1502.65,-0.01,-0.05,-0.19,44.28,-0.47,0.28,-0.01
Forwards,Forwards,2022–23,20222023,220,8477392,Hudson Fasching,75,214,611.65,1.04,0.1,-0.2,44.06,-0.09,0.4,-0.51
Forwards,Forwards,2022–23,20222023,221,8479992,Michael Rasmussen,78,222,845.47,2.13,0.22,-0.21,43.83,-0.33,0.93,-0.81
Forwards,Forwards,2022–23,20222023,222,8475799,Nino Niederreiter,74,218,1270.37,0.92,0.04,-0.21,43.61,-0.18,0.29,-0.32
Forwards,Forwards,2022–23,20222023,223,8480281,Alexey Toropchenko,78,225,833.27,2.24,0.18,-0.22,43.39,0.14,0.41,-0.76
Forwards,Forwards,2022–23,20222023,224,8480849,Barrett Hayton,73,200,1434.82,-0.01,-0.1,-0.22,43.16,-0.58,0.37,-0.02
Forwards,Forwards,2022–23,20222023,225,8478463,Anthony Beauvillier,71,181,1333.87,-1.24,-0.25,-0.23,42.94,-0.27,-0.46,0.5
Forwards,Forwards,2022–23,20222023,226,8473986,Alex Killorn,73,205,1411.13,0.17,-0.06,-0.24,42.71,-0.1,-0.07,-0.07
Forwards,Forwards,2022–23,20222023,227,8478427,Sebastian Aho,72,189,1462.17,-0.68,-0.16,-0.25,42.26,-0.54,0.06,0.22
Forwards,Forwards,2022–23,20222023,228,8481523,Kirby Dach,76,221,1072.75,1.56,0.04,-0.27,42.04,-0.32,0.51,-0.46
Forwards,Forwards,2022–23,20222023,229,8476918,Jimmy Vesey,74,203,1102.45,0.37,-0.05,-0.27,41.82,0.09,-0.24,-0.13
Forwards,Forwards,2022–23,20222023,230,8478133,Jake Evans,72,190,782.47,-0.64,-0.17,-0.28,41.37,-0.3,-0.18,0.21
Forwards,Forwards,2022–23,20222023,231,8479987,Morgan Geekie,75,212,721.4,0.96,0.04,-0.29,41.14,-0.13,0.22,-0.37
Forwards,Forwards,2022–23,20222023,232,8474102,David Perron,72,202,1387.32,-0.2,-0.12,-0.29,40.7,-0.08,-0.27,0.06
Forwards,Forwards,2022–23,20222023,233,8476456,Jonathan Huberdeau,73,200,1332.27,-0.01,-0.09,-0.3,40.47,-0.33,0.08,-0.05
Forwards,Forwards,2022–23,20222023,234,8478519,Anthony Cirelli,73,193,960.53,-0.26,-0.13,-0.3,40.25,-0.61,0.25,0.07
Forwards,Forwards,2022–23,20222023,235,8471276,David Krejci,72,192,1203.62,-0.57,-0.16,-0.3,40.02,-0.43,-0.07,0.2
Forwards,Forwards,2022–23,20222023,236,8478856,Conor Garland,70,165,1224.22,-2.09,-0.35,-0.31,39.8,-0.88,-0.19,0.77
Forwards,Forwards,2022–23,20222023,237,8474149,Evgenii Dadonov,71,188,1074.85,-0.98,-0.24,-0.31,39.13,-0.54,-0.16,0.38
Forwards,Forwards,2022–23,20222023,238,8473604,Jonathan Toews,74,201,938.67,0.29,-0.07,-0.32,38.9,-0.78,0.57,-0.11
Forwards,Forwards,2022–23,20222023,239,8479675,Trevor Moore,71,195,1002.32,-0.72,-0.2,-0.32,38.68,-0.46,-0.05,0.19
Forwards,Forwards,2022–23,20222023,240,8480208,Drake Batherson,75,209,1525.7,0.85,-0.05,-0.33,38.45,0.04,-0.12,-0.26
Forwards,Forwards,2022–23,20222023,241,8476469,Joel Armia,75,215,642.68,1.07,0.04,-0.34,38.23,0.14,-0.06,-0.41
Forwards,Forwards,2022–23,20222023,242,8470794,Joe Pavelski,73,196,1453.27,-0.15,-0.13,-0.34,38,-0.83,0.45,0.04
Forwards,Forwards,2022–23,20222023,243,8479996,Cody Glass,75,201,1063.23,0.56,-0.03,-0.34,37.78,-0.24,0.12,-0.22
Forwards,Forwards,2022–23,20222023,244,8475343,Nic Dowd,74,195,867.82,0.07,-0.11,-0.35,37.56,0.06,-0.37,-0.03
Forwards,Forwards,2022–23,20222023,245,8479536,Axel Jonsson-Fjallby,73,189,522.8,-0.41,-0.18,-0.35,37.33,0.01,-0.47,0.1
Forwards,Forwards,2022–23,20222023,246,8470595,Eric Staal,76,195,1025.07,0.61,-0.02,-0.36,37.11,-0.08,0.04,-0.32
Forwards,Forwards,2022–23,20222023,247,8479335,Rasmus Asplund,71,190,504.27,-0.91,-0.22,-0.36,36.88,-0.55,-0.17,0.36
Forwards,Forwards,2022–23,20222023,248,8482745,Mason McTavish,73,219,1229.95,0.69,-0.04,-0.36,36.43,-0.21,0.09,-0.24
Forwards,Forwards,2022–23,20222023,249,8476960,Andreas Athanasiou,74,190,1296.28,-0.11,-0.12,-0.36,36.21,-0.65,0.25,0.03
Forwards,Forwards,2022–23,20222023,250,8475913,Mark Stone,75,210,833.2,0.89,-0.02,-0.37,35.99,-0.6,0.54,-0.31
Forwards,Forwards,2022–23,20222023,251,8474189,Lars Eller,74,207,1242.52,0.51,-0.06,-0.37,35.76,0.19,-0.37,-0.18
Forwards,Forwards,2022–23,20222023,252,8482740,Wyatt Johnston,73,187,1269.5,-0.48,-0.17,-0.38,35.54,-0.54,-0.03,0.2
Forwards,Forwards,2022–23,20222023,253,8477021,Alexander Kerfoot,71,185,1198.75,-1.09,-0.25,-0.38,35.31,-1.2,0.43,0.4
Forwards,Forwards,2022–23,20222023,254,8477496,Elias Lindholm,73,200,1492.12,-0.01,-0.13,-0.38,35.09,-0.36,-0.02,-0.01
Forwards,Forwards,2022–23,20222023,255,8478432,Christian Fischer,74,212,1187.77,0.7,-0.03,-0.39,34.87,0.39,-0.5,-0.27
Forwards,Forwards,2022–23,20222023,256,8474040,Sam Gagner,71,200,584.25,-0.54,-0.2,-0.39,34.64,-0.28,-0.25,0.14
Forwards,Forwards,2022–23,20222023,257,8477429,Andrew Copp,73,200,1488.72,-0.01,-0.15,-0.4,34.42,-0.47,0.1,-0.02
Forwards,Forwards,2022–23,20222023,258,8473449,Kyle Okposo,72,216,1100.07,0.31,-0.1,-0.4,34.19,0.09,-0.37,-0.11
Forwards,Forwards,2022–23,20222023,259,8478831,Kevin Stenlund,75,213,628.83,1,-0.06,-0.4,33.97,-0.2,0.11,-0.3
Forwards,Forwards,2022–23,20222023,260,8475151,Kyle Palmieri,72,192,940.42,-0.57,-0.21,-0.41,33.74,-0.45,-0.1,0.14
Forwards,Forwards,2022–23,20222023,261,8481013,Jonatan Berggren,71,195,901.8,-0.72,-0.22,-0.41,33.52,-0.31,-0.33,0.23
Forwards,Forwards,2022–23,20222023,262,8474009,Nick Bonino,73,198,986.73,-0.08,-0.13,-0.42,33.3,-0.64,0.18,0.04
Forwards,Forwards,2022–23,20222023,263,8476454,Ryan Nugent-Hopkins,73,192,1623.7,-0.3,-0.16,-0.42,33.07,-0.25,-0.3,0.13
Forwards,Forwards,2022–23,20222023,264,8475794,Tyler Seguin,74,205,1262.93,0.44,-0.07,-0.43,32.85,0.16,-0.43,-0.16
Forwards,Forwards,2022–23,20222023,265,8482116,Tim Stützle,72,187,1658.67,-0.75,-0.24,-0.43,32.62,-0.21,-0.42,0.19
Forwards,Forwards,2022–23,20222023,266,8478431,Evgeny Svechnikov,75,208,634.12,0.82,-0.03,-0.45,32.4,0.11,-0.24,-0.32
Forwards,Forwards,2022–23,20222023,267,8476934,Brock McGinn,72,191,977.55,-0.6,-0.22,-0.46,32.17,-0.46,-0.19,0.19
Forwards,Forwards,2022–23,20222023,268,8477426,Nick Paul,76,234,1292.73,2.03,0.11,-0.47,31.95,-0.11,0.41,-0.77
Forwards,Forwards,2022–23,20222023,269,8474884,Mike Hoffman,72,190,1050.13,-0.64,-0.23,-0.47,31.73,0.13,-0.83,0.23
Forwards,Forwards,2022–23,20222023,270,8478542,Evan Rodrigues,71,182,1232.08,-1.2,-0.3,-0.48,31.5,-0.76,-0.11,0.4
Forwards,Forwards,2022–23,20222023,271,8476483,Rickard Rakell,73,194,1511.9,-0.23,-0.19,-0.48,31.05,-0.29,-0.25,0.05
Forwards,Forwards,2022–23,20222023,272,8475225,Craig Smith,73,203,703.98,0.1,-0.17,-0.49,30.83,-0.1,-0.34,-0.05
Forwards,Forwards,2022–23,20222023,273,8471214,Alex Ovechkin,75,238,1474.9,1.91,0.1,-0.51,30.61,0.87,-0.64,-0.73
Forwards,Forwards,2022–23,20222023,274,8476292,Ondrej Palat,72,194,761.23,-0.49,-0.22,-0.51,30.38,-0.41,-0.3,0.2
Forwards,Forwards,2022–23,20222023,275,8476887,Filip Forsberg,73,205,873.6,0.17,-0.14,-0.51,30.16,0.15,-0.59,-0.08
Forwards,Forwards,2022–23,20222023,276,8477942,Kevin Fiala,72,205,1214.07,-0.09,-0.17,-0.52,29.93,-0.12,-0.44,0.05
Forwards,Forwards,2022–23,20222023,277,8475158,Ryan O'Reilly,73,207,950.77,0.25,-0.17,-0.53,29.71,-0.69,0.26,-0.09
Forwards,Forwards,2022–23,20222023,278,8474564,Steven Stamkos,73,193,1540.68,-0.26,-0.2,-0.53,29.48,-0,-0.61,0.09
Forwards,Forwards,2022–23,20222023,279,8478864,Kirill Kaprizov,70,202,1414.55,-0.73,-0.26,-0.53,29.26,-0.62,-0.2,0.29
Forwards,Forwards,2022–23,20222023,280,8478413,Jordan Greenway,78,231,837.3,2.45,0.1,-0.53,29.04,0.34,-0.03,-0.84
Forwards,Forwards,2022–23,20222023,281,8480113,Alex Iafallo,72,201,961.7,-0.24,-0.21,-0.53,28.81,-0.66,0.08,0.05
Forwards,Forwards,2022–23,20222023,282,8475692,Mats Zuccarello,68,181,1575.1,-2.03,-0.42,-0.53,28.59,-0.58,-0.7,0.75
Forwards,Forwards,2022–23,20222023,283,8477511,Anthony Mantha,77,240,952.63,2.52,0.2,-0.55,28.36,0.67,-0.04,-1.17
Forwards,Forwards,2022–23,20222023,284,8480798,Philipp Kurashev,72,190,1219.43,-0.64,-0.25,-0.55,28.14,-0.82,0.04,0.23
Forwards,Forwards,2022–23,20222023,285,8477500,Bo Horvat,73,225,1631.67,0.91,-0.13,-0.59,27.91,-0.5,0.19,-0.28
Forwards,Forwards,2022–23,20222023,286,8477330,Dominik Kubalik,74,192,1208,-0.04,-0.19,-0.59,27.69,-0.03,-0.59,0.02
Forwards,Forwards,2022–23,20222023,287,8478439,Travis Konecny,70,192,1206.98,-1.1,-0.33,-0.6,27.47,-0.62,-0.38,0.4
Forwards,Forwards,2022–23,20222023,288,8477456,J.T. Compher,72,191,1684.33,-0.6,-0.26,-0.6,27.24,-0.87,0.03,0.24
Forwards,Forwards,2022–23,20222023,289,8477919,Freddy Gaudreau,72,184,1315.52,-0.86,-0.3,-0.6,27.02,-0.76,-0.18,0.34
Forwards,Forwards,2022–23,20222023,290,8471218,Blake Wheeler,77,222,1227.18,1.86,-0.05,-0.61,26.79,-0.03,-0.04,-0.55
Forwards,Forwards,2022–23,20222023,291,8478366,Frank Vatrano,71,203,1350.97,-0.43,-0.27,-0.62,26.57,-0.19,-0.53,0.1
Forwards,Forwards,2022–23,20222023,292,8481656,Aliaksei Protas,78,250,668,3.15,0.15,-0.62,26.35,0.62,-0.17,-1.07
Forwards,Forwards,2022–23,20222023,293,8481557,Matt Boldy,74,201,1498.48,0.29,-0.15,-0.62,26.12,-0.32,-0.2,-0.1
Forwards,Forwards,2022–23,20222023,294,8481711,Matias Maccelli,71,187,1003.62,-1.02,-0.33,-0.63,25.9,-0.62,-0.38,0.37
Forwards,Forwards,2022–23,20222023,295,8477960,Adrian Kempe,74,205,1538.15,0.44,-0.14,-0.63,25.67,0.54,-1.01,-0.16
Forwards,Forwards,2022–23,20222023,296,8477989,Christian Dvorak,73,190,1079.08,-0.37,-0.27,-0.64,25.45,-1.06,0.32,0.09
Forwards,Forwards,2022–23,20222023,297,8476448,William Karlsson,72,190,1432.45,-0.64,-0.3,-0.65,25.22,-0.97,0.15,0.16
Forwards,Forwards,2022–23,20222023,298,8482124,Quinton Byfield,77,230,745.38,2.15,0.03,-0.66,25,-0.05,0.13,-0.73
Forwards,Forwards,2022–23,20222023,299,8480015,Owen Tippett,73,210,1341.9,0.36,-0.21,-0.66,24.78,-0.02,-0.52,-0.12
Forwards,Forwards,2022–23,20222023,300,8478445,Mathew Barzal,73,186,1085.53,-0.52,-0.3,-0.67,24.55,-0.5,-0.36,0.18
Forwards,Forwards,2022–23,20222023,301,8477416,Oliver Bjorkstrand,72,175,1265.5,-1.19,-0.36,-0.68,24.33,-0.53,-0.47,0.32
Forwards,Forwards,2022–23,20222023,302,8479400,Pierre-Luc Dubois,76,220,1346.98,1.52,-0.02,-0.69,24.1,-0.37,0.26,-0.58
Forwards,Forwards,2022–23,20222023,303,8480188,Fabian Zetterlund,71,208,888.22,-0.25,-0.25,-0.7,23.88,-0.01,-0.77,0.08
Forwards,Forwards,2022–23,20222023,304,8481596,Shane Pinto,75,206,1310.27,0.74,-0.15,-0.7,23.65,-0.61,0.17,-0.26
Forwards,Forwards,2022–23,20222023,305,8476882,Teuvo Teravainen,71,191,1149.8,-0.87,-0.36,-0.71,23.43,-0.61,-0.43,0.33
Forwards,Forwards,2022–23,20222023,306,8476438,Brandon Saad,73,207,1182.5,0.25,-0.24,-0.71,23.21,-0.67,0.05,-0.09
Forwards,Forwards,2022–23,20222023,307,8480078,Filip Chytil,74,210,1086.6,0.62,-0.2,-0.72,22.98,-0.51,-0.01,-0.2
Forwards,Forwards,2022–23,20222023,308,8478495,Denis Gurianov,75,205,870.95,0.71,-0.2,-0.74,22.53,-0.17,-0.35,-0.22
Forwards,Forwards,2022–23,20222023,309,8475726,Tyler Toffoli,72,205,1362.1,-0.09,-0.25,-0.74,22.31,-0.31,-0.42,-0.01
Forwards,Forwards,2022–23,20222023,310,8478010,Brayden Point,71,177,1612.92,-1.38,-0.41,-0.75,22.09,-1.31,0.11,0.46
Forwards,Forwards,2022–23,20222023,311,8473548,Phil Kessel,71,208,1050.32,-0.25,-0.28,-0.76,21.86,-0.44,-0.4,0.08
Forwards,Forwards,2022–23,20222023,312,8474613,Derek Stepan,71,196,662.88,-0.69,-0.35,-0.79,21.64,-0.31,-0.65,0.18
Forwards,Forwards,2022–23,20222023,313,8480014,Gabriel Vilardi,75,216,983.02,1.11,-0.18,-0.79,21.41,-1.02,0.57,-0.33
Forwards,Forwards,2022–23,20222023,314,8475744,Evgeny Kuznetsov,74,207,1462.83,0.51,-0.18,-0.79,21.19,-0.04,-0.56,-0.19
Forwards,Forwards,2022–23,20222023,315,8481560,Arthur Kaliyev,74,212,653.95,0.7,-0.16,-0.79,20.96,-0.11,-0.42,-0.26
Forwards,Forwards,2022–23,20222023,316,8475172,Nazem Kadri,72,185,1411.12,-0.82,-0.36,-0.8,20.74,-0.59,-0.54,0.33
Forwards,Forwards,2022–23,20222023,317,8481528,Dylan Cozens,75,205,1336.25,0.71,-0.22,-0.8,20.52,-0.34,-0.24,-0.22
Forwards,Forwards,2022–23,20222023,318,8478466,Daniel Sprong,72,195,753.65,-0.46,-0.33,-0.85,20.29,-0.13,-0.91,0.19
Forwards,Forwards,2022–23,20222023,319,8470638,Patrice Bergeron,73,196,1356.55,-0.15,-0.3,-0.85,20.07,-0.44,-0.43,0.02
Forwards,Forwards,2022–23,20222023,320,8479542,Brandon Hagel,74,186,1510.4,-0.25,-0.32,-0.86,19.84,-0.82,-0.1,0.06
Forwards,Forwards,2022–23,20222023,321,8482113,Anton Lundell,73,196,1195.05,-0.15,-0.33,-0.86,19.62,-0.54,-0.35,0.03
Forwards,Forwards,2022–23,20222023,322,8478440,Dylan Strome,76,200,1351.65,0.79,-0.2,-0.86,19.39,-0.6,0.01,-0.27
Forwards,Forwards,2022–23,20222023,323,8479343,Clayton Keller,70,175,1701.52,-1.72,-0.54,-0.87,19.17,-1.21,-0.37,0.71
Forwards,Forwards,2022–23,20222023,324,8480018,Nick Suzuki,71,207,1729.83,-0.28,-0.34,-0.87,18.95,-0.89,-0.05,0.06
Forwards,Forwards,2022–23,20222023,325,8478891,Mason Appleton,74,196,656.78,0.11,-0.27,-0.88,18.72,-0.54,-0.31,-0.03
Forwards,Forwards,2022–23,20222023,326,8478402,Connor McDavid,73,194,1835.62,-0.23,-0.33,-0.89,18.5,-0.76,-0.2,0.07
Forwards,Forwards,2022–23,20222023,327,8480802,Ryan McLeod,75,204,808.58,0.67,-0.19,-0.9,18.27,-0.55,0,-0.35
Forwards,Forwards,2022–23,20222023,328,8478398,Kyle Connor,73,183,1683.4,-0.63,-0.37,-0.91,18.05,-0.38,-0.78,0.25
Forwards,Forwards,2022–23,20222023,329,8474141,Patrick Kane,70,176,1409.53,-1.68,-0.51,-0.91,17.83,-1.01,-0.56,0.66
Forwards,Forwards,2022–23,20222023,330,8476878,Zemgus Girgensons,75,197,1038.15,0.41,-0.24,-0.91,17.6,-0.64,-0.1,-0.17
Forwards,Forwards,2022–23,20222023,331,8477956,David Pastrnak,72,199,1604.28,-0.31,-0.35,-0.92,17.38,-0.46,-0.55,0.09
Forwards,Forwards,2022–23,20222023,332,8471685,Anze Kopitar,75,225,1664.78,1.44,-0.12,-0.94,17.15,-0.69,0.3,-0.55
Forwards,Forwards,2022–23,20222023,333,8480893,Kirill Marchenko,75,201,955.17,0.56,-0.23,-0.95,16.93,-0.88,0.23,-0.3
Forwards,Forwards,2022–23,20222023,334,8480023,Robert Thomas,72,207,1412.07,-0.02,-0.31,-0.95,16.7,-0.91,-0.04,-0
Forwards,Forwards,2022–23,20222023,335,8480003,Jesper Boqvist,73,191,812.4,-0.34,-0.37,-0.96,16.48,-1.13,0.07,0.1
Forwards,Forwards,2022–23,20222023,336,8477939,William Nylander,72,200,1520.45,-0.27,-0.36,-0.98,16.26,-0.93,-0.13,0.08
Forwards,Forwards,2022–23,20222023,337,8480068,Ryan Poehling,74,206,623.85,0.48,-0.26,-0.99,16.03,-0.86,0.06,-0.19
Forwards,Forwards,2022–23,20222023,338,8482660,Kent Johnson,72,170,1146.8,-1.37,-0.5,-0.99,15.81,-1.21,-0.29,0.5
Forwards,Forwards,2022–23,20222023,339,8476453,Nikita Kucherov,72,173,1650.85,-1.26,-0.48,-1,15.58,-0.92,-0.5,0.42
Forwards,Forwards,2022–23,20222023,340,8477503,Max Domi,70,208,1421.67,-0.51,-0.41,-1.01,15.36,-0.77,-0.36,0.13
Forwards,Forwards,2022–23,20222023,341,8476459,Mika Zibanejad,74,208,1636.9,0.55,-0.31,-1.01,15.13,-0.44,-0.39,-0.18
Forwards,Forwards,2022–23,20222023,342,8475745,Charlie Coyle,75,221,1392.88,1.29,-0.19,-1.01,14.91,-0.65,0.08,-0.44
Forwards,Forwards,2022–23,20222023,343,8477955,Jared McCann,73,191,1290.8,-0.34,-0.39,-1.05,14.69,-0.75,-0.41,0.11
Forwards,Forwards,2022–23,20222023,344,8482175,John-Jason Peterka,72,189,1050.83,-0.68,-0.44,-1.06,14.46,-0.9,-0.33,0.17
Forwards,Forwards,2022–23,20222023,345,8478449,Roope Hintz,75,217,1281.72,1.14,-0.18,-1.07,14.24,-0.5,-0.01,-0.56
Forwards,Forwards,2022–23,20222023,346,8477501,Valeri Nichushkin,76,210,1074.37,1.15,-0.27,-1.08,14.01,-0.8,0.07,-0.35
Forwards,Forwards,2022–23,20222023,347,8471215,Evgeni Malkin,77,213,1523.6,1.53,-0.2,-1.1,13.57,-0.46,-0.11,-0.52
Forwards,Forwards,2022–23,20222023,348,8475168,Matt Duchene,71,211,1300.72,-0.14,-0.41,-1.1,13.34,-0.91,-0.22,0.02
Forwards,Forwards,2022–23,20222023,349,8477946,Dylan Larkin,73,204,1564.45,0.14,-0.36,-1.12,13.12,-0.66,-0.4,-0.06
Forwards,Forwards,2022–23,20222023,350,8481540,Cole Caufield,68,175,830.28,-2.25,-0.66,-1.13,12.89,-1.11,-0.86,0.83
Forwards,Forwards,2022–23,20222023,351,8480027,Jason Robertson,75,204,1544.78,0.67,-0.34,-1.13,12.67,-0.44,-0.48,-0.21
Forwards,Forwards,2022–23,20222023,352,8478115,Pierre Engvall,78,208,1036.4,1.61,-0.25,-1.13,12.44,-0.32,-0.33,-0.48
Forwards,Forwards,2022–23,20222023,353,8478483,Mitch Marner,72,180,1702.1,-1.01,-0.51,-1.14,12.22,-0.72,-0.69,0.27
Forwards,Forwards,2022–23,20222023,354,8480008,Adam Ruzicka,76,215,509.33,1.34,-0.28,-1.15,12,-0.32,-0.43,-0.4
Forwards,Forwards,2022–23,20222023,355,8475763,Kevin Hayes,75,217,1422.82,1.14,-0.21,-1.15,11.77,-0.36,-0.22,-0.56
Forwards,Forwards,2022–23,20222023,356,8479999,Casey Mittelstadt,73,205,1289.72,0.17,-0.36,-1.16,11.55,-0.92,-0.16,-0.08
Forwards,Forwards,2022–23,20222023,357,8481624,Ilya Mikheyev,74,192,777.97,-0.04,-0.42,-1.17,11.32,-1.53,0.37,-0.01
Forwards,Forwards,2022–23,20222023,358,8481554,Kaapo Kakko,73,215,1255.17,0.54,-0.31,-1.17,11.1,-1.2,0.22,-0.2
Forwards,Forwards,2022–23,20222023,359,8475784,Jeff Skinner,71,200,1374.38,-0.54,-0.47,-1.21,10.87,-1.45,0.07,0.17
Forwards,Forwards,2022–23,20222023,360,8477933,Sam Reinhart,73,196,1622.05,-0.15,-0.43,-1.22,10.65,-1.14,-0.1,0.02
Forwards,Forwards,2022–23,20222023,361,8475714,Calle Jarnkrok,72,193,1049.92,-0.53,-0.47,-1.22,10.43,-0.73,-0.68,0.19
Forwards,Forwards,2022–23,20222023,362,8482665,Matty Beniers,74,181,1367.37,-0.44,-0.46,-1.23,10.2,-1.24,-0.17,0.18
Forwards,Forwards,2022–23,20222023,363,8481533,Trevor Zegras,72,185,1525,-0.82,-0.51,-1.24,9.98,-0.63,-0.93,0.33
Forwards,Forwards,2022–23,20222023,364,8477951,Nick Schmaltz,72,184,1241.68,-0.86,-0.52,-1.25,9.75,-1.07,-0.49,0.31
Forwards,Forwards,2022–23,20222023,365,8483808,Andrei Kuzmenko,71,200,1315.58,-0.54,-0.49,-1.25,9.53,-1.76,0.32,0.19
Forwards,Forwards,2022–23,20222023,366,8478550,Artemi Panarin,72,176,1607.83,-1.15,-0.56,-1.26,9.3,-0.69,-0.88,0.31
Forwards,Forwards,2022–23,20222023,367,8479318,Auston Matthews,75,215,1500.6,1.07,-0.27,-1.26,9.08,-0.87,0.01,-0.41
Forwards,Forwards,2022–23,20222023,368,8475765,Vladimir Tarasenko,73,219,1159.22,0.69,-0.32,-1.26,8.86,-0.54,-0.47,-0.26
Forwards,Forwards,2022–23,20222023,369,8475791,Taylor Hall,73,210,971.68,0.36,-0.37,-1.27,8.63,-0.94,-0.2,-0.13
Forwards,Forwards,2022–23,20222023,370,8482097,Jack Quinn,73,185,1038.53,-0.56,-0.51,-1.32,8.18,-1.02,-0.5,0.2
Forwards,Forwards,2022–23,20222023,371,8480012,Elias Pettersson,74,176,1644.38,-0.62,-0.53,-1.33,7.96,-1.34,-0.21,0.22
Forwards,Forwards,2022–23,20222023,372,8477940,Nikolaj Ehlers,72,168,704.17,-1.44,-0.64,-1.38,7.51,-0.82,-1.13,0.57
Forwards,Forwards,2022–23,20222023,373,8480039,Martin Necas,75,195,1509.8,0.34,-0.42,-1.4,7.29,-0.53,-0.73,-0.14
Forwards,Forwards,2022–23,20222023,374,8475149,Marcus Johansson,73,203,1319.2,0.1,-0.45,-1.42,7.06,-1.61,0.29,-0.1
Forwards,Forwards,2022–23,20222023,375,8480205,Emil Bemstrom,72,190,665.97,-0.64,-0.55,-1.42,6.84,-1.07,-0.61,0.26
Forwards,Forwards,2022–23,20222023,376,8478401,Pavel Zacha,76,211,1316.58,1.19,-0.29,-1.43,6.61,-0.37,-0.47,-0.58
Forwards,Forwards,2022–23,20222023,377,8477409,Carter Verhaeghe,74,183,1417.67,-0.36,-0.54,-1.43,6.39,-1.12,-0.4,0.09
Forwards,Forwards,2022–23,20222023,378,8481068,Yegor Sharangovich,74,196,1081.37,0.11,-0.45,-1.43,6.17,-1.07,-0.34,-0.03
Forwards,Forwards,2022–23,20222023,379,8477949,Alex Tuch,76,219,1417.4,1.48,-0.27,-1.44,5.94,-0.3,-0.57,-0.57
Forwards,Forwards,2022–23,20222023,380,8478109,Victor Olofsson,71,180,1076.63,-1.27,-0.63,-1.44,5.72,-1.28,-0.58,0.42
Forwards,Forwards,2022–23,20222023,381,8476346,Johnny Gaudreau,69,163,1553.45,-2.43,-0.75,-1.46,5.49,-1.54,-0.59,0.67
Forwards,Forwards,2022–23,20222023,382,8475754,Brock Nelson,76,205,1511.7,0.97,-0.34,-1.47,5.27,-0.77,-0.22,-0.49
Forwards,Forwards,2022–23,20222023,383,8478420,Mikko Rantanen,76,228,1822.38,1.81,-0.28,-1.54,5.04,-0.67,-0.18,-0.69
Forwards,Forwards,2022–23,20222023,384,8480002,Nico Hischier,73,200,1562.43,-0.01,-0.51,-1.54,4.82,-1.64,0.09,0.01
Forwards,Forwards,2022–23,20222023,385,8478042,Viktor Arvidsson,70,181,1316.4,-1.5,-0.69,-1.55,4.6,-1.6,-0.36,0.41
Forwards,Forwards,2022–23,20222023,386,8477492,Nathan MacKinnon,72,200,1584.53,-0.27,-0.55,-1.55,4.37,-0.76,-0.89,0.09
Forwards,Forwards,2022–23,20222023,387,8476460,Mark Scheifele,75,207,1658.78,0.78,-0.4,-1.57,4.15,-1.15,-0.01,-0.4
Forwards,Forwards,2022–23,20222023,388,8474573,Josh Bailey,73,200,968.87,-0.01,-0.55,-1.63,3.92,-1.45,-0.13,-0.05
Forwards,Forwards,2022–23,20222023,389,8478458,Jack Roslovic,73,198,1266.38,-0.08,-0.55,-1.65,3.7,-0.87,-0.82,0.04
Forwards,Forwards,2022–23,20222023,390,8477493,Aleksander Barkov,75,214,1443.25,1.04,-0.44,-1.65,3.48,-0.99,-0.3,-0.36
Forwards,Forwards,2022–23,20222023,391,8478873,Troy Terry,72,193,1355.75,-0.53,-0.63,-1.66,3.25,-1.86,0.07,0.13
Forwards,Forwards,2022–23,20222023,392,8478403,Jack Eichel,74,208,1257.38,0.55,-0.53,-1.67,3.03,-0.82,-0.67,-0.18
Forwards,Forwards,2022–23,20222023,393,8479420,Tage Thompson,78,220,1450.03,2.05,-0.3,-1.69,2.8,-0.3,-0.61,-0.78
Forwards,Forwards,2022–23,20222023,394,8479385,Jordan Kyrou,73,189,1422.28,-0.41,-0.64,-1.77,2.58,-0.96,-0.98,0.17
Forwards,Forwards,2022–23,20222023,395,8481559,Jack Hughes,71,175,1557.35,-1.45,-0.76,-1.77,2.35,-1.82,-0.35,0.4
Forwards,Forwards,2022–23,20222023,396,8477934,Leon Draisaitl,74,209,1738.72,0.59,-0.51,-1.79,2.13,-1.07,-0.4,-0.31
Forwards,Forwards,2022–23,20222023,397,8481517,Brett Leason,77,220,588.17,1.79,-0.43,-1.97,1.91,-0.69,-0.6,-0.68
Forwards,Forwards,2022–23,20222023,398,8477444,Andre Burakovsky,75,203,811.13,0.63,-0.6,-2.06,1.46,-0.82,-1.01,-0.24
Forwards,Forwards,2022–23,20222023,399,8475164,Jakob Silfverberg,73,207,1229.52,0.25,-0.68,-2.13,1.23,-1.17,-0.86,-0.1
Forwards,Forwards,2022–23,20222023,400,8481601,Simon Holmstrom,73,208,554.87,0.28,-0.68,-2.14,1.01,-1.55,-0.48,-0.12
Forwards,Forwards,2022–23,20222023,401,8478438,Thomas Novak,73,190,747.32,-0.37,-0.78,-2.2,0.78,-2.15,-0.18,0.13
Forwards,Forwards,2022–23,20222023,402,8479339,Patrik Laine,76,208,1051.65,1.08,-0.64,-2.35,0.34,-0.62,-1.32,-0.41
Forwards,Forwards,2023–24,20232024,1,8477527,Ross Johnston,77,232,557.4,2.21,1.41,3.71,99.66,4.05,0.3,-0.64
Forwards,Forwards,2023–24,20232024,2,8477070,Liam O'Brien,73,215,729.7,0.59,1.03,2.98,98.97,3.62,-0.37,-0.27
Forwards,Forwards,2023–24,20232024,3,8474709,Matt Martin,75,215,530.82,1.1,0.92,2.5,98.74,2.7,0.12,-0.32
Forwards,Forwards,2023–24,20232024,4,8479671,Mathieu Olivier,73,232,609.23,1.19,0.92,2.4,98.52,2.89,0.04,-0.53
Forwards,Forwards,2023–24,20232024,5,8479661,Tanner Jeannot,74,221,661,1.05,0.86,2.25,98.29,2.16,0.54,-0.46
Forwards,Forwards,2023–24,20232024,6,8473422,Nick Foligno,72,210,1314.58,0.15,0.74,2.24,98.06,1.49,0.8,-0.04
Forwards,Forwards,2023–24,20232024,7,8475220,Marcus Foligno,75,226,796.52,1.49,0.92,2.22,97.83,2.5,0.27,-0.55
Forwards,Forwards,2023–24,20232024,8,8475842,Sam Carrick,72,202,941.12,-0.13,0.69,2.05,97.6,1.82,0.16,0.07
Forwards,Forwards,2023–24,20232024,9,8479066,Ryan Lomberg,69,184,715.52,-1.54,0.46,1.95,97.37,1.34,-0.07,0.68
Forwards,Forwards,2023–24,20232024,10,8479316,Luke Kunin,72,197,1212.03,-0.31,0.56,1.91,97.15,1.75,0.05,0.12
Forwards,Forwards,2023–24,20232024,11,8481716,Dmitri Voronkov,77,234,1009.27,2.29,0.77,1.72,96.92,1.63,0.75,-0.66
Forwards,Forwards,2023–24,20232024,12,8481028,Martin Pospisil,74,173,801.33,-0.65,0.44,1.7,96.69,1.48,-0.03,0.25
Forwards,Forwards,2023–24,20232024,13,8480880,Jakub Lauko,73,193,589.25,-0.2,0.54,1.68,96.46,1.35,0.26,0.08
Forwards,Forwards,2023–24,20232024,14,8480855,Jack McBain,76,219,845.83,1.5,0.73,1.68,96.23,1.59,0.75,-0.66
Forwards,Forwards,2023–24,20232024,15,8476624,Barclay Goodrow,74,210,1005.13,0.66,0.59,1.64,96,1.66,0.18,-0.19
Forwards,Forwards,2023–24,20232024,16,8477935,Sam Bennett,73,193,1146.08,-0.2,0.55,1.63,95.78,1.47,0.06,0.1
Forwards,Forwards,2023–24,20232024,17,8479293,Brandon Tanev,72,189,962.75,-0.6,0.47,1.57,95.55,1.03,0.27,0.27
Forwards,Forwards,2023–24,20232024,18,8478057,Dakota Joshua,75,218,906.27,1.2,0.63,1.49,95.32,1.27,0.74,-0.52
Forwards,Forwards,2023–24,20232024,19,8476826,Yanni Gourde,69,173,1395.82,-1.93,0.19,1.49,95.09,0.49,0.21,0.79
Forwards,Forwards,2023–24,20232024,20,8476419,Jean-Gabriel Pageau,71,180,1304.48,-1.17,0.36,1.49,94.86,0.81,0.24,0.44
Forwards,Forwards,2023–24,20232024,21,8476927,Teddy Blueger,72,185,1015.6,-0.74,0.41,1.48,94.63,0.85,0.35,0.28
Forwards,Forwards,2023–24,20232024,22,8480009,Eeli Tolvanen,70,182,1267.02,-1.36,0.27,1.46,94.41,1.3,-0.39,0.55
Forwards,Forwards,2023–24,20232024,23,8476474,Stefan Noesen,73,205,960.92,0.23,0.47,1.42,94.18,0.76,0.79,-0.12
Forwards,Forwards,2023–24,20232024,24,8481186,Logan O'Connor,72,175,852.17,-1.09,0.35,1.42,93.95,0.51,0.43,0.48
Forwards,Forwards,2023–24,20232024,25,8480870,Bo Groulx,74,202,548.48,0.38,0.48,1.41,93.72,1.63,-0.04,-0.19
Forwards,Forwards,2023–24,20232024,26,8470621,Corey Perry,75,210,722.63,0.92,0.56,1.39,93.49,0.56,1.23,-0.4
Forwards,Forwards,2023–24,20232024,27,8477508,Curtis Lazar,72,203,879.67,-0.1,0.45,1.39,93.26,0.88,0.46,0.04
Forwards,Forwards,2023–24,20232024,28,8479520,Brandon Duhaime,74,210,868.78,0.66,0.51,1.38,92.81,1.51,0.06,-0.19
Forwards,Forwards,2023–24,20232024,29,8475314,Anders Lee,75,234,1260.93,1.77,0.66,1.37,92.58,0.99,1.15,-0.77
Forwards,Forwards,2023–24,20232024,30,8478462,Nicolas Roy,76,200,1081.68,0.82,0.52,1.36,92.35,0.63,0.97,-0.24
Forwards,Forwards,2023–24,20232024,31,8475343,Nic Dowd,74,195,972.97,0.13,0.47,1.35,92.12,0.94,0.45,-0.04
Forwards,Forwards,2023–24,20232024,32,8471698,T.J. Oshie,72,187,877.18,-0.67,0.39,1.35,91.89,0.56,0.49,0.3
Forwards,Forwards,2023–24,20232024,33,8475848,Brendan Gallagher,69,185,1061.88,-1.51,0.2,1.35,91.67,0.09,0.64,0.61
Forwards,Forwards,2023–24,20232024,34,8481535,Nils Hoglander,69,185,968.5,-1.51,0.27,1.34,91.44,0.07,0.61,0.66
Forwards,Forwards,2023–24,20232024,35,8477903,Garnet Hathaway,74,212,1024.03,0.73,0.58,1.32,91.21,1.16,0.47,-0.3
Forwards,Forwards,2023–24,20232024,36,8474870,Tyler Johnson,68,191,1041.08,-1.55,0.28,1.32,90.98,0.61,0.26,0.45
Forwards,Forwards,2023–24,20232024,37,8478434,Keegan Kolesar,74,216,858.2,0.88,0.53,1.32,90.75,1.92,-0.22,-0.38
Forwards,Forwards,2023–24,20232024,38,8479941,Justin Danforth,68,193,1013.43,-1.48,0.25,1.27,90.3,0.27,0.45,0.56
Forwards,Forwards,2023–24,20232024,39,8477476,Artturi Lehkonen,71,179,831.22,-1.21,0.23,1.26,90.07,0.1,0.66,0.49
Forwards,Forwards,2023–24,20232024,40,8476399,Blake Coleman,71,199,1336.38,-0.5,0.38,1.25,89.84,0.96,0.06,0.23
Forwards,Forwards,2023–24,20232024,41,8480980,Connor Dewar,70,187,862.1,-1.18,0.28,1.24,89.61,0.85,-0.13,0.52
Forwards,Forwards,2023–24,20232024,42,8475231,Casey Cizikas,71,191,975.87,-0.78,0.26,1.21,89.38,0.56,0.34,0.3
Forwards,Forwards,2023–24,20232024,43,8482062,Cole Smith,75,195,1095.15,0.39,0.42,1.19,89.16,0.89,0.41,-0.11
Forwards,Forwards,2023–24,20232024,44,8476458,Ryan Strome,73,192,1248.12,-0.23,0.39,1.18,88.93,1.14,-0.08,0.11
Forwards,Forwards,2023–24,20232024,45,8478569,Noel Acciari,71,204,713.4,-0.32,0.35,1.17,88.7,0.81,0.24,0.12
Forwards,Forwards,2023–24,20232024,46,8480748,Kiefer Sherwood,72,194,827.55,-0.42,0.3,1.16,88.47,1.5,-0.49,0.15
Forwards,Forwards,2023–24,20232024,47,8476468,J.T. Miller,72,211,1578.68,0.19,0.44,1.13,88.24,1.02,0.18,-0.07
Forwards,Forwards,2023–24,20232024,48,8477964,Ivan Barbashev,72,203,1321.28,-0.1,0.32,1.11,87.79,0.9,0.19,0.02
Forwards,Forwards,2023–24,20232024,49,8475287,Erik Haula,71,191,1282.72,-0.78,0.22,1.09,87.56,0.9,-0.11,0.3
Forwards,Forwards,2023–24,20232024,50,8480025,MacKenzie Entwistle,75,203,762.93,0.67,0.42,1.09,87.33,1.36,-0.07,-0.19
Forwards,Forwards,2023–24,20232024,51,8479414,Nathan Bastian,76,217,548.93,1.43,0.53,1.08,87.1,0.91,0.78,-0.61
Forwards,Forwards,2023–24,20232024,52,8479314,Matthew Tkachuk,74,202,1491.2,0.38,0.38,1.07,86.87,0.39,0.86,-0.17
Forwards,Forwards,2023–24,20232024,53,8474641,Adam Henrique,72,195,1381.63,-0.38,0.32,1.07,86.64,0.45,0.47,0.15
Forwards,Forwards,2023–24,20232024,54,8481093,Rafael Harvey-Pinard,69,179,568.7,-1.72,0.1,1.07,86.42,-0.51,0.88,0.71
Forwards,Forwards,2023–24,20232024,55,8478508,Yakov Trenin,74,201,1107.58,0.34,0.37,1.05,86.19,1.14,0.07,-0.16
Forwards,Forwards,2023–24,20232024,56,8479525,Ross Colton,72,194,1097.53,-0.42,0.32,1.03,85.96,0.71,0.13,0.19
Forwards,Forwards,2023–24,20232024,57,8475722,Jason Zucker,71,198,953.85,-0.53,0.3,1.02,85.73,0.7,0.08,0.24
Forwards,Forwards,2023–24,20232024,58,8476454,Ryan Nugent-Hopkins,73,192,1569.93,-0.23,0.28,1.01,85.5,0.88,0.05,0.08
Forwards,Forwards,2023–24,20232024,59,8473504,Cal Clutterbuck,71,215,974.12,0.07,0.31,1.01,85.27,1.2,-0.14,-0.06
Forwards,Forwards,2023–24,20232024,60,8481556,John Beecher,75,220,552.43,1.28,0.45,1.01,85.05,1.24,0.14,-0.37
Forwards,Forwards,2023–24,20232024,61,8477446,Michael McCarron,78,232,893.68,2.47,0.64,1,84.82,1.79,0.28,-1.07
Forwards,Forwards,2023–24,20232024,62,8476389,Vincent Trocheck,71,187,1759.28,-0.92,0.22,0.99,84.59,0.4,0.24,0.35
Forwards,Forwards,2023–24,20232024,63,8479365,Trent Frederic,75,221,1127.98,1.31,0.48,0.98,84.36,1.38,0.19,-0.58
Forwards,Forwards,2023–24,20232024,64,8476858,Phillip Di Giuseppe,72,193,616.87,-0.45,0.29,0.97,84.13,0.94,-0.18,0.21
Forwards,Forwards,2023–24,20232024,65,8478421,Anthony-John (AJ) Greer,75,224,521.07,1.42,0.48,0.97,83.9,1.94,-0.35,-0.62
Forwards,Forwards,2023–24,20232024,66,8476880,Tom Wilson,76,225,1339.55,1.71,0.6,0.97,83.45,1.32,0.36,-0.72
Forwards,Forwards,2023–24,20232024,67,8474715,Cam Atkinson,68,178,1116.18,-2.01,0.07,0.94,83.22,-0.03,0.09,0.88
Forwards,Forwards,2023–24,20232024,68,8476872,Scott Laughton,73,190,1283.73,-0.3,0.28,0.93,82.99,1,-0.19,0.12
Forwards,Forwards,2023–24,20232024,69,8481789,Tye Kartye,71,202,911.37,-0.39,0.28,0.91,82.76,0.79,-0.06,0.18
Forwards,Forwards,2023–24,20232024,70,8476822,Luke Glendening,71,190,940.92,-0.82,0.17,0.91,82.53,0.35,0.23,0.33
Forwards,Forwards,2023–24,20232024,71,8476392,Adam Lowry,77,210,1304.43,1.43,0.46,0.89,82.31,1.18,0.34,-0.63
Forwards,Forwards,2023–24,20232024,72,8475768,Jaden Schwartz,70,185,1014.47,-1.25,0.16,0.89,82.08,-0.33,0.66,0.55
Forwards,Forwards,2023–24,20232024,73,8477952,Robby Fabbri,71,185,875.05,-0.99,0.19,0.89,81.85,0.22,0.38,0.29
Forwards,Forwards,2023–24,20232024,74,8474102,David Perron,72,202,1187.8,-0.13,0.25,0.88,81.62,1.08,-0.24,0.04
Forwards,Forwards,2023–24,20232024,75,8482092,Ridly Greig,72,184,1061.5,-0.77,0.21,0.87,81.39,0.43,0.21,0.22
Forwards,Forwards,2023–24,20232024,76,8477406,Mattias Janmark,74,205,844.57,0.49,0.33,0.85,81.16,0.21,0.86,-0.22
Forwards,Forwards,2023–24,20232024,77,8480806,Isac Lundeström,73,192,659.68,-0.23,0.24,0.83,80.94,-0.19,0.95,0.07
Forwards,Forwards,2023–24,20232024,78,8482705,Cole Sillinger,72,202,1241.2,-0.13,0.22,0.83,80.71,0.92,-0.13,0.03
Forwards,Forwards,2023–24,20232024,79,8478104,Samuel Blais,74,206,513.53,0.52,0.31,0.82,80.25,1.01,0.05,-0.25
Forwards,Forwards,2023–24,20232024,80,8482157,Will Cuylle,75,212,901.17,0.99,0.35,0.81,80.02,1.2,-0.1,-0.29
Forwards,Forwards,2023–24,20232024,81,8478099,Kevin Labanc,71,185,534.62,-0.99,0.15,0.8,79.79,0.86,-0.44,0.38
Forwards,Forwards,2023–24,20232024,82,8484145,Zach Benson,70,177,1030.73,-1.53,0.03,0.8,79.57,-0.44,0.61,0.63
Forwards,Forwards,2023–24,20232024,83,8474034,Patrick Maroon,75,234,654.93,1.77,0.55,0.79,79.34,1.31,0.23,-0.75
Forwards,Forwards,2023–24,20232024,84,8479977,Kailer Yamamoto,69,178,707.5,-1.76,-0,0.78,79.11,-0.66,0.71,0.72
Forwards,Forwards,2023–24,20232024,85,8480801,Brady Tkachuk,76,226,1550.52,1.75,0.47,0.77,78.88,1.32,0.21,-0.76
Forwards,Forwards,2023–24,20232024,86,8476432,Boone Jenner,74,204,1165.57,0.45,0.32,0.77,78.65,0.6,0.34,-0.16
Forwards,Forwards,2023–24,20232024,87,8480459,Pius Suter,71,172,1038.17,-1.46,0.02,0.77,78.42,-0.47,0.65,0.59
Forwards,Forwards,2023–24,20232024,88,8475169,Evander Kane,74,218,1291.82,0.95,0.36,0.77,78.2,1.12,0.06,-0.41
Forwards,Forwards,2023–24,20232024,89,8474037,James van Riemsdyk,75,210,958.93,0.92,0.35,0.76,77.97,0.01,1.15,-0.4
Forwards,Forwards,2023–24,20232024,90,8476981,Josh Anderson,75,226,1206.15,1.49,0.5,0.75,77.74,1.12,0.25,-0.63
Forwards,Forwards,2023–24,20232024,91,8476925,Colton Sissons,73,200,1342.47,0.05,0.22,0.71,77.28,0.39,0.37,-0.04
Forwards,Forwards,2023–24,20232024,92,8475193,Tomas Tatar,70,173,871.67,-1.68,-0.01,0.71,77.05,-0.26,0.28,0.69
Forwards,Forwards,2023–24,20232024,93,8482089,Jake Neighbours,72,201,1209.43,-0.17,0.22,0.71,76.83,-0.08,0.72,0.07
Forwards,Forwards,2023–24,20232024,94,8475170,Brayden Schenn,73,200,1458.03,0.05,0.23,0.7,76.6,0.96,-0.24,-0.02
Forwards,Forwards,2023–24,20232024,95,8475184,Chris Kreider,75,232,1540.25,1.7,0.43,0.69,76.37,0.56,0.87,-0.74
Forwards,Forwards,2023–24,20232024,96,8479351,Sam Steel,72,185,1019.62,-0.74,0.14,0.66,75.46,0.28,0.1,0.28
Forwards,Forwards,2023–24,20232024,97,8474149,Evgenii Dadonov,71,188,671.97,-0.89,0.06,0.65,75.23,0.07,0.23,0.35
Forwards,Forwards,2023–24,20232024,98,8478046,Danton Heinen,74,187,1070.43,-0.15,0.21,0.65,75,0.49,0.09,0.06
Forwards,Forwards,2023–24,20232024,99,8478366,Frank Vatrano,71,203,1504.27,-0.35,0.13,0.63,74.77,1.03,-0.53,0.12
Forwards,Forwards,2023–24,20232024,100,8478432,Christian Fischer,74,212,901.13,0.73,0.31,0.63,74.54,0.84,0.06,-0.27
Forwards,Forwards,2023–24,20232024,101,8475855,Jesper Fast,73,191,920.13,-0.27,0.21,0.62,74.32,-0.52,1.01,0.13
Forwards,Forwards,2023–24,20232024,102,8477496,Elias Lindholm,73,200,1477.02,0.05,0.19,0.62,74.09,0.47,0.18,-0.04
Forwards,Forwards,2023–24,20232024,103,8481641,Joel Kiviranta,71,185,551,-0.99,0.04,0.61,73.86,-0.24,0.46,0.4
Forwards,Forwards,2023–24,20232024,104,8477021,Alexander Kerfoot,71,185,1429.6,-0.99,0.03,0.61,73.63,-0.66,0.88,0.4
Forwards,Forwards,2023–24,20232024,105,8475166,John Tavares,73,217,1429.2,0.66,0.26,0.61,73.4,0.09,0.82,-0.3
Forwards,Forwards,2023–24,20232024,106,8480011,Klim Kostin,76,232,567.28,1.96,0.38,0.61,73.17,1.39,-0.21,-0.57
Forwards,Forwards,2023–24,20232024,107,8477407,Anthony Duclair,72,198,1151.48,-0.28,0.2,0.6,72.95,0.08,0.38,0.13
Forwards,Forwards,2023–24,20232024,108,8478233,Andrew Mangiapane,70,183,1199.65,-1.32,0.06,0.59,72.72,0.28,-0.07,0.38
Forwards,Forwards,2023–24,20232024,109,8481481,Blake Lizotte,69,176,732.9,-1.83,-0.03,0.56,72.26,-0.3,0.06,0.8
Forwards,Forwards,2023–24,20232024,110,8477392,Hudson Fasching,75,214,541.92,1.06,0.32,0.54,72.03,0.05,0.89,-0.39
Forwards,Forwards,2023–24,20232024,111,8482093,Seth Jarvis,70,180,1518.75,-1.43,0.02,0.54,71.8,-0.36,0.36,0.54
Forwards,Forwards,2023–24,20232024,112,8477330,Dominik Kubalik,74,192,897.02,0.02,0.17,0.54,71.58,0.85,-0.3,-0.01
Forwards,Forwards,2023–24,20232024,113,8479619,Michael Carcone,69,182,834.05,-1.61,-0.09,0.49,71.12,-0.16,-0.01,0.66
Forwards,Forwards,2023–24,20232024,114,8481580,Connor McMichael,72,180,1278.93,-0.92,0.06,0.47,70.89,0.02,0.19,0.27
Forwards,Forwards,2023–24,20232024,115,8471675,Sidney Crosby,71,200,1647.12,-0.46,0.06,0.47,70.66,0.24,0.06,0.17
Forwards,Forwards,2023–24,20232024,116,8482720,Matthew Knies,75,232,1094.2,1.7,0.36,0.46,70.43,0.63,0.55,-0.73
Forwards,Forwards,2023–24,20232024,117,8481522,Peyton Krebs,72,188,1000.45,-0.63,0.08,0.44,69.98,0.49,-0.23,0.18
Forwards,Forwards,2023–24,20232024,118,8475191,Reilly Smith,73,185,1226.17,-0.48,0.06,0.43,69.52,0.03,0.21,0.19
Forwards,Forwards,2023–24,20232024,119,8470794,Joe Pavelski,73,196,1378.37,-0.09,0.17,0.43,69.29,-0.14,0.51,0.05
Forwards,Forwards,2023–24,20232024,120,8473533,Jordan Staal,76,220,1230.3,1.53,0.28,0.42,69.06,0.69,0.18,-0.44
Forwards,Forwards,2023–24,20232024,121,8473449,Kyle Okposo,72,216,894.63,0.36,0.16,0.42,68.84,0.52,0.08,-0.18
Forwards,Forwards,2023–24,20232024,122,8473994,Jamie Benn,75,210,1239.83,0.92,0.21,0.4,68.38,0.45,0.21,-0.27
Forwards,Forwards,2023–24,20232024,123,8475794,Tyler Seguin,74,205,1125.2,0.49,0.2,0.39,68.15,0.38,0.18,-0.17
Forwards,Forwards,2023–24,20232024,124,8476918,Jimmy Vesey,74,203,990.15,0.42,0.16,0.39,67.69,0.34,0.17,-0.12
Forwards,Forwards,2023–24,20232024,125,8480003,Jesper Boqvist,73,191,524.05,-0.27,0.11,0.39,67.47,0.07,0.21,0.11
Forwards,Forwards,2023–24,20232024,126,8479390,Taylor Raddysh,74,201,1159.45,0.34,0.15,0.37,67.01,0.47,0.01,-0.1
Forwards,Forwards,2023–24,20232024,127,8478043,Sam Lafferty,74,205,938.47,0.49,0.17,0.37,66.78,-0.18,0.77,-0.22
Forwards,Forwards,2023–24,20232024,128,8476393,Nick Cousins,71,191,840.83,-0.78,0.05,0.36,66.55,0.16,-0.14,0.35
Forwards,Forwards,2023–24,20232024,129,8477494,Jonathan Drouin,71,189,1436.63,-0.85,0.04,0.36,66.32,-0.41,0.39,0.38
Forwards,Forwards,2023–24,20232024,130,8478493,Joel Eriksson Ek,75,207,1580.62,0.81,0.23,0.36,66.1,0.17,0.49,-0.3
Forwards,Forwards,2023–24,20232024,131,8480074,Alexandre Texier,73,196,1184.1,-0.09,0.1,0.36,65.87,0.65,-0.32,0.03
Forwards,Forwards,2023–24,20232024,132,8475786,Zach Hyman,73,206,1560.03,0.27,0.2,0.35,65.64,-0.55,1,-0.1
Forwards,Forwards,2023–24,20232024,133,8479383,Boris Katchouk,74,212,677.25,0.73,0.2,0.35,65.41,1.14,-0.47,-0.32
Forwards,Forwards,2023–24,20232024,134,8479353,Brett Howden,74,201,952.37,0.34,0.2,0.35,65.18,0.25,0.24,-0.13
Forwards,Forwards,2023–24,20232024,135,8477450,Jason Dickinson,74,200,1358.82,0.31,0.16,0.35,64.95,0.58,-0.12,-0.11
Forwards,Forwards,2023–24,20232024,136,8475714,Calle Jarnkrok,72,193,793.43,-0.45,0.03,0.34,64.73,-0.04,0.21,0.18
Forwards,Forwards,2023–24,20232024,137,8479336,Carl Grundstrom,72,200,546.85,-0.2,0.06,0.34,64.5,0.69,-0.41,0.06
Forwards,Forwards,2023–24,20232024,138,8477479,Tyler Bertuzzi,74,200,1283.65,0.31,0.13,0.34,64.27,-0.13,0.63,-0.16
Forwards,Forwards,2023–24,20232024,139,8482259,Bobby McMann,74,217,647.32,0.91,0.23,0.34,64.04,0.91,-0.24,-0.33
Forwards,Forwards,2023–24,20232024,140,8478413,Jordan Greenway,78,231,1155.72,2.44,0.42,0.33,63.81,1.54,-0.16,-1.05
Forwards,Forwards,2023–24,20232024,141,8480762,Eric Robinson,74,220,532.6,1.02,0.2,0.32,63.58,0.39,0.23,-0.3
Forwards,Forwards,2023–24,20232024,142,8478047,Michael Bunting,72,186,1270.53,-0.7,-0.01,0.32,63.36,-0.08,0.12,0.28
Forwards,Forwards,2023–24,20232024,143,8482667,William Eklund,70,185,1492.97,-1.25,-0.03,0.32,63.13,-0.28,0.04,0.55
Forwards,Forwards,2023–24,20232024,144,8481604,Pavel Dorofeyev,73,194,624,-0.16,0.06,0.31,62.9,0.19,0.07,0.05
Forwards,Forwards,2023–24,20232024,145,8480281,Alexey Toropchenko,78,225,1026.8,2.22,0.38,0.3,62.67,0.7,0.57,-0.96
Forwards,Forwards,2023–24,20232024,146,8478439,Travis Konecny,70,192,1507.87,-1,-0.06,0.28,62.21,0.36,-0.49,0.4
Forwards,Forwards,2023–24,20232024,147,8476539,Jonathan Marchessault,69,185,1467.38,-1.51,-0.08,0.28,61.99,0.15,-0.44,0.57
Forwards,Forwards,2023–24,20232024,148,8478444,Brock Boeser,73,208,1506.78,0.34,0.12,0.27,61.53,0.18,0.19,-0.1
Forwards,Forwards,2023–24,20232024,149,8477501,Valeri Nichushkin,76,210,1152.92,1.18,0.3,0.27,61.3,0.02,0.75,-0.49
Forwards,Forwards,2023–24,20232024,150,8470604,Jeff Carter,75,219,905.08,1.24,0.2,0.26,61.07,0.5,0.12,-0.36
Forwards,Forwards,2023–24,20232024,151,8477846,Ryan Carpenter,73,198,688.38,-0.02,0.07,0.25,60.62,-0.05,0.3,0.01
Forwards,Forwards,2023–24,20232024,152,8473419,Brad Marchand,69,180,1566.35,-1.68,-0.08,0.25,60.39,-0.07,-0.18,0.49
Forwards,Forwards,2023–24,20232024,153,8478474,Lawson Crouse,76,214,1362.18,1.32,0.24,0.24,59.93,1,-0.19,-0.57
Forwards,Forwards,2023–24,20232024,154,8481618,Alex Newhook,71,200,930.95,-0.46,-0.01,0.23,59.7,-0.15,0.2,0.18
Forwards,Forwards,2023–24,20232024,155,8477839,Conor Sheary,68,180,632.83,-1.94,-0.11,0.22,59.25,-0.36,0.03,0.56
Forwards,Forwards,2023–24,20232024,156,8479337,Alex DeBrincat,68,180,1467.15,-1.94,-0.12,0.22,59.02,-0.08,-0.26,0.56
Forwards,Forwards,2023–24,20232024,157,8476374,Sean Kuraly,74,208,851.58,0.59,0.15,0.21,58.79,0.63,-0.21,-0.21
Forwards,Forwards,2023–24,20232024,158,8476480,Vladislav Namestnikov,72,181,1128.27,-0.88,-0.02,0.2,58.56,-0.48,0.29,0.39
Forwards,Forwards,2023–24,20232024,159,8476292,Ondrej Palat,72,194,1111.05,-0.42,-0.02,0.19,58.33,0.14,-0.09,0.15
Forwards,Forwards,2023–24,20232024,160,8476871,Tanner Pearson,73,207,698.68,0.3,0.08,0.18,58.11,0.31,0.01,-0.14
Forwards,Forwards,2023–24,20232024,161,8475760,Nick Bjugstad,78,210,1325.8,1.69,0.33,0.16,57.88,0.88,-0,-0.71
Forwards,Forwards,2023–24,20232024,162,8478028,Fredrik Olofsson,74,190,556.2,-0.05,0.06,0.16,57.65,-0.33,0.46,0.02
Forwards,Forwards,2023–24,20232024,163,8480028,Morgan Frost,72,193,1123.72,-0.45,0.01,0.14,57.42,-0.09,0.06,0.17
Forwards,Forwards,2023–24,20232024,164,8473986,Alex Killorn,73,205,1180.12,0.23,0.09,0.14,57.19,0.2,0.02,-0.08
Forwards,Forwards,2023–24,20232024,165,8483515,Juraj Slafkovský,75,225,1470.73,1.45,0.23,0.14,56.96,0.58,0.19,-0.62
Forwards,Forwards,2023–24,20232024,166,8479591,Michael Eyssimont,72,195,960.08,-0.38,0.01,0.14,56.74,0.42,-0.43,0.15
Forwards,Forwards,2023–24,20232024,167,8482222,Alexander Barabanov,70,195,730.13,-0.89,-0.1,0.14,56.51,-0.37,0.15,0.36
Forwards,Forwards,2023–24,20232024,168,8475745,Charlie Coyle,75,221,1481.45,1.31,0.21,0.13,56.05,0.21,0.4,-0.48
Forwards,Forwards,2023–24,20232024,169,8481032,Paul Cotter,74,213,967.27,0.77,0.15,0.12,55.82,0.57,-0.17,-0.28
Forwards,Forwards,2023–24,20232024,170,8479368,Max Jones,75,216,627.02,1.13,0.19,0.12,55.59,-0.06,0.6,-0.42
Forwards,Forwards,2023–24,20232024,171,8481703,Valtteri Puustinen,71,180,610.85,-1.17,-0.15,0.12,55.37,-0.02,-0.33,0.47
Forwards,Forwards,2023–24,20232024,172,8481477,Nico Sturm,75,209,923.53,0.88,0.12,0.11,55.14,0.13,0.23,-0.26
Forwards,Forwards,2023–24,20232024,173,8475913,Mark Stone,75,210,1086.8,0.92,0.14,0.11,54.91,0.21,0.3,-0.4
Forwards,Forwards,2023–24,20232024,174,8477456,J.T. Compher,72,191,1492.9,-0.52,-0,0.09,54.68,-0.77,0.63,0.24
Forwards,Forwards,2023–24,20232024,175,8477503,Max Domi,70,208,1102.8,-0.43,-0.06,0.08,54.45,0.64,-0.72,0.16
Forwards,Forwards,2023–24,20232024,176,8476881,Tomas Hertl,75,220,1106.43,1.28,0.18,0.07,54.22,0.02,0.61,-0.55
Forwards,Forwards,2023–24,20232024,177,8475225,Craig Smith,73,203,766.25,0.16,0.03,0.06,54,0.34,-0.23,-0.05
Forwards,Forwards,2023–24,20232024,178,8479393,Noah Gregor,72,201,718.13,-0.17,-0.03,0.04,53.77,0.07,-0.09,0.06
Forwards,Forwards,2023–24,20232024,179,8479359,Beck Malenstyn,75,209,1153.73,0.88,0.18,0.03,53.54,0.04,0.36,-0.37
Forwards,Forwards,2023–24,20232024,180,8477987,Ryan Donato,72,190,1091.93,-0.56,-0.09,0.03,53.31,-0.4,0.21,0.22
Forwards,Forwards,2023–24,20232024,181,8476479,Phillip Danault,73,200,1405.65,0.05,-0,0.03,53.08,-0.14,0.2,-0.04
Forwards,Forwards,2023–24,20232024,182,8477998,Warren Foegele,74,205,1146.02,0.49,0.08,0.01,52.85,0.06,0.12,-0.17
Forwards,Forwards,2023–24,20232024,183,8480813,Joseph Veleno,73,201,1116.52,0.09,0.02,-0,52.63,0,0.02,-0.03
Forwards,Forwards,2023–24,20232024,184,8475798,Mikael Granlund,70,193,1446.2,-0.97,-0.15,-0,52.4,-0.25,-0.14,0.39
Forwards,Forwards,2023–24,20232024,185,8477404,Jake Guentzel,71,176,1341.38,-1.31,-0.2,-0.01,52.17,-1.13,0.58,0.54
Forwards,Forwards,2023–24,20232024,186,8480848,Ty Dellandrea,74,185,532.2,-0.22,-0.05,-0.01,51.94,0.16,-0.25,0.08
Forwards,Forwards,2023–24,20232024,187,8477425,Miles Wood,74,209,1012.63,0.63,0.05,-0.01,51.71,0.15,0.02,-0.18
Forwards,Forwards,2023–24,20232024,188,8479315,Joey Anderson,72,207,745.13,0.04,0.04,-0.01,51.48,0.01,-0.02,-0.01
Forwards,Forwards,2023–24,20232024,189,8476878,Zemgus Girgensons,75,197,746.53,0.46,0.03,-0.02,51.26,0.27,-0.07,-0.22
Forwards,Forwards,2023–24,20232024,190,8482074,Connor Zary,72,178,962.23,-0.99,-0.1,-0.03,50.8,-0.69,0.23,0.44
Forwards,Forwards,2023–24,20232024,191,8477451,Ryan Hartman,72,197,1222.23,-0.31,-0.07,-0.03,50.57,0.11,-0.25,0.12
Forwards,Forwards,2023–24,20232024,192,8474157,Max Pacioretty,74,217,678.38,0.91,0.11,-0.03,50.34,0.68,-0.38,-0.33
Forwards,Forwards,2023–24,20232024,193,8479992,Michael Rasmussen,78,222,1139.32,2.12,0.18,-0.04,50.11,0.18,0.4,-0.61
Forwards,Forwards,2023–24,20232024,194,8482149,Cole Perfetti,71,185,964.78,-0.99,-0.17,-0.04,49.89,-0.45,0.01,0.4
Forwards,Forwards,2023–24,20232024,195,8480797,Joel Farabee,72,186,1327.28,-0.7,-0.07,-0.04,49.66,-0.35,-0.01,0.32
Forwards,Forwards,2023–24,20232024,196,8481540,Cole Caufield,68,175,1592.48,-2.12,-0.32,-0.04,49.43,-0.47,-0.45,0.87
Forwards,Forwards,2023–24,20232024,197,8475151,Kyle Palmieri,72,192,1412.02,-0.49,-0.07,-0.05,49.2,-0.49,0.3,0.14
Forwards,Forwards,2023–24,20232024,198,8480835,Jack Drury,71,186,908.65,-0.96,-0.12,-0.06,48.97,-0.24,-0.18,0.36
Forwards,Forwards,2023–24,20232024,199,8479415,Michael McLeod,74,190,681.48,-0.05,-0.05,-0.07,48.74,-0.33,0.26,0.01
Forwards,Forwards,2023–24,20232024,200,8475799,Nino Niederreiter,74,218,1152.3,0.95,0.09,-0.07,48.52,-0.22,0.57,-0.41
Forwards,Forwards,2023–24,20232024,201,8482745,Mason McTavish,73,219,1041.65,0.73,0.07,-0.09,48.29,-0,0.18,-0.26
Forwards,Forwards,2023–24,20232024,202,8475793,Ryan Johansen,75,218,859.5,1.2,0.08,-0.1,47.83,0.07,0.19,-0.35
Forwards,Forwards,2023–24,20232024,203,8476278,Colin Blackwell,68,181,637.67,-1.91,-0.25,-0.1,47.6,-0.52,-0.3,0.72
Forwards,Forwards,2023–24,20232024,204,8478498,Jake DeBrusk,73,198,1346.58,-0.02,0.01,-0.1,47.37,-0.31,0.18,0.02
Forwards,Forwards,2023–24,20232024,205,8477933,Sam Reinhart,73,196,1664.58,-0.09,-0.03,-0.1,47.15,-0.22,0.08,0.04
Forwards,Forwards,2023–24,20232024,206,8482113,Anton Lundell,73,196,1199.35,-0.09,-0.05,-0.12,46.92,0.02,-0.16,0.03
Forwards,Forwards,2023–24,20232024,207,8482110,Dawson Mercer,72,180,1411.83,-0.92,-0.14,-0.12,46.69,-0.79,0.31,0.35
Forwards,Forwards,2023–24,20232024,208,8478472,Mathieu Joseph,73,189,1185.98,-0.34,-0.08,-0.14,46.46,-0.03,-0.2,0.1
Forwards,Forwards,2023–24,20232024,209,8477979,Nicolas Aube-Kubel,72,213,732.45,0.26,-0.03,-0.14,46.23,0.38,-0.44,-0.07
Forwards,Forwards,2023–24,20232024,210,8482079,Marco Rossi,69,182,1371.87,-1.61,-0.29,-0.14,46,-0.76,-0.04,0.66
Forwards,Forwards,2023–24,20232024,211,8478133,Jake Evans,72,190,1313.5,-0.56,-0.1,-0.14,45.78,-0.39,0.08,0.16
Forwards,Forwards,2023–24,20232024,212,8478010,Brayden Point,71,177,1623.17,-1.28,-0.24,-0.15,45.32,-1.03,0.36,0.52
Forwards,Forwards,2023–24,20232024,213,8479987,Morgan Geekie,75,212,1171.08,0.99,0.04,-0.16,45.09,0.22,-0.08,-0.29
Forwards,Forwards,2023–24,20232024,214,8476483,Rickard Rakell,73,194,1156.1,-0.16,-0.07,-0.16,44.86,-0.27,0.07,0.05
Forwards,Forwards,2023–24,20232024,215,8478483,Mitch Marner,72,180,1468.08,-0.92,-0.14,-0.16,44.63,-0.25,-0.18,0.27
Forwards,Forwards,2023–24,20232024,216,8481553,Bobby Brink,68,169,786.2,-2.33,-0.4,-0.16,44.41,-1.03,-0.09,0.96
Forwards,Forwards,2023–24,20232024,217,8480995,Pontus Holmberg,72,201,624.7,-0.17,-0.04,-0.17,44.18,-0.61,0.35,0.09
Forwards,Forwards,2023–24,20232024,218,8480208,Drake Batherson,75,209,1490.22,0.88,0.02,-0.17,43.95,0.16,-0.08,-0.26
Forwards,Forwards,2023–24,20232024,219,8478401,Pavel Zacha,76,211,1412.32,1.21,0.15,-0.18,43.72,0.07,0.26,-0.51
Forwards,Forwards,2023–24,20232024,220,8480188,Fabian Zetterlund,71,208,1546.2,-0.18,-0.09,-0.2,43.49,0.21,-0.47,0.05
Forwards,Forwards,2023–24,20232024,221,8478831,Kevin Stenlund,75,213,1020.93,1.03,0.04,-0.23,42.81,0.59,-0.36,-0.46
Forwards,Forwards,2023–24,20232024,222,8478414,Timo Meier,73,220,1214.5,0.76,0.01,-0.23,42.58,0.25,-0.15,-0.33
Forwards,Forwards,2023–24,20232024,223,8480448,Parker Kelly,73,185,936.53,-0.48,-0.13,-0.25,42.35,-0,-0.38,0.14
Forwards,Forwards,2023–24,20232024,224,8482155,Alex Laferriere,73,205,1070.83,0.23,-0.07,-0.25,42.12,0.32,-0.47,-0.11
Forwards,Forwards,2023–24,20232024,225,8480205,Emil Bemstrom,72,190,623.85,-0.56,-0.14,-0.25,41.89,-0.06,-0.35,0.16
Forwards,Forwards,2023–24,20232024,226,8477511,Anthony Mantha,77,240,1052.58,2.5,0.23,-0.26,41.67,0.42,0.24,-0.92
Forwards,Forwards,2023–24,20232024,227,8481533,Trevor Zegras,72,185,529.73,-0.74,-0.16,-0.26,41.44,-0.14,-0.33,0.21
Forwards,Forwards,2023–24,20232024,228,8478856,Conor Garland,70,165,1192.15,-1.96,-0.31,-0.27,41.21,-1.04,0.04,0.74
Forwards,Forwards,2023–24,20232024,229,8482740,Wyatt Johnston,73,187,1394.2,-0.41,-0.13,-0.27,40.98,-0.51,0.12,0.12
Forwards,Forwards,2023–24,20232024,230,8479407,Jesper Bratt,70,175,1583.2,-1.61,-0.34,-0.27,40.75,-0.99,0.07,0.65
Forwards,Forwards,2023–24,20232024,231,8482117,Lukas Reichel,72,170,917.18,-1.27,-0.29,-0.28,40.53,-0.71,-0.08,0.51
Forwards,Forwards,2023–24,20232024,232,8477949,Alex Tuch,76,219,1462.78,1.5,0.1,-0.29,40.3,0.49,-0.23,-0.55
Forwards,Forwards,2023–24,20232024,233,8481596,Shane Pinto,75,206,742.48,0.78,-0.03,-0.3,40.07,-0.16,0.09,-0.23
Forwards,Forwards,2023–24,20232024,234,8480830,Andrei Svechnikov,75,200,1001.8,0.56,-0.02,-0.3,39.84,0.5,-0.6,-0.2
Forwards,Forwards,2023–24,20232024,235,8480849,Barrett Hayton,73,200,561.45,0.05,-0.12,-0.31,39.61,-1.07,0.81,-0.05
Forwards,Forwards,2023–24,20232024,236,8476889,Radek Faksa,75,216,926.15,1.13,0.04,-0.31,39.38,-0.11,0.29,-0.49
Forwards,Forwards,2023–24,20232024,237,8477353,Tyler Motte,70,194,858.57,-0.93,-0.25,-0.31,39.16,-0.47,-0.22,0.37
Forwards,Forwards,2023–24,20232024,238,8475810,Bryan Rust,71,202,1213.85,-0.39,-0.18,-0.31,38.93,-0.72,0.27,0.14
Forwards,Forwards,2023–24,20232024,239,8478463,Anthony Beauvillier,71,181,814.85,-1.14,-0.22,-0.33,38.7,-0.49,-0.17,0.33
Forwards,Forwards,2023–24,20232024,240,8474884,Mike Hoffman,72,190,906.28,-0.56,-0.21,-0.34,38.47,0.27,-0.83,0.22
Forwards,Forwards,2023–24,20232024,241,8471218,Blake Wheeler,77,222,686.75,1.86,0.12,-0.35,38.01,0.5,-0.04,-0.81
Forwards,Forwards,2023–24,20232024,242,8476456,Jonathan Huberdeau,73,200,1411.18,0.05,-0.1,-0.35,37.79,-0.32,-0.02,-0.01
Forwards,Forwards,2023–24,20232024,243,8479996,Cody Glass,75,201,550.72,0.6,-0.03,-0.36,37.56,-0.56,0.41,-0.22
Forwards,Forwards,2023–24,20232024,244,8478585,Derek Ryan,70,185,713.53,-1.25,-0.25,-0.37,37.33,-1.2,0.28,0.55
Forwards,Forwards,2023–24,20232024,245,8477953,Kasperi Kapanen,73,194,1050.05,-0.16,-0.13,-0.37,37.1,-0.19,-0.24,0.07
Forwards,Forwards,2023–24,20232024,246,8478542,Evan Rodrigues,71,182,1213.38,-1.1,-0.23,-0.37,36.87,-0.38,-0.48,0.49
Forwards,Forwards,2023–24,20232024,247,8480113,Alex Iafallo,72,201,1255.7,-0.17,-0.11,-0.38,36.64,-0.91,0.44,0.09
Forwards,Forwards,2023–24,20232024,248,8474150,Mikael Backlund,72,206,1577.23,0.01,-0.14,-0.39,36.42,0.13,-0.5,-0.02
Forwards,Forwards,2023–24,20232024,249,8480821,Filip Zadina,72,190,960.47,-0.56,-0.23,-0.4,36.19,-0.26,-0.35,0.21
Forwards,Forwards,2023–24,20232024,250,8479675,Trevor Moore,71,195,1474.35,-0.64,-0.2,-0.4,35.96,-0.55,-0.04,0.19
Forwards,Forwards,2023–24,20232024,251,8478427,Sebastian Aho,72,189,1530.95,-0.6,-0.17,-0.41,35.73,-0.42,-0.25,0.27
Forwards,Forwards,2023–24,20232024,252,8481517,Brett Leason,77,220,884.6,1.79,0.08,-0.41,35.5,0.55,-0.19,-0.78
Forwards,Forwards,2023–24,20232024,253,8471699,Andrew Cogliano,70,179,795.73,-1.46,-0.3,-0.43,35.27,-0.47,-0.6,0.64
Forwards,Forwards,2023–24,20232024,254,8477402,Pavel Buchnevich,73,196,1585.97,-0.09,-0.18,-0.43,35.05,-0.32,-0.12,0.01
Forwards,Forwards,2023–24,20232024,255,8477429,Andrew Copp,73,200,1285.67,0.05,-0.16,-0.43,34.82,-0.4,0.01,-0.05
Forwards,Forwards,2023–24,20232024,256,8478445,Mathew Barzal,73,186,1610.6,-0.45,-0.22,-0.44,34.13,-0.1,-0.51,0.17
Forwards,Forwards,2023–24,20232024,257,8480064,Josh Norris,74,196,881.87,0.17,-0.08,-0.45,33.9,0.01,-0.4,-0.06
Forwards,Forwards,2023–24,20232024,258,8476461,Sean Couturier,76,210,1318.97,1.18,-0.01,-0.45,33.68,0.05,0.02,-0.52
Forwards,Forwards,2023–24,20232024,259,8480144,David Kampf,74,198,1051.98,0.24,-0.11,-0.45,33.45,-0.18,-0.19,-0.08
Forwards,Forwards,2023–24,20232024,260,8478891,Mason Appleton,74,196,1315.93,0.17,-0.08,-0.46,32.99,-0.18,-0.22,-0.06
Forwards,Forwards,2023–24,20232024,261,8476897,Oskar Sundqvist,75,210,940.73,0.92,-0.05,-0.47,32.76,-0.18,0.11,-0.4
Forwards,Forwards,2023–24,20232024,262,8476887,Filip Forsberg,73,205,1550.25,0.23,-0.11,-0.47,32.53,-0.05,-0.34,-0.08
Forwards,Forwards,2023–24,20232024,263,8478519,Anthony Cirelli,73,193,1462.98,-0.2,-0.19,-0.5,32.31,-0.58,0.03,0.06
Forwards,Forwards,2023–24,20232024,264,8475744,Evgeny Kuznetsov,74,207,1105.78,0.56,-0.08,-0.5,32.08,-0.11,-0.19,-0.2
Forwards,Forwards,2023–24,20232024,265,8477505,Alexander Wennberg,74,190,1421.12,-0.05,-0.16,-0.51,31.85,-0.77,0.24,0.02
Forwards,Forwards,2023–24,20232024,266,8480829,Jesperi Kotkaniemi,75,212,1025.35,0.99,-0.05,-0.52,31.62,-0.06,-0.03,-0.43
Forwards,Forwards,2023–24,20232024,267,8480289,Morgan Barron,76,220,839.75,1.53,0.01,-0.54,31.39,0.32,-0.2,-0.66
Forwards,Forwards,2023–24,20232024,268,8477409,Carter Verhaeghe,74,183,1365.15,-0.3,-0.2,-0.54,31.16,-0.37,-0.29,0.12
Forwards,Forwards,2023–24,20232024,269,8474586,Jordan Eberle,71,180,1360.7,-1.17,-0.37,-0.55,30.94,-1.3,0.28,0.47
Forwards,Forwards,2023–24,20232024,270,8482699,Dylan Guenther,73,191,732.55,-0.27,-0.21,-0.56,30.71,-0.06,-0.57,0.08
Forwards,Forwards,2023–24,20232024,271,8478864,Kirill Kaprizov,70,202,1618.27,-0.65,-0.23,-0.56,30.48,-0.61,-0.24,0.29
Forwards,Forwards,2023–24,20232024,272,8478466,Daniel Sprong,72,195,912.03,-0.38,-0.2,-0.56,30.25,-0.08,-0.66,0.18
Forwards,Forwards,2023–24,20232024,273,8476438,Brandon Saad,73,207,1271.25,0.3,-0.16,-0.56,30.02,-0.51,0.04,-0.09
Forwards,Forwards,2023–24,20232024,274,8474564,Steven Stamkos,73,193,1440.05,-0.2,-0.2,-0.57,29.79,-0.03,-0.62,0.08
Forwards,Forwards,2023–24,20232024,275,8477960,Adrian Kempe,74,205,1457.92,0.49,-0.08,-0.59,29.57,0.17,-0.57,-0.2
Forwards,Forwards,2023–24,20232024,276,8477493,Aleksander Barkov,75,214,1433.48,1.06,-0.07,-0.6,29.34,0.21,-0.36,-0.46
Forwards,Forwards,2023–24,20232024,277,8475726,Tyler Toffoli,72,205,1339.85,-0.03,-0.23,-0.6,29.11,-0.23,-0.35,-0.01
Forwards,Forwards,2023–24,20232024,278,8480018,Nick Suzuki,71,207,1743.65,-0.21,-0.22,-0.61,28.88,-0.66,-0.01,0.06
Forwards,Forwards,2023–24,20232024,279,8473512,Claude Giroux,71,186,1647.55,-0.96,-0.3,-0.62,28.65,-0.57,-0.33,0.28
Forwards,Forwards,2023–24,20232024,280,8475158,Ryan O'Reilly,73,207,1620.8,0.3,-0.18,-0.62,28.42,-0.81,0.33,-0.14
Forwards,Forwards,2023–24,20232024,281,8477015,Connor Brown,72,184,908.77,-0.77,-0.34,-0.62,28.2,-0.8,-0.13,0.3
Forwards,Forwards,2023–24,20232024,282,8480012,Elias Pettersson,74,176,1611.33,-0.54,-0.24,-0.62,27.97,-0.79,-0.08,0.25
Forwards,Forwards,2023–24,20232024,283,8477426,Nick Paul,76,234,1415.32,2.03,0.05,-0.63,27.74,0.04,0.2,-0.86
Forwards,Forwards,2023–24,20232024,284,8480002,Nico Hischier,73,200,1383.23,0.05,-0.16,-0.63,27.51,-1.11,0.48,-0.01
Forwards,Forwards,2023–24,20232024,285,8481704,Juuso Parssinen,75,207,642.38,0.81,-0.14,-0.65,27.05,-0.83,0.42,-0.24
Forwards,Forwards,2023–24,20232024,286,8474141,Patrick Kane,70,176,918.82,-1.57,-0.37,-0.66,26.83,-0.66,-0.45,0.46
Forwards,Forwards,2023–24,20232024,287,8478975,Mason Marchment,77,212,1219.8,1.5,-0.03,-0.66,26.6,-0.12,0.1,-0.64
Forwards,Forwards,2023–24,20232024,288,8476469,Joel Armia,75,215,1026.4,1.1,-0.08,-0.66,26.37,0.33,-0.52,-0.47
Forwards,Forwards,2023–24,20232024,289,8482159,Tyson Foerster,74,215,1329.7,0.84,-0.12,-0.66,26.14,-0.09,-0.21,-0.37
Forwards,Forwards,2023–24,20232024,290,8477942,Kevin Fiala,72,205,1478.92,-0.03,-0.21,-0.67,25.46,-0.39,-0.3,0.02
Forwards,Forwards,2023–24,20232024,291,8482148,Hendrix Lapierre,72,195,583.3,-0.38,-0.31,-0.7,25.23,-0.69,-0.15,0.14
Forwards,Forwards,2023–24,20232024,292,8482055,Drew O'Connor,76,209,1243.9,1.14,-0.04,-0.74,24.54,-0.59,0.32,-0.48
Forwards,Forwards,2023–24,20232024,293,8471214,Alex Ovechkin,75,238,1518.47,1.92,-0.01,-0.75,24.32,0.83,-0.75,-0.83
Forwards,Forwards,2023–24,20232024,294,8477919,Freddy Gaudreau,72,184,934.13,-0.77,-0.37,-0.75,24.09,-0.36,-0.71,0.31
Forwards,Forwards,2023–24,20232024,295,8475784,Jeff Skinner,71,200,1183.72,-0.46,-0.3,-0.76,23.86,-0.69,-0.2,0.13
Forwards,Forwards,2023–24,20232024,296,8474009,Nick Bonino,73,198,551.43,-0.02,-0.28,-0.76,23.63,-0.73,-0.02,-0.02
Forwards,Forwards,2023–24,20232024,297,8479400,Pierre-Luc Dubois,76,220,1287.5,1.53,0.01,-0.76,23.4,-0.08,-0.04,-0.64
Forwards,Forwards,2023–24,20232024,298,8480798,Philipp Kurashev,72,190,1426.38,-0.56,-0.31,-0.78,23.17,-0.64,-0.3,0.16
Forwards,Forwards,2023–24,20232024,299,8482109,Alexis Lafrenière,74,191,1415.9,-0.01,-0.22,-0.78,22.95,-0.86,0.05,0.02
Forwards,Forwards,2023–24,20232024,300,8478402,Connor McDavid,73,194,1623.3,-0.16,-0.24,-0.79,22.72,-0.86,-0.02,0.08
Forwards,Forwards,2023–24,20232024,301,8473453,Trevor Lewis,73,205,954.13,0.23,-0.25,-0.8,22.49,-0.12,-0.57,-0.11
Forwards,Forwards,2023–24,20232024,302,8476921,Jordan Martinook,73,208,1201.05,0.34,-0.24,-0.81,22.26,-0.33,-0.31,-0.17
Forwards,Forwards,2023–24,20232024,303,8482665,Matty Beniers,74,181,1383.17,-0.37,-0.3,-0.82,22.03,-0.88,-0.09,0.14
Forwards,Forwards,2023–24,20232024,304,8480185,Eetu Luostarinen,75,191,1306.8,0.24,-0.25,-0.83,21.8,-0.87,0.12,-0.07
Forwards,Forwards,2023–24,20232024,305,8475172,Nazem Kadri,72,185,1510.92,-0.74,-0.33,-0.83,21.35,-1.07,-0.1,0.33
Forwards,Forwards,2023–24,20232024,306,8476882,Teuvo Teravainen,71,191,1246.53,-0.78,-0.35,-0.84,21.12,-0.67,-0.46,0.3
Forwards,Forwards,2023–24,20232024,307,8481582,Nick Robertson,69,180,637.08,-1.68,-0.53,-0.84,20.89,-0.8,-0.73,0.69
Forwards,Forwards,2023–24,20232024,308,8475692,Mats Zuccarello,68,181,1303.58,-1.91,-0.46,-0.85,20.66,-0.81,-0.59,0.55
Forwards,Forwards,2023–24,20232024,309,8480068,Ryan Poehling,74,206,1154.67,0.52,-0.23,-0.85,20.43,-0.99,0.3,-0.15
Forwards,Forwards,2023–24,20232024,310,8482125,Alexander Holtz,72,198,954.07,-0.28,-0.34,-0.85,20.21,-0.4,-0.54,0.09
Forwards,Forwards,2023–24,20232024,311,8481528,Dylan Cozens,75,205,1360.82,0.74,-0.19,-0.85,19.98,-0.09,-0.44,-0.33
Forwards,Forwards,2023–24,20232024,312,8480802,Ryan McLeod,75,204,1153.68,0.71,-0.2,-0.85,19.75,-0.62,0.08,-0.31
Forwards,Forwards,2023–24,20232024,313,8474679,Gustav Nyquist,71,180,1437.13,-1.17,-0.4,-0.85,19.52,-1.42,0.06,0.52
Forwards,Forwards,2023–24,20232024,314,8478550,Artemi Panarin,72,176,1649.75,-1.06,-0.44,-0.86,19.29,-0.41,-0.87,0.43
Forwards,Forwards,2023–24,20232024,315,8477955,Jared McCann,73,191,1340.88,-0.27,-0.31,-0.86,19.06,-0.53,-0.4,0.08
Forwards,Forwards,2023–24,20232024,316,8476448,William Karlsson,72,190,1232.12,-0.56,-0.38,-0.88,18.61,-1.17,0.08,0.22
Forwards,Forwards,2023–24,20232024,317,8481624,Ilya Mikheyev,74,192,1112.6,0.02,-0.28,-0.9,18.38,-1.1,0.2,-0
Forwards,Forwards,2023–24,20232024,318,8479542,Brandon Hagel,74,186,1578.98,-0.19,-0.31,-0.91,18.15,-0.84,-0.15,0.08
Forwards,Forwards,2023–24,20232024,319,8477947,Sonny Milano,72,205,612.9,-0.03,-0.3,-0.91,17.92,-1.12,0.21,0.01
Forwards,Forwards,2023–24,20232024,320,8483808,Andrei Kuzmenko,71,200,1071.67,-0.46,-0.34,-0.91,17.69,-1.59,0.55,0.13
Forwards,Forwards,2023–24,20232024,321,8477940,Nikolaj Ehlers,72,168,1301.65,-1.34,-0.45,-0.93,17.47,-0.89,-0.62,0.59
Forwards,Forwards,2023–24,20232024,322,8484144,Connor Bedard,70,190,1345.27,-1.07,-0.42,-0.95,17.24,-0.79,-0.63,0.47
Forwards,Forwards,2023–24,20232024,323,8480220,Noah Cates,74,194,814.03,0.1,-0.32,-0.95,16.78,-1.05,0.16,-0.07
Forwards,Forwards,2023–24,20232024,324,8478440,Dylan Strome,76,200,1471.9,0.82,-0.2,-0.96,16.55,-0.82,0.16,-0.3
Forwards,Forwards,2023–24,20232024,325,8480014,Gabriel Vilardi,75,216,799.35,1.13,-0.16,-0.96,16.32,-1.61,1.06,-0.42
Forwards,Forwards,2023–24,20232024,326,8479318,Auston Matthews,75,215,1698.28,1.1,-0.18,-0.96,16.1,-0.5,0.01,-0.47
Forwards,Forwards,2023–24,20232024,327,8481554,Kaapo Kakko,73,215,810.03,0.59,-0.23,-0.97,15.87,-0.66,-0.09,-0.21
Forwards,Forwards,2023–24,20232024,328,8480039,Martin Necas,75,195,1336.43,0.39,-0.28,-0.97,15.64,-0.18,-0.61,-0.18
Forwards,Forwards,2023–24,20232024,329,8475765,Vladimir Tarasenko,73,219,1196,0.73,-0.24,-0.97,15.41,-0.2,-0.45,-0.32
Forwards,Forwards,2023–24,20232024,330,8476905,Chandler Stephenson,72,201,1386.27,-0.17,-0.31,-1.01,15.18,-1.05,-0.05,0.09
Forwards,Forwards,2023–24,20232024,331,8482660,Kent Johnson,72,170,568.75,-1.27,-0.48,-1.03,14.95,-0.94,-0.57,0.48
Forwards,Forwards,2023–24,20232024,332,8482116,Tim Stützle,72,187,1583.88,-0.67,-0.41,-1.06,14.73,-1.02,-0.29,0.25
Forwards,Forwards,2023–24,20232024,333,8476453,Nikita Kucherov,72,173,1755.17,-1.16,-0.47,-1.09,14.5,-0.9,-0.53,0.34
Forwards,Forwards,2023–24,20232024,334,8481058,Jesse Ylonen,74,193,604,0.06,-0.38,-1.1,14.27,-0.25,-0.79,-0.05
Forwards,Forwards,2023–24,20232024,335,8474189,Lars Eller,74,207,1309.17,0.56,-0.28,-1.1,14.04,-0.56,-0.35,-0.2
Forwards,Forwards,2023–24,20232024,336,8475754,Brock Nelson,76,205,1482.85,1,-0.27,-1.1,13.81,-0.68,-0.13,-0.29
Forwards,Forwards,2023–24,20232024,337,8479999,Casey Mittelstadt,73,205,1418.37,0.23,-0.36,-1.1,13.58,-0.75,-0.23,-0.12
Forwards,Forwards,2023–24,20232024,338,8481577,Philip Tomasino,72,187,515.53,-0.67,-0.41,-1.11,13.36,-1.36,-0.05,0.3
Forwards,Forwards,2023–24,20232024,339,8477500,Bo Horvat,73,225,1595.2,0.94,-0.26,-1.11,13.13,-0.35,-0.34,-0.42
Forwards,Forwards,2023–24,20232024,340,8478109,Victor Olofsson,71,180,590.02,-1.17,-0.48,-1.11,12.9,-1.22,-0.41,0.52
Forwards,Forwards,2023–24,20232024,341,8481601,Simon Holmstrom,73,208,998.95,0.34,-0.27,-1.11,12.67,-0.81,-0.17,-0.13
Forwards,Forwards,2023–24,20232024,342,8482146,Luke Evangelista,72,183,1116.43,-0.81,-0.44,-1.12,12.44,-1.7,0.22,0.36
Forwards,Forwards,2023–24,20232024,343,8471685,Anze Kopitar,75,225,1592.32,1.45,-0.12,-1.13,12.21,-0.81,0.3,-0.61
Forwards,Forwards,2023–24,20232024,344,8475149,Marcus Johansson,73,203,1239.25,0.16,-0.31,-1.14,11.99,-0.93,-0.15,-0.05
Forwards,Forwards,2023–24,20232024,345,8478020,Michael Amadio,73,206,977.6,0.27,-0.35,-1.14,11.76,-1.05,-0.01,-0.08
Forwards,Forwards,2023–24,20232024,346,8477416,Oliver Bjorkstrand,72,175,1327,-1.09,-0.49,-1.14,11.53,-0.73,-0.82,0.41
Forwards,Forwards,2023–24,20232024,347,8480015,Owen Tippett,73,210,1293.72,0.41,-0.34,-1.14,11.3,-0.16,-0.79,-0.2
Forwards,Forwards,2023–24,20232024,348,8477497,Sean Monahan,74,206,1501.82,0.52,-0.26,-1.14,11.07,-1.1,0.17,-0.21
Forwards,Forwards,2023–24,20232024,349,8480027,Jason Robertson,75,204,1502.63,0.71,-0.31,-1.15,10.84,-0.48,-0.47,-0.21
Forwards,Forwards,2023–24,20232024,350,8478449,Roope Hintz,75,217,1379.18,1.17,-0.27,-1.16,10.62,-0.81,-0,-0.34
Forwards,Forwards,2023–24,20232024,351,8476346,Johnny Gaudreau,69,163,1523.85,-2.29,-0.6,-1.16,10.39,-1.6,-0.22,0.66
Forwards,Forwards,2023–24,20232024,352,8482078,Lucas Raymond,71,186,1455.77,-0.96,-0.53,-1.16,10.16,-1.5,-0.04,0.39
Forwards,Forwards,2023–24,20232024,353,8476460,Mark Scheifele,75,207,1493.73,0.81,-0.3,-1.18,9.93,-0.87,0.06,-0.37
Forwards,Forwards,2023–24,20232024,354,8480023,Robert Thomas,72,207,1719.25,0.04,-0.4,-1.2,9.7,-1.02,-0.15,-0.03
Forwards,Forwards,2023–24,20232024,355,8477939,William Nylander,72,200,1632.92,-0.2,-0.42,-1.2,9.47,-0.83,-0.43,0.06
Forwards,Forwards,2023–24,20232024,356,8479343,Clayton Keller,70,175,1501.17,-1.61,-0.63,-1.2,9.25,-1.23,-0.63,0.66
Forwards,Forwards,2023–24,20232024,357,8477946,Dylan Larkin,73,204,1371.73,0.19,-0.4,-1.21,9.02,-0.86,-0.24,-0.11
Forwards,Forwards,2023–24,20232024,358,8477380,Jonny Brodzinski,72,206,634.27,0.01,-0.38,-1.22,8.79,-0.83,-0.39,0
Forwards,Forwards,2023–24,20232024,359,8475168,Matt Duchene,71,211,1341.3,-0.07,-0.44,-1.23,8.56,-1.23,-0.01,0
Forwards,Forwards,2023–24,20232024,360,8481711,Matias Maccelli,71,187,1331.18,-0.92,-0.51,-1.25,8.11,-1.32,-0.27,0.35
Forwards,Forwards,2023–24,20232024,361,8481560,Arthur Kaliyev,74,212,601.92,0.73,-0.33,-1.25,7.88,-0.12,-0.79,-0.34
Forwards,Forwards,2023–24,20232024,362,8478458,Jack Roslovic,73,198,917.72,-0.02,-0.4,-1.25,7.65,-0.78,-0.49,0.01
Forwards,Forwards,2023–24,20232024,363,8475164,Jakob Silfverberg,73,207,1057.1,0.3,-0.4,-1.3,7.19,-0.9,-0.32,-0.09
Forwards,Forwards,2023–24,20232024,364,8482124,Quinton Byfield,77,230,1318.7,2.14,-0.08,-1.3,6.96,-0.74,0.34,-0.91
Forwards,Forwards,2023–24,20232024,365,8477934,Leon Draisaitl,74,209,1676.33,0.63,-0.37,-1.31,6.74,-0.75,-0.26,-0.29
Forwards,Forwards,2023–24,20232024,366,8480893,Kirill Marchenko,75,201,1280.28,0.6,-0.34,-1.31,6.51,-0.75,-0.35,-0.22
Forwards,Forwards,2023–24,20232024,367,8484166,Adam Fantilli,74,205,769.8,0.49,-0.38,-1.37,6.28,-0.55,-0.65,-0.17
Forwards,Forwards,2023–24,20232024,368,8482475,Egor Chinakhov,73,203,803.88,0.16,-0.4,-1.42,6.05,-0.8,-0.56,-0.05
Forwards,Forwards,2023–24,20232024,369,8484153,Leo Carlsson,75,208,996,0.85,-0.36,-1.42,5.82,-0.77,-0.28,-0.37
Forwards,Forwards,2023–24,20232024,370,8479385,Jordan Kyrou,73,189,1503.2,-0.34,-0.49,-1.42,5.59,-1,-0.56,0.13
Forwards,Forwards,2023–24,20232024,371,8483431,Logan Cooley,72,191,1296.82,-0.52,-0.52,-1.45,5.37,-1.37,-0.28,0.2
Forwards,Forwards,2023–24,20232024,372,8477956,David Pastrnak,72,199,1634.23,-0.24,-0.48,-1.49,4.68,-0.91,-0.7,0.12
Forwards,Forwards,2023–24,20232024,373,8477473,Justin Bailey,76,214,665.57,1.32,-0.33,-1.51,4.45,-0.35,-0.6,-0.57
Forwards,Forwards,2023–24,20232024,374,8477951,Nick Schmaltz,72,184,1515.05,-0.77,-0.63,-1.52,4.22,-1.46,-0.36,0.3
Forwards,Forwards,2023–24,20232024,375,8477492,Nathan MacKinnon,72,200,1870.77,-0.2,-0.56,-1.56,4,-0.99,-0.63,0.06
Forwards,Forwards,2023–24,20232024,376,8478115,Pierre Engvall,78,208,1134.05,1.62,-0.32,-1.59,3.77,-0.61,-0.26,-0.71
Forwards,Forwards,2023–24,20232024,377,8475763,Kevin Hayes,75,217,1142.88,1.17,-0.38,-1.59,3.54,-0.79,-0.27,-0.52
Forwards,Forwards,2023–24,20232024,378,8471215,Evgeni Malkin,77,213,1523.93,1.54,-0.35,-1.64,3.08,-0.81,-0.15,-0.68
Forwards,Forwards,2023–24,20232024,379,8476459,Mika Zibanejad,74,208,1599.25,0.59,-0.49,-1.66,2.85,-0.76,-0.62,-0.28
Forwards,Forwards,2023–24,20232024,380,8481557,Matt Boldy,74,201,1418.33,0.34,-0.54,-1.7,2.63,-1.16,-0.37,-0.17
Forwards,Forwards,2023–24,20232024,381,8478420,Mikko Rantanen,76,228,1832.45,1.82,-0.34,-1.74,2.4,-0.78,-0.16,-0.79
Forwards,Forwards,2023–24,20232024,382,8482175,John-Jason Peterka,72,189,1344.18,-0.6,-0.63,-1.76,2.17,-1.52,-0.41,0.17
Forwards,Forwards,2023–24,20232024,383,8478398,Kyle Connor,73,183,1282.1,-0.55,-0.61,-1.76,1.94,-1.63,-0.38,0.25
Forwards,Forwards,2023–24,20232024,384,8479420,Tage Thompson,78,220,1286.38,2.04,-0.29,-1.9,1.71,-0.32,-0.71,-0.86
Forwards,Forwards,2023–24,20232024,385,8481559,Jack Hughes,71,175,1300.38,-1.35,-0.8,-1.97,1.48,-2.11,-0.38,0.51
Forwards,Forwards,2023–24,20232024,386,8478873,Troy Terry,72,193,1389.88,-0.45,-0.74,-2.02,1.26,-1.66,-0.54,0.18
Forwards,Forwards,2023–24,20232024,387,8477444,Andre Burakovsky,75,203,713.68,0.67,-0.6,-2.12,1.03,-1.29,-0.59,-0.24
Forwards,Forwards,2023–24,20232024,388,8481068,Yegor Sharangovich,74,196,1419.82,0.17,-0.78,-2.37,0.8,-1.86,-0.42,-0.1
Forwards,Forwards,2023–24,20232024,389,8478403,Jack Eichel,74,208,1292.75,0.59,-0.66,-2.42,0.57,-1.66,-0.52,-0.24
Forwards,Forwards,2023–24,20232024,390,8481656,Aliaksei Protas,78,250,1072.2,3.11,-0.5,-2.79,0.34,-1.39,-0.08,-1.32
Forwards,Forwards,2023–24,20232024,391,8478438,Thomas Novak,73,190,1008.25,-0.3,-1.07,-3.06,0.11,-2.96,-0.2,0.1
Forwards,Forwards,2024–25,20242025,1,8479671,Mathieu Olivier,73,232,1185.65,1.13,1.58,4.16,99.88,3.43,1.26,-0.53
Forwards,Forwards,2024–25,20242025,2,8479066,Ryan Lomberg,69,184,692.4,-1.51,0.93,3.3,99.42,2.7,0.07,0.52
Forwards,Forwards,2024–25,20242025,3,8479661,Tanner Jeannot,74,221,738.12,0.99,1.03,2.81,99.18,2.28,0.83,-0.3
Forwards,Forwards,2024–25,20242025,4,8480355,Mark Kastelic,76,234,654.9,1.94,1.15,2.65,98.71,3.37,0.1,-0.82
Forwards,Forwards,2024–25,20242025,5,8475220,Marcus Foligno,75,226,1115.12,1.41,1.04,2.42,98.48,2.19,0.9,-0.66
Forwards,Forwards,2024–25,20242025,6,8482742,Zachary L'Heureux,71,197,746.6,-0.57,0.71,2.3,98.25,1.6,0.51,0.19
Forwards,Forwards,2024–25,20242025,7,8478421,Anthony-John (AJ) Greer,75,224,777.05,1.34,0.82,2.07,97.55,2.01,0.47,-0.41
Forwards,Forwards,2024–25,20242025,8,8476826,Yanni Gourde,69,173,914.7,-1.89,0.45,2.01,97.31,1.06,0.29,0.66
Forwards,Forwards,2024–25,20242025,9,8481617,Vasily Podkolzin,73,190,1083.68,-0.32,0.56,1.8,96.61,0.98,0.67,0.15
Forwards,Forwards,2024–25,20242025,10,8476474,Stefan Noesen,73,205,1242.78,0.2,0.6,1.75,96.14,0.86,0.97,-0.09
Forwards,Forwards,2024–25,20242025,11,8480855,Jack McBain,76,219,1112.98,1.42,0.71,1.72,95.91,1.56,0.59,-0.43
Forwards,Forwards,2024–25,20242025,12,8476389,Vincent Trocheck,71,187,1730.12,-0.92,0.43,1.69,95.68,0.67,0.59,0.43
Forwards,Forwards,2024–25,20242025,13,8475231,Casey Cizikas,71,191,1069.33,-0.78,0.44,1.68,95.44,0.63,0.73,0.32
Forwards,Forwards,2024–25,20242025,14,8482089,Jake Neighbours,72,201,1303.37,-0.19,0.52,1.65,95.21,0.66,0.92,0.07
Forwards,Forwards,2024–25,20242025,15,8479941,Justin Danforth,68,193,877.45,-1.45,0.33,1.64,94.98,0.59,0.37,0.68
Forwards,Forwards,2024–25,20242025,16,8477478,William Carrier,74,214,504.48,0.75,0.64,1.63,94.74,0.39,1.56,-0.32
Forwards,Forwards,2024–25,20242025,17,8474034,Patrick Maroon,75,234,784.7,1.69,0.71,1.63,94.51,1.71,0.42,-0.51
Forwards,Forwards,2024–25,20242025,18,8480880,Jakub Lauko,73,193,599.98,-0.22,0.49,1.6,94.28,2.02,-0.51,0.09
Forwards,Forwards,2024–25,20242025,19,8481477,Nico Sturm,75,209,645.6,0.83,0.67,1.57,94.04,1.24,0.72,-0.39
Forwards,Forwards,2024–25,20242025,20,8476624,Barclay Goodrow,74,210,1061.33,0.62,0.6,1.57,93.81,1.96,-0.13,-0.26
Forwards,Forwards,2024–25,20242025,21,8476480,Vladislav Namestnikov,72,181,1177.1,-0.87,0.4,1.57,93.57,-0.29,1.45,0.41
Forwards,Forwards,2024–25,20242025,22,8478057,Dakota Joshua,75,218,738.77,1.14,0.63,1.56,93.34,0.83,1.07,-0.35
Forwards,Forwards,2024–25,20242025,23,8478569,Noel Acciari,71,204,1087,-0.33,0.48,1.56,93.11,0.54,0.87,0.15
Forwards,Forwards,2024–25,20242025,24,8477935,Sam Bennett,73,193,1326.47,-0.22,0.47,1.47,92.87,1.4,0.01,0.06
Forwards,Forwards,2024–25,20242025,25,8476399,Blake Coleman,71,199,1450.15,-0.5,0.41,1.46,92.64,0.65,0.6,0.21
Forwards,Forwards,2024–25,20242025,26,8477573,Nathan Walker,69,191,883.77,-1.27,0.29,1.43,92.41,1.79,-0.95,0.59
Forwards,Forwards,2024–25,20242025,27,8476981,Josh Anderson,75,226,1159.88,1.41,0.66,1.41,92.17,1.17,0.84,-0.6
Forwards,Forwards,2024–25,20242025,28,8478463,Anthony Beauvillier,71,181,1042.8,-1.12,0.29,1.36,91.94,0.12,0.72,0.52
Forwards,Forwards,2024–25,20242025,29,8477903,Garnet Hathaway,74,212,794.87,0.69,0.54,1.32,91.47,1.35,0.25,-0.28
Forwards,Forwards,2024–25,20242025,30,8481704,Juuso Parssinen,75,207,505.68,0.76,0.54,1.3,91.24,0.92,0.69,-0.31
Forwards,Forwards,2024–25,20242025,31,8480980,Connor Dewar,70,187,554.77,-1.16,0.32,1.3,91,0.83,0.14,0.33
Forwards,Forwards,2024–25,20242025,32,8484145,Zach Benson,70,177,1111.38,-1.51,0.28,1.27,90.77,-0.19,1.03,0.43
Forwards,Forwards,2024–25,20242025,33,8475170,Brayden Schenn,73,200,1440,0.03,0.42,1.26,90.54,1.5,-0.22,-0.01
Forwards,Forwards,2024–25,20242025,34,8481553,Bobby Brink,68,169,1171.63,-2.28,0.09,1.26,90.3,0,0.3,0.96
Forwards,Forwards,2024–25,20242025,35,8475842,Sam Carrick,72,202,954.55,-0.15,0.4,1.23,89.84,1.03,0.17,0.03
Forwards,Forwards,2024–25,20242025,36,8479591,Michael Eyssimont,72,195,817.27,-0.39,0.37,1.22,89.6,0.93,0.2,0.1
Forwards,Forwards,2024–25,20242025,37,8473422,Nick Foligno,72,210,1242.13,0.12,0.42,1.22,89.37,0.64,0.63,-0.05
Forwards,Forwards,2024–25,20242025,38,8479316,Luke Kunin,72,197,1101.78,-0.32,0.38,1.22,89.14,1.28,-0.16,0.1
Forwards,Forwards,2024–25,20242025,39,8479520,Brandon Duhaime,74,210,1094.18,0.62,0.48,1.18,88.9,1.82,-0.38,-0.25
Forwards,Forwards,2024–25,20242025,40,8479365,Trent Frederic,75,221,795.85,1.24,0.56,1.17,88.2,1.43,0.23,-0.49
Forwards,Forwards,2024–25,20242025,41,8482859,Zack Ostapchuk,76,212,527.48,1.18,0.58,1.15,87.97,1.57,0.13,-0.55
Forwards,Forwards,2024–25,20242025,42,8482062,Cole Smith,75,195,966.02,0.35,0.42,1.12,87.73,1.11,0.16,-0.14
Forwards,Forwards,2024–25,20242025,43,8473419,Brad Marchand,69,180,1301.02,-1.65,0.18,1.12,87.5,0.2,0.33,0.6
Forwards,Forwards,2024–25,20242025,44,8479359,Beck Malenstyn,75,209,800.35,0.83,0.45,1.1,87.27,0.82,0.53,-0.26
Forwards,Forwards,2024–25,20242025,45,8481028,Martin Pospisil,74,173,1118.45,-0.66,0.3,1.09,87.03,0.93,-0.02,0.18
Forwards,Forwards,2024–25,20242025,46,8477508,Curtis Lazar,72,203,507.22,-0.12,0.35,1.07,86.8,0.31,0.75,0.02
Forwards,Forwards,2024–25,20242025,47,8479944,Zach Aston-Reese,73,203,1062.13,0.13,0.38,1.07,86.57,0.85,0.29,-0.07
Forwards,Forwards,2024–25,20242025,48,8475287,Erik Haula,71,191,1014.58,-0.78,0.25,1.07,86.33,0.61,0.1,0.36
Forwards,Forwards,2024–25,20242025,49,8480064,Josh Norris,74,196,1027.4,0.13,0.37,1.04,86.1,0.54,0.57,-0.06
Forwards,Forwards,2024–25,20242025,50,8476872,Scott Laughton,73,190,1168.03,-0.32,0.3,1.01,85.86,1.16,-0.3,0.15
Forwards,Forwards,2024–25,20242025,51,8481042,Nikolai Kovalenko,70,180,703.4,-1.4,0.12,0.99,85.63,-0.01,0.35,0.66
Forwards,Forwards,2024–25,20242025,52,8479619,Michael Carcone,69,182,605.95,-1.58,0.17,0.99,85.4,0.35,0.19,0.45
Forwards,Forwards,2024–25,20242025,53,8481641,Joel Kiviranta,71,185,989.23,-0.98,0.18,0.98,85.16,0.06,0.51,0.41
Forwards,Forwards,2024–25,20242025,54,8477446,Michael McCarron,78,232,1018.1,2.36,0.7,0.96,84.93,1.99,0.08,-1.11
Forwards,Forwards,2024–25,20242025,55,8480801,Brady Tkachuk,76,226,1313.1,1.66,0.53,0.94,84.46,1.67,-0.08,-0.65
Forwards,Forwards,2024–25,20242025,56,8481186,Logan O'Connor,72,175,1129.88,-1.08,0.2,0.92,84.23,0.07,0.54,0.3
Forwards,Forwards,2024–25,20242025,57,8482079,Marco Rossi,69,182,1496.15,-1.58,0.07,0.92,84,-0.48,0.66,0.74
Forwards,Forwards,2024–25,20242025,58,8480185,Eetu Luostarinen,75,191,1223.07,0.21,0.35,0.91,83.76,0.2,0.81,-0.1
Forwards,Forwards,2024–25,20242025,59,8479525,Ross Colton,72,194,879.67,-0.43,0.25,0.9,83.29,0.25,0.45,0.2
Forwards,Forwards,2024–25,20242025,60,8471675,Sidney Crosby,71,200,1629.97,-0.47,0.22,0.88,83.06,0.01,0.68,0.19
Forwards,Forwards,2024–25,20242025,61,8475314,Anders Lee,75,234,1398.95,1.69,0.51,0.88,82.83,0.22,1.32,-0.66
Forwards,Forwards,2024–25,20242025,62,8481580,Connor McMichael,72,180,1378.3,-0.91,0.19,0.87,82.59,-0.1,0.66,0.31
Forwards,Forwards,2024–25,20242025,63,8478508,Yakov Trenin,74,201,951.25,0.31,0.34,0.87,82.36,0.82,0.18,-0.13
Forwards,Forwards,2024–25,20242025,64,8478233,Andrew Mangiapane,70,183,1055.13,-1.3,0.14,0.87,82.13,0.04,0.38,0.45
Forwards,Forwards,2024–25,20242025,65,8476374,Sean Kuraly,74,208,964.65,0.55,0.36,0.86,81.89,1.29,-0.19,-0.24
Forwards,Forwards,2024–25,20242025,66,8478434,Keegan Kolesar,74,216,1081.9,0.82,0.39,0.85,81.66,1.45,-0.29,-0.31
Forwards,Forwards,2024–25,20242025,67,8474641,Adam Henrique,72,195,1186.17,-0.39,0.22,0.85,81.43,0.22,0.47,0.16
Forwards,Forwards,2024–25,20242025,68,8476925,Colton Sissons,73,200,1033.85,0.03,0.29,0.85,81.19,0.14,0.73,-0.02
Forwards,Forwards,2024–25,20242025,69,8476822,Luke Glendening,71,190,830.43,-0.81,0.15,0.83,80.96,0.02,0.47,0.34
Forwards,Forwards,2024–25,20242025,70,8475166,John Tavares,73,217,1366.92,0.61,0.38,0.82,80.72,0.15,0.96,-0.29
Forwards,Forwards,2024–25,20242025,71,8475768,Jaden Schwartz,70,185,1448.5,-1.23,0.09,0.82,80.49,-0.46,0.77,0.52
Forwards,Forwards,2024–25,20242025,72,8482070,Mitchell Chaffee,73,197,794.32,-0.08,0.27,0.81,80.02,0.52,0.26,0.04
Forwards,Forwards,2024–25,20242025,73,8476539,Jonathan Marchessault,69,185,1402.2,-1.48,0.09,0.81,79.79,0.23,0.04,0.53
Forwards,Forwards,2024–25,20242025,74,8476278,Colin Blackwell,68,181,728.45,-1.86,0.05,0.81,79.56,-0.01,0.14,0.68
Forwards,Forwards,2024–25,20242025,75,8481789,Tye Kartye,71,202,609.9,-0.4,0.23,0.8,79.32,1.19,-0.5,0.1
Forwards,Forwards,2024–25,20242025,76,8483515,Juraj Slafkovský,75,225,1370.57,1.38,0.44,0.77,79.09,0.56,0.8,-0.59
Forwards,Forwards,2024–25,20242025,77,8478047,Michael Bunting,72,186,1180.32,-0.7,0.15,0.77,78.86,0.02,0.45,0.29
Forwards,Forwards,2024–25,20242025,78,8475848,Brendan Gallagher,69,185,1140.98,-1.48,0.11,0.77,78.62,0.13,0.22,0.42
Forwards,Forwards,2024–25,20242025,79,8476878,Zemgus Girgensons,75,197,956.5,0.42,0.31,0.77,78.39,0.54,0.39,-0.16
Forwards,Forwards,2024–25,20242025,80,8475193,Tomas Tatar,70,173,821.62,-1.64,0.06,0.77,78.15,-0.01,0.19,0.59
Forwards,Forwards,2024–25,20242025,81,8474037,James van Riemsdyk,75,210,880.37,0.86,0.36,0.74,77.92,-0.4,1.51,-0.37
Forwards,Forwards,2024–25,20242025,82,8475722,Jason Zucker,71,198,1167.55,-0.54,0.19,0.73,77.69,0.26,0.29,0.18
Forwards,Forwards,2024–25,20242025,83,8475810,Bryan Rust,71,202,1402.3,-0.4,0.2,0.72,77.45,-0.29,0.89,0.13
Forwards,Forwards,2024–25,20242025,84,8482157,Will Cuylle,75,212,1236.35,0.93,0.36,0.71,77.22,1.05,0.01,-0.35
Forwards,Forwards,2024–25,20242025,85,8476873,Mark Jankowski,76,200,754.08,0.77,0.34,0.71,76.99,-0.23,1.27,-0.33
Forwards,Forwards,2024–25,20242025,86,8470621,Corey Perry,75,210,966.9,0.86,0.38,0.71,76.75,0.08,1.03,-0.41
Forwards,Forwards,2024–25,20242025,87,8478432,Christian Fischer,74,212,511.25,0.69,0.33,0.71,76.52,0.79,0.2,-0.28
Forwards,Forwards,2024–25,20242025,88,8483464,Marco Kasper,73,202,1189.72,0.09,0.24,0.7,76.29,0.25,0.49,-0.04
Forwards,Forwards,2024–25,20242025,89,8477964,Ivan Barbashev,72,203,1175.88,-0.12,0.21,0.7,76.05,-0.24,0.89,0.05
Forwards,Forwards,2024–25,20242025,90,8476881,Tomas Hertl,75,220,1249.52,1.21,0.39,0.68,75.82,0.1,1.06,-0.48
Forwards,Forwards,2024–25,20242025,91,8479293,Brandon Tanev,72,189,1044.92,-0.6,0.17,0.68,75.58,0.41,0.11,0.16
Forwards,Forwards,2024–25,20242025,92,8478474,Lawson Crouse,76,214,1112.1,1.25,0.39,0.66,74.88,1.23,-0.08,-0.49
Forwards,Forwards,2024–25,20242025,93,8476419,Jean-Gabriel Pageau,71,180,1342.78,-1.16,0.05,0.65,74.65,-0.25,0.42,0.48
Forwards,Forwards,2024–25,20242025,94,8476393,Nick Cousins,71,191,595.13,-0.78,0.13,0.65,74.42,0.42,-0.03,0.26
Forwards,Forwards,2024–25,20242025,95,8476880,Tom Wilson,76,225,1516.87,1.63,0.37,0.64,74.18,0.91,0.22,-0.49
Forwards,Forwards,2024–25,20242025,96,8481532,Alex Turcotte,71,195,798.1,-0.64,0.11,0.64,73.95,-0.36,0.73,0.27
Forwards,Forwards,2024–25,20242025,97,8478462,Nicolas Roy,76,200,1080.47,0.77,0.34,0.63,73.71,0.18,0.81,-0.36
Forwards,Forwards,2024–25,20242025,98,8479353,Brett Howden,74,201,1189.03,0.31,0.25,0.6,73.48,0.52,0.23,-0.14
Forwards,Forwards,2024–25,20242025,99,8482720,Matthew Knies,75,232,1444.17,1.62,0.36,0.6,73.25,0.3,0.79,-0.49
Forwards,Forwards,2024–25,20242025,100,8483524,Shane Wright,72,192,1111.38,-0.5,0.12,0.6,73.01,-0.39,0.78,0.21
Forwards,Forwards,2024–25,20242025,101,8481592,Jakob Pelletier,70,172,566.25,-1.68,-0.05,0.59,72.78,-0.47,0.35,0.7
Forwards,Forwards,2024–25,20242025,102,8480459,Pius Suter,71,172,1404.87,-1.43,0.03,0.57,72.55,0.02,0.06,0.5
Forwards,Forwards,2024–25,20242025,103,8482092,Ridly Greig,72,184,1332.23,-0.77,0.11,0.57,72.31,0.2,0.11,0.26
Forwards,Forwards,2024–25,20242025,104,8476468,J.T. Miller,72,211,1310.42,0.16,0.21,0.54,72.08,1.11,-0.49,-0.08
Forwards,Forwards,2024–25,20242025,105,8479414,Nathan Bastian,76,217,645.32,1.35,0.35,0.54,71.85,0.62,0.42,-0.5
Forwards,Forwards,2024–25,20242025,106,8475786,Zach Hyman,73,206,1378.35,0.23,0.21,0.53,71.61,-0.56,1.2,-0.1
Forwards,Forwards,2024–25,20242025,107,8480220,Noah Cates,74,194,1238.43,0.07,0.2,0.53,71.38,-0.18,0.74,-0.03
Forwards,Forwards,2024–25,20242025,108,8478498,Jake DeBrusk,73,198,1365.23,-0.04,0.16,0.51,71.14,-0.27,0.77,0.01
Forwards,Forwards,2024–25,20242025,109,8475343,Nic Dowd,74,195,1244.43,0.1,0.19,0.51,70.91,-0.05,0.61,-0.05
Forwards,Forwards,2024–25,20242025,110,8480995,Pontus Holmberg,72,201,861.03,-0.19,0.15,0.49,70.44,-0.27,0.71,0.05
Forwards,Forwards,2024–25,20242025,111,8477496,Elias Lindholm,73,200,1482.38,0.03,0.18,0.49,70.21,0.14,0.36,-0.01
Forwards,Forwards,2024–25,20242025,112,8475184,Chris Kreider,75,232,1139.28,1.62,0.38,0.49,69.98,0.81,0.37,-0.69
Forwards,Forwards,2024–25,20242025,113,8481716,Dmitri Voronkov,77,234,1225.45,2.18,0.37,0.47,69.74,0.05,1.07,-0.65
Forwards,Forwards,2024–25,20242025,114,8477931,Tomas Nosek,75,199,579.2,0.49,0.2,0.47,69.51,-0.03,0.66,-0.16
Forwards,Forwards,2024–25,20242025,115,8480009,Eeli Tolvanen,70,182,1159.92,-1.33,-0.05,0.45,69.28,0.88,-0.99,0.56
Forwards,Forwards,2024–25,20242025,116,8482809,Jackson Blake,71,185,1107.67,-0.98,0.05,0.45,69.04,-0.59,0.77,0.27
Forwards,Forwards,2024–25,20242025,117,8479992,Michael Rasmussen,78,222,1032.68,2.02,0.42,0.44,68.81,0.18,1.11,-0.86
Forwards,Forwards,2024–25,20242025,118,8477451,Ryan Hartman,72,197,1032.97,-0.32,0.11,0.43,68.57,0.45,-0.1,0.08
Forwards,Forwards,2024–25,20242025,119,8477476,Artturi Lehkonen,71,179,1406.33,-1.19,-0.04,0.42,68.11,-0.74,0.6,0.56
Forwards,Forwards,2024–25,20242025,120,8480144,David Kampf,74,198,731.18,0.2,0.16,0.41,67.87,-0.1,0.6,-0.09
Forwards,Forwards,2024–25,20242025,121,8476392,Adam Lowry,77,210,1126.27,1.36,0.27,0.41,67.64,0.35,0.47,-0.41
Forwards,Forwards,2024–25,20242025,122,8482093,Seth Jarvis,70,180,1412.98,-1.4,-0.01,0.4,67.17,-0.33,0.33,0.4
Forwards,Forwards,2024–25,20242025,123,8475745,Charlie Coyle,75,221,1410.12,1.24,0.34,0.4,66.94,0.36,0.62,-0.58
Forwards,Forwards,2024–25,20242025,124,8478413,Jordan Greenway,78,231,512.52,2.33,0.45,0.4,66.71,1.67,-0.29,-0.99
Forwards,Forwards,2024–25,20242025,125,8473994,Jamie Benn,75,210,1224.1,0.86,0.21,0.37,66.47,0.41,0.23,-0.27
Forwards,Forwards,2024–25,20242025,126,8479336,Carl Grundstrom,72,200,537.4,-0.22,0.11,0.37,66.24,0.87,-0.55,0.06
Forwards,Forwards,2024–25,20242025,127,8481523,Kirby Dach,76,221,893.42,1.49,0.32,0.37,66,0.24,0.71,-0.58
Forwards,Forwards,2024–25,20242025,128,8480113,Alex Iafallo,72,201,1089.22,-0.19,0.1,0.34,65.77,-0.22,0.52,0.04
Forwards,Forwards,2024–25,20242025,129,8480830,Andrei Svechnikov,75,200,1232.18,0.52,0.18,0.32,65.3,0.7,-0.16,-0.22
Forwards,Forwards,2024–25,20242025,130,8481481,Blake Lizotte,69,176,750.63,-1.79,-0.15,0.32,65.07,-0.04,-0.39,0.75
Forwards,Forwards,2024–25,20242025,131,8481237,Kyle MacLean,73,190,806.95,-0.32,0.05,0.32,64.84,0.39,-0.2,0.13
Forwards,Forwards,2024–25,20242025,132,8480003,Jesper Boqvist,73,191,1033.18,-0.28,0.08,0.31,64.6,0.12,0.11,0.08
Forwards,Forwards,2024–25,20242025,133,8477404,Jake Guentzel,71,176,1599.42,-1.29,-0.02,0.31,64.37,-0.68,0.62,0.37
Forwards,Forwards,2024–25,20242025,134,8476292,Ondrej Palat,72,194,1059.08,-0.43,0.03,0.31,64.14,-0.1,0.23,0.18
Forwards,Forwards,2024–25,20242025,135,8480797,Joel Farabee,72,186,1207.98,-0.7,0.02,0.29,63.9,-0.06,0.11,0.24
Forwards,Forwards,2024–25,20242025,136,8481535,Nils Hoglander,69,185,873.33,-1.48,-0.13,0.28,63.67,-0.25,-0.09,0.62
Forwards,Forwards,2024–25,20242025,137,8484958,Maksim Tsyplakov,75,203,1152.47,0.62,0.17,0.26,63.43,0.41,0.13,-0.27
Forwards,Forwards,2024–25,20242025,138,8480028,Morgan Frost,72,193,1276.18,-0.46,0.04,0.25,63.2,-0.17,0.3,0.12
Forwards,Forwards,2024–25,20242025,139,8479393,Noah Gregor,72,201,577.52,-0.19,0.07,0.25,62.97,1.28,-1.08,0.05
Forwards,Forwards,2024–25,20242025,140,8481582,Nick Robertson,69,180,828.18,-1.65,-0.11,0.24,62.73,0.14,-0.47,0.57
Forwards,Forwards,2024–25,20242025,141,8480281,Alexey Toropchenko,78,225,999.4,2.12,0.29,0.24,62.5,0.52,0.36,-0.63
Forwards,Forwards,2024–25,20242025,142,8482116,Tim Stützle,72,187,1624.67,-0.67,-0.01,0.24,62.27,-0.32,0.24,0.31
Forwards,Forwards,2024–25,20242025,143,8478010,Brayden Point,71,177,1499.9,-1.26,-0.05,0.23,62.03,-0.92,0.8,0.35
Forwards,Forwards,2024–25,20242025,144,8480806,Isac Lundeström,73,192,1070.23,-0.25,0.05,0.23,61.8,-0.33,0.49,0.07
Forwards,Forwards,2024–25,20242025,145,8481522,Peyton Krebs,72,188,1128.48,-0.63,0.01,0.22,61.57,0.53,-0.52,0.22
Forwards,Forwards,2024–25,20242025,146,8473533,Jordan Staal,76,220,1157.8,1.45,0.25,0.22,61.33,0.21,0.54,-0.54
Forwards,Forwards,2024–25,20242025,147,8478043,Sam Lafferty,74,205,592.57,0.44,0.13,0.21,61.1,0.47,-0.06,-0.19
Forwards,Forwards,2024–25,20242025,148,8476479,Phillip Danault,73,200,1413.87,0.03,0.07,0.19,60.63,-0.01,0.22,-0.02
Forwards,Forwards,2024–25,20242025,149,8478424,Jansen Harkins,73,197,677.5,-0.08,0.04,0.19,60.4,0.8,-0.64,0.03
Forwards,Forwards,2024–25,20242025,150,8478366,Frank Vatrano,71,203,1421.17,-0.37,0.03,0.19,60.16,0.55,-0.46,0.09
Forwards,Forwards,2024–25,20242025,151,8481577,Philip Tomasino,72,187,797.05,-0.67,-0.04,0.16,59.93,-0.46,0.31,0.31
Forwards,Forwards,2024–25,20242025,152,8474586,Jordan Eberle,71,180,683.05,-1.16,-0.06,0.16,59.7,-0.64,0.47,0.32
Forwards,Forwards,2024–25,20242025,153,8474149,Evgenii Dadonov,71,188,1082.67,-0.88,-0.04,0.15,59.46,-0.51,0.42,0.24
Forwards,Forwards,2024–25,20242025,154,8477402,Pavel Buchnevich,73,196,1446.02,-0.11,0.04,0.14,59,-0.08,0.2,0.02
Forwards,Forwards,2024–25,20242025,155,8481540,Cole Caufield,68,175,1482.23,-2.07,-0.2,0.14,58.76,-0.37,-0.24,0.75
Forwards,Forwards,2024–25,20242025,156,8478472,Mathieu Joseph,73,189,714.45,-0.35,0,0.13,58.53,0.45,-0.48,0.16
Forwards,Forwards,2024–25,20242025,157,8481528,Dylan Cozens,75,205,1398.98,0.69,0.14,0.13,58.29,0.97,-0.55,-0.28
Forwards,Forwards,2024–25,20242025,158,8478856,Conor Garland,70,165,1511.02,-1.92,-0.14,0.13,58.06,-0.17,-0.25,0.55
Forwards,Forwards,2024–25,20242025,159,8482110,Dawson Mercer,72,180,1466.45,-0.91,-0.05,0.13,57.59,-0.6,0.47,0.25
Forwards,Forwards,2024–25,20242025,160,8480748,Kiefer Sherwood,72,194,1161.35,-0.43,-0.01,0.11,57.36,0.83,-0.86,0.14
Forwards,Forwards,2024–25,20242025,161,8477494,Jonathan Drouin,71,189,781.85,-0.85,-0.1,0.1,57.13,-0.68,0.43,0.35
Forwards,Forwards,2024–25,20242025,162,8477987,Ryan Donato,72,190,1304.73,-0.57,-0.05,0.09,56.89,-0.07,-0.11,0.26
Forwards,Forwards,2024–25,20242025,163,8474102,David Perron,72,202,602.87,-0.15,0.01,0.08,56.66,-0.02,0.07,0.03
Forwards,Forwards,2024–25,20242025,164,8482768,Fedor Svechkov,72,187,670.02,-0.67,-0.04,0.07,56.43,-0.17,0.06,0.18
Forwards,Forwards,2024–25,20242025,165,8480448,Parker Kelly,73,185,1019.5,-0.49,-0.06,0.06,55.96,0.34,-0.48,0.2
Forwards,Forwards,2024–25,20242025,166,8480002,Nico Hischier,73,200,1529.1,0.03,0.02,0.06,55.72,-0.5,0.57,-0.02
Forwards,Forwards,2024–25,20242025,167,8480762,Eric Robinson,74,220,1005.42,0.96,0.14,0.05,55.49,-0.34,0.8,-0.41
Forwards,Forwards,2024–25,20242025,168,8474141,Patrick Kane,70,176,1294.52,-1.54,-0.21,0.04,55.26,-0.37,-0.23,0.65
Forwards,Forwards,2024–25,20242025,169,8481043,Cole Koepke,73,207,820.97,0.27,0.04,0.04,55.02,0.23,-0.1,-0.09
Forwards,Forwards,2024–25,20242025,170,8482149,Cole Perfetti,71,185,1245.33,-0.98,-0.09,0.03,54.79,-0.25,0,0.27
Forwards,Forwards,2024–25,20242025,171,8480848,Ty Dellandrea,74,185,802.7,-0.24,-0.04,0.02,54.09,1.17,-1.25,0.1
Forwards,Forwards,2024–25,20242025,172,8476458,Ryan Strome,73,192,1367.98,-0.25,-0.02,0.01,53.86,0.29,-0.4,0.12
Forwards,Forwards,2024–25,20242025,173,8475784,Jeff Skinner,71,200,935.98,-0.47,-0.05,-0,53.62,-0.35,0.19,0.15
Forwards,Forwards,2024–25,20242025,174,8475799,Nino Niederreiter,74,218,1217.87,0.89,0.11,-0.01,53.39,-0.04,0.41,-0.38
Forwards,Forwards,2024–25,20242025,175,8479314,Matthew Tkachuk,74,202,948.03,0.34,0.04,-0.01,53.15,0.37,-0.25,-0.14
Forwards,Forwards,2024–25,20242025,176,8477353,Tyler Motte,70,194,622.28,-0.92,-0.15,-0.03,52.92,-0.36,-0.05,0.39
Forwards,Forwards,2024–25,20242025,177,8479675,Trevor Moore,71,195,1198.27,-0.64,-0.08,-0.04,52.69,-0.2,-0.05,0.22
Forwards,Forwards,2024–25,20242025,178,8482259,Bobby McMann,74,217,1072.75,0.86,0.07,-0.04,52.45,0.11,0.12,-0.26
Forwards,Forwards,2024–25,20242025,179,8477503,Max Domi,70,208,1048.67,-0.44,-0.06,-0.05,52.22,0.47,-0.66,0.14
Forwards,Forwards,2024–25,20242025,180,8478493,Joel Eriksson Ek,75,207,909.25,0.76,0.05,-0.06,51.99,-0.01,0.18,-0.24
Forwards,Forwards,2024–25,20242025,181,8478402,Connor McDavid,73,194,1476.1,-0.18,-0.04,-0.07,51.75,-0.86,0.71,0.08
Forwards,Forwards,2024–25,20242025,182,8480849,Barrett Hayton,73,200,1320.32,0.03,-0.03,-0.08,51.52,-0.88,0.81,-0.01
Forwards,Forwards,2024–25,20242025,183,8478874,Adam Gaudette,73,190,844.22,-0.32,-0.07,-0.08,51.29,-0.08,-0.15,0.15
Forwards,Forwards,2024–25,20242025,184,8479407,Jesper Bratt,70,175,1534.8,-1.57,-0.21,-0.08,51.05,-0.18,-0.45,0.55
Forwards,Forwards,2024–25,20242025,185,8476927,Teddy Blueger,72,185,1174.02,-0.74,-0.11,-0.08,50.82,0.24,-0.57,0.25
Forwards,Forwards,2024–25,20242025,186,8476897,Oskar Sundqvist,75,210,884.92,0.86,0.09,-0.1,50.58,0.02,0.23,-0.35
Forwards,Forwards,2024–25,20242025,187,8481533,Trevor Zegras,72,185,971.23,-0.74,-0.11,-0.1,50.35,0.15,-0.49,0.25
Forwards,Forwards,2024–25,20242025,188,8476921,Jordan Martinook,73,208,1208.43,0.3,0.01,-0.11,50.12,-0.31,0.34,-0.14
Forwards,Forwards,2024–25,20242025,189,8482713,Mackie Samoskevich,71,180,959.2,-1.16,-0.21,-0.11,49.88,-0.13,-0.52,0.54
Forwards,Forwards,2024–25,20242025,190,8481032,Paul Cotter,74,213,1033.18,0.72,0.06,-0.11,49.65,0.36,-0.2,-0.27
Forwards,Forwards,2024–25,20242025,191,8480208,Drake Batherson,75,209,1487.68,0.83,0.1,-0.12,49.42,0.23,0.04,-0.39
Forwards,Forwards,2024–25,20242025,192,8479390,Taylor Raddysh,74,201,988.87,0.31,-0.01,-0.12,49.18,-0.17,0.18,-0.13
Forwards,Forwards,2024–25,20242025,193,8476461,Sean Couturier,76,210,1366.2,1.11,0.07,-0.13,48.95,-0.08,0.3,-0.34
Forwards,Forwards,2024–25,20242025,194,8476454,Ryan Nugent-Hopkins,73,192,1479.88,-0.25,-0.07,-0.13,48.71,-0.64,0.45,0.06
Forwards,Forwards,2024–25,20242025,195,8479351,Sam Steel,72,185,1117.08,-0.74,-0.12,-0.14,48.48,-0.19,-0.16,0.2
Forwards,Forwards,2024–25,20242025,196,8482117,Lukas Reichel,72,170,833.78,-1.25,-0.19,-0.14,48.25,-0.59,0.01,0.43
Forwards,Forwards,2024–25,20242025,197,8476460,Mark Scheifele,75,207,1676.07,0.76,0.05,-0.15,48.01,-0.36,0.5,-0.29
Forwards,Forwards,2024–25,20242025,198,8477949,Alex Tuch,76,219,1578.85,1.42,0.13,-0.15,47.78,0.45,-0.08,-0.52
Forwards,Forwards,2024–25,20242025,199,8475191,Reilly Smith,73,185,1219.82,-0.49,-0.12,-0.16,47.55,-0.24,-0.15,0.23
Forwards,Forwards,2024–25,20242025,200,8476483,Rickard Rakell,73,194,1563.1,-0.18,-0.07,-0.17,47.31,-0.4,0.18,0.05
Forwards,Forwards,2024–25,20242025,201,8482109,Alexis Lafrenière,74,191,1394.45,-0.04,-0.06,-0.19,47.08,-0.09,-0.09,-0
Forwards,Forwards,2024–25,20242025,202,8480798,Philipp Kurashev,72,190,699.68,-0.57,-0.12,-0.19,46.85,-0.27,-0.11,0.19
Forwards,Forwards,2024–25,20242025,203,8478020,Michael Amadio,73,206,1014.9,0.23,-0.04,-0.2,46.61,0.02,-0.14,-0.08
Forwards,Forwards,2024–25,20242025,204,8477479,Tyler Bertuzzi,74,200,1312.23,0.27,-0.03,-0.2,46.38,-0.31,0.22,-0.11
Forwards,Forwards,2024–25,20242025,205,8482740,Wyatt Johnston,73,187,1551.92,-0.42,-0.11,-0.2,46.14,-0.87,0.53,0.14
Forwards,Forwards,2024–25,20242025,206,8480845,Rasmus Kupari,74,201,605.3,0.31,-0.02,-0.21,45.91,0.07,-0.14,-0.14
Forwards,Forwards,2024–25,20242025,207,8474189,Lars Eller,74,207,1063.32,0.51,-0.02,-0.21,45.68,-0.09,0.05,-0.16
Forwards,Forwards,2024–25,20242025,208,8475413,Justin Dowling,71,178,531.58,-1.22,-0.25,-0.21,45.44,-0.37,-0.36,0.51
Forwards,Forwards,2024–25,20242025,209,8483493,Frank Nazar,70,190,841.18,-1.06,-0.23,-0.21,45.21,-0.85,0.2,0.44
Forwards,Forwards,2024–25,20242025,210,8480813,Joseph Veleno,73,201,896.75,0.06,-0.07,-0.21,44.98,0.31,-0.49,-0.03
Forwards,Forwards,2024–25,20242025,211,8478115,Pierre Engvall,78,208,732.68,1.54,0.12,-0.22,44.74,-0.06,0.4,-0.57
Forwards,Forwards,2024–25,20242025,212,8477953,Kasperi Kapanen,73,194,798.62,-0.18,-0.09,-0.22,44.51,0.51,-0.78,0.05
Forwards,Forwards,2024–25,20242025,213,8479400,Pierre-Luc Dubois,76,220,1418.58,1.45,0.16,-0.22,44.28,-0.25,0.71,-0.68
Forwards,Forwards,2024–25,20242025,214,8477952,Robby Fabbri,71,185,713,-0.98,-0.19,-0.22,44.04,0.02,-0.58,0.34
Forwards,Forwards,2024–25,20242025,215,8477501,Valeri Nichushkin,76,210,848.82,1.11,0.07,-0.23,43.81,0.08,0.17,-0.47
Forwards,Forwards,2024–25,20242025,216,8477406,Mattias Janmark,74,205,1063.78,0.44,-0.02,-0.25,43.34,-0.71,0.64,-0.18
Forwards,Forwards,2024–25,20242025,217,8475158,Ryan O'Reilly,73,207,1500.08,0.27,-0.06,-0.26,43.11,-0.53,0.37,-0.09
Forwards,Forwards,2024–25,20242025,218,8481618,Alex Newhook,71,200,1240.83,-0.47,-0.14,-0.26,42.87,-0.26,-0.15,0.15
Forwards,Forwards,2024–25,20242025,219,8482155,Alex Laferriere,73,205,1272.95,0.2,-0.04,-0.26,42.64,-0.02,-0.14,-0.09
Forwards,Forwards,2024–25,20242025,220,8478975,Mason Marchment,77,212,951.07,1.43,0.05,-0.27,42.41,0.22,-0.06,-0.43
Forwards,Forwards,2024–25,20242025,221,8481624,Ilya Mikheyev,74,192,1254.15,-0,-0.1,-0.28,42.17,-0.42,0.14,-0
Forwards,Forwards,2024–25,20242025,222,8482667,William Eklund,70,185,1505.6,-1.23,-0.28,-0.28,41.94,-0.63,-0.17,0.52
Forwards,Forwards,2024–25,20242025,223,8478519,Anthony Cirelli,73,193,1495.23,-0.22,-0.13,-0.29,41.71,-0.95,0.57,0.09
Forwards,Forwards,2024–25,20242025,224,8477409,Carter Verhaeghe,74,183,1447.4,-0.31,-0.13,-0.29,41.47,-0.14,-0.25,0.1
Forwards,Forwards,2024–25,20242025,225,8478046,Danton Heinen,74,187,1061.98,-0.17,-0.13,-0.29,41.24,0.19,-0.55,0.07
Forwards,Forwards,2024–25,20242025,226,8482145,Mavrik Bourque,71,187,925.93,-0.92,-0.19,-0.3,41,-0.47,-0.08,0.25
Forwards,Forwards,2024–25,20242025,227,8482737,Zachary Bolduc,72,187,922.05,-0.67,-0.17,-0.3,40.77,0.14,-0.67,0.23
Forwards,Forwards,2024–25,20242025,228,8473453,Trevor Lewis,73,205,613.3,0.2,-0.08,-0.3,40.54,0.81,-1.03,-0.09
Forwards,Forwards,2024–25,20242025,229,8480012,Elias Pettersson,74,176,1194.27,-0.55,-0.19,-0.3,40.3,-0.58,0.05,0.23
Forwards,Forwards,2024–25,20242025,230,8476871,Tanner Pearson,73,207,919.35,0.27,-0.05,-0.31,40.07,-0.08,-0.1,-0.13
Forwards,Forwards,2024–25,20242025,231,8475763,Kevin Hayes,75,217,771.03,1.1,0,-0.31,39.84,-0.41,0.43,-0.34
Forwards,Forwards,2024–25,20242025,232,8479291,Kevin Rooney,74,190,659.17,-0.07,-0.12,-0.31,39.6,0.03,-0.37,0.03
Forwards,Forwards,2024–25,20242025,233,8477933,Sam Reinhart,73,196,1619.68,-0.11,-0.12,-0.31,39.37,-0.33,0,0.02
Forwards,Forwards,2024–25,20242025,234,8482113,Anton Lundell,73,196,1320.28,-0.11,-0.11,-0.31,39.14,0.03,-0.37,0.02
Forwards,Forwards,2024–25,20242025,235,8477021,Alexander Kerfoot,71,185,1235.53,-0.98,-0.22,-0.32,38.9,-0.82,0.17,0.34
Forwards,Forwards,2024–25,20242025,236,8482476,Emil Heineman,74,204,706.32,0.41,-0.05,-0.32,38.67,0.45,-0.61,-0.16
Forwards,Forwards,2024–25,20242025,237,8478542,Evan Rodrigues,71,182,1247.97,-1.09,-0.27,-0.33,38.2,0.14,-0.97,0.51
Forwards,Forwards,2024–25,20242025,238,8482074,Connor Zary,72,178,868,-0.98,-0.26,-0.34,37.97,-1.35,0.6,0.41
Forwards,Forwards,2024–25,20242025,239,8475726,Tyler Toffoli,72,205,1320.5,-0.05,-0.11,-0.34,37.73,-0.25,-0.08,-0
Forwards,Forwards,2024–25,20242025,240,8477456,J.T. Compher,72,191,1267.77,-0.53,-0.17,-0.35,37.5,-0.98,0.46,0.18
Forwards,Forwards,2024–25,20242025,241,8482055,Drew O'Connor,76,209,1214.85,1.08,0.02,-0.35,37.27,-0.26,0.31,-0.4
Forwards,Forwards,2024–25,20242025,242,8484387,Matvei Michkov,70,172,1334.75,-1.68,-0.37,-0.35,37.03,-0.92,-0.21,0.78
Forwards,Forwards,2024–25,20242025,243,8482177,Marat Khusnutdinov,71,184,906.38,-1.02,-0.22,-0.35,36.8,-0.08,-0.56,0.28
Forwards,Forwards,2024–25,20242025,244,8480289,Morgan Barron,76,220,767.77,1.45,0.05,-0.39,36.57,-0.08,0.23,-0.54
Forwards,Forwards,2024–25,20242025,245,8483431,Logan Cooley,72,191,1339.6,-0.53,-0.19,-0.39,36.33,-0.51,-0.05,0.17
Forwards,Forwards,2024–25,20242025,246,8477450,Jason Dickinson,74,200,926.25,0.27,-0.09,-0.39,36.1,0.38,-0.66,-0.11
Forwards,Forwards,2024–25,20242025,247,8479638,Justin Brazeau,78,232,901.72,2.36,0.09,-0.4,35.86,-0.1,0.4,-0.7
Forwards,Forwards,2024–25,20242025,248,8479542,Brandon Hagel,74,186,1700.95,-0.21,-0.16,-0.41,35.63,-0.28,-0.17,0.05
Forwards,Forwards,2024–25,20242025,249,8482705,Cole Sillinger,72,202,1116.3,-0.15,-0.17,-0.41,35.4,-0.09,-0.38,0.06
Forwards,Forwards,2024–25,20242025,250,8478427,Sebastian Aho,72,189,1587.92,-0.6,-0.23,-0.41,35.16,-0.32,-0.34,0.25
Forwards,Forwards,2024–25,20242025,251,8474679,Gustav Nyquist,71,180,1331.43,-1.16,-0.28,-0.42,34.7,-0.71,-0.12,0.41
Forwards,Forwards,2024–25,20242025,252,8476889,Radek Faksa,75,216,911.65,1.07,0.04,-0.42,34.46,0.3,-0.22,-0.5
Forwards,Forwards,2024–25,20242025,253,8476456,Jonathan Huberdeau,73,200,1582.9,0.03,-0.13,-0.43,34.23,-0.49,0.09,-0.03
Forwards,Forwards,2024–25,20242025,254,8479996,Cody Glass,75,201,887.62,0.55,-0.07,-0.44,34,-0.27,0.05,-0.21
Forwards,Forwards,2024–25,20242025,255,8474564,Steven Stamkos,73,193,1475.98,-0.22,-0.16,-0.44,33.76,0.15,-0.65,0.06
Forwards,Forwards,2024–25,20242025,256,8477505,Alexander Wennberg,74,190,1452,-0.07,-0.15,-0.44,33.53,-0.75,0.3,0.01
Forwards,Forwards,2024–25,20242025,257,8482745,Mason McTavish,73,219,1282.55,0.68,-0.08,-0.44,33.29,-0.12,-0.11,-0.21
Forwards,Forwards,2024–25,20242025,258,8478439,Travis Konecny,70,192,1689.43,-0.99,-0.26,-0.44,33.06,-0.08,-0.71,0.34
Forwards,Forwards,2024–25,20242025,259,8482451,Mikael Pyyhtia,72,178,568.68,-0.98,-0.27,-0.47,32.83,-0.4,-0.4,0.33
Forwards,Forwards,2024–25,20242025,260,8478440,Dylan Strome,76,200,1425.47,0.77,-0.06,-0.48,32.59,-0.41,0.22,-0.29
Forwards,Forwards,2024–25,20242025,261,8479337,Alex DeBrincat,68,180,1465.43,-1.9,-0.35,-0.48,32.36,-0.64,-0.38,0.54
Forwards,Forwards,2024–25,20242025,262,8475151,Kyle Palmieri,72,192,1518.33,-0.5,-0.22,-0.49,32.13,-0.64,-0.01,0.16
Forwards,Forwards,2024–25,20242025,263,8478904,Steven Lorentz,76,219,844.23,1.42,0.03,-0.49,31.89,0.41,-0.29,-0.6
Forwards,Forwards,2024–25,20242025,264,8477497,Sean Monahan,74,206,1026.8,0.48,-0.11,-0.52,31.66,-0.22,-0.11,-0.19
Forwards,Forwards,2024–25,20242025,265,8477989,Christian Dvorak,73,190,1249.98,-0.32,-0.21,-0.53,31.43,-0.82,0.2,0.1
Forwards,Forwards,2024–25,20242025,266,8471215,Evgeni Malkin,77,213,1209.42,1.46,0.01,-0.53,31.19,-0.52,0.53,-0.54
Forwards,Forwards,2024–25,20242025,267,8475168,Matt Duchene,71,211,1405.72,-0.09,-0.18,-0.54,30.96,-0.69,0.14,0.02
Forwards,Forwards,2024–25,20242025,268,8479999,Casey Mittelstadt,73,205,1382.17,0.2,-0.14,-0.54,30.72,-0.87,0.43,-0.09
Forwards,Forwards,2024–25,20242025,269,8482159,Tyson Foerster,74,215,1365.87,0.79,-0.08,-0.55,30.49,-0.2,-0.02,-0.34
Forwards,Forwards,2024–25,20242025,270,8478398,Kyle Connor,73,183,1672.37,-0.56,-0.27,-0.55,30.26,-0.62,-0.17,0.23
Forwards,Forwards,2024–25,20242025,271,8482702,Logan Stankoven,68,165,1177.12,-2.41,-0.47,-0.55,30.02,-1.1,-0.3,0.85
Forwards,Forwards,2024–25,20242025,272,8477998,Warren Foegele,74,205,1325.85,0.44,-0.11,-0.56,29.79,-0.38,0.03,-0.21
Forwards,Forwards,2024–25,20242025,273,8478449,Roope Hintz,75,217,1283.73,1.1,-0.05,-0.56,29.56,-0.27,0.12,-0.41
Forwards,Forwards,2024–25,20242025,274,8477429,Andrew Copp,73,200,823.33,0.03,-0.18,-0.56,29.32,-0.75,0.21,-0.03
Forwards,Forwards,2024–25,20242025,275,8480188,Fabian Zetterlund,71,208,1372.72,-0.19,-0.21,-0.56,29.09,0.07,-0.73,0.09
Forwards,Forwards,2024–25,20242025,276,8478133,Jake Evans,72,190,1275.4,-0.57,-0.25,-0.57,28.86,-0.23,-0.49,0.15
Forwards,Forwards,2024–25,20242025,277,8480829,Jesperi Kotkaniemi,75,212,1096.62,0.93,-0.04,-0.59,28.39,-0.06,-0.09,-0.44
Forwards,Forwards,2024–25,20242025,278,8473986,Alex Killorn,73,205,1416.63,0.2,-0.16,-0.59,28.15,-0.24,-0.26,-0.09
Forwards,Forwards,2024–25,20242025,279,8475225,Craig Smith,73,203,668.98,0.13,-0.17,-0.6,27.92,0.33,-0.86,-0.07
Forwards,Forwards,2024–25,20242025,280,8481604,Pavel Dorofeyev,73,194,1355.18,-0.18,-0.21,-0.6,27.69,-0.64,-0,0.05
Forwards,Forwards,2024–25,20242025,281,8482077,Dylan Holloway,73,207,1295.48,0.27,-0.17,-0.6,27.45,-0.07,-0.44,-0.09
Forwards,Forwards,2024–25,20242025,282,8481601,Simon Holmstrom,73,208,1264.87,0.3,-0.17,-0.6,27.22,-0.65,0.15,-0.1
Forwards,Forwards,2024–25,20242025,283,8477407,Anthony Duclair,72,198,661.83,-0.29,-0.24,-0.6,26.99,-0.69,-0.05,0.13
Forwards,Forwards,2024–25,20242025,284,8482201,Gage Goncalves,73,189,767.62,-0.35,-0.25,-0.61,26.75,-0.39,-0.38,0.16
Forwards,Forwards,2024–25,20242025,285,8475798,Mikael Granlund,70,193,1614.33,-0.96,-0.31,-0.63,26.29,-0.34,-0.56,0.27
Forwards,Forwards,2024–25,20242025,286,8476438,Brandon Saad,73,207,1066.93,0.27,-0.18,-0.64,26.05,-1.42,0.9,-0.12
Forwards,Forwards,2024–25,20242025,287,8475913,Mark Stone,75,210,1270.78,0.86,-0.13,-0.65,25.82,-0.63,0.25,-0.27
Forwards,Forwards,2024–25,20242025,288,8482078,Lucas Raymond,71,186,1540.23,-0.95,-0.31,-0.65,25.58,-0.65,-0.27,0.26
Forwards,Forwards,2024–25,20242025,289,8483447,Conor Geekie,76,212,640.92,1.18,-0.06,-0.66,25.35,-0.02,-0.17,-0.46
Forwards,Forwards,2024–25,20242025,290,8480018,Nick Suzuki,71,207,1644.97,-0.23,-0.25,-0.69,24.88,-0.61,-0.13,0.05
Forwards,Forwards,2024–25,20242025,291,8477919,Freddy Gaudreau,72,184,1284.25,-0.77,-0.31,-0.69,24.65,-0.55,-0.35,0.21
Forwards,Forwards,2024–25,20242025,292,8476469,Joel Armia,75,215,1158.47,1.04,-0.1,-0.71,24.42,0.1,-0.42,-0.39
Forwards,Forwards,2024–25,20242025,293,8476448,William Karlsson,72,190,901.75,-0.57,-0.29,-0.71,24.18,-0.86,-0.01,0.15
Forwards,Forwards,2024–25,20242025,294,8476887,Filip Forsberg,73,205,1527.48,0.2,-0.22,-0.72,23.95,0.3,-0.93,-0.09
Forwards,Forwards,2024–25,20242025,295,8475172,Nazem Kadri,72,185,1587.1,-0.74,-0.32,-0.72,23.71,-0.52,-0.45,0.25
Forwards,Forwards,2024–25,20242025,296,8483468,Jiri Kulich,73,193,917.15,-0.22,-0.26,-0.72,23.48,-0.15,-0.63,0.06
Forwards,Forwards,2024–25,20242025,297,8478831,Kevin Stenlund,75,213,1176.78,0.97,-0.15,-0.72,23.25,-0.04,-0.38,-0.3
Forwards,Forwards,2024–25,20242025,298,8477946,Dylan Larkin,73,204,1645.8,0.16,-0.23,-0.72,23.01,-0.56,-0.1,-0.06
Forwards,Forwards,2024–25,20242025,299,8481013,Jonatan Berggren,71,195,973.28,-0.64,-0.31,-0.73,22.78,-0.51,-0.4,0.17
Forwards,Forwards,2024–25,20242025,300,8478414,Timo Meier,73,220,1428.77,0.71,-0.15,-0.73,22.55,-0.02,-0.43,-0.29
Forwards,Forwards,2024–25,20242025,301,8475760,Nick Bjugstad,78,210,812.88,1.6,-0.05,-0.74,22.31,-0.03,-0.12,-0.59
Forwards,Forwards,2024–25,20242025,302,8478444,Brock Boeser,73,208,1362.1,0.3,-0.19,-0.74,22.08,-0.04,-0.56,-0.14
Forwards,Forwards,2024–25,20242025,303,8477416,Oliver Bjorkstrand,72,175,1196.72,-1.08,-0.37,-0.74,21.85,-0.1,-1.02,0.38
Forwards,Forwards,2024–25,20242025,304,8478483,Mitch Marner,72,180,1726.55,-0.91,-0.39,-0.75,21.61,-0.4,-0.73,0.38
Forwards,Forwards,2024–25,20242025,305,8477492,Nathan MacKinnon,72,200,1799.82,-0.22,-0.27,-0.76,21.38,-0.5,-0.32,0.06
Forwards,Forwards,2024–25,20242025,306,8478401,Pavel Zacha,76,211,1563.12,1.14,-0.07,-0.77,21.14,-0.38,0.15,-0.54
Forwards,Forwards,2024–25,20242025,307,8482146,Luke Evangelista,72,183,943.27,-0.81,-0.35,-0.77,20.91,-0.88,-0.16,0.27
Forwards,Forwards,2024–25,20242025,308,8481556,John Beecher,75,220,880.12,1.21,-0.1,-0.77,20.68,0.28,-0.54,-0.51
Forwards,Forwards,2024–25,20242025,309,8483808,Andrei Kuzmenko,71,200,1031.58,-0.47,-0.31,-0.79,20.44,-1.1,0.16,0.15
Forwards,Forwards,2024–25,20242025,310,8484801,Macklin Celebrini,72,190,1385.17,-0.57,-0.32,-0.8,20.21,-0.37,-0.58,0.15
Forwards,Forwards,2024–25,20242025,311,8484911,Collin Graf,73,190,523.37,-0.32,-0.3,-0.8,19.98,-0.68,-0.2,0.08
Forwards,Forwards,2024–25,20242025,312,8481559,Jack Hughes,71,175,1295.85,-1.33,-0.4,-0.81,19.74,-1.08,-0.1,0.38
Forwards,Forwards,2024–25,20242025,313,8480068,Ryan Poehling,74,206,943.83,0.48,-0.2,-0.81,19.51,-1.13,0.52,-0.2
Forwards,Forwards,2024–25,20242025,314,8479318,Auston Matthews,75,215,1371.63,1.04,-0.14,-0.82,19.28,-0.15,-0.22,-0.44
Forwards,Forwards,2024–25,20242025,315,8484144,Connor Bedard,70,190,1663.42,-1.06,-0.43,-0.82,19.04,-0.31,-1.01,0.49
Forwards,Forwards,2024–25,20242025,316,8478109,Victor Olofsson,71,180,811.87,-1.16,-0.4,-0.82,18.81,-0.53,-0.69,0.4
Forwards,Forwards,2024–25,20242025,317,8478445,Mathew Barzal,73,186,610.48,-0.46,-0.32,-0.83,18.57,-0.27,-0.71,0.15
Forwards,Forwards,2024–25,20242025,318,8484153,Leo Carlsson,75,208,1234.27,0.79,-0.2,-0.83,18.34,-0.72,0.14,-0.25
Forwards,Forwards,2024–25,20242025,319,8481596,Shane Pinto,75,206,1228.98,0.73,-0.18,-0.83,18.11,-0.08,-0.46,-0.29
Forwards,Forwards,2024–25,20242025,320,8481554,Kaapo Kakko,73,215,1233.68,0.54,-0.19,-0.84,17.87,-0.21,-0.37,-0.25
Forwards,Forwards,2024–25,20242025,321,8475692,Mats Zuccarello,68,181,1356.28,-1.86,-0.55,-0.84,17.64,-0.74,-0.89,0.78
Forwards,Forwards,2024–25,20242025,322,8477380,Jonny Brodzinski,72,206,595.43,-0.02,-0.28,-0.84,17.41,-0.5,-0.33,-0.01
Forwards,Forwards,2024–25,20242025,323,8477015,Connor Brown,72,184,1148.8,-0.77,-0.39,-0.85,17.17,-1.14,-0.07,0.36
Forwards,Forwards,2024–25,20242025,324,8480015,Owen Tippett,73,210,1231.37,0.37,-0.24,-0.88,16.94,-0.12,-0.6,-0.16
Forwards,Forwards,2024–25,20242025,325,8473512,Claude Giroux,71,186,1474.63,-0.95,-0.41,-0.89,16.71,-0.16,-1.06,0.33
Forwards,Forwards,2024–25,20242025,326,8471685,Anze Kopitar,75,225,1535.42,1.38,-0.13,-0.89,16.47,-0.74,0.36,-0.51
Forwards,Forwards,2024–25,20242025,327,8478864,Kirill Kaprizov,70,202,921.15,-0.65,-0.37,-0.9,16.24,-0.91,-0.21,0.22
Forwards,Forwards,2024–25,20242025,328,8477426,Nick Paul,76,234,1249.65,1.94,-0.12,-0.92,16,-0.55,0.22,-0.58
Forwards,Forwards,2024–25,20242025,329,8477493,Aleksander Barkov,75,214,1357.28,1,-0.18,-0.92,15.77,-0.18,-0.31,-0.43
Forwards,Forwards,2024–25,20242025,330,8480027,Jason Robertson,75,204,1459.07,0.66,-0.25,-0.93,15.54,-0.45,-0.27,-0.21
Forwards,Forwards,2024–25,20242025,331,8476905,Chandler Stephenson,72,201,1521.73,-0.19,-0.35,-0.94,15.3,-0.63,-0.38,0.07
Forwards,Forwards,2024–25,20242025,332,8477500,Bo Horvat,73,225,1634.05,0.89,-0.23,-0.95,14.84,-0.47,-0.21,-0.27
Forwards,Forwards,2024–25,20242025,333,8480802,Ryan McLeod,75,204,1329.32,0.66,-0.26,-0.95,14.6,-0.82,0.07,-0.21
Forwards,Forwards,2024–25,20242025,334,8482660,Kent Johnson,72,170,1175.98,-1.25,-0.46,-0.96,14.37,-0.94,-0.45,0.43
Forwards,Forwards,2024–25,20242025,335,8482125,Alexander Holtz,72,198,614,-0.29,-0.35,-0.97,14.14,-0.29,-0.75,0.07
Forwards,Forwards,2024–25,20242025,336,8482659,Josh Doan,74,198,689.45,0.2,-0.31,-0.99,13.9,-0.41,-0.49,-0.09
Forwards,Forwards,2024–25,20242025,337,8476453,Nikita Kucherov,72,173,1652.78,-1.15,-0.47,-1.01,13.43,-0.77,-0.65,0.41
Forwards,Forwards,2024–25,20242025,338,8477960,Adrian Kempe,74,205,1551.58,0.44,-0.27,-1.01,13.2,0.28,-1.11,-0.19
Forwards,Forwards,2024–25,20242025,339,8478042,Viktor Arvidsson,70,181,1004.77,-1.37,-0.54,-1.01,12.97,-0.81,-0.84,0.64
Forwards,Forwards,2024–25,20242025,340,8474150,Mikael Backlund,72,206,1424,-0.02,-0.33,-1.02,12.73,-0.26,-0.77,0.01
Forwards,Forwards,2024–25,20242025,341,8480835,Jack Drury,71,186,930.22,-0.95,-0.47,-1.07,12.27,-0.7,-0.71,0.33
Forwards,Forwards,2024–25,20242025,342,8481517,Brett Leason,77,220,804.83,1.7,-0.14,-1.08,11.8,0.01,-0.42,-0.66
Forwards,Forwards,2024–25,20242025,343,8478420,Mikko Rantanen,76,228,1742.43,1.73,-0.2,-1.09,11.57,-0.44,-0.14,-0.52
Forwards,Forwards,2024–25,20242025,344,8483445,Cutter Gauthier,74,205,1160.75,0.44,-0.31,-1.1,11.33,-0.22,-0.68,-0.19
Forwards,Forwards,2024–25,20242025,345,8479385,Jordan Kyrou,73,189,1433.57,-0.35,-0.43,-1.12,11.1,-0.76,-0.51,0.14
Forwards,Forwards,2024–25,20242025,346,8479987,Morgan Geekie,75,212,1302.87,0.93,-0.27,-1.15,10.63,-0.28,-0.53,-0.35
Forwards,Forwards,2024–25,20242025,347,8480014,Gabriel Vilardi,75,216,1287.67,1.07,-0.26,-1.19,10.4,-1.49,0.75,-0.46
Forwards,Forwards,2024–25,20242025,348,8477939,William Nylander,72,200,1599.78,-0.22,-0.44,-1.2,10.16,-0.96,-0.34,0.09
Forwards,Forwards,2024–25,20242025,349,8480078,Filip Chytil,74,210,838.2,0.62,-0.32,-1.21,9.93,-1.13,0.18,-0.25
Forwards,Forwards,2024–25,20242025,350,8477940,Nikolaj Ehlers,72,168,1089.85,-1.32,-0.6,-1.21,9.7,-0.84,-0.99,0.62
Forwards,Forwards,2024–25,20242025,351,8481557,Matt Boldy,74,201,1663.63,0.31,-0.36,-1.22,9.46,-0.61,-0.47,-0.14
Forwards,Forwards,2024–25,20242025,352,8479343,Clayton Keller,70,175,1548.57,-1.57,-0.59,-1.22,9.23,-1.31,-0.47,0.57
Forwards,Forwards,2024–25,20242025,353,8477951,Nick Schmaltz,72,184,1524.23,-0.77,-0.52,-1.22,9,-1.44,-0.14,0.36
Forwards,Forwards,2024–25,20242025,354,8482175,John-Jason Peterka,72,189,1400.17,-0.6,-0.47,-1.22,8.76,-0.91,-0.47,0.16
Forwards,Forwards,2024–25,20242025,355,8484166,Adam Fantilli,74,205,1433.18,0.44,-0.35,-1.24,8.53,-0.54,-0.51,-0.19
Forwards,Forwards,2024–25,20242025,356,8482679,Matt Coronato,70,183,1353.63,-1.3,-0.58,-1.29,8.06,-0.84,-0.91,0.46
Forwards,Forwards,2024–25,20242025,357,8477934,Leon Draisaitl,74,209,1527.73,0.58,-0.33,-1.3,7.83,-1.19,0.16,-0.27
Forwards,Forwards,2024–25,20242025,358,8477955,Jared McCann,73,191,1411.28,-0.28,-0.48,-1.36,7.36,-0.41,-1.04,0.09
Forwards,Forwards,2024–25,20242025,359,8475149,Marcus Johansson,73,203,1179.6,0.13,-0.43,-1.37,7.13,-0.83,-0.48,-0.06
Forwards,Forwards,2024–25,20242025,360,8476882,Teuvo Teravainen,71,191,1399.38,-0.78,-0.55,-1.38,6.89,-0.42,-1.23,0.26
Forwards,Forwards,2024–25,20242025,361,8480840,Oskar Bäck,76,207,854.37,1.01,-0.33,-1.39,6.66,-1.27,0.31,-0.43
Forwards,Forwards,2024–25,20242025,362,8475754,Brock Nelson,76,205,1513,0.94,-0.35,-1.43,6.43,-0.94,-0.11,-0.37
Forwards,Forwards,2024–25,20242025,363,8482124,Quinton Byfield,77,230,1508.5,2.04,-0.2,-1.45,6.19,-0.56,-0.02,-0.87
Forwards,Forwards,2024–25,20242025,364,8480039,Martin Necas,75,195,1500.88,0.35,-0.45,-1.45,5.96,-0.72,-0.62,-0.12
Forwards,Forwards,2024–25,20242025,365,8475765,Vladimir Tarasenko,73,219,1182.47,0.68,-0.39,-1.45,5.72,-0.59,-0.58,-0.28
Forwards,Forwards,2024–25,20242025,366,8478403,Jack Eichel,74,208,1581.08,0.55,-0.44,-1.46,5.49,-0.86,-0.42,-0.17
Forwards,Forwards,2024–25,20242025,367,8478873,Troy Terry,72,193,1451.38,-0.46,-0.54,-1.48,5.26,-1.3,-0.33,0.15
Forwards,Forwards,2024–25,20242025,368,8482699,Dylan Guenther,73,191,1189.8,-0.28,-0.52,-1.48,5.02,-0.4,-1.16,0.08
Forwards,Forwards,2024–25,20242025,369,8477942,Kevin Fiala,72,205,1499.6,-0.05,-0.5,-1.51,4.79,-0.56,-0.97,0.02
Forwards,Forwards,2024–25,20242025,370,8482097,Jack Quinn,73,185,1099.88,-0.49,-0.56,-1.51,4.56,-0.7,-0.97,0.16
Forwards,Forwards,2024–25,20242025,371,8478891,Mason Appleton,74,196,1053.02,0.13,-0.51,-1.56,4.32,-0.58,-0.92,-0.06
Forwards,Forwards,2024–25,20242025,372,8482665,Matty Beniers,74,181,1532.4,-0.38,-0.57,-1.58,4.09,-1.25,-0.45,0.12
Forwards,Forwards,2024–25,20242025,373,8478550,Artemi Panarin,72,176,1574.65,-1.05,-0.66,-1.62,3.86,-0.97,-1.01,0.36
Forwards,Forwards,2024–25,20242025,374,8475791,Taylor Hall,73,210,1168.38,0.37,-0.51,-1.7,3.39,-0.91,-0.63,-0.16
Forwards,Forwards,2024–25,20242025,375,8477956,David Pastrnak,72,199,1655.27,-0.26,-0.6,-1.71,3.15,-0.68,-1.15,0.12
Forwards,Forwards,2024–25,20242025,376,8484227,Will Smith,72,180,1173.1,-0.91,-0.68,-1.72,2.92,-0.88,-1.16,0.32
Forwards,Forwards,2024–25,20242025,377,8479420,Tage Thompson,78,220,1425.48,1.95,-0.36,-1.8,2.69,-0.16,-0.93,-0.71
Forwards,Forwards,2024–25,20242025,378,8478458,Jack Roslovic,73,198,1119.52,-0.04,-0.6,-1.81,2.45,-1.57,-0.26,0.02
Forwards,Forwards,2024–25,20242025,379,8476459,Mika Zibanejad,74,208,1538.52,0.55,-0.57,-2,2.22,-0.63,-1.11,-0.26
Forwards,Forwards,2024–25,20242025,380,8480023,Robert Thomas,72,207,1397.07,0.02,-0.66,-2.01,1.99,-1.35,-0.62,-0.03
Forwards,Forwards,2024–25,20242025,381,8480893,Kirill Marchenko,75,201,1468.07,0.55,-0.59,-2.04,1.75,-0.78,-1.01,-0.26
Forwards,Forwards,2024–25,20242025,382,8481656,Aliaksei Protas,78,250,1250.67,2.98,-0.32,-2.1,1.52,-1.18,0.22,-1.14
Forwards,Forwards,2024–25,20242025,383,8481068,Yegor Sharangovich,74,196,1216.05,0.13,-0.69,-2.17,1.29,-1.34,-0.77,-0.06
Forwards,Forwards,2024–25,20242025,384,8478438,Thomas Novak,73,190,714.48,-0.32,-0.76,-2.18,1.05,-2.09,-0.19,0.1
Forwards,Forwards,2024–25,20242025,385,8471214,Alex Ovechkin,75,238,1152.08,1.83,-0.45,-2.24,0.82,0.22,-1.61,-0.86
Forwards,Forwards,2024–25,20242025,386,8481711,Matias Maccelli,71,187,755.07,-0.92,-0.89,-2.27,0.58,-1.77,-0.93,0.43
Forwards,Forwards,2024–25,20242025,387,8477444,Andre Burakovsky,75,203,1139.37,0.62,-0.79,-2.59,0.35,-1.17,-1.16,-0.27
Forwards,Forwards,2024–25,20242025,388,8479339,Patrik Laine,76,208,743.98,1.04,-0.72,-2.67,0.12,-0.45,-1.73,-0.49
